loan_id,loan_type,region,loan_purpose,origination_date,orig_credit_score,current_credit_score,original_balance,current_balance,credit_limit,interest_rate,days_past_due,watchlist_flag,default_flag,months_on_book,utilization,credit_score_change
1,term,East,personal,2024-12-25,633,617,7835.88,7697.92,,16.96,9,0,0,0.2,,-16
2,revolving,East,personal,2024-10-05,727,713,18202.97,17050.19,36929.54,9.82,1,0,0,2.9,0.462,-14
3,term,South,auto,2023-08-02,625,600,19197.03,14505.45,,9.65,5,0,0,17.3,,-25
4,term,South,auto,2022-12-19,613,565,8637.39,4821.45,,7.25,14,0,0,24.8,,-48
5,term,West,personal,2022-08-17,752,732,19720.1,3186.66,,7.02,2,1,0,28.9,,-20
6,term,South,home_improvement,2024-01-19,730,726,21164.26,16072.24,,5.69,3,0,0,11.6,,-4
7,term,South,home_improvement,2022-06-27,659,631,14146.42,1414.64,,5.05,5,0,0,30.6,,-28
8,term,South,home_improvement,2024-05-29,793,775,17378.9,14163.25,,8.27,0,0,0,7.2,,-18
9,term,South,debt_consolidation,2022-08-13,646,612,2254.66,1454.52,,10.56,9,0,0,29.1,,-34
10,revolving,West,auto,2023-12-24,720,709,17404.47,12678.6,20678.55,3.4,5,0,0,12.5,0.613,-11
11,term,South,home_improvement,2021-11-01,585,547,11300.94,6714.28,,8.59,21,0,0,38.6,,-38
12,term,West,auto,2023-06-16,619,588,21429.23,11936.89,,6.62,9,0,1,18.8,,-31
13,revolving,North,personal,2023-07-19,741,698,8277.02,5952.22,14500.7,11.33,1,0,0,17.7,0.41,-43
14,revolving,South,auto,2024-03-29,765,750,10866.59,9579.5,17909.86,7.82,0,0,0,9.3,0.535,-15
15,revolving,East,debt_consolidation,2024-04-29,670,624,15256.81,12180.6,19688.23,11.51,11,0,1,8.2,0.619,-46
16,revolving,West,home_improvement,2023-04-11,816,809,15181.29,8718.44,14072.26,7.23,0,0,0,21.0,0.62,-7
17,term,East,personal,2021-06-29,758,726,2558.62,255.86,,10.42,1,0,0,42.7,,-32
18,term,East,debt_consolidation,2021-06-16,638,597,8693.06,2525.99,,9.0,11,0,0,43.2,,-41
19,term,North,personal,2024-01-05,657,620,11235.22,7460.9,,10.43,15,1,0,12.1,,-37
20,term,West,personal,2023-12-08,596,563,51476.3,32951.13,,12.02,11,0,0,13.0,,-33
21,term,East,debt_consolidation,2021-05-11,653,631,19508.92,6211.1,,14.58,9,0,0,44.4,,-22
22,revolving,West,personal,2024-06-20,694,692,22437.69,19742.91,47843.51,9.36,9,0,0,6.5,0.413,-2
23,revolving,East,debt_consolidation,2022-02-02,682,667,41740.21,10539.07,22784.96,8.91,9,0,0,35.5,0.463,-15
24,term,West,home_improvement,2023-11-16,681,656,3601.92,2329.93,,13.28,8,0,0,13.7,,-25
25,term,North,personal,2024-08-07,739,729,5363.08,4766.39,,6.96,0,0,0,4.9,,-10
26,term,East,debt_consolidation,2024-05-23,689,648,11981.99,9562.53,,10.42,8,0,0,7.4,,-41
27,revolving,North,auto,2022-05-31,721,700,21583.47,5632.35,15789.12,7.23,3,0,0,31.5,0.357,-21
28,term,East,personal,2022-03-05,706,711,18936.81,2236.63,,8.58,6,0,0,34.4,,5
29,term,West,debt_consolidation,2023-03-05,697,653,13942.96,5047.77,,6.83,8,0,0,22.3,,-44
30,term,East,auto,2024-06-06,735,726,13092.5,10730.74,,11.0,3,0,0,7.0,,-9
31,term,West,personal,2023-05-25,728,709,3233.7,2286.63,,8.32,5,0,0,19.6,,-19
32,term,South,debt_consolidation,2022-11-24,612,564,10393.32,3376.18,,5.35,13,0,0,25.6,,-48
33,term,East,debt_consolidation,2023-01-23,789,768,5152.96,1715.68,,5.24,0,1,0,23.6,,-21
34,term,South,home_improvement,2022-03-24,687,677,18920.01,3624.32,,9.39,9,0,0,33.8,,-10
35,revolving,South,personal,2024-10-01,622,618,13990.87,13300.81,33193.34,12.23,14,0,0,3.1,0.401,-4
36,term,East,auto,2024-02-13,676,663,3803.34,2575.04,,3.44,5,0,1,10.8,,-13
37,revolving,East,home_improvement,2024-11-04,695,675,13978.42,13644.42,34460.8,8.18,4,0,0,1.9,0.396,-20
38,revolving,North,home_improvement,2021-04-06,715,683,11211.19,1121.12,2612.84,7.18,3,0,0,45.5,0.429,-32
39,term,South,debt_consolidation,2022-07-27,737,719,24763.4,6644.7,,11.67,4,0,0,29.6,,-18
40,term,West,home_improvement,2021-05-22,726,704,7234.38,3977.87,,6.11,4,0,0,44.0,,-22
41,term,East,debt_consolidation,2023-01-03,790,767,20846.9,6421.24,,8.93,0,0,0,24.3,,-23
42,term,South,home_improvement,2021-06-30,686,628,14913.41,1491.34,,5.19,8,0,0,42.7,,-58
43,term,South,debt_consolidation,2023-08-23,670,630,10647.77,7271.98,,12.59,8,1,0,16.6,,-40
44,term,West,debt_consolidation,2024-03-27,591,546,23182.67,17095.57,,6.21,21,0,0,9.3,,-45
45,term,East,debt_consolidation,2023-11-12,738,717,22958.3,13816.14,,12.49,4,0,0,13.9,,-21
46,term,East,debt_consolidation,2021-04-04,716,683,32515.56,3620.11,,9.16,4,0,0,45.6,,-33
47,term,South,home_improvement,2022-10-08,646,635,4231.38,2274.78,,6.31,7,0,0,27.2,,-11
48,term,East,auto,2022-07-07,694,682,19987.5,12834.8,,10.83,7,1,0,30.3,,-12
49,revolving,South,debt_consolidation,2024-06-30,679,637,17079.91,14368.29,40607.46,11.26,8,0,0,6.2,0.354,-42
50,term,West,personal,2024-01-29,690,659,15801.67,10583.84,,14.12,8,0,0,11.3,,-31
51,term,North,auto,2024-01-15,663,629,30785.28,23596.4,,10.68,9,0,0,11.7,,-34
52,term,North,auto,2021-10-30,686,660,11109.21,5225.13,,10.98,8,0,0,38.6,,-26
53,term,West,personal,2024-07-26,588,563,40309.11,33989.99,,11.53,12,0,0,5.3,,-25
54,term,East,personal,2024-09-18,655,622,12347.07,11735.67,,3.0,7,0,1,3.5,,-33
55,term,West,debt_consolidation,2022-05-13,698,666,1000.0,511.41,,10.15,1,1,0,32.1,,-32
56,term,South,personal,2024-06-07,637,625,12506.04,10622.05,,12.02,16,0,0,6.9,,-12
57,term,North,home_improvement,2021-06-30,703,660,10627.67,3554.71,,9.69,9,0,0,42.7,,-43
58,revolving,South,home_improvement,2022-11-11,803,810,14962.34,9458.28,17850.64,7.48,0,0,0,26.1,0.53,7
59,term,East,debt_consolidation,2021-12-30,610,588,11045.64,1489.73,,6.89,14,0,0,36.6,,-22
60,term,North,debt_consolidation,2023-06-14,570,538,11891.16,5531.31,,8.87,21,0,0,18.9,,-32
61,term,West,home_improvement,2022-03-21,752,715,29050.6,4981.08,,8.6,1,0,0,33.9,,-37
62,revolving,North,home_improvement,2023-04-28,805,815,3449.53,1943.98,4856.83,9.62,0,0,0,20.5,0.4,10
63,term,West,personal,2021-01-14,702,698,47662.5,10138.46,,9.01,7,0,0,48.3,,-4
64,term,West,debt_consolidation,2021-10-05,680,638,4882.8,739.01,,10.9,7,1,0,39.5,,-42
65,term,South,personal,2024-09-09,641,622,20446.58,19591.06,,5.07,14,0,0,3.8,,-19
66,term,North,debt_consolidation,2023-01-21,712,681,20592.97,15169.76,,11.4,8,0,0,23.7,,-31
67,term,West,personal,2024-01-10,679,654,9325.62,7703.92,,12.8,9,0,0,11.9,,-25
68,revolving,South,home_improvement,2024-11-11,730,724,24205.84,23554.38,38172.33,3.97,6,0,0,1.7,0.617,-6
69,term,South,personal,2022-12-08,577,548,9490.8,6172.85,,7.69,17,0,0,25.2,,-29
70,term,East,debt_consolidation,2024-12-16,699,695,12715.69,12552.86,,11.53,9,0,0,0.5,,-4
71,revolving,East,auto,2022-02-01,629,619,18557.66,1855.77,5458.07,10.26,13,0,0,35.5,0.34,-10
72,revolving,West,personal,2021-12-18,736,744,23692.38,4169.01,10443.4,5.55,4,0,0,37.0,0.399,8
73,revolving,North,home_improvement,2023-01-24,611,562,14360.81,8954.12,25551.43,10.78,13,0,0,23.6,0.35,-49
74,term,East,debt_consolidation,2022-09-12,717,723,18726.0,5118.41,,3.38,3,0,0,28.1,,6
75,term,West,personal,2024-10-21,645,592,5164.93,4985.84,,10.51,12,0,1,2.4,,-53
76,term,North,auto,2021-08-24,653,638,39179.32,3917.93,,13.04,13,0,0,40.9,,-15
77,revolving,East,personal,2022-12-18,730,700,10924.61,7159.86,18204.21,8.92,3,1,0,24.8,0.393,-30
78,term,East,debt_consolidation,2021-12-15,632,626,6574.71,1086.22,,11.42,5,0,0,37.1,,-6
79,term,West,home_improvement,2022-12-18,589,570,40513.45,21915.59,,10.0,12,0,0,24.8,,-19
80,revolving,West,debt_consolidation,2023-08-04,684,661,10462.05,7589.11,12510.47,6.75,9,0,0,17.2,0.607,-23
81,term,North,home_improvement,2021-05-28,640,610,21684.4,2168.44,,7.3,11,0,0,43.8,,-30
82,term,East,auto,2023-03-28,597,577,46093.99,27546.47,,8.07,20,0,1,21.5,,-20
83,revolving,West,auto,2023-06-26,701,676,8312.87,5114.48,12172.95,8.26,6,0,0,18.5,0.42,-25
84,term,South,home_improvement,2021-11-02,697,702,10451.92,1045.19,,12.5,6,0,0,38.5,,5
85,term,East,auto,2022-07-07,687,654,6782.0,4547.75,,13.47,5,0,0,30.3,,-33
86,revolving,West,debt_consolidation,2021-04-29,710,692,33068.19,13833.84,22038.69,11.6,7,0,0,44.8,0.628,-18
87,term,South,auto,2022-08-08,560,540,18180.39,9444.26,,13.43,23,0,0,29.2,,-20
88,term,North,personal,2023-10-25,634,587,6246.6,5035.0,,9.83,15,0,0,14.5,,-47
89,term,North,debt_consolidation,2022-07-09,696,681,27974.44,12766.74,,3.0,7,0,0,30.2,,-15
90,revolving,East,auto,2023-01-10,742,729,1588.05,616.89,1546.17,9.01,2,0,0,24.1,0.399,-13
91,term,East,debt_consolidation,2021-01-31,694,672,4084.41,408.44,,6.68,2,0,0,47.7,,-22
92,term,East,home_improvement,2022-06-08,750,699,13442.96,4214.12,,11.01,1,0,1,31.3,,-51
93,term,East,auto,2024-10-23,639,616,12141.58,11505.12,,8.57,13,1,0,2.3,,-23
94,term,South,auto,2022-02-18,643,591,24001.05,13824.74,,9.94,14,0,1,34.9,,-52
95,term,East,auto,2022-11-15,657,650,6406.23,2198.54,,9.15,7,0,0,25.9,,-7
96,term,North,auto,2023-09-10,675,617,5464.98,3269.11,,7.35,4,0,0,16.0,,-58
97,revolving,East,auto,2023-04-23,573,561,10895.38,5128.84,11122.12,6.48,22,0,0,20.6,0.461,-12
98,term,West,debt_consolidation,2023-11-26,678,638,8164.68,5229.84,,7.54,12,1,0,13.4,,-40
99,term,East,auto,2022-06-21,677,635,23107.48,8972.5,,10.32,10,0,0,30.8,,-42
100,term,South,home_improvement,2023-04-19,643,604,31160.68,13135.77,,13.13,11,0,0,20.8,,-39
101,term,East,personal,2023-04-20,633,591,20108.81,8325.41,,10.31,6,0,0,20.7,,-42
102,term,East,home_improvement,2022-01-12,696,683,28350.94,9797.72,,16.65,7,0,0,36.2,,-13
103,term,South,debt_consolidation,2022-02-10,715,683,2303.4,614.73,,10.91,6,0,0,35.2,,-32
104,revolving,South,debt_consolidation,2022-07-02,688,665,9170.68,2518.92,4802.58,9.66,8,0,0,30.5,0.524,-23
105,term,West,personal,2024-02-29,688,652,18061.58,13535.62,,12.42,6,0,0,10.2,,-36
106,term,South,personal,2021-03-19,677,661,24942.63,6308.21,,4.72,9,0,0,46.1,,-16
107,term,North,home_improvement,2022-04-29,680,678,9537.72,5164.65,,7.07,12,0,0,32.6,,-2
108,term,South,auto,2023-05-08,720,682,3130.89,1624.6,,10.84,5,0,0,20.1,,-38
109,revolving,North,debt_consolidation,2022-06-03,777,756,40564.29,10516.16,24226.19,6.83,0,0,0,31.4,0.434,-21
110,term,North,home_improvement,2022-02-25,769,746,4261.44,2630.37,,13.3,1,0,0,34.7,,-23
111,revolving,South,debt_consolidation,2023-12-04,614,558,12044.59,7872.11,19533.59,7.53,12,0,0,13.1,0.403,-56
112,revolving,West,debt_consolidation,2024-01-01,553,502,9148.98,6326.92,15853.67,11.46,13,0,0,12.2,0.399,-51
113,term,West,auto,2023-08-14,711,667,28332.84,21600.61,,9.32,5,0,0,16.9,,-44
114,revolving,East,personal,2024-08-31,681,657,6545.22,6033.59,10432.66,14.84,7,1,0,4.1,0.578,-24
115,term,East,debt_consolidation,2022-11-23,676,660,17149.84,9073.68,,11.22,9,0,0,25.7,,-16
116,term,North,debt_consolidation,2021-05-12,702,652,17851.86,1785.19,,10.77,3,0,0,44.3,,-50
117,term,East,personal,2022-05-06,665,634,30811.85,15302.1,,7.93,10,0,0,32.4,,-31
118,term,West,personal,2024-02-28,582,547,13748.67,11152.2,,7.29,22,0,0,10.3,,-35
119,term,West,auto,2023-01-26,611,586,13910.8,8938.63,,9.21,13,0,0,23.5,,-25
120,term,South,auto,2024-06-22,615,588,27649.74,25128.78,,10.68,20,0,1,6.4,,-27
121,revolving,West,personal,2021-08-16,720,711,12383.56,6192.42,18498.69,10.02,2,0,0,41.1,0.335,-9
122,term,South,personal,2021-07-31,793,781,10813.07,6290.61,,4.65,0,0,0,41.7,,-12
123,revolving,West,home_improvement,2022-11-01,651,607,12432.93,6183.91,14090.3,7.99,11,0,0,26.4,0.439,-44
124,revolving,East,auto,2023-08-02,836,822,55052.36,36958.41,106106.12,9.97,0,0,0,17.3,0.348,-14
125,term,West,personal,2021-12-29,566,538,6004.96,600.5,,6.12,19,1,1,36.6,,-28
126,term,East,personal,2022-10-04,649,609,4008.79,985.15,,10.22,7,0,0,27.3,,-40
127,term,North,home_improvement,2022-02-15,690,673,13599.32,7333.0,,7.68,11,0,0,35.0,,-17
128,revolving,West,home_improvement,2023-07-06,526,481,14998.85,11792.82,33736.42,10.77,23,0,0,18.2,0.35,-45
129,term,East,debt_consolidation,2022-12-30,771,753,28952.55,15628.46,,8.34,0,0,0,24.4,,-18
130,term,North,auto,2022-01-24,638,599,15559.85,5424.29,,9.14,6,1,0,35.8,,-39
131,term,East,home_improvement,2023-03-04,682,664,5622.05,3257.52,,9.53,12,1,0,22.3,,-18
132,revolving,West,auto,2023-01-16,706,676,7335.97,2808.62,4958.62,10.58,3,0,0,23.9,0.566,-30
133,term,West,personal,2023-11-01,584,544,15728.15,11018.93,,11.56,21,0,0,14.2,,-40
134,revolving,East,personal,2023-01-19,825,802,11255.07,8328.32,18681.05,5.45,0,0,0,23.8,0.446,-23
135,term,East,personal,2021-01-19,688,674,9663.26,1421.2,,8.95,4,1,0,48.1,,-14
136,revolving,East,home_improvement,2021-08-21,659,641,20802.86,5394.59,11310.07,9.42,16,0,0,41.0,0.477,-18
137,revolving,South,personal,2024-07-21,613,581,7917.79,7120.61,16037.74,18.36,8,0,0,5.5,0.444,-32
138,term,East,auto,2023-01-24,692,671,12779.87,5799.93,,11.7,8,0,0,23.6,,-21
139,term,North,personal,2023-10-28,585,552,35816.73,20624.49,,9.37,19,0,1,14.4,,-33
140,term,West,auto,2023-05-05,688,645,32061.56,21085.45,,5.31,7,0,0,20.2,,-43
141,revolving,South,home_improvement,2021-01-04,763,738,31181.27,8258.57,16088.28,8.45,0,0,0,48.6,0.513,-25
142,revolving,West,home_improvement,2021-05-29,749,739,3387.81,338.78,584.23,15.93,2,0,0,43.8,0.58,-10
143,revolving,North,debt_consolidation,2024-02-26,646,605,8756.62,7122.95,12903.95,4.51,8,0,0,10.3,0.552,-41
144,term,West,home_improvement,2021-02-10,663,631,8811.89,881.19,,8.37,11,0,0,47.4,,-32
145,term,South,home_improvement,2022-08-12,712,696,5951.05,3687.96,,12.96,3,0,0,29.1,,-16
146,term,East,home_improvement,2022-01-25,750,706,41711.92,4171.19,,15.66,0,0,0,35.7,,-44
147,term,North,auto,2023-08-17,771,768,7997.24,6023.45,,8.42,0,0,0,16.8,,-3
148,term,West,debt_consolidation,2024-03-15,777,778,7676.96,5624.96,,10.87,0,0,0,9.7,,1
149,term,East,home_improvement,2023-03-06,624,590,15358.43,10277.1,,11.95,13,0,1,22.2,,-34
150,revolving,South,personal,2022-11-17,725,701,9970.12,4490.28,12742.43,11.09,1,0,0,25.9,0.352,-24
151,revolving,East,personal,2024-11-02,596,549,12529.83,11941.58,32908.64,9.94,17,0,0,2.0,0.363,-47
152,term,North,auto,2023-03-25,652,632,14788.67,8649.78,,13.2,17,0,0,21.6,,-20
153,term,West,home_improvement,2022-08-20,609,570,11863.75,6534.2,,12.62,22,0,1,28.8,,-39
154,revolving,South,home_improvement,2023-12-03,610,573,14245.81,11780.07,29862.37,10.5,18,0,0,13.2,0.394,-37
155,term,South,home_improvement,2022-12-21,694,675,18959.69,10605.77,,14.24,12,0,0,24.7,,-19
156,term,East,home_improvement,2023-12-10,638,595,13659.18,10575.68,,9.57,11,0,0,12.9,,-43
157,term,East,auto,2021-08-19,697,652,16076.4,1607.64,,9.7,9,0,0,41.0,,-45
158,term,South,debt_consolidation,2024-07-24,607,582,21943.2,19287.94,,8.39,20,0,0,5.4,,-25
159,term,North,debt_consolidation,2024-08-05,709,689,13095.83,12367.84,,3.0,3,0,0,5.0,,-20
160,term,North,auto,2021-08-08,654,598,11607.14,4475.87,,9.78,10,0,0,41.4,,-56
161,term,North,home_improvement,2021-01-30,662,603,14479.38,5703.4,,9.6,12,0,0,47.7,,-59
162,term,East,debt_consolidation,2023-06-13,601,555,16788.86,11839.02,,5.52,21,0,0,18.9,,-46
163,term,East,auto,2023-11-23,741,747,6837.41,5526.23,,7.0,3,0,0,13.5,,6
164,term,South,home_improvement,2023-10-14,688,640,12841.41,8243.29,,12.08,13,0,0,14.8,,-48
165,term,West,home_improvement,2021-03-16,712,692,34317.64,3431.76,,5.04,7,0,0,46.2,,-20
166,revolving,East,debt_consolidation,2021-09-06,603,567,2684.11,518.66,839.8,8.96,19,0,0,40.4,0.618,-36
167,term,East,personal,2021-04-05,720,672,17716.67,8090.08,,11.61,3,1,0,45.6,,-48
168,term,West,auto,2021-08-01,682,624,4893.81,749.07,,5.72,10,0,0,41.6,,-58
169,term,West,debt_consolidation,2024-01-18,650,608,32671.62,22852.12,,9.29,12,0,0,11.6,,-42
170,revolving,East,personal,2024-03-15,762,743,37108.96,29742.16,85828.66,10.18,0,0,0,9.7,0.347,-19
171,term,North,personal,2023-06-27,704,715,16404.45,12621.26,,11.64,9,0,0,18.5,,11
172,revolving,South,auto,2022-04-28,707,718,8215.67,1975.6,3325.37,9.91,2,0,0,32.6,0.594,11
173,revolving,South,debt_consolidation,2022-03-24,562,531,5136.34,2956.93,7471.97,10.41,18,0,0,33.8,0.396,-31
174,revolving,East,personal,2024-08-01,744,728,4720.08,4129.27,7522.75,7.57,2,0,1,5.1,0.549,-16
175,revolving,East,personal,2021-11-29,706,682,7713.63,1785.59,4076.03,10.29,6,0,0,37.6,0.438,-24
176,revolving,North,personal,2023-02-26,754,720,12430.58,8638.17,23878.53,11.39,2,0,0,22.5,0.362,-34
177,revolving,North,home_improvement,2024-01-13,644,603,18228.31,15447.29,32047.33,4.85,7,0,0,11.8,0.482,-41
178,term,East,debt_consolidation,2021-09-15,637,589,22146.3,5206.88,,10.39,14,0,0,40.1,,-48
179,term,North,personal,2024-07-15,776,744,26547.1,23059.6,,17.27,1,0,0,5.7,,-32
180,revolving,East,home_improvement,2021-11-26,737,721,11000.36,4894.94,11417.93,7.39,6,0,0,37.7,0.429,-16
181,term,South,auto,2021-10-19,594,547,5625.12,562.51,,9.5,13,0,0,39.0,,-47
182,revolving,North,debt_consolidation,2024-11-15,680,640,17171.23,16785.78,44230.76,6.73,6,0,0,1.6,0.38,-40
183,term,North,debt_consolidation,2023-05-19,741,715,15525.55,9656.72,,12.73,3,0,0,19.8,,-26
184,term,South,home_improvement,2023-09-23,690,646,22429.1,15440.02,,10.51,4,0,1,15.5,,-44
185,revolving,South,home_improvement,2021-10-01,647,605,16352.24,1635.22,2755.41,8.78,11,0,0,39.6,0.593,-42
186,term,North,home_improvement,2023-02-20,639,594,12808.42,9725.11,,11.42,10,0,0,22.7,,-45
187,revolving,North,personal,2023-08-31,683,646,10019.93,5902.34,16515.6,11.85,6,0,0,16.3,0.357,-37
188,term,East,debt_consolidation,2022-07-26,741,759,14558.7,4056.73,,5.5,2,0,0,29.7,,18
189,revolving,North,auto,2023-09-27,620,588,29100.45,20408.53,47056.88,10.38,11,0,0,15.4,0.434,-32
190,term,East,personal,2023-04-27,551,526,15570.33,7701.23,,10.07,18,0,0,20.5,,-25
191,term,South,personal,2023-10-17,655,625,21568.45,16705.63,,9.04,11,0,0,14.7,,-30
192,term,South,home_improvement,2022-03-08,707,660,24600.08,9370.32,,9.03,4,0,0,34.3,,-47
193,term,East,personal,2022-11-22,720,707,12169.97,4143.64,,11.43,8,0,0,25.7,,-13
194,revolving,West,home_improvement,2024-01-30,619,582,29680.73,25813.5,58750.98,4.75,11,0,0,11.2,0.439,-37
195,term,West,auto,2022-08-02,696,665,7889.16,2553.21,,7.53,5,0,0,29.4,,-31
196,term,South,debt_consolidation,2023-08-14,641,612,17980.73,12656.75,,9.36,13,0,0,16.9,,-29
197,revolving,North,auto,2022-01-29,724,704,32038.88,8978.86,22712.02,7.42,1,0,0,35.6,0.395,-20
198,revolving,South,home_improvement,2023-03-02,672,665,48617.95,25568.61,51953.81,8.76,6,0,0,22.4,0.492,-7
199,revolving,West,auto,2024-03-01,730,705,13219.72,10787.8,28854.85,8.0,2,0,0,10.2,0.374,-25
200,revolving,North,personal,2021-05-06,684,639,6851.95,3799.54,11222.52,12.17,13,1,0,44.5,0.339,-45
201,term,South,personal,2021-01-25,710,685,31730.03,3173.0,,9.02,5,0,0,47.9,,-25
202,term,South,home_improvement,2023-08-19,653,641,20579.58,12080.12,,14.21,11,0,0,16.7,,-12
203,revolving,West,auto,2021-07-08,637,610,7204.43,720.44,1426.57,9.02,13,0,0,42.4,0.505,-27
204,term,North,personal,2023-12-29,662,633,27485.99,17973.55,,12.3,12,0,1,12.3,,-29
205,term,North,personal,2022-03-29,716,670,36636.93,11649.57,,10.7,2,0,0,33.6,,-46
206,term,West,auto,2023-12-07,831,832,58599.7,42162.53,,13.33,0,0,0,13.0,,1
207,term,West,debt_consolidation,2021-10-10,755,760,42172.51,7200.91,,8.06,2,0,0,39.3,,5
208,revolving,East,personal,2022-12-03,771,757,10490.64,3481.96,9695.5,9.68,0,0,0,25.3,0.359,-14
209,term,East,debt_consolidation,2022-08-06,673,650,18941.86,12788.39,,5.1,10,0,0,29.3,,-23
210,term,North,auto,2022-07-15,647,623,5644.24,2360.76,,4.72,10,0,0,30.0,,-24
211,term,West,personal,2021-11-13,547,511,19080.79,2905.94,,11.59,19,0,0,38.2,,-36
212,revolving,West,auto,2023-05-06,644,597,17903.37,13627.29,37371.72,6.82,8,0,0,20.2,0.365,-47
213,term,North,home_improvement,2021-12-09,597,549,14138.2,1413.82,,12.02,12,0,0,37.3,,-48
214,term,East,personal,2022-04-01,726,704,11934.1,1193.41,,8.89,8,0,0,33.5,,-22
215,term,North,debt_consolidation,2024-12-08,668,617,6047.97,5947.92,,11.73,4,0,0,0.8,,-51
216,revolving,South,personal,2024-11-24,600,581,22895.12,22497.63,39422.32,11.43,18,0,1,1.3,0.571,-19
217,term,West,auto,2021-12-14,712,669,11428.94,1436.71,,3.0,3,1,0,37.1,,-43
218,term,West,home_improvement,2024-05-01,699,696,23184.74,18530.47,,8.14,3,0,0,8.2,,-3
219,term,South,personal,2023-01-25,611,583,5552.11,3903.79,,5.87,15,1,0,23.6,,-28
220,term,West,auto,2024-08-10,770,735,7707.08,7036.14,,3.0,1,0,0,4.8,,-35
221,revolving,West,home_improvement,2023-05-14,634,578,17573.28,7353.39,16349.13,6.98,11,0,0,19.9,0.45,-56
222,term,West,auto,2021-09-12,715,707,22703.46,2270.35,,4.08,11,0,0,40.2,,-8
223,term,East,auto,2021-04-03,672,641,5438.12,543.81,,8.9,8,0,0,45.6,,-31
224,term,South,home_improvement,2022-07-25,778,744,10291.96,2993.7,,6.73,0,0,0,29.7,,-34
225,revolving,West,auto,2024-03-16,735,750,15592.17,13700.51,23268.89,10.52,2,0,0,9.7,0.589,15
226,revolving,West,personal,2021-09-22,614,590,8242.28,1145.97,2364.09,9.27,13,0,0,39.9,0.485,-24
227,term,West,personal,2022-08-31,789,775,39293.42,11510.54,,11.74,0,0,0,28.5,,-14
228,term,South,debt_consolidation,2023-05-13,603,554,16533.39,11547.62,,11.58,15,0,0,20.0,,-49
229,term,West,home_improvement,2022-12-10,616,594,23502.05,8552.65,,11.52,15,0,0,25.1,,-22
230,term,West,personal,2023-03-02,777,759,20959.43,10598.08,,9.92,0,0,0,22.4,,-18
231,term,West,home_improvement,2023-05-28,678,646,3870.22,2744.21,,7.97,5,0,0,19.5,,-32
232,term,East,auto,2022-11-26,698,686,23977.43,12186.68,,7.53,4,0,0,25.6,,-12
233,term,South,home_improvement,2021-03-26,705,671,5342.33,534.23,,6.94,5,0,0,45.9,,-34
234,term,East,debt_consolidation,2023-02-27,615,576,48191.28,35969.12,,8.4,13,1,0,22.5,,-39
235,term,South,personal,2023-05-27,792,789,30338.26,15818.16,,11.64,0,1,0,19.5,,-3
236,revolving,North,personal,2021-02-26,811,803,8110.37,811.04,1918.77,11.91,0,0,0,46.8,0.423,-8
237,revolving,South,home_improvement,2023-07-05,567,523,3462.64,2561.23,4651.84,4.42,18,0,1,18.2,0.551,-44
238,revolving,East,debt_consolidation,2022-01-15,653,656,23224.98,14144.68,40973.03,9.58,11,0,0,36.1,0.345,3
239,term,South,debt_consolidation,2021-07-24,720,710,21358.38,2135.84,,9.2,2,0,0,41.9,,-10
240,term,West,personal,2022-11-05,673,631,14613.28,9290.22,,5.84,13,0,0,26.3,,-42
241,revolving,East,home_improvement,2024-04-19,647,608,5077.23,3840.16,8013.23,11.28,10,1,0,8.6,0.479,-39
242,term,East,debt_consolidation,2022-03-13,713,682,9364.67,1195.63,,14.78,3,0,0,34.2,,-31
243,revolving,East,debt_consolidation,2024-09-22,719,701,17989.46,16470.92,46424.96,7.7,4,0,0,3.4,0.355,-18
244,term,South,personal,2022-07-29,781,778,19390.16,4154.11,,8.89,0,0,0,29.6,,-3
245,revolving,North,debt_consolidation,2021-06-07,575,560,42287.86,14362.3,27831.04,10.58,20,0,1,43.5,0.516,-15
246,term,West,debt_consolidation,2021-07-15,619,560,14598.84,1459.88,,16.44,14,0,0,42.2,,-59
247,term,South,home_improvement,2023-01-29,634,605,22402.28,16174.03,,11.69,12,0,1,23.4,,-29
248,revolving,North,personal,2021-06-14,823,808,6946.24,694.62,2034.05,7.03,0,0,0,43.2,0.341,-15
249,revolving,West,personal,2022-07-05,770,764,20919.82,5227.73,9130.3,6.71,0,0,0,30.4,0.573,-6
250,term,East,home_improvement,2023-11-26,696,683,5716.76,4801.21,,9.01,6,0,0,13.4,,-13
251,term,North,personal,2022-10-17,674,661,28711.01,19675.32,,8.77,11,0,0,26.9,,-13
252,revolving,East,personal,2022-11-07,706,679,11436.08,7561.22,12182.95,11.31,7,0,0,26.2,0.621,-27
253,term,East,debt_consolidation,2023-05-14,750,752,11923.34,9198.73,,9.0,1,0,0,19.9,,2
254,revolving,East,auto,2023-11-06,664,625,2950.57,1929.98,4779.95,9.65,10,0,0,14.1,0.404,-39
255,term,South,auto,2023-01-17,696,695,12062.3,7836.4,,6.74,7,0,0,23.8,,-1
256,revolving,West,debt_consolidation,2023-01-17,659,647,30932.42,9260.13,14726.01,8.57,12,1,0,23.8,0.629,-12
257,term,West,debt_consolidation,2023-10-21,596,546,6432.69,4556.72,,10.47,15,0,0,14.6,,-50
258,revolving,West,auto,2024-06-25,572,509,14114.51,12477.76,28891.21,15.54,14,0,0,6.3,0.432,-63
259,term,West,home_improvement,2023-10-16,638,603,29665.56,17271.82,,8.89,9,0,0,14.8,,-35
260,revolving,West,home_improvement,2022-01-25,657,603,8095.23,5081.89,9551.74,9.83,13,0,0,35.7,0.532,-54
261,term,South,personal,2024-06-17,706,666,35141.57,30179.31,,7.51,11,0,0,6.6,,-40
262,term,South,personal,2022-09-13,696,664,12772.73,7710.33,,6.67,6,1,0,28.0,,-32
263,revolving,North,auto,2021-05-02,596,537,11274.63,1127.46,1710.83,10.54,13,0,0,44.7,0.659,-59
264,term,West,personal,2024-02-13,680,620,4704.14,3676.01,,10.43,10,0,0,10.8,,-60
265,revolving,South,debt_consolidation,2024-05-20,647,620,23847.53,19511.91,52137.3,5.07,7,0,0,7.5,0.374,-27
266,term,East,home_improvement,2023-09-30,665,661,20583.04,15422.48,,4.91,10,0,0,15.3,,-4
267,term,West,debt_consolidation,2021-09-01,684,673,27742.95,2774.29,,11.87,10,0,0,40.6,,-11
268,term,East,debt_consolidation,2021-09-09,756,691,19746.72,1974.67,,6.7,1,0,0,40.3,,-65
269,term,South,home_improvement,2024-06-09,652,614,2161.57,1974.53,,9.43,7,0,0,6.9,,-38
270,term,North,personal,2022-10-08,780,761,13410.85,2621.2,,9.87,0,0,0,27.2,,-19
271,term,North,personal,2022-10-21,601,585,20039.22,5324.74,,9.5,12,0,0,26.8,,-16
272,term,South,debt_consolidation,2021-09-02,627,597,10004.21,2819.13,,8.26,12,0,1,40.6,,-30
273,term,East,home_improvement,2021-04-17,674,647,10926.94,1092.69,,10.93,10,0,0,45.2,,-27
274,term,East,personal,2024-07-09,609,580,22459.84,18519.14,,12.58,12,0,0,5.9,,-29
275,revolving,South,home_improvement,2024-06-12,600,531,13595.35,11677.96,32061.75,9.0,12,0,0,6.8,0.364,-69
276,term,East,debt_consolidation,2021-01-05,684,645,11717.33,2612.87,,4.83,12,0,0,48.6,,-39
277,term,West,debt_consolidation,2021-07-13,600,573,2399.87,239.99,,5.61,18,0,0,42.3,,-27
278,term,West,auto,2023-12-08,622,593,4819.42,3507.01,,13.25,11,0,0,13.0,,-29
279,term,East,home_improvement,2024-05-06,675,621,26786.75,21958.16,,6.65,9,0,0,8.0,,-54
280,revolving,South,home_improvement,2024-03-11,782,757,15487.88,12756.98,32657.05,11.85,0,0,0,9.9,0.391,-25
281,term,North,personal,2024-01-07,668,647,19736.61,12879.05,,4.97,10,0,0,12.0,,-21
282,term,North,auto,2024-10-05,687,653,20952.23,19448.45,,5.23,13,0,0,2.9,,-34
283,term,North,home_improvement,2024-04-06,611,577,2070.34,1592.94,,10.3,10,0,0,9.0,,-34
284,term,South,auto,2022-11-01,617,556,8075.01,5526.42,,6.83,8,0,0,26.4,,-61
285,term,South,auto,2024-01-04,542,510,26711.66,18983.71,,12.96,17,0,0,12.1,,-32
286,term,West,personal,2022-08-13,620,593,11939.89,5399.55,,8.93,16,0,0,29.1,,-27
287,term,East,debt_consolidation,2024-11-30,725,693,1529.25,1488.26,,6.31,6,0,0,1.1,,-32
288,term,North,home_improvement,2023-06-18,645,614,1957.91,1253.72,,5.23,15,0,0,18.8,,-31
289,term,East,auto,2022-02-17,689,650,3138.85,313.88,,14.59,11,0,0,35.0,,-39
290,revolving,East,auto,2021-02-17,693,648,6666.4,666.64,1097.73,8.42,8,0,0,47.1,0.607,-45
291,term,South,home_improvement,2024-06-15,724,704,22711.67,20833.58,,8.73,4,0,0,6.7,,-20
292,term,South,home_improvement,2022-06-04,779,746,42740.05,4274.0,,8.34,0,0,0,31.4,,-33
293,term,East,home_improvement,2022-11-20,716,696,18814.24,4392.4,,9.64,6,0,0,25.8,,-20
294,revolving,North,debt_consolidation,2024-03-04,665,675,1000.0,744.59,2127.59,9.68,13,0,0,10.1,0.35,10
295,term,West,debt_consolidation,2024-12-02,727,704,16956.05,16474.2,,9.09,2,0,0,1.0,,-23
296,revolving,South,home_improvement,2023-02-06,698,677,4559.62,3347.62,8086.88,3.79,6,0,0,23.2,0.414,-21
297,term,North,auto,2022-08-19,545,506,21213.88,12392.65,,11.21,20,0,0,28.9,,-39
298,term,South,debt_consolidation,2023-12-24,608,545,26009.88,17631.51,,8.23,16,0,0,12.5,,-63
299,revolving,West,auto,2024-03-02,666,628,15065.37,12236.05,22693.54,12.17,5,0,0,10.2,0.539,-38
300,term,West,personal,2024-05-06,644,577,33853.68,26417.38,,13.92,17,0,0,8.0,,-67
301,revolving,West,home_improvement,2022-04-21,672,654,10776.92,4428.2,11044.24,8.96,16,0,1,32.9,0.401,-18
302,revolving,East,auto,2021-03-31,534,482,53483.53,5348.35,9626.78,9.53,21,0,0,45.7,0.556,-52
303,term,East,auto,2022-09-13,730,701,10221.58,2664.6,,8.03,3,0,0,28.0,,-29
304,term,West,home_improvement,2021-12-07,676,643,10143.99,5597.0,,5.05,13,0,0,37.4,,-33
305,term,West,debt_consolidation,2022-03-07,752,729,35205.16,7070.9,,13.32,4,0,0,34.4,,-23
306,revolving,East,home_improvement,2024-10-19,681,673,9864.55,9618.79,28271.47,7.82,9,0,0,2.5,0.34,-8
307,revolving,West,personal,2024-12-19,692,643,21854.48,21586.51,52450.35,9.64,5,0,0,0.4,0.412,-49
308,term,East,debt_consolidation,2024-12-26,617,579,8875.94,8733.72,,3.83,20,0,0,0.2,,-38
309,term,West,auto,2021-11-14,607,543,3013.13,1224.97,,5.7,11,0,0,38.1,,-64
310,term,West,auto,2024-01-14,687,671,6361.97,4740.96,,3.0,6,0,0,11.8,,-16
311,revolving,West,auto,2023-01-08,680,629,3612.23,1939.51,5086.25,9.44,11,0,1,24.1,0.381,-51
312,revolving,East,auto,2022-12-07,581,555,14812.1,9580.22,27508.96,6.28,18,0,0,25.2,0.348,-26
313,term,West,personal,2022-09-10,736,717,27585.44,10777.65,,7.58,0,0,0,28.1,,-19
314,term,East,home_improvement,2023-05-22,682,645,6622.55,3758.51,,9.42,12,0,1,19.7,,-37
315,revolving,North,home_improvement,2022-10-18,649,636,39982.63,24791.01,56443.55,4.39,9,0,0,26.9,0.439,-13
316,revolving,North,debt_consolidation,2022-11-06,627,612,4018.93,2897.76,5802.25,7.35,11,0,0,26.2,0.499,-15
317,term,East,home_improvement,2022-11-20,725,698,4654.56,1188.18,,9.7,3,0,0,25.8,,-27
318,term,West,debt_consolidation,2021-08-30,638,606,11212.83,1121.28,,9.39,15,0,0,40.7,,-32
319,term,South,debt_consolidation,2022-08-11,694,650,10546.34,5856.06,,3.0,11,0,0,29.1,,-44
320,revolving,South,home_improvement,2023-04-02,669,662,4127.65,1653.59,3148.11,10.28,13,0,0,21.3,0.525,-7
321,term,West,debt_consolidation,2022-06-19,648,618,32631.01,3263.1,,5.59,14,0,0,30.9,,-30
322,term,South,auto,2024-06-11,602,593,8101.75,7087.71,,9.56,8,0,1,6.8,,-9
323,revolving,East,debt_consolidation,2024-01-31,758,760,11835.46,7928.59,23157.17,9.61,1,0,0,11.2,0.342,2
324,revolving,East,personal,2021-01-14,619,584,9457.56,1187.44,2790.49,13.12,7,0,0,48.3,0.426,-35
325,term,West,home_improvement,2024-01-26,628,573,18790.69,14707.47,,8.99,20,0,1,11.4,,-55
326,term,South,home_improvement,2024-04-14,760,742,19228.51,15062.51,,7.62,2,0,0,8.7,,-18
327,revolving,North,auto,2023-10-27,673,634,14786.12,10492.2,25680.51,5.93,7,0,0,14.4,0.409,-39
328,term,West,home_improvement,2021-10-31,699,671,32100.55,11297.69,,10.07,7,0,0,38.6,,-28
329,revolving,North,home_improvement,2022-11-09,770,764,7032.6,3300.72,7061.73,4.59,0,0,0,26.1,0.467,-6
330,term,West,auto,2021-09-02,769,773,18101.49,3161.66,,6.71,0,0,0,40.6,,4
331,term,North,personal,2022-06-27,647,610,5452.1,3781.2,,3.0,8,0,0,30.6,,-37
332,revolving,South,debt_consolidation,2022-11-29,749,769,10108.44,5366.8,15711.38,4.5,3,0,0,25.5,0.342,20
333,revolving,East,auto,2023-11-07,583,531,3902.43,3112.14,8769.75,11.79,19,1,0,14.0,0.355,-52
334,term,South,personal,2023-10-04,574,530,1313.12,905.96,,6.38,15,0,1,15.2,,-44
335,revolving,North,debt_consolidation,2021-09-26,682,673,8424.99,842.5,1892.46,7.99,8,0,0,39.8,0.445,-9
336,revolving,North,personal,2024-06-18,674,632,5153.77,4169.79,8769.6,6.18,3,0,0,6.6,0.475,-42
337,term,West,personal,2023-09-08,718,711,10089.75,7835.93,,12.09,2,1,0,16.0,,-7
338,revolving,North,auto,2021-06-24,712,691,21661.56,10331.97,15984.03,7.83,8,0,0,42.9,0.646,-21
339,term,East,auto,2022-04-14,721,691,20941.61,2094.16,,9.09,2,0,0,33.1,,-30
340,term,East,debt_consolidation,2022-06-02,776,777,13245.06,6622.09,,6.62,0,0,0,31.5,,1
341,term,South,home_improvement,2021-01-10,797,769,8674.15,867.41,,14.97,0,0,0,48.4,,-28
342,term,East,auto,2022-07-24,732,715,24817.09,12970.44,,4.91,6,1,0,29.7,,-17
343,term,East,debt_consolidation,2022-07-06,678,676,14514.5,7687.84,,7.37,7,0,0,30.3,,-2
344,revolving,West,auto,2022-06-10,667,614,7887.23,3280.57,6310.84,13.22,15,0,0,31.2,0.52,-53
345,revolving,West,personal,2022-10-25,679,651,15760.02,9399.67,17519.27,8.5,12,0,0,26.6,0.537,-28
346,term,North,home_improvement,2022-10-17,645,641,12454.74,5101.96,,10.32,10,0,0,26.9,,-4
347,term,South,home_improvement,2021-10-24,735,711,4299.22,429.92,,10.88,2,0,0,38.8,,-24
348,term,West,auto,2022-10-02,742,705,11608.92,6402.5,,10.6,1,0,0,27.4,,-37
349,term,West,auto,2024-11-01,641,641,22137.57,21139.65,,12.29,8,0,0,2.0,,0
350,term,West,auto,2021-12-09,670,656,3484.36,839.59,,11.34,6,1,0,37.3,,-14
351,term,North,auto,2021-08-29,573,539,12431.7,3524.67,,3.16,22,0,1,40.7,,-34
352,term,East,personal,2022-07-17,674,649,21994.59,10992.94,,11.18,15,0,0,30.0,,-25
353,revolving,South,home_improvement,2021-04-20,682,641,14383.83,1438.38,3295.21,7.86,10,1,0,45.1,0.437,-41
354,revolving,East,personal,2023-10-17,613,586,43025.11,27499.52,71173.97,10.49,13,0,0,14.7,0.386,-27
355,term,West,home_improvement,2022-01-16,648,647,4012.43,1077.81,,5.47,7,1,0,36.0,,-1
356,term,West,home_improvement,2024-05-31,610,570,11921.88,10857.51,,11.3,17,1,0,7.2,,-40
357,revolving,West,home_improvement,2023-06-05,585,555,23400.33,10879.16,19622.28,7.69,19,0,1,19.2,0.554,-30
358,term,West,personal,2022-06-02,768,764,9318.27,3753.07,,7.59,0,0,0,31.5,,-4
359,revolving,East,home_improvement,2022-09-16,585,550,9905.08,6291.53,15258.36,11.56,9,0,1,27.9,0.412,-35
360,term,West,personal,2024-05-13,686,647,1950.82,1612.34,,7.33,8,0,0,7.8,,-39
361,revolving,South,home_improvement,2023-03-07,738,709,20812.67,14688.4,26885.02,9.02,4,0,0,22.2,0.546,-29
362,term,West,personal,2024-03-13,765,741,13045.63,10201.69,,9.41,1,0,0,9.8,,-24
363,term,South,home_improvement,2022-06-13,616,574,18850.77,7605.15,,9.76,9,0,1,31.1,,-42
364,term,North,personal,2024-04-12,756,745,34127.26,30420.9,,8.03,3,0,0,8.8,,-11
365,revolving,South,debt_consolidation,2023-01-31,689,626,22437.81,14644.12,39815.81,8.0,3,0,0,23.4,0.368,-63
366,term,North,debt_consolidation,2023-05-29,714,698,11125.54,7352.37,,7.5,3,0,0,19.4,,-16
367,term,North,debt_consolidation,2022-04-24,785,757,2970.17,1405.62,,11.62,0,0,0,32.8,,-28
368,term,South,auto,2021-01-10,716,681,16243.65,1624.36,,9.45,4,0,0,48.4,,-35
369,term,North,debt_consolidation,2024-03-28,624,586,8412.51,7230.71,,11.89,15,0,0,9.3,,-38
370,term,East,debt_consolidation,2022-07-25,556,491,13730.83,1951.07,,11.26,17,0,0,29.7,,-65
371,revolving,South,debt_consolidation,2024-06-11,718,687,36701.42,31254.61,63589.44,11.01,5,0,0,6.8,0.492,-31
372,revolving,East,personal,2021-05-14,704,673,2898.73,289.87,812.8,7.51,8,1,0,44.3,0.357,-31
373,term,East,debt_consolidation,2024-10-21,632,612,13075.85,12392.31,,9.24,1,1,0,2.4,,-20
374,revolving,North,auto,2023-05-23,691,661,11386.01,8285.72,19657.3,3.2,6,0,0,19.6,0.422,-30
375,term,East,personal,2022-10-23,598,547,29354.09,13469.02,,4.46,17,0,0,26.7,,-51
376,revolving,West,auto,2024-03-22,701,676,17233.73,12447.21,21444.1,3.0,7,0,0,9.5,0.58,-25
377,term,North,debt_consolidation,2022-02-27,599,568,4524.19,2252.19,,8.02,19,1,0,34.6,,-31
378,term,East,auto,2022-07-02,752,724,17460.74,5997.45,,12.86,3,0,0,30.5,,-28
379,revolving,North,debt_consolidation,2024-03-31,806,808,10332.4,8913.59,23294.02,10.91,0,0,0,9.2,0.383,2
380,term,East,personal,2021-11-24,697,655,11102.53,2695.83,,6.89,4,0,0,37.8,,-42
381,term,North,home_improvement,2021-01-14,703,678,31712.88,7822.64,,13.09,3,0,0,48.3,,-25
382,term,North,home_improvement,2021-02-18,715,698,19823.49,4351.97,,8.29,9,0,0,47.1,,-17
383,revolving,West,home_improvement,2024-09-28,696,685,7174.92,6508.73,11297.74,13.43,5,0,0,3.2,0.576,-11
384,term,South,home_improvement,2022-08-19,614,565,4230.24,2021.93,,4.11,15,0,0,28.9,,-49
385,term,North,home_improvement,2022-07-26,764,752,34612.43,21380.23,,9.1,0,0,0,29.7,,-12
386,term,West,home_improvement,2021-12-10,707,687,3916.47,2428.97,,5.96,5,0,0,37.3,,-20
387,term,North,personal,2022-04-06,713,675,10474.81,1047.48,,8.62,4,0,0,33.4,,-38
388,term,West,auto,2022-11-04,740,730,19482.2,7388.3,,3.55,1,1,0,26.3,,-10
389,revolving,South,personal,2022-11-05,737,710,5872.72,4282.3,10701.51,6.93,4,1,0,26.3,0.4,-27
390,term,South,auto,2023-02-01,754,729,4492.75,2342.67,,11.77,0,0,0,23.3,,-25
391,term,West,debt_consolidation,2023-03-11,707,688,15775.71,11076.67,,10.63,4,0,0,22.1,,-19
392,term,West,debt_consolidation,2024-06-11,628,600,6370.14,5383.58,,10.57,20,0,0,6.8,,-28
393,revolving,North,auto,2024-08-01,705,670,31949.73,27529.54,47795.24,8.65,2,0,0,5.1,0.576,-35
394,term,North,personal,2023-05-20,678,624,6392.83,4515.77,,7.21,8,0,0,19.7,,-54
395,term,West,debt_consolidation,2023-08-31,627,597,38963.11,31974.48,,8.23,18,0,0,16.3,,-30
396,term,East,auto,2022-09-30,767,740,2317.42,1446.61,,10.28,1,0,0,27.5,,-27
397,revolving,East,debt_consolidation,2023-01-23,670,642,18601.96,9329.91,25921.25,10.7,5,0,0,23.6,0.36,-28
398,term,West,debt_consolidation,2022-12-12,693,663,13863.39,6303.09,,4.26,7,0,0,25.0,,-30
399,term,South,debt_consolidation,2024-09-12,636,607,10639.12,9690.42,,9.34,13,0,0,3.7,,-29
400,revolving,North,personal,2022-04-22,676,628,11371.52,4008.8,9398.01,10.12,13,0,0,32.8,0.427,-48
401,revolving,West,personal,2023-05-22,735,710,10787.42,5104.64,12724.69,6.95,1,0,0,19.7,0.401,-25
402,term,East,home_improvement,2021-05-22,802,779,34535.3,4985.9,,10.64,0,0,0,44.0,,-23
403,term,East,auto,2023-10-11,592,559,19239.88,14980.0,,5.68,16,0,0,14.9,,-33
404,term,North,home_improvement,2022-05-23,681,650,19879.72,3201.2,,9.95,10,0,0,31.8,,-31
405,revolving,South,personal,2021-01-07,492,454,9666.26,966.63,1594.5,3.0,19,0,0,48.5,0.606,-38
406,term,South,personal,2023-04-29,654,589,18957.2,12939.6,,7.4,3,0,0,20.4,,-65
407,term,West,auto,2024-03-30,687,647,3136.98,2607.09,,6.91,6,0,0,9.2,,-40
408,revolving,West,home_improvement,2021-01-22,689,670,23566.26,9045.49,22084.32,13.0,7,0,1,48.0,0.41,-19
409,term,East,home_improvement,2024-07-17,778,753,10336.22,9660.54,,7.99,0,0,0,5.6,,-25
410,term,West,auto,2023-08-08,666,660,7045.0,4991.03,,5.93,6,0,0,17.1,,-6
411,revolving,South,personal,2024-02-27,773,765,3278.3,2846.49,8035.95,12.02,0,0,0,10.3,0.354,-8
412,revolving,East,personal,2023-08-26,694,672,13682.53,10842.61,21985.85,9.16,7,0,0,16.5,0.493,-22
413,term,East,auto,2021-02-10,649,593,1528.83,152.88,,9.85,16,0,0,47.4,,-56
414,term,South,auto,2023-06-23,691,689,3411.42,2126.14,,7.05,8,0,0,18.6,,-2
415,term,North,auto,2023-04-29,687,651,4778.49,3152.24,,13.23,7,0,0,20.4,,-36
416,term,West,home_improvement,2023-12-05,691,671,21103.26,17510.56,,7.98,6,0,0,13.1,,-20
417,term,West,auto,2024-03-05,638,588,18392.09,13717.64,,8.08,14,0,0,10.1,,-50
418,term,East,personal,2023-06-04,637,620,21529.51,11556.67,,10.18,13,0,0,19.2,,-17
419,term,East,auto,2021-05-14,748,729,25005.74,2537.42,,10.48,1,0,0,44.3,,-19
420,term,West,home_improvement,2022-03-11,743,732,11377.33,3512.34,,16.09,1,0,0,34.2,,-11
421,term,North,debt_consolidation,2021-08-24,630,613,6170.08,2565.36,,12.31,8,0,0,40.9,,-17
422,term,West,debt_consolidation,2023-09-17,671,654,19361.7,13773.19,,9.72,4,1,0,15.7,,-17
423,term,East,home_improvement,2023-03-02,702,670,41280.22,24816.67,,5.86,7,0,0,22.4,,-32
424,term,North,debt_consolidation,2021-03-01,728,701,4226.27,1930.91,,5.81,2,0,0,46.7,,-27
425,term,North,auto,2021-10-24,691,658,15981.92,1598.19,,9.15,12,0,0,38.8,,-33
426,term,North,debt_consolidation,2023-11-04,749,741,7301.37,4725.76,,14.48,2,0,0,14.1,,-8
427,term,South,debt_consolidation,2023-03-06,675,650,10619.76,7135.72,,13.09,0,0,0,22.2,,-25
428,revolving,East,debt_consolidation,2024-05-03,772,738,32783.09,26176.92,72268.67,10.5,1,0,0,8.1,0.362,-34
429,term,East,personal,2021-05-20,833,845,5969.52,3034.63,,4.57,0,0,0,44.1,,12
430,term,East,auto,2024-02-05,684,662,11176.82,7910.79,,5.91,7,0,0,11.0,,-22
431,term,North,debt_consolidation,2023-08-21,702,692,7653.17,5591.66,,7.87,3,0,0,16.6,,-10
432,revolving,South,debt_consolidation,2023-12-25,623,577,16853.95,11543.66,26653.24,8.8,12,0,0,12.4,0.433,-46
433,term,East,home_improvement,2022-09-27,669,654,32561.97,9209.11,,7.76,8,0,0,27.6,,-15
434,term,East,debt_consolidation,2022-10-20,690,677,4512.64,2214.94,,12.53,8,0,1,26.8,,-13
435,term,East,personal,2022-01-18,721,718,14882.34,4590.74,,13.15,4,0,0,36.0,,-3
436,term,West,home_improvement,2021-05-30,667,623,2750.99,275.1,,7.8,13,0,0,43.7,,-44
437,term,West,debt_consolidation,2024-10-17,724,683,10223.39,9800.46,,7.65,3,0,0,2.5,,-41
438,term,South,home_improvement,2023-02-21,657,637,17811.52,6568.04,,7.86,13,0,0,22.7,,-20
439,term,West,home_improvement,2021-02-10,740,710,4371.64,855.52,,7.62,7,0,0,47.4,,-30
440,revolving,North,auto,2024-07-11,704,696,27994.34,24060.0,58543.58,10.17,4,0,0,5.8,0.411,-8
441,revolving,South,debt_consolidation,2022-01-06,702,709,5919.24,1199.52,2531.91,8.1,6,1,0,36.4,0.474,7
442,term,South,home_improvement,2022-04-08,652,617,4101.18,1952.03,,12.21,11,0,0,33.3,,-35
443,term,West,debt_consolidation,2024-11-14,674,640,8527.04,8228.09,,8.33,4,0,0,1.6,,-34
444,revolving,North,auto,2023-04-19,657,617,6277.78,3467.43,6637.38,6.67,4,0,1,20.8,0.522,-40
445,term,West,auto,2021-12-18,732,708,13090.79,7021.53,,9.02,2,0,0,37.0,,-24
446,revolving,South,auto,2021-05-03,598,574,34068.17,3406.82,8305.3,8.47,25,0,0,44.6,0.41,-24
447,revolving,North,home_improvement,2024-11-17,637,603,5109.88,4938.45,12270.39,9.09,10,0,0,1.5,0.402,-34
448,term,South,home_improvement,2021-12-06,752,759,4008.14,595.34,,8.26,0,0,0,37.4,,7
449,term,West,home_improvement,2022-07-08,691,683,19881.4,10051.23,,3.0,7,0,0,30.3,,-8
450,term,South,personal,2022-07-05,753,739,9976.18,4235.46,,7.06,2,0,0,30.4,,-14
451,term,West,personal,2021-03-07,729,706,33431.74,3343.17,,11.62,6,0,0,46.5,,-23
452,revolving,South,personal,2023-12-24,735,684,3935.37,2704.25,7579.96,7.41,2,0,0,12.5,0.357,-51
453,term,East,debt_consolidation,2024-04-27,705,703,8892.71,7079.03,,3.46,6,0,0,8.3,,-2
454,term,North,personal,2024-04-04,640,606,8348.73,6336.71,,9.29,20,0,0,9.1,,-34
455,term,North,debt_consolidation,2024-09-07,684,672,1273.18,1148.54,,11.7,7,0,0,3.9,,-12
456,term,East,personal,2023-09-02,605,569,7531.29,4644.84,,13.94,12,0,0,16.2,,-36
457,term,South,home_improvement,2024-11-19,670,613,12767.82,12474.05,,11.14,8,0,1,1.4,,-57
458,term,West,home_improvement,2021-09-16,647,613,7697.8,769.78,,12.1,13,0,0,40.1,,-34
459,term,East,debt_consolidation,2022-10-11,568,541,6534.84,3064.24,,11.43,17,0,0,27.1,,-27
460,revolving,East,home_improvement,2022-07-09,705,659,25568.29,7780.01,16590.31,9.45,6,0,0,30.2,0.469,-46
461,term,South,auto,2022-03-23,699,682,9767.26,4437.81,,5.58,6,0,0,33.8,,-17
462,term,South,debt_consolidation,2022-09-13,755,738,11392.6,2284.19,,8.69,3,1,0,28.0,,-17
463,term,North,auto,2023-09-30,606,552,56414.71,46519.91,,11.06,11,0,0,15.3,,-54
464,revolving,East,home_improvement,2023-06-25,744,716,6726.21,3091.45,7664.13,9.17,4,0,1,18.5,0.403,-28
465,term,South,debt_consolidation,2021-12-23,540,484,21928.6,2192.86,,12.5,27,0,0,36.8,,-56
466,term,North,home_improvement,2024-09-29,671,644,25610.79,23421.05,,9.71,9,0,0,3.1,,-27
467,term,West,home_improvement,2023-06-10,798,761,2549.2,1992.74,,7.96,0,0,0,19.0,,-37
468,term,South,home_improvement,2021-02-01,678,677,15609.99,1561.0,,10.27,9,0,0,47.7,,-1
469,revolving,North,auto,2023-12-28,635,602,26546.96,18165.55,37657.2,6.7,12,1,0,12.3,0.482,-33
470,term,North,auto,2024-02-01,674,648,11207.11,7700.15,,9.2,4,0,0,11.2,,-26
471,term,North,home_improvement,2022-10-09,730,720,4542.68,1338.63,,8.17,2,0,0,27.2,,-10
472,revolving,South,home_improvement,2024-04-11,663,625,10387.18,9366.33,24239.48,5.85,14,0,0,8.8,0.386,-38
473,revolving,West,home_improvement,2023-04-08,703,680,1000.0,622.54,1271.18,11.2,10,0,0,21.1,0.49,-23
474,term,South,debt_consolidation,2022-02-17,702,680,27222.07,11771.03,,6.18,6,0,0,35.0,,-22
475,term,North,personal,2023-12-24,712,676,17461.65,11961.0,,9.8,5,0,0,12.5,,-36
476,revolving,East,debt_consolidation,2023-05-24,742,711,19376.5,13821.27,30294.47,7.88,5,0,0,19.6,0.456,-31
477,revolving,East,home_improvement,2021-06-23,798,793,20258.92,5512.99,16369.22,9.95,0,0,0,42.9,0.337,-5
478,revolving,East,debt_consolidation,2021-04-02,685,654,30546.06,5071.87,13412.02,9.12,9,1,0,45.7,0.378,-31
479,term,North,home_improvement,2021-07-31,699,669,4636.93,2084.4,,7.22,16,0,0,41.7,,-30
480,term,East,home_improvement,2024-04-08,608,600,17572.86,13153.19,,8.89,16,0,0,8.9,,-8
481,term,West,personal,2022-03-22,736,738,7123.33,4266.22,,9.22,1,0,0,33.9,,2
482,term,South,personal,2023-10-15,761,730,1531.1,1020.47,,12.79,2,0,0,14.8,,-31
483,term,East,home_improvement,2021-01-30,721,693,13950.4,1395.04,,14.54,2,0,0,47.7,,-28
484,term,North,personal,2021-10-14,596,582,4552.14,961.4,,6.04,9,0,0,39.2,,-14
485,term,West,personal,2022-11-12,655,651,8847.44,3074.17,,6.99,7,0,0,26.0,,-4
486,term,North,debt_consolidation,2022-06-18,683,671,10751.8,3668.34,,3.0,10,0,0,30.9,,-12
487,term,East,auto,2024-01-02,628,608,37207.08,25584.88,,5.5,12,1,0,12.2,,-20
488,term,West,home_improvement,2021-01-09,808,788,15488.64,5185.05,,6.19,0,0,0,48.4,,-20
489,term,North,auto,2021-06-08,704,662,14193.19,7997.17,,3.0,5,0,0,43.4,,-42
490,revolving,South,home_improvement,2021-05-24,735,706,8472.54,2669.5,5082.66,4.18,3,0,0,43.9,0.525,-29
491,revolving,West,debt_consolidation,2023-03-14,736,719,28669.85,14789.37,40108.76,8.14,9,0,0,22.0,0.369,-17
492,term,North,home_improvement,2023-07-07,686,657,7053.55,5317.96,,7.44,6,0,0,18.1,,-29
493,revolving,South,personal,2023-01-20,607,543,9057.01,4078.56,11251.56,7.66,19,0,0,23.7,0.362,-64
494,term,East,home_improvement,2021-04-28,727,705,37340.11,19618.64,,6.39,4,0,0,44.8,,-22
495,revolving,West,personal,2023-09-18,800,800,3293.01,1833.8,4449.56,17.4,0,0,0,15.7,0.412,0
496,term,South,debt_consolidation,2021-05-21,657,665,4489.97,449.0,,10.12,14,0,0,44.0,,8
497,term,West,personal,2023-01-02,646,603,9491.59,3714.95,,8.85,11,1,0,24.3,,-43
498,term,South,debt_consolidation,2022-05-12,730,713,35914.14,4056.39,,12.85,2,0,0,32.2,,-17
499,term,South,auto,2021-06-28,735,703,30996.28,3099.63,,8.46,1,0,0,42.8,,-32
500,term,West,debt_consolidation,2024-02-26,748,733,8947.06,7881.74,,4.83,2,0,0,10.3,,-15
501,revolving,East,personal,2023-07-24,671,623,26415.01,16110.89,35795.36,6.73,4,0,0,17.6,0.45,-48
502,term,South,auto,2021-03-12,671,623,9891.59,989.16,,13.8,10,0,1,46.4,,-48
503,term,South,personal,2022-05-21,522,478,13427.83,5010.48,,7.96,22,0,0,31.9,,-44
504,revolving,West,debt_consolidation,2022-12-30,683,665,47150.62,22739.24,66761.33,3.73,7,0,0,24.4,0.341,-18
505,term,South,auto,2023-10-15,646,599,16921.48,9740.37,,11.31,8,0,0,14.8,,-47
506,term,North,debt_consolidation,2024-12-26,547,479,37086.59,36433.19,,10.0,19,1,0,0.2,,-68
507,term,West,home_improvement,2021-03-06,793,795,27031.32,2703.13,,7.21,0,0,0,46.6,,2
508,revolving,West,home_improvement,2023-12-10,694,664,6558.01,4263.58,7406.03,9.54,10,0,0,12.9,0.576,-30
509,term,South,personal,2022-03-06,572,521,9119.11,911.91,,12.96,20,0,0,34.4,,-51
510,revolving,South,home_improvement,2021-10-18,702,676,24165.67,8920.92,14764.04,11.15,6,0,0,39.0,0.604,-26
511,term,East,home_improvement,2023-04-11,791,757,6717.73,4035.96,,8.33,0,1,0,21.0,,-34
512,term,West,home_improvement,2024-09-16,752,708,17038.37,15618.41,,12.53,0,0,0,3.6,,-44
513,term,North,personal,2023-05-16,737,734,5386.5,4016.15,,13.54,1,0,0,19.9,,-3
514,term,West,debt_consolidation,2022-04-11,606,569,14128.15,3528.82,,6.06,12,0,0,33.2,,-37
515,revolving,South,home_improvement,2021-01-31,647,619,11994.77,5676.46,14427.27,15.58,14,0,1,47.7,0.393,-28
516,term,East,home_improvement,2021-03-01,627,586,29541.97,2954.2,,9.32,14,0,0,46.7,,-41
517,revolving,North,debt_consolidation,2023-02-23,681,671,12710.93,5773.38,17316.26,11.02,8,0,0,22.6,0.333,-10
518,term,South,home_improvement,2023-10-18,726,701,14639.1,12307.5,,9.32,6,0,0,14.7,,-25
519,term,West,auto,2021-10-20,706,701,42724.49,4272.45,,10.77,8,0,0,39.0,,-5
520,term,South,debt_consolidation,2023-11-15,625,584,10892.44,9131.42,,10.62,10,0,0,13.8,,-41
521,revolving,West,debt_consolidation,2021-01-28,668,627,9455.08,4179.84,9494.64,7.46,11,0,0,47.8,0.44,-41
522,term,West,debt_consolidation,2021-10-04,742,706,3303.1,1967.91,,9.72,5,0,0,39.5,,-36
523,term,South,home_improvement,2023-10-21,710,694,7802.01,5903.78,,12.39,5,0,0,14.6,,-16
524,term,North,home_improvement,2023-10-08,703,693,35852.51,30345.99,,7.42,5,0,0,15.0,,-10
525,term,North,auto,2023-12-13,627,588,14790.9,11894.89,,12.03,15,0,0,12.8,,-39
526,term,West,personal,2022-08-08,689,666,26678.83,9730.53,,4.66,4,0,0,29.2,,-23
527,term,East,personal,2021-05-24,611,574,18826.06,1882.61,,11.04,16,0,0,43.9,,-37
528,term,South,debt_consolidation,2024-06-20,630,617,23221.56,18979.15,,17.34,16,0,0,6.5,,-13
529,revolving,South,auto,2021-01-14,591,551,12384.66,1238.47,3551.79,10.32,16,0,0,48.3,0.349,-40
530,revolving,North,auto,2023-09-09,783,770,16443.52,9197.91,22328.03,4.97,1,0,0,16.0,0.412,-13
531,term,South,personal,2023-05-24,786,786,6371.7,4731.65,,11.66,0,0,0,19.6,,0
532,revolving,South,home_improvement,2024-09-27,619,585,27471.0,25625.64,70957.63,13.71,6,1,0,3.2,0.361,-34
533,term,North,debt_consolidation,2022-05-25,633,593,29820.76,11090.37,,10.62,14,0,1,31.7,,-40
534,revolving,West,personal,2024-05-03,660,628,17963.43,14418.44,30530.72,7.83,10,0,0,8.1,0.472,-32
535,term,East,personal,2023-05-21,753,732,17743.36,10119.22,,6.24,0,0,0,19.7,,-21
536,term,West,debt_consolidation,2021-01-30,716,699,1639.05,163.9,,9.25,3,0,1,47.7,,-17
537,revolving,South,personal,2024-09-06,762,744,24380.59,21770.37,64451.83,10.74,0,0,0,3.9,0.338,-18
538,revolving,East,debt_consolidation,2023-12-05,781,777,18941.89,12562.77,33286.7,3.55,0,0,0,13.1,0.377,-4
539,term,West,auto,2024-02-13,709,681,9309.09,7850.53,,13.07,2,1,0,10.8,,-28
540,revolving,East,home_improvement,2023-08-01,697,652,21050.46,13356.83,22912.98,3.0,5,0,0,17.3,0.583,-45
541,term,North,home_improvement,2022-12-22,761,736,7486.23,5630.47,,11.98,0,0,0,24.7,,-25
542,revolving,West,debt_consolidation,2022-12-18,744,737,16481.0,10250.72,23072.76,11.36,4,0,0,24.8,0.444,-7
543,term,North,home_improvement,2022-07-27,744,742,32160.2,10755.07,,12.23,1,0,0,29.6,,-2
544,term,West,home_improvement,2022-03-16,708,698,8549.82,3765.42,,4.98,4,0,0,34.1,,-10
545,revolving,North,personal,2023-03-11,742,751,19298.58,7697.31,16838.7,12.11,1,0,0,22.1,0.457,9
546,term,West,home_improvement,2021-02-26,661,622,13085.21,1308.52,,16.19,13,0,0,46.8,,-39
547,term,West,home_improvement,2023-07-11,645,637,3915.89,2850.99,,8.58,12,0,0,18.0,,-8
548,term,North,home_improvement,2021-03-11,659,645,11796.05,6118.49,,9.8,5,0,0,46.4,,-14
549,revolving,West,home_improvement,2024-01-05,816,801,30341.78,20389.18,50469.95,4.76,0,0,0,12.1,0.404,-15
550,term,North,auto,2023-06-23,617,551,12298.17,5726.28,,6.67,16,0,0,18.6,,-66
551,term,East,debt_consolidation,2021-12-15,736,710,13544.18,5037.11,,8.15,6,0,0,37.1,,-26
552,revolving,East,auto,2022-10-22,798,781,11400.49,6196.93,17076.93,5.03,0,0,0,26.7,0.363,-17
553,revolving,East,debt_consolidation,2024-02-07,703,660,16403.72,13109.95,35861.29,5.79,8,0,0,11.0,0.366,-43
554,term,West,home_improvement,2022-02-01,660,630,9305.12,930.51,,7.74,18,0,0,35.5,,-30
555,revolving,North,home_improvement,2024-04-11,713,688,15306.35,11358.29,30873.14,10.69,6,0,0,8.8,0.368,-25
556,term,North,home_improvement,2022-01-08,650,625,11104.55,5896.62,,4.72,15,1,0,36.3,,-25
557,revolving,South,auto,2021-05-16,625,579,4134.5,413.45,1094.44,8.85,14,0,1,44.2,0.378,-46
558,term,South,personal,2022-02-06,760,737,2277.69,909.95,,4.26,0,0,0,35.3,,-23
559,revolving,East,home_improvement,2022-02-14,756,722,8536.29,1246.73,2107.0,8.84,0,0,0,35.1,0.592,-34
560,term,East,auto,2021-10-16,660,631,22854.7,11738.41,,13.23,7,1,0,39.1,,-29
561,term,North,debt_consolidation,2023-08-30,650,601,8442.63,4505.9,,9.81,9,0,0,16.3,,-49
562,term,South,personal,2023-12-26,692,661,16827.07,13029.6,,12.65,8,0,0,12.4,,-31
563,term,East,auto,2021-05-24,674,651,9315.66,931.57,,9.08,13,0,0,43.9,,-23
564,term,North,home_improvement,2022-09-11,630,591,14668.59,5054.83,,10.09,13,0,0,28.1,,-39
565,term,West,personal,2021-10-26,588,551,3467.92,1183.17,,6.47,16,1,0,38.8,,-37
566,revolving,South,home_improvement,2023-01-11,592,558,25329.49,16652.09,34767.28,11.1,13,0,0,24.0,0.479,-34
567,revolving,South,auto,2024-03-08,607,587,15268.88,13739.87,22258.55,7.12,16,0,0,10.0,0.617,-20
568,term,West,auto,2022-04-10,617,585,14361.81,3867.34,,5.34,14,0,0,33.2,,-32
569,term,South,auto,2023-12-04,692,662,15640.75,10473.74,,8.86,10,0,0,13.1,,-30
570,revolving,East,personal,2022-10-10,631,604,15470.15,7318.82,14829.69,4.48,9,0,0,27.1,0.494,-27
571,term,East,debt_consolidation,2023-04-22,633,610,15684.09,7323.19,,10.9,8,0,0,20.7,,-23
572,revolving,South,personal,2023-12-30,604,557,12461.98,8088.57,23307.56,14.8,15,0,0,12.3,0.347,-47
573,revolving,West,debt_consolidation,2022-01-19,605,559,1000.0,100.0,299.91,8.15,23,0,0,35.9,0.333,-46
574,revolving,West,debt_consolidation,2021-05-04,604,572,21853.33,3285.26,7395.03,8.29,12,0,0,44.6,0.444,-32
575,term,North,auto,2024-09-06,675,663,28492.71,26565.12,,10.51,8,0,0,3.9,,-12
576,term,East,debt_consolidation,2024-02-21,742,717,25534.58,20926.37,,10.78,3,0,0,10.5,,-25
577,revolving,North,personal,2021-08-03,770,763,25788.12,13237.87,28566.3,9.39,0,0,0,41.6,0.463,-7
578,term,North,auto,2023-08-21,683,671,9158.87,5003.53,,4.13,8,0,0,16.6,,-12
579,revolving,South,auto,2023-09-01,743,738,17208.26,13803.99,30190.21,12.62,2,0,0,16.3,0.457,-5
580,term,South,auto,2021-07-24,633,585,33560.41,3356.04,,12.23,19,0,0,41.9,,-48
581,revolving,North,personal,2022-06-16,714,707,18825.28,9367.73,18965.53,5.34,5,0,0,31.0,0.494,-7
582,term,West,personal,2021-12-21,627,611,7875.75,2559.35,,3.0,13,0,1,36.9,,-16
583,term,North,debt_consolidation,2023-10-09,706,689,8506.87,5596.31,,17.17,9,0,0,15.0,,-17
584,revolving,West,home_improvement,2022-07-15,630,595,46032.93,23362.69,35432.23,6.82,10,0,0,30.0,0.659,-35
585,revolving,South,personal,2023-10-08,635,603,31367.22,24074.01,50545.44,4.77,15,0,0,15.0,0.476,-32
586,term,West,home_improvement,2022-10-17,676,652,10095.42,6799.15,,3.0,10,0,0,26.9,,-24
587,term,East,home_improvement,2021-09-18,777,766,15376.29,4658.16,,7.48,0,0,0,40.0,,-11
588,term,East,debt_consolidation,2024-08-25,731,696,21989.11,19158.99,,10.65,5,0,0,4.3,,-35
589,revolving,East,auto,2022-03-01,636,592,7302.34,730.23,1483.32,14.75,10,0,0,34.6,0.492,-44
590,term,South,personal,2021-02-18,616,601,35963.31,10276.36,,7.86,20,0,0,47.1,,-15
591,revolving,West,debt_consolidation,2021-08-26,630,606,1187.33,245.71,688.48,3.54,12,0,0,40.8,0.357,-24
592,revolving,South,debt_consolidation,2021-12-23,718,694,1484.19,148.42,358.79,10.3,6,0,0,36.8,0.414,-24
593,term,South,personal,2021-07-22,693,668,33006.16,3300.62,,9.87,8,0,0,42.0,,-25
594,term,South,debt_consolidation,2024-05-07,719,707,51639.07,40855.37,,6.9,8,0,0,8.0,,-12
595,revolving,South,home_improvement,2021-11-20,649,620,15326.9,3039.9,7701.81,8.05,15,0,0,37.9,0.395,-29
596,term,North,auto,2021-10-06,700,655,47623.6,20349.73,,9.46,12,0,0,39.4,,-45
597,term,North,debt_consolidation,2021-01-26,696,685,16477.12,3293.09,,11.42,6,0,0,47.9,,-11
598,term,South,debt_consolidation,2023-03-27,755,763,5989.76,4535.84,,10.67,1,0,0,21.5,,8
599,term,West,debt_consolidation,2022-12-01,774,759,8775.15,3085.0,,9.8,0,1,0,25.4,,-15
600,revolving,South,debt_consolidation,2023-02-04,734,730,16550.4,9567.62,17252.86,9.15,2,0,0,23.2,0.555,-4
601,term,South,auto,2022-02-04,755,710,13601.08,1973.28,,14.83,3,0,0,35.4,,-45
602,term,North,auto,2022-12-28,678,659,17070.64,5226.25,,10.63,3,0,0,24.5,,-19
603,term,North,auto,2023-08-05,638,583,18501.87,11248.76,,12.33,9,0,0,17.2,,-55
604,revolving,East,home_improvement,2022-11-22,678,647,32619.96,19250.13,41255.78,11.63,8,0,0,25.7,0.467,-31
605,term,North,personal,2023-06-04,672,651,3673.52,2641.04,,10.06,10,0,0,19.2,,-21
606,term,East,personal,2024-10-14,668,624,11130.68,10473.39,,13.47,8,0,0,2.6,,-44
607,term,West,debt_consolidation,2024-04-11,679,644,4101.61,3275.29,,6.72,8,0,0,8.8,,-35
608,term,East,auto,2024-09-21,669,631,17862.75,16886.72,,11.48,9,0,0,3.4,,-38
609,term,West,debt_consolidation,2022-09-17,652,635,5717.79,1170.32,,5.05,6,0,1,27.9,,-17
610,revolving,South,debt_consolidation,2021-09-24,672,640,20438.56,2979.87,4491.15,9.2,12,1,0,39.8,0.663,-32
611,revolving,South,personal,2023-07-31,728,701,7185.6,4199.92,10603.16,3.21,2,0,0,17.3,0.396,-27
612,term,East,home_improvement,2024-05-31,628,605,29951.08,26921.96,,5.22,15,0,0,7.2,,-23
613,term,West,debt_consolidation,2024-05-24,760,752,7183.31,5857.76,,7.73,1,0,0,7.4,,-8
614,term,South,debt_consolidation,2022-07-24,744,708,7241.85,3979.42,,14.46,1,0,0,29.7,,-36
615,revolving,East,home_improvement,2024-12-04,685,689,13601.59,13337.08,38216.48,8.51,8,0,0,0.9,0.349,4
616,term,West,personal,2021-11-18,537,517,14476.85,1578.98,,11.21,15,0,0,38.0,,-20
617,term,South,debt_consolidation,2021-11-09,549,536,26534.95,15237.85,,13.53,24,1,0,38.3,,-13
618,revolving,North,debt_consolidation,2021-03-20,686,656,13762.62,1376.26,3911.46,8.33,8,0,0,46.1,0.352,-30
619,revolving,South,home_improvement,2023-07-30,720,707,15292.16,10456.76,16458.59,14.17,3,0,0,17.4,0.635,-13
620,term,East,auto,2021-09-03,786,771,12478.48,1247.85,,8.88,0,1,0,40.5,,-15
621,term,East,home_improvement,2023-01-19,655,649,7812.53,5859.87,,5.92,12,0,0,23.8,,-6
622,revolving,West,home_improvement,2024-01-30,649,602,19093.59,15295.48,32211.14,12.31,11,0,0,11.2,0.475,-47
623,term,North,personal,2022-06-18,606,601,7824.58,2063.01,,10.88,16,0,0,30.9,,-5
624,term,East,debt_consolidation,2024-04-15,715,699,24884.31,19104.92,,8.11,5,0,0,8.7,,-16
625,revolving,North,home_improvement,2024-09-09,680,654,7421.37,6925.66,10547.67,6.13,6,1,0,3.8,0.657,-26
626,term,North,home_improvement,2021-09-19,651,612,15538.8,7529.8,,12.02,12,0,0,40.0,,-39
627,term,West,debt_consolidation,2023-10-21,681,667,6056.51,4181.94,,5.67,8,0,0,14.6,,-14
628,revolving,West,debt_consolidation,2023-11-12,674,651,24036.89,18040.44,41824.54,3.0,6,0,0,13.9,0.431,-23
629,term,North,home_improvement,2021-01-23,738,724,8572.54,857.25,,12.49,4,1,0,48.0,,-14
630,term,North,auto,2023-12-24,654,642,13007.25,11071.16,,11.65,12,0,0,12.5,,-12
631,revolving,East,auto,2024-09-30,679,658,9868.18,9026.4,16101.08,11.04,6,0,1,3.1,0.561,-21
632,term,North,debt_consolidation,2021-07-14,730,727,5919.97,2580.98,,8.16,3,0,0,42.2,,-3
633,term,West,personal,2021-01-20,664,611,4615.86,638.54,,11.05,9,0,0,48.1,,-53
634,revolving,West,debt_consolidation,2021-09-09,635,621,2449.75,1128.58,3085.14,6.74,12,0,0,40.3,0.366,-14
635,term,East,auto,2023-01-22,603,553,1000.0,693.31,,9.54,14,0,0,23.7,,-50
636,revolving,West,home_improvement,2023-05-31,617,585,26427.63,11079.82,17203.1,14.34,18,1,0,19.4,0.644,-32
637,term,North,personal,2024-05-06,641,577,18235.26,15110.83,,8.9,15,1,0,8.0,,-64
638,term,South,debt_consolidation,2022-10-02,737,715,12254.57,5854.61,,10.42,5,0,0,27.4,,-22
639,revolving,West,home_improvement,2023-07-29,635,617,10001.04,5969.35,10639.25,4.99,15,0,0,17.4,0.561,-18
640,revolving,East,auto,2021-07-30,667,627,14199.89,1419.99,2775.01,7.58,13,0,1,41.7,0.512,-40
641,revolving,North,home_improvement,2024-02-10,618,609,13938.73,9552.54,16602.98,8.33,11,0,0,10.9,0.575,-9
642,term,West,personal,2022-06-21,683,632,6553.24,1803.83,,12.31,6,0,0,30.8,,-51
643,term,South,debt_consolidation,2021-08-29,697,661,10440.89,1044.09,,15.19,9,0,0,40.7,,-36
644,term,West,auto,2022-12-23,701,649,24153.95,8205.85,,10.03,2,0,0,24.7,,-52
645,term,North,auto,2022-02-03,785,765,2374.41,390.72,,3.82,0,0,0,35.4,,-20
646,term,West,personal,2023-02-01,679,630,11487.99,7469.58,,5.46,7,0,0,23.3,,-49
647,revolving,North,debt_consolidation,2022-05-04,697,657,4583.32,1477.82,2491.45,12.48,6,0,0,32.4,0.593,-40
648,term,South,personal,2024-02-05,646,642,5184.5,4310.25,,6.9,9,1,0,11.0,,-4
649,term,West,debt_consolidation,2022-04-30,810,760,8375.25,960.9,,11.33,0,0,0,32.6,,-50
650,term,South,personal,2024-09-20,730,690,16157.55,15602.79,,10.07,2,0,0,3.4,,-40
651,term,North,home_improvement,2022-06-06,733,681,12398.41,8403.01,,9.14,4,0,0,31.3,,-52
652,revolving,South,debt_consolidation,2023-08-21,745,737,1790.85,1459.91,2777.77,9.84,1,0,0,16.6,0.526,-8
653,revolving,North,auto,2023-01-13,724,712,3632.03,1371.95,2153.35,9.55,5,0,0,24.0,0.637,-12
654,term,East,home_improvement,2022-07-21,748,705,37313.66,17973.18,,5.03,4,0,0,29.8,,-43
655,revolving,West,home_improvement,2022-05-22,668,647,19181.82,3397.52,8990.12,8.15,4,0,0,31.8,0.378,-21
656,revolving,North,home_improvement,2021-12-12,815,812,18257.16,2300.24,4430.01,15.41,0,0,0,37.2,0.519,-3
657,revolving,East,auto,2022-07-14,587,556,10543.99,4111.49,10447.86,5.7,11,1,0,30.1,0.394,-31
658,revolving,South,debt_consolidation,2024-07-30,663,605,9060.65,8456.78,19465.99,5.61,14,0,0,5.2,0.434,-58
659,term,West,personal,2024-01-05,783,748,16464.16,11191.93,,7.65,0,0,0,12.1,,-35
660,term,West,auto,2021-02-01,669,639,25093.53,2509.35,,14.68,4,0,0,47.7,,-30
661,term,West,home_improvement,2022-09-07,719,681,56134.39,35441.75,,6.28,2,0,0,28.2,,-38
662,term,West,personal,2024-08-08,651,597,45493.82,40423.39,,7.54,10,0,0,4.9,,-54
663,term,South,auto,2022-11-26,706,696,36027.49,26426.16,,5.95,4,0,0,25.6,,-10
664,revolving,West,personal,2023-04-18,658,630,4064.98,2860.52,8301.29,7.43,11,0,0,20.8,0.345,-28
665,revolving,North,home_improvement,2021-04-18,750,746,24254.57,5286.04,11785.77,8.16,3,0,0,45.1,0.449,-4
666,revolving,West,personal,2021-06-27,697,694,5096.99,970.59,2063.47,10.48,4,0,1,42.8,0.47,-3
667,term,South,home_improvement,2021-05-26,574,526,25987.27,4513.08,,4.12,16,0,1,43.9,,-48
668,revolving,North,personal,2022-10-31,631,566,22175.69,15054.72,28071.87,9.74,4,1,0,26.4,0.536,-65
669,revolving,North,home_improvement,2024-08-11,621,595,11704.05,10945.3,29211.2,6.04,11,0,0,4.8,0.375,-26
670,term,North,personal,2023-10-08,764,726,3008.4,2035.74,,10.34,0,0,0,15.0,,-38
671,term,East,auto,2023-10-02,605,572,26958.74,14991.46,,4.53,19,0,0,15.2,,-33
672,term,East,home_improvement,2024-09-23,663,642,17261.45,15979.32,,8.17,11,0,0,3.3,,-21
673,term,West,debt_consolidation,2021-10-31,806,787,13606.64,4270.55,,6.24,0,0,0,38.6,,-19
674,term,East,personal,2022-11-13,754,746,16322.38,7482.69,,9.31,1,0,0,26.0,,-8
675,term,South,debt_consolidation,2022-10-02,628,605,2408.64,783.02,,13.72,12,0,0,27.4,,-23
676,revolving,West,debt_consolidation,2022-03-07,626,583,39778.27,15104.48,41966.66,10.78,9,0,0,34.4,0.36,-43
677,term,East,debt_consolidation,2021-06-03,621,571,31232.22,5974.16,,10.87,17,0,0,43.6,,-50
678,revolving,East,auto,2023-01-28,692,662,37898.5,25701.78,39852.32,8.79,6,0,0,23.5,0.645,-30
679,term,South,personal,2024-07-02,650,625,7300.23,6828.41,,8.41,10,0,0,6.1,,-25
680,revolving,South,debt_consolidation,2024-02-16,693,666,36517.28,26750.55,53777.72,8.58,12,0,0,10.7,0.497,-27
681,revolving,East,auto,2022-09-27,698,672,33069.54,10832.36,31918.39,8.25,6,0,0,27.6,0.339,-26
682,term,East,personal,2021-04-15,682,671,4243.6,424.36,,7.13,7,0,1,45.2,,-11
683,term,East,debt_consolidation,2023-02-15,688,647,6037.64,3901.22,,6.8,13,1,0,22.9,,-41
684,term,East,auto,2022-09-12,685,663,15626.06,3896.72,,6.74,7,0,0,28.1,,-22
685,revolving,West,auto,2022-08-23,633,596,11350.16,3727.05,6888.21,8.14,8,0,1,28.7,0.541,-37
686,term,West,personal,2021-10-01,593,567,16187.41,5562.41,,6.14,16,1,0,39.6,,-26
687,term,West,personal,2021-01-22,683,669,8460.45,846.04,,9.62,12,0,0,48.0,,-14
688,term,East,auto,2024-10-28,633,601,5153.71,4983.32,,4.45,17,1,0,2.2,,-32
689,term,South,home_improvement,2021-07-10,738,756,9698.7,2643.69,,10.06,6,0,0,42.4,,18
690,term,South,auto,2021-02-19,604,568,4354.17,435.42,,8.93,13,0,0,47.1,,-36
691,term,West,personal,2022-08-09,658,618,4393.45,1181.38,,13.96,17,0,0,29.2,,-40
692,revolving,South,auto,2023-06-16,689,694,9422.28,6027.83,10755.65,12.9,9,0,0,18.8,0.56,5
693,revolving,North,auto,2023-06-18,755,734,7159.17,4010.87,11785.92,5.82,1,0,0,18.8,0.34,-21
694,term,West,home_improvement,2023-05-26,656,611,8597.85,4154.87,,8.95,11,0,0,19.5,,-45
695,revolving,South,home_improvement,2023-09-13,691,663,5162.69,2773.48,5098.86,9.99,8,0,0,15.9,0.544,-28
696,term,South,personal,2023-08-10,717,678,34196.4,17957.47,,7.18,3,0,0,17.0,,-39
697,term,East,home_improvement,2021-06-04,725,711,4604.71,460.47,,6.28,11,0,0,43.6,,-14
698,term,West,debt_consolidation,2021-01-15,702,678,36641.08,17704.39,,9.71,8,0,0,48.2,,-24
699,term,West,auto,2022-08-22,788,782,13293.45,8264.56,,10.98,0,0,0,28.8,,-6
700,revolving,North,personal,2021-08-01,656,625,13362.95,1336.29,3812.68,9.09,13,1,0,41.6,0.35,-31
701,term,North,personal,2023-05-28,783,762,24950.5,16400.92,,8.49,0,1,0,19.5,,-21
702,revolving,South,personal,2024-01-06,721,698,13496.97,9507.86,18444.83,8.45,4,0,0,12.0,0.515,-23
703,revolving,East,home_improvement,2024-03-29,694,637,3940.27,3564.08,6068.06,5.61,8,0,0,9.3,0.587,-57
704,term,West,auto,2023-03-28,699,689,4300.65,1882.44,,11.11,9,0,0,21.5,,-10
705,term,North,home_improvement,2022-08-19,736,698,12138.24,1896.45,,9.62,4,0,0,28.9,,-38
706,revolving,West,auto,2022-09-16,636,632,17892.86,5733.52,10926.62,9.38,18,0,1,27.9,0.525,-4
707,term,South,personal,2024-06-10,688,664,16240.64,13824.52,,10.43,6,0,0,6.8,,-24
708,term,East,personal,2022-02-20,665,626,18510.37,1851.04,,16.9,17,0,0,34.9,,-39
709,term,North,auto,2024-02-19,776,772,15856.9,12096.37,,14.65,0,0,0,10.6,,-4
710,term,South,personal,2024-08-25,640,610,13088.53,12118.75,,10.35,15,0,0,4.3,,-30
711,term,East,debt_consolidation,2022-10-30,799,774,5345.28,2781.55,,7.15,0,0,0,26.5,,-25
712,term,South,auto,2021-12-27,653,628,27593.12,2759.31,,11.59,6,0,1,36.7,,-25
713,revolving,West,home_improvement,2024-10-03,596,585,27321.86,25151.99,39482.6,8.33,17,1,0,3.0,0.637,-11
714,revolving,West,auto,2021-03-17,627,589,33270.24,13328.78,37890.54,9.39,7,0,0,46.2,0.352,-38
715,term,South,debt_consolidation,2021-08-06,629,602,13954.97,1395.5,,11.55,12,1,0,41.5,,-27
716,term,North,debt_consolidation,2023-03-15,779,772,12375.48,9129.63,,10.54,1,0,0,21.9,,-7
717,term,South,debt_consolidation,2021-07-09,599,564,4659.55,1114.85,,9.58,15,0,0,42.4,,-35
718,term,East,home_improvement,2024-01-19,699,671,38598.9,25386.66,,10.75,6,0,0,11.6,,-28
719,term,South,personal,2021-12-02,768,730,17341.99,9595.18,,12.28,3,0,0,37.5,,-38
720,term,East,debt_consolidation,2021-08-12,846,847,19371.32,1937.13,,5.05,0,0,0,41.3,,1
721,revolving,East,personal,2022-09-28,673,632,21630.2,10836.82,28754.3,10.65,7,0,0,27.5,0.377,-41
722,revolving,East,auto,2022-02-02,686,669,24221.32,14522.76,33400.41,6.3,4,0,0,35.5,0.435,-17
723,term,South,auto,2024-10-26,610,585,14644.0,14272.98,,10.32,15,0,0,2.2,,-25
724,term,West,auto,2021-10-08,657,624,9610.9,961.09,,5.46,12,0,0,39.4,,-33
725,term,West,personal,2022-12-06,811,804,24834.83,7186.02,,9.1,0,0,0,25.2,,-7
726,revolving,South,auto,2022-03-03,732,726,2996.87,299.69,481.21,9.38,3,0,0,34.5,0.623,-6
727,term,East,auto,2024-01-09,752,764,13096.12,10132.21,,8.72,1,0,0,11.9,,12
728,term,South,home_improvement,2021-12-19,718,686,26166.43,4094.92,,10.99,4,0,0,37.0,,-32
729,term,West,personal,2022-12-27,744,704,16927.19,12566.66,,8.05,4,0,0,24.5,,-40
730,term,West,auto,2022-05-10,796,785,2132.59,1032.0,,8.28,0,0,0,32.2,,-11
731,term,West,debt_consolidation,2024-07-03,652,621,21742.18,17795.12,,8.75,11,0,0,6.1,,-31
732,revolving,East,home_improvement,2024-02-28,724,695,24447.12,17636.57,40351.28,7.01,3,0,0,10.3,0.437,-29
733,term,North,auto,2024-02-13,638,596,74910.63,63432.68,,7.64,10,0,0,10.8,,-42
734,term,North,personal,2022-07-10,557,521,12574.35,5238.71,,11.17,16,0,1,30.2,,-36
735,term,West,auto,2021-03-04,695,645,4832.84,483.28,,11.31,7,0,0,46.6,,-50
736,revolving,West,auto,2024-02-04,687,671,11691.9,9709.91,27566.31,6.65,7,0,0,11.1,0.352,-16
737,revolving,West,personal,2024-10-22,675,647,13556.19,12905.18,23525.3,11.03,11,0,0,2.4,0.549,-28
738,term,South,home_improvement,2024-04-03,641,598,14994.4,12936.8,,4.6,8,0,0,9.1,,-43
739,term,East,personal,2024-08-04,688,680,30113.69,26694.39,,8.04,6,0,0,5.0,,-8
740,term,East,home_improvement,2023-09-25,705,701,32634.0,25405.76,,5.6,10,0,0,15.5,,-4
741,revolving,East,debt_consolidation,2022-04-16,797,766,31346.45,19872.84,35374.81,9.23,0,0,0,33.0,0.562,-31
742,term,South,debt_consolidation,2023-11-13,712,669,1061.96,649.48,,9.02,4,0,0,13.8,,-43
743,term,North,personal,2024-10-08,715,689,20714.01,19370.94,,13.2,3,0,0,2.8,,-26
744,term,South,debt_consolidation,2021-07-17,635,606,13101.3,5955.68,,12.95,15,0,0,42.1,,-29
745,revolving,North,auto,2024-04-14,622,587,19849.12,16781.92,30075.34,7.66,11,0,0,8.7,0.558,-35
746,revolving,East,debt_consolidation,2021-10-03,621,591,49254.96,4925.5,14577.9,9.14,11,0,0,39.5,0.338,-30
747,term,West,personal,2022-10-04,662,623,11757.34,6545.37,,6.35,14,0,0,27.3,,-39
748,term,North,personal,2022-04-13,683,643,28183.56,7611.57,,7.04,7,0,0,33.1,,-40
749,term,West,personal,2021-12-09,692,681,36140.91,3614.09,,4.38,12,0,0,37.3,,-11
750,term,North,personal,2024-03-23,630,620,33275.62,27284.39,,10.69,18,0,0,9.5,,-10
751,term,South,home_improvement,2021-05-10,545,491,9690.88,969.09,,6.8,23,0,0,44.4,,-54
752,term,East,home_improvement,2023-08-20,654,607,16843.46,10572.8,,6.76,15,0,0,16.7,,-47
753,term,South,personal,2021-03-15,736,716,14780.99,4999.07,,7.58,3,0,0,46.3,,-20
754,revolving,East,debt_consolidation,2023-07-13,657,616,11324.69,5322.74,15173.41,7.54,10,0,0,17.9,0.351,-41
755,revolving,East,home_improvement,2023-11-05,675,671,10341.08,6494.37,19326.09,6.32,6,0,0,14.1,0.336,-4
756,term,East,personal,2022-08-17,584,533,37768.31,11425.69,,11.4,17,0,0,28.9,,-51
757,revolving,West,auto,2022-05-02,687,660,34058.62,13598.04,38726.29,9.13,12,0,0,32.5,0.351,-27
758,revolving,South,personal,2024-01-30,704,659,8176.05,6245.63,11688.63,6.96,7,0,0,11.2,0.534,-45
759,term,South,debt_consolidation,2023-03-31,645,606,21240.76,16653.0,,8.79,11,0,0,21.4,,-39
760,revolving,East,personal,2024-12-17,737,713,24436.96,24122.69,67492.14,8.43,6,0,0,0.5,0.357,-24
761,term,North,personal,2022-04-05,751,698,5123.45,1904.85,,8.46,1,0,0,33.4,,-53
762,term,East,auto,2024-07-17,806,780,15003.86,13335.17,,10.75,0,0,0,5.6,,-26
763,term,North,auto,2021-01-31,624,590,19340.55,1934.05,,10.12,15,0,0,47.7,,-34
764,revolving,South,auto,2021-03-14,697,662,10601.21,1060.12,2806.56,14.75,4,0,0,46.3,0.378,-35
765,term,West,home_improvement,2022-07-12,608,576,7181.15,1268.94,,6.07,14,0,0,30.1,,-32
766,term,South,debt_consolidation,2024-08-12,716,690,5188.85,4832.93,,14.06,5,0,0,4.7,,-26
767,revolving,North,auto,2022-08-26,709,722,13487.16,3855.22,6086.15,10.03,10,0,0,28.6,0.633,13
768,revolving,West,auto,2022-06-12,564,532,13731.36,6297.41,17054.25,8.74,17,0,0,31.1,0.369,-32
769,term,South,auto,2024-11-10,696,659,8157.54,7881.24,,6.27,7,0,0,1.7,,-37
770,term,South,auto,2022-12-22,668,625,10484.67,3229.54,,7.24,11,0,0,24.7,,-43
771,term,North,debt_consolidation,2023-01-06,608,589,13978.27,7584.61,,9.38,12,0,0,24.2,,-19
772,term,South,home_improvement,2024-02-26,662,617,6932.64,6051.53,,5.77,9,0,0,10.3,,-45
773,term,North,debt_consolidation,2022-02-13,803,798,43345.53,10005.7,,8.72,0,0,0,35.1,,-5
774,term,North,home_improvement,2023-08-21,714,713,32998.7,19446.86,,14.63,4,1,0,16.6,,-1
775,term,East,debt_consolidation,2024-08-27,630,610,10116.61,9324.7,,9.8,19,0,0,4.2,,-20
776,revolving,South,home_improvement,2022-05-01,660,646,49288.63,4928.86,13880.71,10.35,8,0,1,32.5,0.355,-14
777,term,West,debt_consolidation,2024-10-10,563,532,1000.0,948.14,,5.92,24,1,0,2.8,,-31
778,revolving,East,debt_consolidation,2022-05-30,615,590,10958.62,5826.92,14209.12,10.46,14,0,0,31.6,0.41,-25
779,term,North,auto,2024-03-24,781,745,24768.71,19404.54,,4.32,0,0,0,9.4,,-36
780,revolving,South,debt_consolidation,2022-06-29,735,740,24803.37,2480.34,4069.08,3.0,3,0,0,30.6,0.61,5
781,term,South,debt_consolidation,2023-05-03,707,712,11199.23,7656.68,,10.37,8,0,1,20.3,,5
782,term,North,debt_consolidation,2024-03-07,703,663,6300.45,5591.01,,9.4,8,0,0,10.0,,-40
783,term,West,home_improvement,2022-11-24,765,749,19451.4,8311.73,,13.15,0,0,0,25.6,,-16
784,revolving,East,debt_consolidation,2022-04-10,699,687,14712.45,7219.88,18745.64,3.65,13,0,0,33.2,0.385,-12
785,term,North,personal,2024-04-06,663,645,19530.56,15440.94,,11.46,8,0,0,9.0,,-18
786,term,South,home_improvement,2022-04-27,674,672,16770.48,9824.76,,8.32,6,0,0,32.7,,-2
787,term,North,debt_consolidation,2023-03-03,664,648,7544.87,5633.37,,11.11,3,0,0,22.3,,-16
788,term,East,home_improvement,2024-03-07,663,642,10703.69,9131.01,,4.74,7,1,0,10.0,,-21
789,term,North,home_improvement,2021-11-01,781,764,18372.23,1837.22,,10.4,0,0,0,38.6,,-17
790,revolving,North,auto,2024-03-25,616,586,36652.3,33067.05,60900.41,4.33,11,0,0,9.4,0.543,-30
791,term,West,debt_consolidation,2023-08-01,649,634,3037.18,1978.26,,13.13,13,0,0,17.3,,-15
792,term,South,auto,2023-02-20,570,545,16054.73,5657.89,,7.27,15,0,0,22.7,,-25
793,revolving,North,home_improvement,2021-06-21,740,716,22583.11,10208.46,24167.23,8.38,6,0,0,43.0,0.422,-24
794,term,South,auto,2022-08-28,700,677,4436.19,1538.16,,10.07,8,0,0,28.6,,-23
795,term,West,personal,2021-10-10,784,766,20318.64,9994.57,,6.27,0,0,0,39.3,,-18
796,term,East,personal,2021-03-16,641,605,13575.92,1357.59,,11.21,7,0,0,46.2,,-36
797,term,North,home_improvement,2021-08-24,632,576,24873.0,2487.3,,12.47,12,0,0,40.9,,-56
798,term,West,debt_consolidation,2022-04-07,610,570,23955.07,3752.83,,4.28,7,0,0,33.3,,-40
799,term,West,personal,2024-05-21,707,692,3689.06,3093.92,,7.61,6,1,0,7.5,,-15
800,revolving,West,debt_consolidation,2021-10-23,658,633,13791.43,1379.14,3897.56,7.23,6,0,0,38.9,0.354,-25
801,term,South,home_improvement,2023-05-07,698,687,5467.43,2166.32,,5.89,5,0,0,20.2,,-11
802,term,South,personal,2021-05-15,654,634,15079.36,1507.94,,8.82,17,0,0,44.2,,-20
803,revolving,West,debt_consolidation,2021-07-26,766,775,9287.69,2174.04,5802.47,10.17,0,0,0,41.8,0.375,9
804,revolving,West,home_improvement,2024-10-12,755,726,7333.8,6966.79,20643.89,6.47,4,1,0,2.7,0.337,-29
805,term,North,auto,2022-07-05,685,656,13964.35,2081.74,,13.86,7,0,0,30.4,,-29
806,term,North,auto,2022-02-16,743,688,9235.81,1329.27,,8.97,4,0,0,35.0,,-55
807,revolving,South,auto,2022-05-27,672,636,1000.0,307.76,635.8,9.41,7,0,0,31.7,0.484,-36
808,term,West,home_improvement,2024-01-09,677,654,15980.97,12339.37,,9.59,8,0,0,11.9,,-23
809,term,South,home_improvement,2023-04-19,550,522,17622.31,12422.84,,4.76,15,0,0,20.8,,-28
810,term,West,personal,2023-03-28,710,683,18000.93,7856.39,,4.27,1,1,0,21.5,,-27
811,term,East,auto,2022-11-28,681,642,5303.58,1533.13,,12.62,10,0,0,25.5,,-39
812,term,East,auto,2021-05-23,732,739,13036.31,1303.63,,12.92,4,0,0,44.0,,7
813,revolving,East,home_improvement,2022-09-29,722,689,9086.91,3531.52,10056.63,11.89,4,1,0,27.5,0.351,-33
814,term,North,home_improvement,2024-07-05,635,575,6388.84,5493.51,,7.64,13,0,0,6.0,,-60
815,term,West,personal,2023-06-27,668,614,33326.59,20374.01,,6.74,11,0,0,18.5,,-54
816,term,West,home_improvement,2024-02-13,651,642,14527.56,10852.39,,7.34,10,0,1,10.8,,-9
817,term,North,personal,2024-06-19,742,731,3880.78,3519.53,,3.0,4,0,0,6.5,,-11
818,term,East,personal,2023-04-08,774,764,9854.72,4445.58,,8.09,0,0,0,21.1,,-10
819,term,North,auto,2022-03-03,727,696,3054.01,451.48,,8.69,4,0,0,34.5,,-31
820,term,West,auto,2023-03-13,799,751,8849.25,5109.9,,8.53,0,0,0,22.0,,-48
821,term,North,home_improvement,2022-02-16,711,667,14821.07,5050.8,,6.88,5,0,0,35.0,,-44
822,term,North,debt_consolidation,2023-02-12,621,558,5504.19,3456.3,,9.65,7,0,0,23.0,,-63
823,revolving,North,personal,2024-12-13,596,561,9024.31,8834.18,15663.26,12.07,14,0,0,0.6,0.564,-35
824,term,East,personal,2023-11-06,624,611,27476.73,16244.76,,5.97,15,0,0,14.1,,-13
825,term,North,personal,2021-10-21,652,607,5600.46,2114.21,,7.4,8,0,0,38.9,,-45
826,term,East,personal,2021-08-22,639,610,13324.25,1332.42,,3.0,14,0,0,40.9,,-29
827,term,East,debt_consolidation,2022-09-03,683,669,13805.89,6484.81,,12.75,8,0,0,28.4,,-14
828,revolving,North,auto,2022-03-06,669,619,12118.65,4394.65,11782.48,7.33,5,0,0,34.4,0.373,-50
829,term,North,home_improvement,2022-11-15,684,666,9236.27,5025.47,,9.3,6,0,0,25.9,,-18
830,term,East,personal,2023-07-29,826,816,18287.03,9035.56,,7.44,0,0,0,17.4,,-10
831,term,North,debt_consolidation,2024-07-08,732,702,49930.02,44150.3,,9.25,3,0,0,5.9,,-30
832,term,West,home_improvement,2022-09-24,696,693,22129.69,9108.02,,10.61,2,0,0,27.7,,-3
833,term,East,home_improvement,2024-04-12,743,733,12858.49,10433.89,,6.99,3,0,0,8.8,,-10
834,revolving,South,auto,2021-07-24,631,611,15169.19,3283.05,7684.29,10.36,17,0,0,41.9,0.427,-20
835,term,South,home_improvement,2021-09-04,629,595,9558.95,3568.74,,3.67,4,0,0,40.5,,-34
836,term,East,auto,2023-10-23,734,730,21252.61,13081.97,,11.15,6,0,0,14.5,,-4
837,term,South,personal,2023-04-11,679,623,4037.1,2367.25,,6.39,5,0,0,21.0,,-56
838,term,West,debt_consolidation,2022-08-16,687,656,18829.74,6897.01,,10.7,9,0,0,29.0,,-31
839,term,East,debt_consolidation,2022-11-07,611,572,33730.36,16546.87,,10.44,17,1,0,26.2,,-39
840,term,East,home_improvement,2022-11-09,651,614,29454.66,12240.15,,17.06,9,0,0,26.1,,-37
841,term,North,personal,2023-01-24,655,615,11949.02,3839.73,,11.67,7,1,0,23.6,,-40
842,term,West,personal,2024-10-25,651,634,20126.86,18923.79,,12.63,11,0,0,2.3,,-17
843,revolving,South,auto,2022-02-06,808,784,19259.92,7053.95,13776.82,9.83,0,0,0,35.3,0.512,-24
844,term,South,debt_consolidation,2021-09-21,807,791,39236.39,3923.64,,9.47,1,0,0,39.9,,-16
845,revolving,North,auto,2022-06-24,748,767,3526.42,2059.21,3625.45,3.28,0,0,0,30.7,0.568,19
846,term,East,personal,2023-06-19,685,659,3817.76,1944.99,,13.16,11,0,0,18.7,,-26
847,revolving,West,personal,2023-07-23,644,607,6907.96,3520.3,5426.78,14.86,12,1,0,17.6,0.649,-37
848,term,West,debt_consolidation,2024-01-11,617,575,3623.65,2482.5,,8.96,13,0,0,11.9,,-42
849,term,North,home_improvement,2023-08-18,700,672,7428.43,4714.86,,6.9,7,0,0,16.7,,-28
850,revolving,South,debt_consolidation,2023-01-21,756,733,13655.38,8294.76,17228.82,7.21,1,0,0,23.7,0.481,-23
851,revolving,East,personal,2024-09-13,726,732,5156.22,4781.77,13879.69,8.43,3,0,0,3.7,0.345,6
852,term,West,home_improvement,2024-08-30,686,662,36042.85,33853.15,,6.61,6,0,0,4.1,,-24
853,term,East,personal,2023-05-27,720,690,18219.91,10669.68,,9.75,6,0,0,19.5,,-30
854,term,North,home_improvement,2022-02-23,678,685,48566.22,13689.63,,11.85,7,0,0,34.8,,7
855,revolving,East,auto,2023-11-27,663,625,23835.77,17935.84,48271.61,8.59,14,0,0,13.4,0.372,-38
856,term,South,auto,2023-08-29,619,564,22838.22,15011.97,,10.38,13,0,0,16.4,,-55
857,term,West,home_improvement,2024-04-29,660,624,15277.36,13688.56,,11.9,13,0,0,8.2,,-36
858,revolving,West,home_improvement,2022-09-28,698,647,41474.97,17289.55,45169.92,7.87,8,0,0,27.5,0.383,-51
859,revolving,South,home_improvement,2023-10-05,654,630,40103.63,23940.12,37185.91,13.88,13,0,0,15.1,0.644,-24
860,term,South,personal,2023-03-14,611,577,3337.45,2126.57,,14.79,14,0,0,22.0,,-34
861,term,East,debt_consolidation,2022-11-23,686,665,42183.8,25148.3,,12.98,10,0,0,25.7,,-21
862,term,North,debt_consolidation,2023-07-03,698,665,11800.58,7202.77,,9.76,11,1,0,18.3,,-33
863,term,West,personal,2024-04-23,657,631,5785.9,4546.6,,5.95,10,0,0,8.4,,-26
864,revolving,South,auto,2024-10-19,678,675,25867.93,25000.25,37515.95,10.71,8,0,0,2.5,0.666,-3
865,term,East,home_improvement,2021-10-03,528,499,26517.86,10692.41,,10.17,22,0,0,39.5,,-29
866,term,West,debt_consolidation,2022-09-15,724,716,18656.89,6010.2,,14.5,2,0,0,28.0,,-8
867,term,North,auto,2022-11-30,697,681,19172.76,10248.36,,7.94,5,0,0,25.4,,-16
868,term,East,home_improvement,2024-09-09,764,768,14655.25,14074.28,,6.79,2,0,0,3.8,,4
869,revolving,South,home_improvement,2021-09-26,667,642,6760.21,678.31,1330.33,14.46,5,0,0,39.8,0.51,-25
870,term,West,auto,2023-07-06,724,702,10710.5,8567.54,,8.31,3,0,0,18.2,,-22
871,term,East,debt_consolidation,2024-10-15,750,729,15980.88,15426.63,,9.06,1,0,0,2.6,,-21
872,revolving,South,home_improvement,2023-05-06,681,643,24291.27,15544.47,41702.59,7.08,9,0,0,20.2,0.373,-38
873,revolving,South,home_improvement,2022-04-24,700,672,17026.04,1702.6,4899.76,9.58,10,0,0,32.8,0.347,-28
874,term,South,debt_consolidation,2023-10-10,688,683,9887.38,6789.87,,9.01,5,0,0,15.0,,-5
875,term,West,debt_consolidation,2021-07-02,584,539,19514.79,1951.48,,8.98,18,0,0,42.6,,-45
876,revolving,South,home_improvement,2021-10-25,703,678,26071.95,6805.83,16982.51,9.44,13,0,0,38.8,0.401,-25
877,term,East,auto,2024-09-24,623,605,8718.33,7888.12,,9.1,10,0,0,3.3,,-18
878,revolving,West,home_improvement,2023-09-20,628,596,7282.35,5880.0,11935.48,5.26,13,0,0,15.6,0.493,-32
879,term,East,auto,2023-07-29,711,685,25799.16,19614.52,,12.45,4,0,0,17.4,,-26
880,term,North,debt_consolidation,2022-08-11,757,744,11263.3,3894.7,,11.57,0,0,0,29.1,,-13
881,revolving,North,personal,2024-02-12,726,716,9691.64,7773.12,18554.26,10.72,3,0,0,10.8,0.419,-10
882,revolving,North,auto,2021-03-15,714,669,20531.0,4352.49,8994.22,6.85,3,0,0,46.3,0.484,-45
883,term,North,home_improvement,2021-12-12,700,689,15550.88,1555.09,,12.36,5,1,0,37.2,,-11
884,term,South,auto,2022-10-29,732,713,18113.35,10368.36,,8.79,2,0,0,26.5,,-19
885,revolving,West,debt_consolidation,2022-11-08,781,741,12656.74,7053.18,13928.1,7.79,0,0,0,26.2,0.506,-40
886,term,South,debt_consolidation,2023-11-30,645,623,7561.61,6455.65,,8.45,12,0,0,13.3,,-22
887,term,East,auto,2024-07-30,647,633,8705.22,7573.51,,8.57,17,0,0,5.2,,-14
888,term,East,auto,2023-12-25,723,699,7250.35,6059.35,,5.49,2,0,0,12.4,,-24
889,revolving,North,personal,2023-08-14,577,548,26849.92,17565.53,48868.53,11.32,19,0,1,16.9,0.359,-29
890,revolving,East,debt_consolidation,2024-08-28,674,652,43700.28,40644.95,111561.03,9.49,10,0,0,4.2,0.364,-22
891,term,East,home_improvement,2023-09-01,695,688,8668.93,5668.9,,11.62,7,0,0,16.3,,-7
892,term,West,personal,2023-03-31,647,628,10641.34,5979.38,,7.29,14,0,0,21.4,,-19
893,term,East,personal,2023-05-19,564,523,23451.51,11101.15,,10.22,24,0,0,19.8,,-41
894,revolving,South,personal,2021-06-30,763,723,3113.27,328.16,738.93,8.73,0,0,0,42.7,0.444,-40
895,term,North,debt_consolidation,2024-07-17,644,601,16811.45,14014.62,,7.73,8,1,0,5.6,,-43
896,term,North,personal,2022-11-03,646,628,13891.9,6862.54,,10.05,9,0,0,26.3,,-18
897,term,East,home_improvement,2023-01-06,759,751,6804.28,1979.19,,11.06,2,0,0,24.2,,-8
898,term,East,debt_consolidation,2024-05-19,502,443,42055.98,35866.4,,7.19,24,0,1,7.6,,-59
899,term,South,debt_consolidation,2023-08-26,770,740,5911.1,3307.23,,13.73,0,0,0,16.5,,-30
900,term,South,auto,2023-07-20,813,793,4071.38,3233.25,,8.26,0,0,0,17.7,,-20
901,revolving,East,personal,2021-02-18,626,616,3934.43,393.44,1010.31,15.56,12,0,0,47.1,0.389,-10
902,term,South,debt_consolidation,2024-03-11,650,612,7435.65,5945.29,,6.76,11,0,1,9.9,,-38
903,revolving,West,home_improvement,2024-04-25,709,668,23796.28,18241.69,28814.56,7.98,6,0,0,8.4,0.633,-41
904,term,South,personal,2024-03-02,695,692,5420.3,4751.61,,3.0,7,0,0,10.2,,-3
905,revolving,East,auto,2024-01-24,739,716,10056.15,6990.44,20460.9,8.99,2,0,0,11.4,0.342,-23
906,term,East,personal,2021-02-01,709,682,5260.07,526.01,,12.62,6,0,0,47.7,,-27
907,term,South,home_improvement,2022-12-29,729,699,35895.89,13460.97,,5.97,5,0,0,24.5,,-30
908,term,West,auto,2023-07-07,850,827,2327.19,1640.23,,10.93,0,0,0,18.1,,-23
909,revolving,West,auto,2021-03-02,584,554,16669.61,3626.64,8842.52,7.03,17,1,0,46.7,0.41,-30
910,term,East,debt_consolidation,2023-07-06,760,737,7306.27,4446.11,,9.94,1,0,0,18.2,,-23
911,revolving,North,auto,2023-03-30,768,735,8008.06,5647.6,13089.15,11.61,0,0,0,21.4,0.431,-33
912,term,South,debt_consolidation,2024-03-12,614,569,15036.8,13324.72,,15.69,16,0,0,9.8,,-45
913,term,South,debt_consolidation,2024-07-06,632,614,36264.87,34079.42,,12.66,15,0,0,6.0,,-18
914,term,South,home_improvement,2024-08-28,710,701,14616.23,12866.92,,8.1,7,0,0,4.2,,-9
915,term,West,personal,2021-03-03,605,566,6324.26,632.43,,4.38,18,0,0,46.7,,-39
916,term,North,personal,2024-10-16,643,614,4096.88,3821.11,,10.51,14,0,0,2.6,,-29
917,term,South,home_improvement,2024-09-13,694,675,3524.29,3324.09,,13.32,6,0,0,3.7,,-19
918,term,East,home_improvement,2021-03-24,638,607,11505.2,1150.52,,9.16,10,0,0,46.0,,-31
919,revolving,West,auto,2023-05-09,666,634,24551.33,12133.9,22112.54,7.72,12,1,0,20.1,0.549,-32
920,revolving,North,personal,2024-11-13,627,596,13221.11,12785.3,21486.85,11.41,5,0,0,1.6,0.595,-31
921,term,North,personal,2022-05-08,623,606,3077.25,438.12,,8.52,14,0,0,32.3,,-17
922,term,West,personal,2022-04-19,708,676,12059.9,6012.79,,8.18,4,0,0,32.9,,-32
923,term,North,personal,2022-10-16,673,642,34745.39,13367.49,,9.95,10,0,0,26.9,,-31
924,term,West,home_improvement,2024-08-13,687,682,18983.97,16792.6,,11.26,9,0,0,4.7,,-5
925,revolving,North,home_improvement,2024-04-26,722,707,19566.49,16673.88,38506.84,5.78,0,0,0,8.3,0.433,-15
926,term,East,auto,2024-08-22,691,682,16680.26,15692.69,,3.76,10,0,0,4.4,,-9
927,term,North,auto,2023-12-23,659,633,9392.17,6555.31,,5.43,11,0,0,12.5,,-26
928,revolving,South,home_improvement,2023-12-25,627,610,11067.83,7996.83,17243.73,6.57,11,0,0,12.4,0.464,-17
929,term,North,debt_consolidation,2021-08-07,706,719,11916.5,1191.65,,14.86,4,1,0,41.4,,13
930,term,West,personal,2022-06-14,799,790,3352.01,1688.43,,7.62,0,0,0,31.1,,-9
931,term,West,debt_consolidation,2023-11-08,732,692,13881.7,11697.08,,10.56,4,0,0,14.0,,-40
932,term,North,auto,2023-10-11,589,542,20412.26,14382.67,,7.29,14,0,0,14.9,,-47
933,revolving,North,debt_consolidation,2023-07-26,558,523,15986.39,12239.06,20019.03,6.96,13,0,0,17.5,0.611,-35
934,revolving,North,debt_consolidation,2023-05-25,635,603,14862.96,11371.94,20482.73,12.26,16,0,0,19.6,0.555,-32
935,revolving,South,home_improvement,2022-08-10,587,564,3320.93,1924.25,3280.65,3.6,15,0,0,29.2,0.587,-23
936,revolving,South,personal,2022-08-05,602,545,6981.63,3146.81,7121.77,12.93,14,0,1,29.3,0.442,-57
937,term,North,home_improvement,2021-06-28,537,481,4615.47,1016.2,,8.99,19,0,0,42.8,,-56
938,term,North,home_improvement,2024-05-29,693,667,3669.45,2953.4,,9.33,8,0,0,7.2,,-26
939,term,South,auto,2022-09-15,610,576,4226.29,2678.29,,12.25,19,0,1,28.0,,-34
940,term,North,debt_consolidation,2024-07-18,609,559,26472.84,24694.27,,13.26,16,0,0,5.6,,-50
941,term,South,home_improvement,2021-05-02,640,638,10474.57,1047.46,,6.34,6,0,0,44.7,,-2
942,term,East,home_improvement,2022-04-26,641,618,1636.06,743.74,,4.43,17,0,0,32.7,,-23
943,term,West,auto,2023-09-04,664,632,29260.43,15458.86,,4.03,9,0,0,16.2,,-32
944,term,East,home_improvement,2022-09-05,595,574,16708.64,6137.04,,9.06,13,0,0,28.3,,-21
945,revolving,West,auto,2022-01-30,739,708,16609.2,1660.92,2936.58,6.22,1,0,0,35.6,0.566,-31
946,term,North,debt_consolidation,2023-06-03,696,704,17697.09,8012.97,,5.15,7,0,0,19.3,,8
947,revolving,East,home_improvement,2024-08-14,704,669,29914.91,26733.4,72942.16,10.56,8,0,0,4.7,0.367,-35
948,revolving,West,debt_consolidation,2022-05-21,653,619,36269.45,7454.66,21462.4,10.76,15,0,0,31.9,0.347,-34
949,revolving,East,home_improvement,2024-04-29,744,750,12528.73,11443.96,20686.3,8.22,7,0,0,8.2,0.553,6
950,revolving,South,debt_consolidation,2024-03-27,709,675,46500.33,36462.51,98186.84,8.21,5,0,0,9.3,0.371,-34
951,term,South,personal,2022-05-12,691,663,7414.02,3324.16,,9.75,5,0,0,32.2,,-28
952,term,East,auto,2023-06-28,739,715,33592.2,22566.96,,5.32,4,0,0,18.4,,-24
953,term,North,personal,2023-01-23,579,522,20330.1,13293.64,,10.68,24,0,0,23.6,,-57
954,revolving,North,personal,2024-10-26,691,671,8691.43,8483.52,16592.04,11.29,9,0,0,2.2,0.511,-20
955,term,North,debt_consolidation,2024-06-27,639,622,13402.33,11084.45,,12.96,6,0,0,6.3,,-17
956,term,East,personal,2021-11-10,636,615,10607.03,1060.7,,3.52,14,0,0,38.3,,-21
957,term,East,debt_consolidation,2024-02-13,727,705,5467.67,4352.78,,10.54,3,0,0,10.8,,-22
958,term,North,debt_consolidation,2024-11-01,762,710,40197.61,38502.84,,10.75,0,0,0,2.0,,-52
959,term,East,personal,2023-03-24,756,743,25718.9,15843.16,,13.81,0,0,0,21.6,,-13
960,revolving,West,debt_consolidation,2024-01-14,680,643,27580.64,23161.61,61211.12,8.41,5,0,0,11.8,0.378,-37
961,revolving,North,auto,2023-04-19,660,616,16770.57,9813.19,27517.94,8.42,13,0,0,20.8,0.357,-44
962,revolving,West,home_improvement,2022-02-10,754,737,10793.18,5838.63,14686.39,8.32,1,0,0,35.2,0.398,-17
963,term,South,personal,2024-10-24,621,582,11906.34,11293.91,,7.8,11,0,1,2.3,,-39
964,revolving,South,auto,2023-02-11,781,752,12537.62,5897.1,12245.16,6.31,0,0,0,23.0,0.482,-29
965,term,North,debt_consolidation,2024-05-15,656,646,5468.17,4807.99,,5.94,9,0,0,7.7,,-10
966,term,East,home_improvement,2024-09-26,677,647,29158.36,26999.26,,6.94,6,1,0,3.2,,-30
967,revolving,South,home_improvement,2023-07-26,648,612,61245.65,31977.68,54705.11,10.36,17,1,0,17.5,0.585,-36
968,revolving,North,personal,2022-07-07,682,667,26536.26,5986.83,11849.76,6.31,6,0,0,30.3,0.505,-15
969,revolving,North,auto,2023-07-26,625,592,4385.57,3189.1,5929.97,10.89,16,0,0,17.5,0.538,-33
970,term,East,personal,2022-10-30,657,637,16839.14,9996.84,,8.9,9,0,0,26.5,,-20
971,term,East,debt_consolidation,2022-05-18,689,633,7751.38,775.14,,10.63,12,0,0,32.0,,-56
972,term,South,home_improvement,2021-05-08,673,614,8966.77,1331.83,,11.1,8,0,0,44.5,,-59
973,revolving,West,home_improvement,2022-03-24,530,475,14652.7,4962.06,9459.96,8.17,30,0,0,33.8,0.525,-55
974,term,North,auto,2024-03-03,828,812,2888.47,2415.32,,12.52,0,0,0,10.1,,-16
975,term,North,debt_consolidation,2023-06-14,774,773,17484.58,12292.69,,12.45,0,0,0,18.9,,-1
976,term,North,home_improvement,2022-09-19,610,554,1072.36,460.46,,5.47,10,0,0,27.8,,-56
977,term,South,debt_consolidation,2023-05-09,642,592,3529.93,2017.93,,6.91,14,0,0,20.1,,-50
978,term,South,home_improvement,2024-07-04,669,657,4996.41,4598.73,,8.01,7,0,0,6.0,,-12
979,revolving,South,debt_consolidation,2021-01-15,719,681,10643.4,2268.17,6196.4,12.07,6,0,0,48.2,0.366,-38
980,term,North,debt_consolidation,2024-11-25,708,668,16273.44,15999.72,,12.9,5,0,0,1.2,,-40
981,revolving,East,debt_consolidation,2024-08-30,614,596,28675.28,25673.4,59705.31,9.9,8,0,0,4.1,0.43,-18
982,term,North,debt_consolidation,2024-09-12,820,762,36302.58,32860.13,,13.27,0,0,0,3.7,,-58
983,revolving,East,auto,2024-02-02,656,633,7799.58,5953.23,15581.75,7.96,10,1,0,11.1,0.382,-23
984,term,West,debt_consolidation,2022-05-27,788,787,12912.62,1291.26,,13.51,0,0,0,31.7,,-1
985,revolving,West,personal,2024-05-03,643,612,19529.09,14849.58,29145.08,11.85,7,0,0,8.1,0.51,-31
986,term,South,auto,2024-01-27,743,718,15428.01,12399.4,,9.53,5,0,0,11.3,,-25
987,term,North,auto,2021-10-13,702,689,12741.35,1274.13,,10.96,5,0,0,39.2,,-13
988,term,East,personal,2023-02-17,628,601,26900.6,20761.81,,12.59,17,0,0,22.8,,-27
989,term,North,home_improvement,2023-04-03,715,658,5198.92,2352.9,,7.68,7,0,1,21.3,,-57
990,term,North,debt_consolidation,2023-02-03,690,634,12485.03,5445.74,,7.11,7,0,0,23.3,,-56
991,revolving,North,auto,2022-05-13,735,721,16217.49,8764.7,21960.89,10.64,1,0,0,32.1,0.399,-14
992,term,West,personal,2023-01-13,633,586,18486.51,12722.97,,8.42,7,0,0,24.0,,-47
993,term,North,auto,2023-06-15,674,650,12235.58,7200.46,,9.01,8,0,0,18.9,,-24
994,term,South,auto,2024-05-18,728,713,6715.6,5427.34,,13.65,5,0,0,7.6,,-15
995,term,South,debt_consolidation,2023-06-19,570,536,15598.26,10473.05,,6.59,20,0,0,18.7,,-34
996,term,West,personal,2023-09-29,610,561,15154.78,12350.0,,11.63,14,0,0,15.3,,-49
997,term,East,personal,2024-06-04,682,654,7905.56,6321.15,,9.83,6,0,0,7.0,,-28
998,term,West,home_improvement,2024-05-09,690,649,23992.86,18687.72,,5.67,10,0,0,7.9,,-41
999,term,South,personal,2021-03-06,674,644,9853.74,1990.01,,5.17,11,1,0,46.6,,-30
1000,term,South,personal,2023-10-09,727,700,31930.65,21240.82,,3.0,3,0,0,15.0,,-27
1001,revolving,South,debt_consolidation,2023-02-05,673,636,29220.87,8921.75,17578.81,7.67,5,0,0,23.2,0.508,-37
1002,term,South,debt_consolidation,2023-05-29,741,729,14393.07,10217.12,,5.78,2,0,0,19.4,,-12
1003,term,East,personal,2023-11-04,699,699,7487.45,6244.12,,9.12,7,0,0,14.1,,0
1004,revolving,West,home_improvement,2024-10-03,612,582,17340.6,16071.44,40146.12,9.55,15,1,0,3.0,0.4,-30
1005,revolving,South,home_improvement,2021-04-21,689,649,40258.12,10710.0,31893.99,3.87,3,0,0,45.0,0.336,-40
1006,term,West,home_improvement,2023-04-07,675,635,44696.04,20032.52,,3.0,10,0,0,21.2,,-40
1007,term,South,home_improvement,2024-07-07,639,596,1987.92,1771.61,,10.66,7,1,0,5.9,,-43
1008,term,East,home_improvement,2023-09-01,588,555,6698.79,4869.42,,7.78,15,0,0,16.3,,-33
1009,term,South,auto,2022-09-26,609,563,48513.39,23062.06,,6.43,18,0,0,27.6,,-46
1010,revolving,East,home_improvement,2024-03-14,629,604,6072.23,4863.2,9441.02,8.18,11,0,1,9.8,0.515,-25
1011,revolving,South,debt_consolidation,2024-10-31,743,720,41117.11,39904.16,75310.46,10.32,3,0,0,2.1,0.53,-23
1012,term,South,personal,2022-09-02,660,623,31071.35,14070.85,,11.9,14,0,0,28.4,,-37
1013,term,West,debt_consolidation,2024-11-02,753,749,25344.38,24080.36,,8.95,1,0,0,2.0,,-4
1014,term,North,personal,2022-02-25,618,577,13918.55,1391.85,,9.73,15,0,1,34.7,,-41
1015,revolving,East,personal,2024-02-12,637,594,13076.51,8989.34,18841.6,11.76,16,0,1,10.8,0.477,-43
1016,revolving,East,debt_consolidation,2021-08-08,646,596,8132.37,2437.15,6862.16,11.7,9,0,0,41.4,0.355,-50
1017,term,North,debt_consolidation,2023-02-04,662,677,3899.62,2035.07,,12.4,5,0,1,23.2,,15
1018,revolving,East,debt_consolidation,2022-02-16,694,677,11273.66,1127.37,1712.09,5.13,6,0,0,35.0,0.658,-17
1019,revolving,East,home_improvement,2023-09-16,717,712,6510.91,5420.84,15825.49,3.0,2,0,0,15.8,0.343,-5
1020,term,East,personal,2021-06-30,755,733,14351.27,3758.02,,6.63,1,0,0,42.7,,-22
1021,term,North,home_improvement,2023-03-15,548,503,16915.5,10213.3,,11.81,14,0,0,21.9,,-45
1022,term,East,personal,2021-06-03,801,780,19195.25,1919.52,,8.82,0,0,0,43.6,,-21
1023,term,South,auto,2024-01-15,616,576,6244.96,4446.48,,12.78,20,0,0,11.7,,-40
1024,revolving,South,home_improvement,2021-08-15,686,657,14799.49,1479.95,4220.64,5.24,8,0,0,41.2,0.351,-29
1025,term,East,personal,2021-01-28,737,714,12671.38,1267.14,,6.68,3,0,0,47.8,,-23
1026,term,North,personal,2024-11-08,718,716,21751.48,21001.54,,10.27,4,0,0,1.8,,-2
1027,term,South,personal,2023-08-04,747,733,21447.27,12449.51,,9.61,0,0,0,17.2,,-14
1028,term,South,personal,2024-09-23,741,730,8326.65,7817.87,,9.65,3,0,0,3.3,,-11
1029,term,South,auto,2024-10-28,705,702,7901.26,7671.07,,8.52,10,0,0,2.2,,-3
1030,term,North,debt_consolidation,2021-03-10,725,679,44280.6,5901.67,,8.65,1,0,0,46.4,,-46
1031,term,West,auto,2024-06-30,605,565,6041.35,5601.18,,14.0,16,0,0,6.2,,-40
1032,revolving,East,debt_consolidation,2023-09-16,637,623,19319.1,15672.52,30248.69,8.68,8,0,0,15.8,0.518,-14
1033,term,South,home_improvement,2021-08-04,621,577,48493.17,20321.91,,12.25,12,0,0,41.5,,-44
1034,term,South,auto,2024-04-11,537,475,8171.4,6653.0,,8.89,17,1,0,8.8,,-62
1035,term,East,debt_consolidation,2023-03-04,623,573,14682.99,9606.41,,12.29,10,1,0,22.3,,-50
1036,term,East,home_improvement,2022-06-12,617,599,7827.85,3826.09,,8.69,8,0,0,31.1,,-18
1037,term,South,home_improvement,2022-09-28,624,612,5149.6,2888.2,,8.38,15,0,0,27.5,,-12
1038,term,South,auto,2022-11-25,720,695,24251.18,15492.22,,8.67,7,0,0,25.6,,-25
1039,term,South,debt_consolidation,2023-10-12,634,609,23005.13,17919.63,,11.45,17,0,0,14.9,,-25
1040,term,North,debt_consolidation,2023-10-16,730,707,14085.6,10354.92,,4.53,2,0,0,14.8,,-23
1041,term,West,home_improvement,2024-04-01,585,553,4597.42,3444.62,,7.75,15,0,0,9.2,,-32
1042,revolving,West,home_improvement,2023-01-30,640,597,4761.75,2570.14,5115.61,10.99,10,0,0,23.4,0.502,-43
1043,term,East,debt_consolidation,2024-04-29,656,593,13577.12,10669.62,,8.63,10,0,0,8.2,,-63
1044,term,North,debt_consolidation,2022-05-31,751,722,19585.62,12211.46,,6.65,4,0,0,31.5,,-29
1045,revolving,West,auto,2023-09-16,683,672,19584.26,12035.63,27148.27,8.66,7,0,0,15.8,0.443,-11
1046,revolving,North,debt_consolidation,2024-09-23,697,691,13554.85,12440.93,22793.3,11.2,6,0,0,3.3,0.546,-6
1047,term,West,auto,2024-10-04,614,570,13672.02,12859.41,,12.53,15,1,1,3.0,,-44
1048,term,North,debt_consolidation,2023-06-24,731,701,11778.09,5541.0,,5.74,6,0,0,18.6,,-30
1049,term,East,debt_consolidation,2024-05-10,676,656,6592.87,5458.54,,14.08,9,0,0,7.9,,-20
1050,term,East,debt_consolidation,2021-09-23,574,568,20385.41,2038.54,,6.88,17,0,0,39.9,,-6
1051,revolving,West,personal,2022-09-24,722,715,1555.33,435.18,709.28,8.66,2,0,0,27.7,0.614,-7
1052,term,South,personal,2024-08-31,697,690,11586.85,11010.94,,5.91,5,0,0,4.1,,-7
1053,term,West,personal,2024-07-03,659,611,11605.95,10407.76,,9.71,11,0,1,6.1,,-48
1054,revolving,West,auto,2021-08-29,659,655,15925.37,9440.19,23095.73,7.5,5,0,0,40.7,0.409,-4
1055,term,West,home_improvement,2022-02-07,615,574,13247.94,3868.19,,7.3,13,0,0,35.3,,-41
1056,revolving,North,auto,2023-03-23,749,720,32021.45,18358.72,32432.63,10.23,2,0,0,21.7,0.566,-29
1057,term,East,home_improvement,2023-03-13,723,714,16959.82,7625.41,,8.58,2,0,0,22.0,,-9
1058,term,North,home_improvement,2023-04-01,616,595,30832.37,19644.76,,7.02,11,0,0,21.4,,-21
1059,term,North,debt_consolidation,2023-02-10,683,666,27167.36,18959.13,,7.54,9,0,0,23.0,,-17
1060,term,East,home_improvement,2022-08-22,637,619,6848.94,2301.63,,10.8,10,0,0,28.8,,-18
1061,term,West,auto,2021-08-27,603,568,2481.92,248.19,,5.14,9,0,0,40.8,,-35
1062,revolving,North,debt_consolidation,2024-07-05,773,771,10704.83,8843.14,19653.19,9.93,0,1,0,6.0,0.45,-2
1063,term,South,personal,2024-04-26,658,647,38973.85,33310.59,,5.7,9,0,0,8.3,,-11
1064,term,South,home_improvement,2023-07-31,629,620,5449.82,4045.14,,10.65,16,0,1,17.3,,-9
1065,term,West,debt_consolidation,2021-01-15,608,590,1669.07,166.91,,13.08,11,0,0,48.2,,-18
1066,revolving,North,personal,2024-01-28,665,614,32230.19,26933.9,70735.03,6.46,6,0,0,11.3,0.381,-51
1067,term,South,debt_consolidation,2024-10-23,552,509,6916.56,6649.62,,6.38,16,0,0,2.3,,-43
1068,revolving,West,personal,2021-05-03,670,639,8974.98,4697.17,7339.15,14.88,11,0,0,44.6,0.64,-31
1069,term,North,debt_consolidation,2022-01-19,752,735,24737.59,4432.25,,11.38,2,0,0,35.9,,-17
1070,revolving,South,personal,2021-09-20,735,721,39896.11,20799.92,60475.81,8.1,1,0,0,40.0,0.344,-14
1071,term,North,personal,2024-04-27,708,682,20532.77,16167.44,,8.76,9,0,0,8.3,,-26
1072,term,South,personal,2021-10-18,824,819,10778.25,2664.92,,5.47,0,0,0,39.0,,-5
1073,term,West,home_improvement,2024-04-15,695,672,16381.07,12899.12,,3.0,12,0,0,8.7,,-23
1074,term,West,home_improvement,2023-10-23,625,577,19383.9,12022.03,,8.88,14,0,0,14.5,,-48
1075,term,South,home_improvement,2021-06-11,730,683,27196.9,6968.28,,7.55,4,0,0,43.3,,-47
1076,revolving,East,auto,2022-05-07,688,646,11790.76,5307.95,14078.43,10.94,6,1,0,32.3,0.377,-42
1077,term,West,debt_consolidation,2022-12-05,682,635,8851.14,3781.67,,9.04,4,0,0,25.3,,-47
1078,revolving,North,debt_consolidation,2022-07-01,697,643,3496.48,2035.22,5877.8,7.96,12,0,0,30.5,0.346,-54
1079,term,West,auto,2022-09-02,656,639,22073.37,4254.74,,7.82,12,0,0,28.4,,-17
1080,term,South,auto,2023-09-01,792,798,18106.23,10563.48,,3.95,0,0,0,16.3,,6
1081,term,East,personal,2023-07-20,582,538,23031.69,16113.71,,5.6,15,0,0,17.7,,-44
1082,term,East,debt_consolidation,2023-01-11,728,713,19935.25,13300.1,,5.72,6,0,0,24.0,,-15
1083,revolving,North,debt_consolidation,2021-10-27,687,686,8472.51,899.16,2424.39,11.24,7,0,0,38.7,0.371,-1
1084,revolving,South,home_improvement,2021-08-22,707,692,44522.76,26220.21,48824.97,10.76,6,0,0,40.9,0.537,-15
1085,term,West,personal,2024-03-04,657,614,24690.6,22016.42,,9.67,6,0,0,10.1,,-43
1086,term,West,auto,2024-08-11,770,750,6948.0,6436.29,,14.19,0,0,0,4.8,,-20
1087,term,South,debt_consolidation,2024-09-26,733,692,4287.84,3959.74,,9.75,2,0,0,3.2,,-41
1088,revolving,South,debt_consolidation,2022-05-20,633,589,19713.97,7141.79,12300.49,9.2,15,0,0,31.9,0.581,-44
1089,term,South,personal,2023-06-28,747,715,22699.06,15423.19,,7.47,3,0,1,18.4,,-32
1090,term,East,personal,2023-09-07,698,638,2997.11,2035.83,,8.21,8,0,0,16.1,,-60
1091,term,East,personal,2021-08-31,644,614,19256.47,8402.18,,6.41,12,0,0,40.6,,-30
1092,term,East,auto,2024-01-27,578,516,19334.42,15705.52,,12.59,15,1,0,11.3,,-62
1093,term,North,personal,2023-05-08,726,702,21615.75,14749.02,,10.44,2,0,0,20.1,,-24
1094,term,North,home_improvement,2021-09-17,636,611,5092.15,2333.94,,8.49,9,0,0,40.1,,-25
1095,term,East,personal,2021-03-25,711,694,1000.0,171.88,,8.38,3,0,0,45.9,,-17
1096,term,South,personal,2022-06-15,767,751,38502.19,25784.15,,12.82,1,0,0,31.0,,-16
1097,term,South,auto,2024-02-19,631,607,6620.77,5472.16,,11.1,13,0,0,10.6,,-24
1098,revolving,West,personal,2023-03-10,760,762,19508.98,10429.05,30501.59,6.67,3,0,0,22.1,0.342,2
1099,term,East,home_improvement,2022-12-24,611,597,59980.48,21391.8,,4.64,21,0,1,24.6,,-14
1100,revolving,South,home_improvement,2023-01-29,768,745,1000.0,477.26,1351.45,8.32,0,0,0,23.4,0.353,-23
1101,term,South,auto,2021-02-12,789,761,4384.82,1966.38,,9.79,0,0,0,47.3,,-28
1102,term,West,debt_consolidation,2021-03-05,733,740,6934.97,693.5,,3.86,1,0,0,46.6,,7
1103,revolving,West,debt_consolidation,2023-02-05,706,679,35089.64,11510.86,20013.38,3.76,6,1,1,23.2,0.575,-27
1104,revolving,North,auto,2023-02-09,733,704,15276.71,11393.52,20037.07,7.79,4,0,0,23.1,0.569,-29
1105,term,East,personal,2023-09-13,659,647,8078.37,4774.31,,11.27,10,1,0,15.9,,-12
1106,term,North,personal,2021-12-03,600,575,10370.81,1037.08,,9.65,23,0,0,37.5,,-25
1107,term,North,personal,2023-04-24,635,622,14411.6,6374.32,,9.3,16,0,0,20.6,,-13
1108,revolving,West,debt_consolidation,2022-12-25,817,807,8344.97,5002.75,8818.52,8.0,0,0,0,24.6,0.567,-10
1109,term,South,personal,2023-04-15,610,597,3343.89,1877.64,,11.79,15,0,0,20.9,,-13
1110,term,East,personal,2024-07-18,737,708,19982.93,17318.08,,11.11,4,0,0,5.6,,-29
1111,term,West,personal,2021-02-12,673,635,16615.43,4174.63,,14.58,10,1,0,47.3,,-38
1112,revolving,East,personal,2024-01-03,658,613,4144.99,3633.59,7017.6,8.58,6,0,1,12.1,0.518,-45
1113,revolving,West,home_improvement,2022-06-16,781,794,34085.57,5464.35,9736.45,12.56,0,0,0,31.0,0.561,13
1114,term,South,home_improvement,2022-06-19,685,644,6899.64,689.96,,7.86,8,0,0,30.9,,-41
1115,term,East,auto,2022-05-14,735,705,7424.25,742.42,,7.98,6,0,0,32.1,,-30
1116,term,South,auto,2022-07-28,823,814,20043.29,11300.0,,9.98,0,0,0,29.6,,-9
1117,term,North,auto,2024-09-15,667,648,41313.01,38611.35,,8.39,5,0,0,3.6,,-19
1118,term,East,personal,2022-03-13,708,705,65895.33,41212.89,,7.61,5,0,0,34.2,,-3
1119,term,West,home_improvement,2021-11-13,722,687,2668.78,266.88,,10.65,7,1,0,38.2,,-35
1120,term,North,personal,2022-07-19,660,598,9410.95,4332.73,,7.32,4,0,1,29.9,,-62
1121,revolving,North,debt_consolidation,2023-10-10,709,693,26487.21,20467.19,39702.29,15.22,8,0,1,15.0,0.516,-16
1122,term,West,personal,2024-11-20,747,761,16484.62,16187.55,,10.28,3,0,0,1.4,,14
1123,term,East,debt_consolidation,2022-06-16,726,706,15135.77,6906.86,,10.64,5,0,0,31.0,,-20
1124,term,South,home_improvement,2022-06-21,687,658,6214.04,1368.19,,10.16,8,0,0,30.8,,-29
1125,term,North,debt_consolidation,2023-11-18,506,489,30752.88,24555.36,,14.64,25,0,0,13.7,,-17
1126,term,East,personal,2022-06-12,593,564,9991.79,1600.9,,13.3,16,0,0,31.1,,-29
1127,term,East,auto,2023-08-05,790,759,10941.34,5805.11,,12.2,0,0,0,17.2,,-31
1128,term,South,debt_consolidation,2023-10-10,622,566,14314.57,9842.58,,13.48,22,0,0,15.0,,-56
1129,term,North,debt_consolidation,2024-04-06,750,695,7203.81,5974.24,,8.95,1,0,0,9.0,,-55
1130,term,South,debt_consolidation,2023-02-28,606,559,10373.09,5165.3,,12.3,15,1,0,22.4,,-47
1131,revolving,East,debt_consolidation,2022-08-06,622,596,4239.36,2146.42,3834.95,9.94,18,0,0,29.3,0.56,-26
1132,revolving,East,personal,2023-04-24,720,700,29115.25,22866.42,52265.67,12.63,2,0,0,20.6,0.438,-20
1133,revolving,West,home_improvement,2023-10-05,773,729,17291.43,11159.88,29278.18,9.38,0,0,0,15.1,0.381,-44
1134,revolving,West,auto,2021-12-28,719,700,8262.39,826.24,1390.89,9.64,6,0,0,36.7,0.594,-19
1135,term,South,debt_consolidation,2023-04-30,701,671,32602.54,17859.58,,5.92,5,0,0,20.4,,-30
1136,term,North,personal,2024-05-18,598,602,26569.46,24535.99,,4.87,24,0,0,7.6,,4
1137,term,South,personal,2022-01-30,552,506,2760.25,521.2,,12.02,18,0,0,35.6,,-46
1138,revolving,North,personal,2023-06-08,654,593,4256.88,2788.4,7257.93,9.62,12,0,0,19.1,0.384,-61
1139,term,West,auto,2022-05-27,689,685,13611.45,7378.28,,10.32,6,0,0,31.7,,-4
1140,term,North,debt_consolidation,2024-12-23,676,659,12998.66,12798.51,,9.91,7,0,0,0.3,,-17
1141,term,East,auto,2023-01-07,812,818,4513.39,1497.81,,6.67,0,0,0,24.2,,6
1142,term,East,auto,2021-10-01,587,546,5876.36,587.64,,5.57,22,0,0,39.6,,-41
1143,term,West,debt_consolidation,2024-05-22,661,665,22267.79,19307.43,,12.25,14,1,0,7.5,,4
1144,term,West,personal,2022-10-08,780,768,2096.17,1201.55,,10.48,0,0,0,27.2,,-12
1145,revolving,West,home_improvement,2021-07-06,719,686,7744.67,1197.49,2949.91,12.86,11,0,0,42.5,0.406,-33
1146,term,South,home_improvement,2022-04-15,614,589,11742.05,1174.2,,5.82,11,1,1,33.1,,-25
1147,term,North,home_improvement,2024-07-09,547,494,6293.69,5884.67,,9.23,24,0,0,5.9,,-53
1148,term,South,home_improvement,2022-09-06,656,618,12861.63,5509.22,,11.38,10,0,0,28.3,,-38
1149,revolving,North,personal,2021-12-16,619,566,18989.5,1898.95,5269.71,14.4,8,1,0,37.1,0.36,-53
1150,term,West,auto,2021-09-05,653,617,10686.39,2269.17,,10.37,10,0,0,40.5,,-36
1151,revolving,South,debt_consolidation,2023-08-15,817,815,38843.49,21552.59,56473.94,10.17,0,0,0,16.8,0.382,-2
1152,term,West,personal,2024-10-29,619,581,33812.89,32742.33,,6.95,19,0,0,2.1,,-38
1153,revolving,South,auto,2024-08-02,641,619,18467.98,16731.77,45874.1,8.47,10,0,0,5.1,0.365,-22
1154,revolving,South,personal,2022-03-06,734,721,17542.43,1754.24,4993.72,5.06,3,0,0,34.4,0.351,-13
1155,revolving,East,personal,2023-09-19,697,677,19724.76,14897.52,24690.55,7.09,3,0,0,15.7,0.603,-20
1156,term,South,debt_consolidation,2023-09-07,769,741,17953.4,13782.4,,12.09,0,1,0,16.1,,-28
1157,term,West,debt_consolidation,2024-11-25,729,694,16914.59,16462.58,,6.72,3,0,0,1.2,,-35
1158,term,South,debt_consolidation,2021-08-09,638,604,8039.01,803.9,,9.12,11,0,0,41.4,,-34
1159,term,West,auto,2022-01-05,710,709,20139.26,3762.19,,7.51,5,0,0,36.4,,-1
1160,revolving,West,auto,2022-09-09,686,679,9841.45,2867.25,8293.57,9.89,11,0,1,28.2,0.346,-7
1161,term,North,debt_consolidation,2021-07-31,574,549,14737.91,1473.79,,7.2,16,0,0,41.7,,-25
1162,revolving,East,personal,2024-07-11,809,780,3522.55,3122.09,5628.04,10.09,0,0,0,5.8,0.555,-29
1163,revolving,North,auto,2021-06-27,616,583,3185.47,462.07,1072.68,10.2,16,0,0,42.8,0.431,-33
1164,revolving,South,auto,2021-05-25,673,665,8595.57,1469.5,2660.23,7.06,11,0,0,43.9,0.552,-8
1165,revolving,South,debt_consolidation,2023-08-30,651,622,8654.69,5177.48,11605.92,5.4,10,0,0,16.3,0.446,-29
1166,term,South,personal,2022-08-31,687,676,24726.66,11389.03,,5.96,6,0,0,28.5,,-11
1167,term,East,debt_consolidation,2022-06-23,691,651,7262.87,4127.07,,11.07,5,0,0,30.8,,-40
1168,term,North,home_improvement,2023-12-18,714,675,3015.38,2190.92,,4.07,3,0,0,12.7,,-39
1169,term,West,personal,2024-01-30,651,607,25181.81,21673.38,,6.52,15,0,0,11.2,,-44
1170,term,East,personal,2023-08-05,744,698,29688.43,15145.17,,9.04,4,1,0,17.2,,-46
1171,term,South,debt_consolidation,2022-11-18,639,596,15453.48,4239.17,,12.74,13,0,1,25.8,,-43
1172,term,North,personal,2023-12-17,648,617,27770.4,17217.42,,11.21,10,0,0,12.7,,-31
1173,term,South,debt_consolidation,2023-03-29,576,540,29488.5,14953.49,,7.62,20,0,1,21.5,,-36
1174,revolving,South,personal,2021-12-12,693,655,3334.01,333.4,660.45,7.25,9,0,0,37.2,0.505,-38
1175,term,West,home_improvement,2024-08-01,771,747,17516.0,15393.23,,8.59,0,0,0,5.1,,-24
1176,revolving,East,auto,2021-10-07,665,612,11837.3,1183.73,3285.47,13.33,13,0,1,39.4,0.36,-53
1177,term,South,home_improvement,2024-04-29,785,784,24296.57,21143.19,,5.41,0,0,0,8.2,,-1
1178,term,South,auto,2021-11-20,614,576,6223.54,1859.91,,5.44,11,0,0,37.9,,-38
1179,term,South,home_improvement,2022-04-07,598,563,38548.7,8180.3,,8.76,11,0,0,33.3,,-35
1180,revolving,South,personal,2021-03-18,763,718,18815.25,10063.82,26028.41,10.29,0,0,0,46.2,0.387,-45
1181,term,North,debt_consolidation,2022-02-11,669,652,32401.13,17523.47,,6.24,10,1,0,35.2,,-17
1182,revolving,South,home_improvement,2023-02-20,621,593,13782.07,7533.38,21862.67,11.38,12,0,0,22.7,0.345,-28
1183,revolving,East,debt_consolidation,2023-10-17,695,666,30607.57,25163.72,48470.16,11.4,14,0,0,14.7,0.519,-29
1184,term,West,home_improvement,2021-05-09,699,661,5531.83,607.4,,8.85,6,0,0,44.4,,-38
1185,term,East,personal,2021-09-07,736,721,11720.2,1172.02,,7.66,4,0,0,40.4,,-15
1186,term,North,home_improvement,2021-07-10,660,616,5045.69,504.57,,9.5,8,1,0,42.4,,-44
1187,term,South,auto,2021-01-27,598,581,20735.02,6372.52,,3.0,7,1,0,47.8,,-17
1188,term,West,personal,2023-04-29,663,656,17483.5,12040.22,,3.35,10,0,0,20.4,,-7
1189,term,West,auto,2022-01-28,678,637,18996.85,9464.55,,10.23,8,0,1,35.6,,-41
1190,term,West,debt_consolidation,2021-01-27,747,732,10156.31,1015.63,,4.54,0,0,0,47.8,,-15
1191,revolving,East,auto,2021-12-12,589,540,47366.96,4736.7,9376.04,6.75,21,0,0,37.2,0.505,-49
1192,term,East,personal,2024-10-24,657,602,7818.99,7569.9,,9.63,9,0,0,2.3,,-55
1193,revolving,East,auto,2024-10-18,697,662,9391.43,8745.59,22253.19,11.66,9,0,0,2.5,0.393,-35
1194,revolving,South,auto,2023-12-06,772,749,18946.32,13169.88,20791.88,10.15,0,0,0,13.1,0.633,-23
1195,term,West,debt_consolidation,2024-12-26,639,591,22091.01,21601.01,,8.73,10,0,0,0.2,,-48
1196,term,North,personal,2023-04-16,631,604,21213.64,8942.58,,8.94,8,0,0,20.9,,-27
1197,revolving,North,debt_consolidation,2024-12-20,719,701,10379.9,10127.82,15789.36,7.76,6,0,0,0.4,0.641,-18
1198,term,West,debt_consolidation,2021-08-25,543,528,13385.96,1665.83,,9.03,20,0,0,40.8,,-15
1199,term,North,personal,2022-11-30,646,625,14471.17,7670.5,,8.65,11,1,0,25.4,,-21
1200,revolving,East,home_improvement,2024-05-11,715,710,15305.64,13357.94,29827.78,11.63,5,0,0,7.8,0.448,-5
1201,term,North,personal,2023-02-11,701,673,8838.27,5700.5,,8.94,4,1,0,23.0,,-28
1202,revolving,West,home_improvement,2023-07-19,692,674,24707.78,15615.55,41741.85,7.86,8,0,0,17.7,0.374,-18
1203,term,East,personal,2022-01-24,581,551,54571.75,21260.72,,11.57,12,1,0,35.8,,-30
1204,term,North,auto,2023-10-16,603,557,23957.13,20335.34,,9.48,16,0,0,14.8,,-46
1205,term,West,debt_consolidation,2023-11-22,760,743,2592.28,1890.42,,10.15,2,0,0,13.5,,-17
1206,revolving,East,auto,2023-04-28,674,657,41544.13,22029.9,54916.34,4.64,6,0,0,20.5,0.401,-17
1207,term,South,personal,2021-10-18,666,640,9528.55,952.85,,6.08,10,1,0,39.0,,-26
1208,term,East,home_improvement,2023-02-15,632,603,8317.14,3891.88,,9.25,7,1,0,22.9,,-29
1209,term,North,personal,2022-07-23,681,642,24209.39,4168.57,,11.67,11,0,0,29.8,,-39
1210,revolving,East,home_improvement,2023-10-20,650,650,5045.18,3691.31,7390.94,11.1,11,0,0,14.6,0.499,0
1211,term,South,debt_consolidation,2022-11-07,731,699,13314.91,2857.31,,6.86,2,0,0,26.2,,-32
1212,term,North,personal,2022-10-27,616,578,6787.0,1420.11,,10.07,19,0,0,26.6,,-38
1213,term,South,home_improvement,2022-12-04,730,729,3349.55,2462.01,,12.35,3,0,0,25.3,,-1
1214,revolving,North,personal,2022-07-30,778,783,13367.28,3687.48,6623.4,7.76,0,0,0,29.5,0.557,5
1215,revolving,West,auto,2021-08-06,717,690,20575.62,2057.56,3369.15,7.36,5,0,0,41.5,0.611,-27
1216,revolving,South,home_improvement,2024-01-14,605,571,20259.94,15778.49,40901.43,11.08,12,0,0,11.8,0.386,-34
1217,term,North,home_improvement,2023-06-20,729,722,5805.26,3316.84,,12.94,3,0,0,18.7,,-7
1218,term,West,auto,2022-10-26,650,637,10351.92,4718.2,,9.47,10,0,0,26.6,,-13
1219,term,West,debt_consolidation,2024-05-26,648,624,6554.52,5895.85,,5.11,10,0,0,7.3,,-24
1220,term,South,personal,2024-05-09,688,672,4856.94,4179.99,,10.53,6,0,1,7.9,,-16
1221,term,West,debt_consolidation,2023-12-08,665,641,9400.45,5907.11,,10.5,12,0,0,13.0,,-24
1222,term,West,personal,2023-01-27,652,588,5674.86,3968.45,,10.35,8,0,0,23.5,,-64
1223,revolving,North,personal,2023-07-15,721,711,7433.49,5653.55,16145.48,7.29,5,0,0,17.9,0.35,-10
1224,term,East,personal,2024-06-26,686,640,36927.22,33441.72,,15.58,10,0,0,6.3,,-46
1225,revolving,West,home_improvement,2022-05-16,565,512,8751.39,1072.2,2090.25,13.85,16,0,0,32.0,0.513,-53
1226,revolving,South,personal,2024-01-29,741,716,9244.45,6472.9,16351.53,8.6,3,0,0,11.3,0.396,-25
1227,revolving,North,personal,2022-12-04,751,722,12287.4,6025.95,14223.14,5.81,1,0,0,25.3,0.424,-29
1228,term,North,auto,2023-01-06,716,683,6249.16,2174.81,,7.29,1,0,0,24.2,,-33
1229,term,West,auto,2021-11-24,719,727,34372.51,3437.25,,11.04,3,0,0,37.8,,8
1230,term,West,home_improvement,2022-05-30,666,655,10082.2,1500.06,,10.44,15,1,0,31.6,,-11
1231,revolving,East,debt_consolidation,2024-03-01,608,581,19539.22,17254.82,35835.3,10.81,13,1,1,10.2,0.482,-27
1232,term,South,home_improvement,2024-07-02,690,679,2441.96,2044.8,,10.06,9,0,0,6.1,,-11
1233,term,North,debt_consolidation,2024-01-18,772,779,16853.41,14329.42,,11.66,0,0,0,11.6,,7
1234,term,North,auto,2021-06-26,696,657,10029.79,1174.89,,6.9,9,0,0,42.8,,-39
1235,term,East,debt_consolidation,2021-04-01,779,755,25819.16,2581.92,,6.61,1,0,0,45.7,,-24
1236,term,East,personal,2023-07-01,782,771,29612.44,15718.82,,9.67,0,0,0,18.3,,-11
1237,term,South,home_improvement,2023-11-13,677,651,28507.82,18403.69,,5.82,6,0,0,13.8,,-26
1238,term,South,auto,2023-01-21,652,617,21744.59,7854.86,,4.36,14,0,0,23.7,,-35
1239,revolving,West,auto,2023-11-16,654,640,10969.34,7100.71,11043.45,9.56,16,0,0,13.7,0.643,-14
1240,revolving,West,auto,2021-04-25,672,641,2273.15,522.39,1176.06,7.02,9,0,0,44.9,0.444,-31
1241,revolving,East,debt_consolidation,2023-03-05,621,570,32312.32,11657.37,25778.22,9.33,7,0,0,22.3,0.452,-51
1242,term,South,home_improvement,2023-06-06,713,710,5820.24,2975.77,,9.74,4,0,0,19.2,,-3
1243,term,West,home_improvement,2024-12-03,737,739,31954.51,31619.81,,6.67,0,0,0,1.0,,2
1244,term,East,personal,2022-12-16,568,561,19867.61,11826.35,,9.09,16,0,0,24.9,,-7
1245,term,East,debt_consolidation,2022-07-10,787,799,14499.8,1991.89,,7.32,0,0,0,30.2,,12
1246,revolving,North,home_improvement,2024-04-02,648,614,13554.88,11303.38,32864.73,4.5,8,0,0,9.1,0.344,-34
1247,revolving,West,debt_consolidation,2024-10-06,662,628,19832.01,18445.42,36455.38,10.41,10,0,1,2.9,0.506,-34
1248,revolving,South,auto,2022-01-06,698,645,42786.01,4278.6,9666.46,12.67,8,0,0,36.4,0.443,-53
1249,term,North,personal,2021-10-05,629,583,6232.68,623.27,,9.72,11,0,0,39.5,,-46
1250,term,East,personal,2022-09-04,644,620,4900.57,1134.63,,13.18,19,0,0,28.3,,-24
1251,term,West,home_improvement,2022-01-24,630,576,29901.75,2990.17,,10.86,11,1,0,35.8,,-54
1252,term,West,home_improvement,2024-02-15,679,661,4452.67,3617.16,,7.05,6,0,0,10.7,,-18
1253,revolving,East,home_improvement,2023-07-04,645,622,18503.18,11008.53,25858.54,9.15,10,0,0,18.2,0.426,-23
1254,term,South,home_improvement,2024-10-23,702,666,6067.92,5729.31,,14.66,6,0,0,2.3,,-36
1255,term,South,debt_consolidation,2022-04-16,601,576,34232.61,3423.26,,7.02,22,0,1,33.0,,-25
1256,term,East,debt_consolidation,2021-11-13,706,691,27881.96,2788.2,,9.25,5,0,0,38.2,,-15
1257,term,West,personal,2021-12-08,612,563,56542.32,6704.7,,12.0,10,0,0,37.3,,-49
1258,term,West,auto,2024-08-29,740,712,4162.2,3811.07,,11.57,2,0,0,4.2,,-28
1259,term,East,personal,2024-03-18,728,709,6240.52,5107.15,,7.13,4,0,0,9.6,,-19
1260,term,South,auto,2021-11-19,551,498,5936.82,1779.48,,14.86,16,0,0,38.0,,-53
1261,term,East,auto,2023-12-13,730,664,13883.73,10360.62,,9.12,1,0,0,12.8,,-66
1262,revolving,South,home_improvement,2022-07-27,523,486,16500.22,9277.4,26175.42,8.6,21,0,0,29.6,0.354,-37
1263,term,North,auto,2021-11-27,609,563,26547.62,2654.76,,7.03,17,0,0,37.7,,-46
1264,term,North,debt_consolidation,2023-02-19,741,695,15287.65,10303.78,,13.02,0,0,0,22.7,,-46
1265,term,West,personal,2022-07-08,647,602,28083.96,18890.37,,5.43,15,0,0,30.3,,-45
1266,term,West,home_improvement,2022-10-02,773,732,21025.52,14468.1,,8.02,0,0,0,27.4,,-41
1267,term,East,debt_consolidation,2023-09-12,722,694,16041.33,12601.46,,12.65,6,0,0,15.9,,-28
1268,term,West,personal,2022-08-20,654,649,4722.25,692.17,,10.91,17,0,0,28.8,,-5
1269,term,East,personal,2021-07-18,645,630,2337.26,279.03,,14.06,13,0,0,42.1,,-15
1270,term,South,home_improvement,2024-05-11,770,756,7447.41,6381.37,,12.5,0,0,0,7.8,,-14
1271,term,West,debt_consolidation,2021-07-12,651,615,1245.3,124.53,,6.18,15,0,1,42.3,,-36
1272,term,South,auto,2021-10-06,568,535,23889.17,3590.36,,10.51,22,0,0,39.4,,-33
1273,term,West,debt_consolidation,2023-09-23,624,604,5690.3,3473.63,,5.46,15,0,0,15.5,,-20
1274,revolving,North,personal,2021-11-21,687,678,31848.58,8386.52,23964.88,10.89,4,0,0,37.9,0.35,-9
1275,term,East,auto,2022-07-06,632,590,19973.0,10688.13,,5.86,11,0,0,30.3,,-42
1276,term,West,debt_consolidation,2021-11-08,823,779,9683.22,2598.33,,9.05,1,0,0,38.3,,-44
1277,term,West,auto,2023-12-29,641,639,17578.28,15275.5,,5.27,11,0,0,12.3,,-2
1278,term,North,personal,2022-08-01,642,631,20706.76,10570.33,,7.57,16,0,0,29.5,,-11
1279,revolving,South,auto,2022-05-25,620,588,12865.78,2161.22,5599.14,7.59,15,0,0,31.7,0.386,-32
1280,revolving,East,home_improvement,2022-11-09,732,702,8318.2,3660.01,7709.91,8.62,3,0,0,26.1,0.475,-30
1281,term,South,debt_consolidation,2021-03-11,663,626,24583.94,11415.91,,11.67,15,0,0,46.4,,-37
1282,term,North,personal,2024-09-22,728,696,23293.72,21639.43,,6.88,4,0,0,3.4,,-32
1283,revolving,West,personal,2021-05-13,749,704,11544.34,1154.43,2081.45,5.63,2,0,0,44.3,0.555,-45
1284,term,West,debt_consolidation,2023-01-10,701,671,7030.31,5234.08,,9.42,7,0,0,24.1,,-30
1285,term,East,debt_consolidation,2024-09-01,698,670,11187.25,10199.73,,11.31,2,1,1,4.1,,-28
1286,term,West,auto,2023-01-20,607,557,18851.35,8825.67,,8.38,14,0,0,23.7,,-50
1287,term,West,personal,2023-05-10,589,555,36530.48,20370.52,,10.81,14,0,0,20.1,,-34
1288,term,South,auto,2022-05-27,590,571,16763.36,2459.59,,8.68,8,0,0,31.7,,-19
1289,term,South,debt_consolidation,2021-03-17,684,649,19748.72,1974.87,,8.45,8,0,0,46.2,,-35
1290,revolving,North,auto,2024-10-08,818,820,14850.44,13801.69,29144.25,11.23,0,0,0,2.8,0.474,2
1291,term,North,debt_consolidation,2021-02-09,645,620,13758.93,1375.89,,12.51,8,0,0,47.4,,-25
1292,revolving,East,personal,2021-10-07,741,724,23340.71,7935.44,19961.03,10.81,2,0,0,39.4,0.398,-17
1293,term,North,personal,2022-09-26,711,673,36423.9,16346.02,,9.38,6,0,0,27.6,,-38
1294,revolving,South,debt_consolidation,2021-03-16,682,677,15413.96,1541.4,4407.82,5.03,7,0,0,46.2,0.35,-5
1295,term,West,personal,2023-01-20,665,642,11495.99,3423.61,,9.02,15,0,0,23.7,,-23
1296,term,East,personal,2021-12-05,654,632,16303.81,3691.97,,6.12,8,0,0,37.4,,-22
1297,term,South,debt_consolidation,2022-03-28,653,638,4610.57,949.11,,10.0,10,0,0,33.7,,-15
1298,term,East,auto,2022-04-11,716,678,9603.52,3938.64,,7.65,5,0,0,33.2,,-38
1299,revolving,South,debt_consolidation,2021-09-28,731,721,10238.16,4349.47,9184.91,13.67,3,0,0,39.7,0.474,-10
1300,term,North,debt_consolidation,2023-09-29,654,618,16518.22,12769.82,,12.67,19,0,0,15.3,,-36
1301,revolving,North,auto,2024-05-02,653,617,3812.7,3045.18,6542.31,10.81,9,0,0,8.1,0.465,-36
1302,revolving,East,debt_consolidation,2024-10-16,645,616,16934.35,15748.91,28886.97,4.75,7,0,0,2.6,0.545,-29
1303,term,South,debt_consolidation,2024-04-02,740,711,41131.26,32406.11,,6.51,2,0,0,9.1,,-29
1304,term,North,debt_consolidation,2023-12-19,732,701,16280.47,13621.58,,12.27,1,0,0,12.6,,-31
1305,term,North,auto,2023-03-08,768,739,7725.77,5243.49,,8.56,0,0,0,22.2,,-29
1306,term,North,debt_consolidation,2024-12-03,631,597,16148.88,15833.2,,10.59,13,0,0,1.0,,-34
1307,term,East,home_improvement,2021-01-21,642,592,31323.84,6921.15,,5.19,11,0,0,48.0,,-50
1308,term,North,auto,2024-12-27,779,750,5475.38,5329.79,,4.32,0,0,0,0.2,,-29
1309,term,South,auto,2023-11-02,759,746,28061.42,23397.78,,8.13,2,0,0,14.2,,-13
1310,term,West,home_improvement,2023-10-14,620,573,6032.53,3918.19,,10.81,17,0,0,14.8,,-47
1311,term,East,debt_consolidation,2022-06-04,626,600,11999.17,3098.83,,4.65,8,0,1,31.4,,-26
1312,term,West,debt_consolidation,2022-08-20,695,695,73890.55,50786.1,,11.09,10,0,0,28.8,,0
1313,revolving,West,debt_consolidation,2022-03-01,754,759,8193.48,2279.96,6751.75,10.57,3,0,0,34.6,0.338,5
1314,term,East,personal,2023-11-14,625,568,11999.1,8889.69,,12.31,14,0,0,13.8,,-57
1315,term,East,personal,2023-07-21,685,662,28988.99,15925.08,,7.1,13,0,0,17.7,,-23
1316,term,East,auto,2024-07-05,745,709,9737.23,8159.01,,13.12,4,0,0,6.0,,-36
1317,term,East,debt_consolidation,2024-12-07,667,622,37833.86,36922.82,,6.49,12,0,1,0.8,,-45
1318,term,East,auto,2023-11-03,675,648,22308.05,14445.84,,3.22,13,0,0,14.2,,-27
1319,term,North,home_improvement,2022-06-03,765,762,34751.5,12689.54,,9.23,1,0,0,31.4,,-3
1320,term,East,debt_consolidation,2024-10-11,654,639,31070.92,28822.89,,11.48,14,0,0,2.7,,-15
1321,term,North,debt_consolidation,2023-06-26,756,712,13411.27,10321.66,,7.03,2,0,1,18.5,,-44
1322,term,South,auto,2022-05-26,671,648,20185.79,10431.76,,9.76,9,0,0,31.7,,-23
1323,term,North,debt_consolidation,2021-01-17,614,577,12356.25,4774.91,,12.16,9,0,0,48.2,,-37
1324,revolving,West,personal,2021-01-09,713,665,6293.13,629.31,1513.2,13.25,3,0,0,48.4,0.416,-48
1325,term,East,debt_consolidation,2022-11-13,643,623,9270.55,4406.1,,11.38,9,0,0,26.0,,-20
1326,revolving,West,personal,2023-06-24,609,554,14761.58,10198.48,25737.05,8.32,17,0,0,18.6,0.396,-55
1327,term,South,debt_consolidation,2021-01-21,797,780,32844.74,16078.78,,8.41,0,0,0,48.0,,-17
1328,revolving,East,auto,2024-03-24,705,693,3327.55,2622.1,5590.21,7.89,2,0,0,9.4,0.469,-12
1329,term,East,debt_consolidation,2023-12-15,660,633,5045.18,4014.83,,9.16,10,0,0,12.8,,-27
1330,term,West,auto,2021-02-04,661,630,2101.0,210.1,,11.29,12,0,0,47.6,,-31
1331,term,East,home_improvement,2024-12-18,771,760,16679.13,16391.07,,6.21,0,0,0,0.5,,-11
1332,term,North,debt_consolidation,2024-01-18,776,764,8041.49,7070.91,,7.25,0,0,0,11.6,,-12
1333,revolving,South,home_improvement,2023-02-19,647,631,13160.91,6821.58,12561.97,11.15,13,0,0,22.7,0.543,-16
1334,term,West,auto,2022-12-13,695,673,12380.72,8816.02,,8.54,12,0,0,25.0,,-22
1335,term,South,debt_consolidation,2022-02-17,657,642,17188.56,10160.22,,9.53,12,0,0,35.0,,-15
1336,term,West,home_improvement,2024-03-02,726,716,32127.81,28001.23,,10.92,7,0,0,10.2,,-10
1337,term,South,personal,2023-08-14,658,643,6825.59,4312.88,,8.56,5,0,0,16.9,,-15
1338,term,North,personal,2023-07-04,564,497,9337.56,4764.79,,6.48,16,1,0,18.2,,-67
1339,term,North,home_improvement,2022-11-16,618,577,10577.87,4364.61,,13.89,14,0,0,25.9,,-41
1340,term,North,personal,2022-07-05,742,735,26485.6,2762.23,,10.18,3,0,0,30.4,,-7
1341,term,North,personal,2022-03-01,636,614,15842.79,1584.28,,11.85,9,1,0,34.6,,-22
1342,term,West,debt_consolidation,2024-10-22,727,707,14949.47,13981.93,,8.34,9,0,0,2.4,,-20
1343,term,South,personal,2024-10-22,702,686,8841.98,8586.52,,9.93,4,0,0,2.4,,-16
1344,term,West,personal,2023-05-07,637,619,6312.26,3074.53,,12.64,7,0,0,20.2,,-18
1345,term,West,home_improvement,2024-07-21,670,641,21643.11,20266.79,,9.99,10,0,0,5.5,,-29
1346,revolving,West,personal,2021-07-06,642,589,11195.25,1757.06,3257.14,9.14,16,0,0,42.5,0.539,-53
1347,revolving,West,auto,2021-03-28,657,660,28971.53,2897.15,7259.16,5.93,10,0,0,45.8,0.399,3
1348,term,West,home_improvement,2024-03-27,572,532,48036.43,41515.6,,3.0,15,0,0,9.3,,-40
1349,term,West,debt_consolidation,2023-04-13,673,648,21304.03,16152.98,,14.49,10,0,0,21.0,,-25
1350,revolving,West,home_improvement,2023-09-13,645,584,41728.32,25494.53,53039.35,9.06,13,0,0,15.9,0.481,-61
1351,term,North,personal,2024-10-16,684,668,19092.98,17995.69,,16.33,10,0,0,2.6,,-16
1352,revolving,East,auto,2021-06-18,711,674,12037.88,1203.79,2525.23,10.76,4,0,0,43.1,0.477,-37
1353,term,West,personal,2023-10-11,717,688,10726.56,6251.87,,7.17,1,1,0,14.9,,-29
1354,revolving,South,personal,2023-12-05,645,613,4541.18,3585.07,10296.01,8.51,12,0,0,13.1,0.348,-32
1355,term,North,home_improvement,2023-05-02,641,631,20596.12,9411.2,,13.74,10,0,0,20.3,,-10
1356,term,North,personal,2023-10-12,670,670,1553.49,1097.61,,13.27,10,0,0,14.9,,0
1357,term,East,auto,2024-09-08,745,729,25546.22,23158.95,,11.81,4,0,0,3.8,,-16
1358,term,East,debt_consolidation,2023-09-26,649,629,7121.55,5944.5,,4.46,18,0,0,15.4,,-20
1359,revolving,East,home_improvement,2024-05-10,638,612,13205.43,11065.15,20925.55,4.4,9,0,0,7.9,0.529,-26
1360,term,West,auto,2021-10-03,613,573,7001.32,2361.24,,12.88,13,0,0,39.5,,-40
1361,term,East,personal,2021-05-31,710,661,2184.58,218.46,,10.82,6,0,0,43.7,,-49
1362,revolving,South,personal,2021-07-11,662,655,12073.46,5918.02,15318.1,13.7,9,0,0,42.3,0.386,-7
1363,term,East,debt_consolidation,2024-11-16,619,593,7025.06,6752.82,,8.79,9,0,0,1.5,,-26
1364,term,East,auto,2022-09-07,632,605,42319.83,12510.95,,6.17,9,0,0,28.2,,-27
1365,term,North,auto,2022-03-25,720,715,6997.07,2593.64,,9.97,2,0,1,33.8,,-5
1366,term,West,debt_consolidation,2022-01-09,688,646,14673.59,3599.0,,10.39,5,0,0,36.3,,-42
1367,term,East,personal,2021-03-01,639,596,4392.78,506.95,,6.7,12,0,0,46.7,,-43
1368,term,North,personal,2021-06-05,714,692,17447.54,4810.11,,5.26,4,0,0,43.5,,-22
1369,revolving,West,personal,2023-10-08,742,731,30512.75,17666.48,52507.41,11.0,1,0,0,15.0,0.336,-11
1370,term,East,home_improvement,2022-06-22,719,704,6117.93,1165.65,,6.44,4,0,0,30.8,,-15
1371,term,West,auto,2023-09-24,692,680,11294.93,8484.98,,15.04,4,0,0,15.5,,-12
1372,term,South,debt_consolidation,2022-01-09,780,781,18696.86,9961.95,,13.92,0,0,0,36.3,,1
1373,term,North,home_improvement,2024-11-27,759,730,5461.93,5273.07,,11.33,3,0,0,1.2,,-29
1374,term,West,auto,2023-09-04,683,697,15283.35,11243.09,,14.05,6,0,0,16.2,,14
1375,term,North,debt_consolidation,2022-08-28,740,709,3492.89,513.94,,10.75,2,0,0,28.6,,-31
1376,revolving,West,debt_consolidation,2024-06-18,719,701,8318.9,7123.36,19486.37,8.34,5,0,0,6.6,0.366,-18
1377,revolving,North,personal,2022-10-23,647,617,34464.48,17206.46,33401.35,13.84,13,0,0,26.7,0.515,-30
1378,term,North,personal,2022-02-05,776,755,9098.03,2445.61,,10.63,1,0,0,35.4,,-21
1379,term,North,debt_consolidation,2023-07-23,781,794,36832.4,24406.36,,7.79,0,0,0,17.6,,13
1380,term,East,personal,2024-09-03,751,752,10637.25,9588.97,,5.98,1,0,0,4.0,,1
1381,term,West,personal,2022-05-04,717,697,6586.31,2013.69,,6.96,3,0,0,32.4,,-20
1382,term,East,auto,2024-02-14,736,717,19787.84,14533.88,,12.45,4,0,0,10.7,,-19
1383,term,South,debt_consolidation,2022-11-11,659,598,25885.99,17030.08,,8.79,15,0,1,26.1,,-61
1384,term,East,debt_consolidation,2021-06-08,745,714,16480.73,2889.03,,14.34,1,1,0,43.4,,-31
1385,term,South,debt_consolidation,2023-05-16,602,565,22743.7,18175.35,,10.95,16,0,1,19.9,,-37
1386,term,West,personal,2022-12-03,660,625,4012.57,1382.86,,11.41,9,0,0,25.3,,-35
1387,revolving,South,auto,2023-10-14,529,493,5531.78,3646.36,8109.43,7.08,18,1,0,14.8,0.45,-36
1388,term,North,debt_consolidation,2022-06-22,704,676,3725.59,2176.54,,7.64,10,0,0,30.8,,-28
1389,revolving,South,home_improvement,2022-03-30,741,724,22028.82,3211.22,5041.65,4.89,2,0,0,33.6,0.637,-17
1390,revolving,South,personal,2023-11-02,778,761,16120.03,13664.0,33376.51,6.73,0,0,0,14.2,0.409,-17
1391,revolving,South,debt_consolidation,2023-06-30,667,649,20894.58,11832.54,22670.64,7.28,6,0,0,18.4,0.522,-18
1392,revolving,South,debt_consolidation,2023-06-16,693,672,6280.75,3395.1,9197.02,8.42,10,0,0,18.8,0.369,-21
1393,revolving,South,home_improvement,2022-03-22,679,679,14033.89,9031.28,14581.05,14.95,11,0,0,33.9,0.619,0
1394,term,North,auto,2021-02-28,788,770,37863.24,4322.94,,7.36,1,0,0,46.8,,-18
1395,term,South,debt_consolidation,2021-08-06,699,692,30997.17,6058.19,,12.98,7,0,0,41.5,,-7
1396,term,North,auto,2023-11-27,791,756,13967.94,10298.93,,5.71,1,0,0,13.4,,-35
1397,term,East,auto,2023-12-07,754,724,4251.33,3252.34,,7.36,1,1,0,13.0,,-30
1398,term,West,debt_consolidation,2023-08-18,725,683,47271.95,35453.58,,9.65,5,0,0,16.7,,-42
1399,revolving,South,home_improvement,2024-02-20,646,645,7502.45,6094.68,17547.47,11.99,11,0,1,10.5,0.347,-1
1400,term,East,debt_consolidation,2022-07-02,614,582,11618.29,3832.92,,9.05,12,0,0,30.5,,-32
1401,revolving,East,auto,2021-03-24,685,634,21575.55,2157.55,3391.03,8.44,8,1,0,46.0,0.636,-51
1402,revolving,South,auto,2024-08-28,685,644,33732.78,30530.2,70772.22,11.3,5,1,0,4.2,0.431,-41
1403,term,East,home_improvement,2023-04-30,610,583,7292.48,4908.38,,9.59,19,0,0,20.4,,-27
1404,term,West,personal,2021-08-18,744,716,14934.63,1493.46,,4.65,1,0,0,41.1,,-28
1405,revolving,West,home_improvement,2024-01-09,691,655,9656.1,8495.37,19188.9,13.69,4,0,0,11.9,0.443,-36
1406,term,North,home_improvement,2023-11-07,715,672,15770.37,13016.41,,10.07,6,0,0,14.0,,-43
1407,term,North,auto,2023-11-01,781,782,15059.41,12030.84,,9.61,0,0,0,14.2,,1
1408,term,East,home_improvement,2023-02-11,633,624,12931.61,4551.8,,9.62,10,0,0,23.0,,-9
1409,term,South,auto,2024-11-02,555,534,18105.46,17434.43,,4.77,28,0,1,2.0,,-21
1410,revolving,East,debt_consolidation,2022-08-15,644,636,33215.3,14078.94,25897.38,4.55,18,0,0,29.0,0.544,-8
1411,term,South,personal,2024-11-17,783,770,1443.24,1401.04,,14.47,0,0,0,1.5,,-13
1412,term,East,debt_consolidation,2023-09-10,680,649,12759.24,9104.52,,8.03,11,0,0,16.0,,-31
1413,term,South,auto,2024-01-03,668,610,8810.05,6343.63,,8.81,8,0,0,12.1,,-58
1414,term,East,home_improvement,2022-12-31,648,606,8852.96,5244.82,,8.09,15,0,1,24.4,,-42
1415,term,South,home_improvement,2022-09-13,679,651,18254.18,7341.8,,9.71,12,0,1,28.0,,-28
1416,term,West,debt_consolidation,2022-05-09,645,623,1967.79,458.52,,7.09,7,0,1,32.3,,-22
1417,term,East,home_improvement,2021-06-16,650,616,15382.73,8161.89,,7.83,14,0,0,43.2,,-34
1418,term,South,personal,2021-03-22,742,720,7120.97,2522.17,,8.47,4,0,1,46.0,,-22
1419,revolving,North,debt_consolidation,2021-04-20,835,805,17237.94,1723.79,2892.5,10.35,0,0,0,45.1,0.596,-30
1420,revolving,North,personal,2022-03-07,629,620,3493.5,2292.29,6785.13,10.87,9,0,0,34.4,0.338,-9
1421,revolving,South,auto,2021-01-28,647,617,32498.43,12489.52,27889.3,8.95,10,1,0,47.8,0.448,-30
1422,term,South,home_improvement,2023-06-16,646,610,1771.6,1257.16,,3.58,12,0,0,18.8,,-36
1423,term,North,personal,2024-10-08,775,736,3086.28,2913.45,,11.92,0,0,0,2.8,,-39
1424,revolving,South,debt_consolidation,2022-07-16,725,725,33225.0,5009.5,14306.51,10.95,3,0,0,30.0,0.35,0
1425,term,North,auto,2024-09-26,664,606,7070.57,6601.67,,4.88,14,0,0,3.2,,-58
1426,term,West,auto,2023-01-04,649,624,3920.12,1607.86,,8.74,12,1,0,24.3,,-25
1427,revolving,North,home_improvement,2021-11-29,773,745,14422.64,1442.26,3698.0,8.1,0,0,0,37.6,0.39,-28
1428,revolving,East,home_improvement,2024-02-26,682,655,15531.38,11987.92,20601.54,12.4,7,0,0,10.3,0.582,-27
1429,term,West,personal,2022-11-21,677,649,16724.82,9455.9,,10.96,11,0,0,25.7,,-28
1430,term,East,home_improvement,2024-03-20,550,519,14353.69,10923.56,,5.46,11,0,0,9.6,,-31
1431,term,South,debt_consolidation,2022-11-24,727,705,15956.56,8438.78,,15.14,6,0,0,25.6,,-22
1432,revolving,South,personal,2023-06-21,679,657,27977.53,15322.13,30301.7,8.99,11,0,0,18.7,0.506,-22
1433,term,North,personal,2023-02-23,686,654,29839.63,15604.03,,11.2,8,0,0,22.6,,-32
1434,revolving,North,debt_consolidation,2021-01-22,686,656,1904.37,190.44,373.61,8.55,11,0,1,48.0,0.51,-30
1435,revolving,North,debt_consolidation,2022-03-02,736,727,15963.59,3169.56,7045.1,6.47,3,0,1,34.5,0.45,-9
1436,term,West,personal,2024-01-19,546,512,31271.15,20452.46,,7.5,27,0,0,11.6,,-34
1437,revolving,West,auto,2021-09-18,608,589,7939.92,793.99,1267.87,3.51,21,0,0,40.0,0.626,-19
1438,term,East,personal,2024-12-15,797,769,7721.17,7588.24,,3.19,0,0,0,0.6,,-28
1439,term,North,personal,2022-08-21,606,571,20433.39,8492.51,,8.21,20,0,0,28.8,,-35
1440,term,East,debt_consolidation,2022-03-11,634,593,12285.03,1751.63,,7.01,15,0,0,34.2,,-41
1441,term,South,personal,2022-04-11,755,733,7572.74,970.29,,8.14,1,0,0,33.2,,-22
1442,term,East,auto,2021-12-15,683,643,28407.93,15558.25,,6.24,6,0,0,37.1,,-40
1443,term,South,debt_consolidation,2022-02-07,683,646,18367.39,2733.07,,15.85,9,0,0,35.3,,-37
1444,term,South,home_improvement,2024-07-30,775,768,24135.44,21094.53,,10.03,0,0,0,5.2,,-7
1445,term,South,personal,2023-05-11,645,601,40144.76,30623.52,,9.15,10,0,0,20.0,,-44
1446,term,East,auto,2022-09-01,647,621,3839.15,1508.06,,12.99,15,0,0,28.4,,-26
1447,term,South,home_improvement,2023-02-14,725,721,27717.11,11435.16,,15.54,7,0,0,22.9,,-4
1448,term,East,auto,2024-04-27,689,650,4194.71,3475.81,,5.14,3,0,1,8.3,,-39
1449,revolving,East,personal,2023-09-22,741,733,38747.05,21888.66,47514.56,10.08,3,0,0,15.6,0.461,-8
1450,term,South,debt_consolidation,2021-03-09,641,599,13165.49,1316.55,,7.8,19,0,1,46.5,,-42
1451,term,West,debt_consolidation,2021-01-26,691,662,34859.87,3485.99,,10.75,3,0,0,47.9,,-29
1452,revolving,West,auto,2021-02-28,675,663,6538.0,653.8,1804.97,9.55,12,0,0,46.8,0.362,-12
1453,term,South,auto,2021-03-18,656,611,6225.97,2651.01,,6.47,7,0,0,46.2,,-45
1454,term,East,debt_consolidation,2021-07-22,603,609,23207.98,7361.47,,12.0,16,0,0,42.0,,6
1455,term,South,home_improvement,2024-08-11,654,624,8882.24,8214.6,,8.8,12,1,0,4.8,,-30
1456,term,North,debt_consolidation,2021-02-03,647,650,20282.76,2028.28,,10.07,5,0,0,47.6,,3
1457,term,West,home_improvement,2022-09-27,755,760,8150.14,4511.23,,11.56,1,0,0,27.6,,5
1458,term,South,auto,2021-03-26,714,695,12938.99,3652.1,,11.53,5,0,0,45.9,,-19
1459,term,West,debt_consolidation,2023-07-21,706,661,1980.69,1338.69,,7.41,5,0,0,17.7,,-45
1460,term,South,debt_consolidation,2021-07-13,669,652,21744.85,10317.67,,8.12,8,0,0,42.3,,-17
1461,revolving,North,personal,2024-05-25,626,579,13011.51,11260.72,31868.24,8.02,13,1,0,7.4,0.353,-47
1462,term,West,auto,2021-12-18,693,668,24032.28,11844.55,,5.63,6,0,0,37.0,,-25
1463,term,East,auto,2023-08-19,765,746,18237.17,13978.55,,8.64,0,0,0,16.7,,-19
1464,term,South,debt_consolidation,2021-12-19,628,595,9031.32,903.13,,10.4,18,0,0,37.0,,-33
1465,term,North,home_improvement,2024-11-14,707,681,34228.23,33386.41,,6.04,3,0,0,1.6,,-26
1466,term,North,debt_consolidation,2023-04-28,652,614,3841.35,1757.63,,9.29,10,0,0,20.5,,-38
1467,revolving,West,home_improvement,2021-10-21,679,641,4793.75,479.37,1421.94,11.86,16,0,0,38.9,0.337,-38
1468,revolving,East,debt_consolidation,2024-09-27,670,634,7684.46,6993.21,16378.19,12.29,9,1,0,3.2,0.427,-36
1469,term,East,home_improvement,2024-08-13,706,698,10625.06,9632.75,,3.82,6,0,0,4.7,,-8
1470,revolving,East,home_improvement,2023-02-09,670,622,16877.61,6056.42,9351.19,3.0,7,0,0,23.1,0.648,-48
1471,term,North,home_improvement,2023-06-16,649,609,19814.93,13560.39,,8.62,12,0,0,18.8,,-40
1472,term,East,personal,2021-01-19,585,580,4171.84,417.18,,7.73,20,0,0,48.1,,-5
1473,term,South,personal,2021-02-03,693,664,11499.82,1149.98,,5.26,7,0,0,47.6,,-29
1474,term,South,debt_consolidation,2024-05-08,716,703,53873.16,44013.67,,8.18,6,0,0,7.9,,-13
1475,revolving,South,debt_consolidation,2022-04-19,683,645,34843.3,17295.4,46563.08,7.05,11,0,0,32.9,0.371,-38
1476,term,West,auto,2023-02-18,675,629,10902.93,3569.37,,6.49,10,1,0,22.8,,-46
1477,term,West,home_improvement,2021-11-20,769,756,21259.32,4553.27,,6.6,0,0,0,37.9,,-13
1478,revolving,North,debt_consolidation,2023-08-05,777,753,23878.91,14929.15,40111.09,9.05,0,0,0,17.2,0.372,-24
1479,term,East,home_improvement,2023-01-08,744,739,26059.49,9038.1,,3.0,2,0,0,24.1,,-5
1480,term,North,auto,2022-11-20,700,666,7061.96,3579.62,,8.51,7,1,0,25.8,,-34
1481,revolving,North,home_improvement,2024-12-01,685,659,4143.92,4018.04,8751.09,17.58,11,0,0,1.0,0.459,-26
1482,term,East,auto,2024-06-02,616,606,9501.94,7633.96,,11.47,19,0,0,7.1,,-10
1483,term,South,debt_consolidation,2022-02-20,565,540,8025.31,802.53,,7.71,15,0,0,34.9,,-25
1484,term,North,personal,2024-04-20,762,742,9428.74,8568.54,,12.24,2,0,0,8.5,,-20
1485,term,East,personal,2021-03-18,686,664,29298.2,2929.82,,13.3,8,0,0,46.2,,-22
1486,revolving,South,debt_consolidation,2023-08-21,850,850,9465.72,6738.03,18263.16,9.87,0,0,0,16.6,0.369,0
1487,revolving,East,personal,2022-10-20,644,612,11168.36,6637.81,18862.15,5.45,13,0,0,26.8,0.352,-32
1488,term,East,debt_consolidation,2024-07-17,705,656,3225.61,2856.92,,6.57,4,0,0,5.6,,-49
1489,term,South,debt_consolidation,2023-04-16,741,695,5938.1,3604.15,,6.32,4,0,0,20.9,,-46
1490,revolving,South,debt_consolidation,2022-10-01,640,610,14692.64,8256.29,14517.7,4.2,15,0,0,27.4,0.569,-30
1491,term,West,debt_consolidation,2024-01-19,663,631,35789.25,28923.97,,12.07,5,0,0,11.6,,-32
1492,revolving,North,personal,2024-01-05,668,655,17185.69,14378.33,29395.66,15.3,7,1,0,12.1,0.489,-13
1493,term,West,auto,2024-04-27,655,646,11745.95,9563.65,,9.13,7,0,0,8.3,,-9
1494,term,North,debt_consolidation,2024-04-04,703,687,30529.96,26192.71,,6.91,9,0,0,9.1,,-16
1495,revolving,South,home_improvement,2024-10-27,683,667,20155.46,19609.26,30260.36,11.07,8,0,0,2.2,0.648,-16
1496,term,East,debt_consolidation,2023-09-15,557,543,8366.44,6136.16,,12.49,23,0,0,15.8,,-14
1497,revolving,South,auto,2021-05-14,686,631,14890.05,1489.0,3005.19,6.91,14,0,1,44.3,0.495,-55
1498,term,South,debt_consolidation,2023-01-31,702,655,5751.7,3103.69,,9.79,8,0,0,23.4,,-47
1499,term,South,debt_consolidation,2021-08-24,677,633,41654.95,22320.15,,3.84,8,0,0,40.9,,-44
1500,revolving,North,home_improvement,2021-06-21,778,741,16739.76,3657.32,9109.19,9.38,0,0,0,43.0,0.401,-37
1501,term,East,auto,2024-01-24,700,673,5449.05,4535.15,,6.0,5,0,0,11.4,,-27
1502,revolving,West,personal,2024-06-01,681,658,2733.5,2339.6,3938.34,9.9,9,0,0,7.1,0.594,-23
1503,term,North,personal,2022-06-24,734,716,8062.98,2198.71,,7.36,5,0,1,30.7,,-18
1504,term,North,personal,2024-03-04,815,808,5521.7,4414.81,,9.04,0,0,0,10.1,,-7
1505,revolving,South,debt_consolidation,2022-10-11,671,648,32596.36,10927.03,26656.34,15.47,9,0,0,27.1,0.41,-23
1506,term,South,personal,2023-08-21,743,720,17318.02,13879.32,,9.3,2,0,0,16.6,,-23
1507,term,North,auto,2023-04-01,790,765,1722.55,899.54,,10.44,0,0,0,21.4,,-25
1508,revolving,West,personal,2021-08-13,666,617,21099.14,2109.91,4085.53,8.5,10,0,0,41.2,0.516,-49
1509,revolving,South,home_improvement,2021-01-19,609,575,5598.73,559.87,1159.69,3.72,15,0,0,48.1,0.483,-34
1510,revolving,East,debt_consolidation,2021-05-11,706,690,4221.44,422.14,1051.97,7.09,5,0,0,44.4,0.401,-16
1511,term,North,home_improvement,2023-02-13,760,757,1042.88,789.97,,7.37,1,1,0,22.9,,-3
1512,revolving,South,personal,2021-04-12,662,621,14169.6,1416.96,3703.4,10.74,11,1,0,45.3,0.383,-41
1513,revolving,North,home_improvement,2022-04-22,745,758,14951.04,1495.1,3251.05,10.15,2,0,0,32.8,0.46,13
1514,term,East,debt_consolidation,2023-06-01,628,610,58901.45,35392.17,,9.95,10,0,0,19.3,,-18
1515,revolving,North,auto,2024-08-26,665,647,3308.98,2897.85,5018.08,11.69,7,0,0,4.3,0.577,-18
1516,term,North,auto,2024-01-27,674,650,21688.07,15090.58,,5.53,9,0,0,11.3,,-24
1517,term,North,auto,2024-07-29,671,603,19037.02,16326.97,,15.15,11,0,0,5.2,,-68
1518,term,South,auto,2023-11-24,628,602,18801.75,14863.26,,3.96,15,0,0,13.5,,-26
1519,term,North,debt_consolidation,2021-09-22,659,627,15307.56,1530.76,,5.02,14,0,0,39.9,,-32
1520,term,West,auto,2022-11-26,561,543,21928.16,9980.13,,10.12,21,0,0,25.6,,-18
1521,term,West,debt_consolidation,2022-02-21,721,697,18783.77,1878.38,,5.74,4,0,0,34.8,,-24
1522,term,South,personal,2024-11-27,682,673,15640.98,15207.34,,9.15,9,0,0,1.2,,-9
1523,term,South,debt_consolidation,2023-08-27,748,717,10836.91,6145.4,,6.82,1,0,0,16.4,,-31
1524,term,North,debt_consolidation,2024-08-11,674,642,3149.98,2903.26,,10.52,5,0,0,4.8,,-32
1525,term,North,personal,2023-10-27,572,530,15439.91,11418.29,,8.89,13,0,0,14.4,,-42
1526,revolving,West,home_improvement,2024-07-26,699,681,9975.55,8460.67,17578.73,7.27,8,0,0,5.3,0.481,-18
1527,term,North,auto,2024-02-07,640,624,11390.85,9755.55,,8.92,14,0,0,11.0,,-16
1528,revolving,West,debt_consolidation,2022-10-11,744,721,9317.8,2539.2,6895.6,15.07,3,0,0,27.1,0.368,-23
1529,term,North,personal,2023-02-17,667,652,14176.91,9710.48,,8.75,9,0,0,22.8,,-15
1530,term,North,home_improvement,2023-02-21,800,788,12192.04,9264.06,,4.82,0,0,0,22.7,,-12
1531,term,West,debt_consolidation,2023-02-24,626,573,21611.74,9522.81,,3.55,13,0,0,22.6,,-53
1532,revolving,North,personal,2022-03-28,694,682,5764.1,2518.03,4964.06,6.97,5,0,0,33.7,0.507,-12
1533,revolving,West,auto,2021-04-21,715,671,13914.73,1391.47,2164.5,9.73,4,0,0,45.0,0.643,-44
1534,term,North,auto,2021-11-30,660,602,19311.91,1931.19,,13.37,6,0,0,37.6,,-58
1535,term,South,home_improvement,2023-11-14,600,557,7861.1,6236.85,,11.67,13,0,0,13.8,,-43
1536,term,East,personal,2022-06-09,667,622,17025.15,10184.42,,6.66,11,0,0,31.2,,-45
1537,term,East,home_improvement,2023-02-06,570,539,12959.21,9294.2,,4.99,17,0,0,23.2,,-31
1538,revolving,East,home_improvement,2021-07-12,638,616,7634.35,763.43,1620.56,8.38,11,0,0,42.3,0.471,-22
1539,revolving,East,auto,2023-11-28,669,652,9597.9,7476.46,20374.89,8.66,14,0,0,13.3,0.367,-17
1540,revolving,South,auto,2022-10-19,740,716,43745.27,15319.35,41332.85,7.79,0,0,0,26.8,0.371,-24
1541,term,West,debt_consolidation,2022-04-10,696,661,43575.56,6958.39,,10.92,6,1,0,33.2,,-35
1542,term,East,home_improvement,2023-07-31,655,617,3907.49,3042.69,,6.17,12,0,0,17.3,,-38
1543,revolving,North,auto,2024-03-13,652,621,7883.48,6564.4,14314.11,8.44,16,0,0,9.8,0.459,-31
1544,term,South,debt_consolidation,2022-08-06,646,620,8004.18,1293.35,,9.86,12,0,0,29.3,,-26
1545,term,East,auto,2023-09-29,735,729,21902.75,12404.96,,4.3,3,0,0,15.3,,-6
1546,term,East,personal,2023-10-16,590,532,11807.51,7423.61,,9.96,22,0,0,14.8,,-58
1547,term,East,home_improvement,2022-03-07,629,610,11157.0,1752.34,,11.89,14,0,0,34.4,,-19
1548,revolving,East,auto,2021-03-17,590,559,6997.61,699.76,1946.36,11.31,17,1,0,46.2,0.36,-31
1549,revolving,East,debt_consolidation,2021-01-23,715,723,18921.0,8646.37,20289.75,8.92,2,1,0,48.0,0.426,8
1550,term,East,debt_consolidation,2022-09-16,770,755,23202.84,10063.25,,5.69,1,0,0,27.9,,-15
1551,term,South,debt_consolidation,2024-11-14,714,713,16374.16,16103.81,,6.39,5,0,0,1.6,,-1
1552,term,North,auto,2023-01-17,718,695,10675.78,7159.53,,8.37,3,0,0,23.8,,-23
1553,term,East,auto,2024-06-27,648,623,8676.0,7585.45,,9.45,10,0,0,6.3,,-25
1554,term,West,auto,2023-07-23,709,688,27261.59,19244.56,,6.02,5,0,0,17.6,,-21
1555,term,East,auto,2021-01-30,634,604,9685.04,4597.7,,10.03,15,0,0,47.7,,-30
1556,term,East,auto,2022-06-18,645,619,11049.75,3452.75,,7.11,9,0,0,30.9,,-26
1557,term,South,debt_consolidation,2022-05-28,677,665,16430.81,9274.45,,7.99,9,0,0,31.6,,-12
1558,revolving,East,home_improvement,2024-02-22,682,674,27646.93,21639.84,52077.36,10.97,7,0,0,10.5,0.416,-8
1559,revolving,South,personal,2022-07-06,787,776,4222.03,1632.07,2448.24,3.0,1,0,0,30.3,0.667,-11
1560,term,South,debt_consolidation,2024-01-29,731,722,27311.79,18505.76,,8.87,9,0,0,11.3,,-9
1561,term,North,personal,2023-09-20,686,653,2858.7,1630.7,,8.3,9,0,0,15.6,,-33
1562,term,South,home_improvement,2024-12-26,782,781,6760.65,6632.24,,5.81,1,0,0,0.2,,-1
1563,term,North,auto,2024-10-20,824,811,8542.44,8069.72,,14.62,0,0,0,2.4,,-13
1564,revolving,West,auto,2024-08-11,681,671,10473.36,9957.57,25305.09,5.82,12,0,0,4.8,0.394,-10
1565,term,East,home_improvement,2022-11-20,702,691,15410.07,6150.79,,11.35,7,0,0,25.8,,-11
1566,term,East,debt_consolidation,2023-04-09,605,558,11987.91,5506.33,,11.07,10,0,0,21.1,,-47
1567,term,West,auto,2022-09-16,689,660,4108.33,2367.12,,10.13,9,1,0,27.9,,-29
1568,term,East,personal,2022-01-17,639,612,20366.74,5991.43,,5.67,17,0,0,36.0,,-27
1569,term,East,personal,2023-01-06,566,506,12853.83,8780.18,,11.2,15,0,0,24.2,,-60
1570,term,South,home_improvement,2023-11-09,739,695,11985.02,7823.28,,6.85,1,1,0,14.0,,-44
1571,term,North,auto,2021-10-04,686,665,23413.88,3154.9,,3.0,5,0,0,39.5,,-21
1572,term,South,auto,2024-01-04,627,585,23521.96,16493.6,,8.72,8,0,0,12.1,,-42
1573,term,East,auto,2023-11-09,570,522,10275.25,6699.34,,9.39,22,0,0,14.0,,-48
1574,term,South,auto,2023-09-19,643,629,14539.13,11903.53,,11.25,10,0,0,15.7,,-14
1575,term,West,personal,2023-05-08,639,638,10346.81,4732.76,,6.8,5,0,0,20.1,,-1
1576,term,East,personal,2023-02-26,673,648,14321.25,6101.86,,14.49,6,0,0,22.5,,-25
1577,revolving,West,auto,2022-10-17,575,555,15710.72,9197.67,13985.7,8.91,18,0,0,26.9,0.658,-20
1578,term,North,home_improvement,2021-09-18,705,700,6846.72,1452.47,,11.82,5,0,0,40.0,,-5
1579,term,South,home_improvement,2022-06-08,718,670,16051.96,10819.3,,11.1,5,0,0,31.3,,-48
1580,term,North,personal,2024-06-28,601,573,3482.02,2843.9,,10.45,6,0,0,6.2,,-28
1581,term,South,home_improvement,2024-08-21,578,562,19627.1,18055.01,,12.57,30,0,0,4.4,,-16
1582,term,North,personal,2023-04-29,740,735,39213.69,16067.64,,8.27,3,0,0,20.4,,-5
1583,revolving,West,personal,2021-01-11,671,650,25731.54,2573.15,5298.72,10.71,10,0,0,48.4,0.486,-21
1584,term,West,debt_consolidation,2024-01-24,718,687,7828.78,5856.16,,8.76,8,0,0,11.4,,-31
1585,term,South,home_improvement,2021-02-27,686,676,2884.3,288.43,,8.74,7,0,0,46.8,,-10
1586,revolving,South,debt_consolidation,2021-04-22,674,648,5527.73,552.77,1190.34,7.05,9,0,0,45.0,0.464,-26
1587,revolving,East,debt_consolidation,2023-08-26,742,723,4395.61,2277.77,5052.99,8.78,4,0,0,16.5,0.451,-19
1588,term,South,auto,2022-02-28,730,681,6713.72,803.44,,13.08,4,0,0,34.6,,-49
1589,revolving,West,auto,2024-07-13,703,691,1000.0,882.35,2468.21,11.02,6,0,0,5.7,0.357,-12
1590,term,North,personal,2023-07-24,707,672,10233.48,6693.75,,10.29,8,0,0,17.6,,-35
1591,term,North,debt_consolidation,2022-09-06,653,624,12668.39,7639.2,,7.18,6,0,0,28.3,,-29
1592,term,West,auto,2024-04-17,713,688,18920.28,16236.0,,7.13,9,0,0,8.6,,-25
1593,term,North,personal,2022-07-11,773,767,21376.69,2999.47,,6.74,0,0,0,30.2,,-6
1594,revolving,East,debt_consolidation,2023-06-06,741,703,12518.88,8261.9,13512.66,12.9,2,0,0,19.2,0.611,-38
1595,term,North,debt_consolidation,2022-08-05,567,524,8143.43,3525.8,,11.58,24,0,0,29.3,,-43
1596,term,East,auto,2022-04-04,707,679,15930.89,9483.11,,4.4,4,0,0,33.4,,-28
1597,term,North,personal,2023-01-07,712,670,4983.84,2456.59,,11.89,8,0,0,24.2,,-42
1598,revolving,East,debt_consolidation,2021-02-10,747,747,7169.26,1036.02,2038.65,12.64,6,0,0,47.4,0.508,0
1599,term,North,debt_consolidation,2024-05-13,754,735,6760.86,5852.43,,9.7,0,0,0,7.8,,-19
1600,term,East,home_improvement,2021-07-16,709,662,40655.06,4065.51,,13.81,3,0,0,42.2,,-47
1601,revolving,South,auto,2022-11-24,605,538,8226.99,5737.84,17103.81,5.86,14,0,0,25.6,0.335,-67
1602,revolving,North,debt_consolidation,2022-02-13,673,652,14698.86,8949.0,15357.86,9.67,8,0,0,35.1,0.583,-21
1603,term,East,debt_consolidation,2023-04-16,632,598,9051.02,5788.39,,13.18,20,0,1,20.9,,-34
1604,term,East,personal,2022-07-13,610,585,12849.84,7322.43,,10.97,13,0,0,30.1,,-25
1605,term,East,debt_consolidation,2024-06-24,763,750,36022.72,31762.08,,14.66,0,0,0,6.4,,-13
1606,term,West,debt_consolidation,2023-03-03,652,613,15800.0,5788.74,,7.08,16,0,0,22.3,,-39
1607,term,East,home_improvement,2021-04-16,799,762,12308.51,1230.85,,6.14,0,0,0,45.2,,-37
1608,term,North,home_improvement,2021-03-26,656,644,17054.33,4230.85,,7.05,7,0,0,45.9,,-12
1609,term,East,home_improvement,2023-03-06,637,607,12840.6,7320.57,,8.18,16,0,0,22.2,,-30
1610,term,North,home_improvement,2023-10-05,716,668,6259.19,4782.84,,15.6,4,0,0,15.1,,-48
1611,revolving,South,debt_consolidation,2024-08-20,675,675,34089.95,32273.56,61447.49,7.07,8,0,0,4.5,0.525,0
1612,term,South,auto,2021-10-24,696,672,31564.39,11558.04,,8.24,10,0,0,38.8,,-24
1613,term,South,debt_consolidation,2021-11-26,647,596,8113.46,1069.1,,5.46,9,0,0,37.7,,-51
1614,revolving,West,auto,2023-06-26,647,603,17965.89,13546.42,29541.04,7.15,14,0,0,18.5,0.459,-44
1615,term,North,auto,2024-04-09,650,628,10946.19,8585.48,,9.46,7,0,0,8.9,,-22
1616,term,South,debt_consolidation,2022-05-05,617,564,9325.23,932.52,,3.0,16,0,0,32.4,,-53
1617,term,North,debt_consolidation,2023-06-18,737,702,4217.88,2616.11,,8.41,3,1,0,18.8,,-35
1618,term,South,debt_consolidation,2022-07-15,692,658,12931.13,2162.13,,6.31,8,0,0,30.0,,-34
1619,term,South,auto,2024-04-15,689,663,3541.89,2728.03,,9.67,8,0,0,8.7,,-26
1620,term,North,personal,2023-07-29,719,703,1000.0,528.14,,12.42,6,1,0,17.4,,-16
1621,term,West,home_improvement,2022-01-25,701,676,31064.36,6447.98,,7.69,7,0,0,35.7,,-25
1622,revolving,West,personal,2022-08-06,815,774,10072.84,2676.51,6803.75,9.42,0,0,0,29.3,0.393,-41
1623,term,South,personal,2022-10-29,705,696,19234.69,11792.48,,7.52,12,0,1,26.5,,-9
1624,term,North,auto,2021-09-12,556,520,37619.56,8231.63,,11.89,20,0,0,40.2,,-36
1625,term,West,home_improvement,2021-06-27,650,600,3644.64,444.64,,8.25,15,0,0,42.8,,-50
1626,term,North,home_improvement,2021-08-02,624,608,1000.0,398.53,,12.13,21,0,1,41.6,,-16
1627,term,South,home_improvement,2021-12-08,708,686,5828.17,582.82,,9.66,4,0,0,37.3,,-22
1628,revolving,North,debt_consolidation,2021-05-31,655,638,14973.3,6093.75,16837.86,13.75,6,0,0,43.7,0.362,-17
1629,term,East,debt_consolidation,2024-05-12,710,682,17100.76,13669.24,,10.52,7,0,0,7.8,,-28
1630,term,West,personal,2022-08-01,638,590,15020.41,7052.67,,9.25,17,0,0,29.5,,-48
1631,revolving,East,auto,2023-01-03,691,653,4504.98,3382.53,9975.91,11.84,11,0,0,24.3,0.339,-38
1632,term,West,debt_consolidation,2024-07-17,648,621,10472.54,9104.2,,14.16,9,0,0,5.6,,-27
1633,term,South,debt_consolidation,2024-09-14,659,623,24409.44,23459.97,,13.74,8,0,0,3.6,,-36
1634,revolving,East,personal,2021-04-19,693,658,12534.25,1253.42,3361.5,16.05,10,1,0,45.1,0.373,-35
1635,term,South,debt_consolidation,2021-08-22,707,648,22781.47,11833.15,,8.72,4,0,1,40.9,,-59
1636,term,North,auto,2024-10-01,765,727,2030.2,1880.84,,9.84,0,0,0,3.1,,-38
1637,revolving,North,personal,2024-08-01,747,715,4240.91,3734.48,9789.14,8.09,1,1,0,5.1,0.381,-32
1638,term,East,auto,2022-12-27,736,722,9254.83,5968.43,,6.31,3,0,0,24.5,,-14
1639,term,East,home_improvement,2024-04-25,705,687,25606.18,22131.69,,10.76,4,0,0,8.4,,-18
1640,revolving,East,personal,2023-05-11,650,626,30801.02,15864.23,40347.72,3.0,11,1,0,20.0,0.393,-24
1641,term,North,auto,2024-01-06,717,705,16232.61,10579.37,,10.19,3,0,0,12.0,,-12
1642,revolving,East,home_improvement,2024-03-15,751,738,5417.68,4008.8,11366.78,13.13,2,0,0,9.7,0.353,-13
1643,revolving,West,debt_consolidation,2021-03-12,751,713,4463.39,446.34,794.28,11.48,1,0,0,46.4,0.562,-38
1644,term,West,home_improvement,2021-07-08,680,650,18208.66,3039.3,,11.3,6,0,0,42.4,,-30
1645,term,South,auto,2021-12-31,659,631,19987.18,1998.72,,3.5,14,0,0,36.6,,-28
1646,term,North,debt_consolidation,2022-01-03,727,716,19015.8,2403.04,,13.98,4,0,0,36.5,,-11
1647,term,West,home_improvement,2023-05-03,533,477,17362.05,13483.15,,7.86,23,1,0,20.3,,-56
1648,term,East,home_improvement,2021-08-08,775,749,5715.41,571.54,,10.67,0,0,0,41.4,,-26
1649,term,North,personal,2023-06-06,753,739,3500.74,2556.88,,7.69,2,0,0,19.2,,-14
1650,term,North,debt_consolidation,2022-02-26,663,632,10417.78,6029.42,,8.47,11,0,0,34.7,,-31
1651,term,West,personal,2023-01-27,660,656,15818.36,8686.41,,11.39,12,0,0,23.5,,-4
1652,term,South,auto,2022-10-05,804,773,4285.8,2752.64,,12.69,0,0,0,27.3,,-31
1653,revolving,South,auto,2022-05-24,617,599,6998.21,785.67,2106.66,8.3,16,0,0,31.8,0.373,-18
1654,term,West,auto,2024-02-16,664,634,8536.16,7065.19,,9.51,9,0,0,10.7,,-30
1655,term,East,home_improvement,2021-06-05,785,761,25097.63,2509.76,,5.61,0,0,0,43.5,,-24
1656,term,West,debt_consolidation,2022-03-14,615,594,25968.59,2596.86,,12.19,19,0,0,34.1,,-21
1657,revolving,North,auto,2022-05-25,689,697,10551.37,1055.14,2514.0,3.0,8,0,1,31.7,0.42,8
1658,term,West,personal,2024-08-17,665,597,23990.55,21082.66,,4.74,12,0,0,4.6,,-68
1659,revolving,West,home_improvement,2024-12-21,803,778,8690.3,8457.92,22073.61,3.0,0,0,0,0.4,0.383,-25
1660,revolving,West,debt_consolidation,2024-02-05,647,595,12921.84,9456.24,25255.41,8.08,8,0,0,11.0,0.374,-52
1661,term,South,personal,2024-12-11,598,566,9129.77,8996.4,,8.63,15,1,0,0.7,,-32
1662,term,South,personal,2022-10-15,694,662,31910.51,14959.5,,10.13,13,0,0,27.0,,-32
1663,term,West,personal,2023-03-20,647,627,19883.52,8223.57,,12.21,8,0,0,21.8,,-20
1664,term,East,debt_consolidation,2022-05-20,715,667,8382.52,2780.77,,7.98,6,0,0,31.9,,-48
1665,term,North,home_improvement,2024-06-14,706,664,13093.86,12214.95,,10.41,6,0,0,6.7,,-42
1666,term,East,auto,2021-08-16,609,568,4423.56,442.36,,4.65,22,0,0,41.1,,-41
1667,revolving,East,auto,2024-06-09,790,757,23324.61,21401.68,55523.26,10.77,0,0,0,6.9,0.385,-33
1668,term,East,personal,2021-01-08,643,580,12205.78,3056.23,,7.86,10,1,0,48.5,,-63
1669,term,North,home_improvement,2023-08-20,649,616,36174.22,20299.32,,7.98,13,0,0,16.7,,-33
1670,term,North,home_improvement,2021-10-27,714,697,5749.52,574.95,,8.87,4,1,0,38.7,,-17
1671,term,West,personal,2024-12-21,777,756,55517.17,54167.67,,6.77,0,0,0,0.4,,-21
1672,term,East,auto,2021-12-03,602,592,28861.94,2886.19,,8.43,11,0,1,37.5,,-10
1673,term,East,home_improvement,2021-05-12,652,622,10671.88,5301.14,,12.86,10,0,0,44.3,,-30
1674,term,East,auto,2021-01-19,737,723,3464.7,458.39,,12.52,6,0,0,48.1,,-14
1675,revolving,North,debt_consolidation,2022-11-05,645,616,28496.19,16410.86,28836.14,9.61,10,0,0,26.3,0.569,-29
1676,revolving,East,auto,2024-04-28,689,668,16918.09,15010.73,38254.79,8.23,15,0,0,8.3,0.392,-21
1677,term,South,home_improvement,2021-12-11,655,632,8802.15,4818.57,,6.87,9,0,0,37.2,,-23
1678,term,East,auto,2022-10-07,709,699,2118.96,541.72,,6.02,5,1,0,27.2,,-10
1679,term,East,home_improvement,2021-12-03,605,564,9793.08,979.31,,12.52,22,0,0,37.5,,-41
1680,term,North,personal,2024-03-08,698,671,26476.87,23256.24,,8.98,11,0,0,10.0,,-27
1681,term,North,debt_consolidation,2023-12-18,709,684,15896.32,10230.17,,3.29,3,0,0,12.7,,-25
1682,term,South,home_improvement,2023-07-01,720,695,16732.27,10761.67,,5.06,5,0,0,18.3,,-25
1683,term,West,debt_consolidation,2024-01-09,648,606,11727.05,7646.38,,5.93,12,1,0,11.9,,-42
1684,term,East,debt_consolidation,2024-06-08,766,697,1446.85,1159.45,,3.0,0,0,0,6.9,,-69
1685,term,North,auto,2022-08-17,554,496,13124.52,5556.96,,6.79,22,0,1,28.9,,-58
1686,term,West,auto,2021-08-26,640,620,2545.62,1056.47,,3.0,9,0,0,40.8,,-20
1687,revolving,North,debt_consolidation,2021-01-03,826,818,15078.85,1507.88,2535.61,9.8,0,0,0,48.6,0.595,-8
1688,term,North,auto,2023-02-25,681,657,22104.48,12132.23,,8.97,5,0,0,22.5,,-24
1689,term,North,personal,2021-04-26,747,732,7355.19,3108.94,,11.96,3,0,0,44.9,,-15
1690,revolving,North,personal,2022-10-09,691,670,15645.26,7070.96,11355.37,10.09,7,1,0,27.2,0.623,-21
1691,term,North,auto,2021-07-22,784,796,4495.24,2462.2,,16.87,0,0,0,42.0,,12
1692,term,West,debt_consolidation,2024-08-19,668,640,22129.31,20034.45,,7.95,7,0,0,4.5,,-28
1693,term,East,debt_consolidation,2022-10-17,693,685,6799.66,4166.59,,7.25,7,0,0,26.9,,-8
1694,term,West,personal,2023-05-19,732,722,15616.31,9552.76,,12.25,1,0,0,19.8,,-10
1695,revolving,North,home_improvement,2024-01-07,771,746,17759.51,14430.76,35445.38,9.76,0,0,0,12.0,0.407,-25
1696,term,East,debt_consolidation,2022-06-19,569,519,25457.08,13794.18,,9.09,25,0,0,30.9,,-50
1697,revolving,West,home_improvement,2022-05-21,711,682,12542.52,7932.36,20088.86,11.99,5,0,1,31.9,0.395,-29
1698,term,West,auto,2022-11-07,628,595,41483.97,18889.09,,12.21,17,0,0,26.2,,-33
1699,revolving,East,debt_consolidation,2021-10-05,676,642,18402.06,6244.01,11959.65,3.55,10,0,0,39.5,0.522,-34
1700,revolving,South,home_improvement,2021-10-07,647,616,3143.73,314.37,777.35,8.56,7,0,0,39.4,0.404,-31
1701,term,West,auto,2024-03-24,545,494,12917.26,10886.33,,10.34,25,1,0,9.4,,-51
1702,revolving,South,debt_consolidation,2023-11-07,743,717,23523.2,16683.79,33437.99,3.0,6,0,0,14.0,0.499,-26
1703,term,South,debt_consolidation,2021-11-23,601,568,24832.56,5696.71,,6.6,16,0,0,37.8,,-33
1704,term,East,personal,2021-05-05,675,646,3398.89,339.89,,10.53,13,0,0,44.6,,-29
1705,term,East,auto,2022-01-20,673,649,9792.01,3249.3,,11.95,8,0,0,35.9,,-24
1706,revolving,East,debt_consolidation,2022-11-21,632,594,23959.4,10330.58,25148.13,7.92,7,0,0,25.7,0.411,-38
1707,term,West,auto,2022-01-13,718,686,27746.4,7977.92,,5.72,1,0,0,36.1,,-32
1708,revolving,North,debt_consolidation,2023-03-29,658,631,3919.91,2686.26,4304.82,9.3,13,0,1,21.5,0.624,-27
1709,term,South,personal,2022-08-26,637,619,6276.17,4026.29,,8.6,13,0,0,28.6,,-18
1710,revolving,North,personal,2024-06-21,592,557,13427.64,11816.81,35195.79,7.16,17,1,0,6.5,0.336,-35
1711,term,West,home_improvement,2024-10-09,624,596,19552.04,18256.94,,4.66,8,0,0,2.8,,-28
1712,term,South,auto,2024-12-15,705,684,15559.92,15266.79,,7.56,8,0,0,0.6,,-21
1713,revolving,South,auto,2024-10-20,560,521,29843.36,28306.19,78158.54,4.26,28,0,1,2.4,0.362,-39
1714,term,North,home_improvement,2024-11-23,780,772,31802.69,30707.3,,6.76,0,0,0,1.3,,-8
1715,term,East,debt_consolidation,2024-02-08,670,643,11602.04,10122.39,,8.77,11,0,0,10.9,,-27
1716,revolving,South,debt_consolidation,2021-02-25,627,615,21617.85,3144.18,9404.38,7.0,16,0,0,46.9,0.334,-12
1717,revolving,West,auto,2023-04-04,715,682,11593.7,7395.22,16190.14,14.7,10,0,0,21.3,0.457,-33
1718,term,East,personal,2023-08-22,654,627,15798.92,8561.92,,8.55,12,0,0,16.6,,-27
1719,term,North,auto,2023-03-08,733,707,6953.72,5104.59,,11.71,1,0,0,22.2,,-26
1720,term,South,personal,2021-02-12,616,578,18668.74,1866.87,,9.34,8,0,0,47.3,,-38
1721,term,East,personal,2022-10-22,620,578,12998.79,8145.7,,5.41,15,1,0,26.7,,-42
1722,revolving,South,personal,2022-12-27,715,702,15949.77,4685.65,12745.7,7.08,5,0,0,24.5,0.368,-13
1723,term,West,debt_consolidation,2024-11-04,751,735,46127.6,43901.47,,8.49,3,0,0,1.9,,-16
1724,term,East,personal,2023-05-27,691,689,20750.57,9995.06,,7.05,7,0,0,19.5,,-2
1725,term,East,auto,2024-06-04,693,667,35777.09,30337.88,,8.92,6,0,0,7.0,,-26
1726,term,East,debt_consolidation,2022-12-31,629,609,12924.8,7222.06,,7.03,16,0,0,24.4,,-20
1727,term,North,debt_consolidation,2024-07-17,649,611,9942.76,9187.82,,9.27,11,0,0,5.6,,-38
1728,term,South,debt_consolidation,2021-08-24,640,608,14408.33,2341.35,,11.88,12,0,0,40.9,,-32
1729,revolving,East,home_improvement,2024-05-20,757,721,5224.57,4545.49,8612.51,11.46,1,0,0,7.5,0.528,-36
1730,term,North,personal,2024-01-29,763,748,3871.83,2602.51,,10.01,2,0,0,11.3,,-15
1731,term,West,home_improvement,2024-04-27,711,699,1783.77,1496.48,,9.46,5,0,0,8.3,,-12
1732,revolving,East,home_improvement,2023-10-30,800,806,3792.98,2839.49,5181.52,5.73,0,0,0,14.3,0.548,6
1733,term,East,debt_consolidation,2021-12-19,717,692,2364.18,236.42,,12.32,13,0,0,37.0,,-25
1734,term,West,personal,2022-09-29,750,731,6377.44,1752.55,,3.6,2,0,0,27.5,,-19
1735,term,West,debt_consolidation,2024-05-24,666,653,17901.55,15872.94,,7.97,11,0,0,7.4,,-13
1736,term,West,personal,2023-08-27,670,664,8709.75,4439.09,,6.29,6,1,0,16.4,,-6
1737,term,North,home_improvement,2022-02-12,670,636,3800.67,1337.25,,10.81,7,1,0,35.1,,-34
1738,term,North,debt_consolidation,2023-01-04,623,607,5885.21,2903.58,,14.16,9,0,0,24.3,,-16
1739,term,West,debt_consolidation,2021-07-16,653,630,4788.24,478.82,,7.94,10,0,0,42.2,,-23
1740,term,South,home_improvement,2022-08-14,699,679,26889.9,12495.0,,13.9,10,0,1,29.0,,-20
1741,revolving,North,auto,2022-03-05,644,638,21712.84,10201.18,20071.39,7.49,14,0,0,34.4,0.508,-6
1742,term,East,personal,2023-08-07,713,662,2824.53,1955.87,,7.15,7,0,0,17.1,,-51
1743,revolving,West,debt_consolidation,2023-01-29,635,594,17729.46,9715.42,16742.81,6.97,9,1,0,23.4,0.58,-41
1744,term,North,auto,2021-10-03,632,595,13915.08,3960.74,,12.67,10,0,0,39.5,,-37
1745,term,North,personal,2023-04-06,680,662,21294.53,12648.2,,12.52,3,0,0,21.2,,-18
1746,term,West,home_improvement,2024-06-01,557,505,23360.77,20028.38,,8.02,13,0,0,7.1,,-52
1747,term,East,home_improvement,2022-08-05,744,732,2211.23,1313.5,,10.85,1,0,0,29.3,,-12
1748,term,East,home_improvement,2024-10-13,722,689,31940.35,30437.09,,7.35,3,0,0,2.7,,-33
1749,term,West,debt_consolidation,2024-10-22,728,714,11181.72,10897.53,,12.25,5,0,0,2.4,,-14
1750,term,South,home_improvement,2023-07-18,724,700,11452.46,7886.44,,7.53,3,1,0,17.8,,-24
1751,term,East,auto,2022-10-13,673,673,18536.67,9542.8,,11.77,4,0,0,27.0,,0
1752,term,West,debt_consolidation,2022-04-21,694,652,33983.11,5540.31,,11.35,5,0,1,32.9,,-42
1753,revolving,North,debt_consolidation,2022-10-05,703,689,16219.91,6608.16,16096.43,10.39,6,0,0,27.3,0.411,-14
1754,term,West,home_improvement,2023-05-28,592,562,15603.69,9960.36,,3.0,18,0,0,19.5,,-30
1755,term,West,auto,2024-08-21,692,662,19205.52,18099.94,,11.31,9,0,0,4.4,,-30
1756,term,West,home_improvement,2023-08-11,657,635,29284.55,19812.76,,12.62,6,0,0,17.0,,-22
1757,term,North,auto,2023-12-27,790,765,27289.45,19846.75,,9.7,0,0,0,12.4,,-25
1758,term,East,personal,2022-01-11,668,642,11568.74,2457.58,,11.75,9,0,0,36.2,,-26
1759,term,South,personal,2021-01-11,672,636,13203.88,6116.35,,8.83,8,0,0,48.4,,-36
1760,term,South,auto,2023-05-19,606,576,9502.41,5367.04,,6.65,11,0,1,19.8,,-30
1761,term,West,auto,2024-10-20,656,632,6898.68,6647.42,,8.71,4,0,0,2.4,,-24
1762,term,East,personal,2023-09-19,553,513,30831.94,23681.96,,13.67,20,0,0,15.7,,-40
1763,term,North,personal,2022-07-16,791,783,43747.36,17539.45,,10.16,0,0,0,30.0,,-8
1764,revolving,East,debt_consolidation,2021-05-12,715,687,35161.6,3516.16,9010.08,6.83,6,0,0,44.3,0.39,-28
1765,term,North,debt_consolidation,2021-10-15,657,632,32639.61,5227.2,,11.72,8,0,0,39.1,,-25
1766,term,North,debt_consolidation,2022-03-12,710,668,5694.33,3620.05,,11.38,4,0,0,34.2,,-42
1767,term,North,home_improvement,2024-06-12,622,584,3883.91,3231.74,,12.92,12,0,0,6.8,,-38
1768,revolving,West,debt_consolidation,2024-10-09,669,639,46819.88,44755.62,118991.61,5.7,8,0,0,2.8,0.376,-30
1769,revolving,East,debt_consolidation,2022-08-29,613,602,7368.04,1831.44,3570.78,6.93,12,0,0,28.5,0.513,-11
1770,term,North,personal,2023-12-01,588,556,6013.06,3782.36,,13.35,16,0,0,13.2,,-32
1771,term,East,debt_consolidation,2024-05-18,725,704,44711.52,37371.84,,8.29,7,0,0,7.6,,-21
1772,term,East,home_improvement,2024-09-13,673,659,36400.68,32686.36,,3.0,12,0,0,3.7,,-14
1773,term,South,auto,2024-11-06,576,527,2969.15,2897.15,,4.34,13,0,0,1.9,,-49
1774,term,South,personal,2023-01-20,630,606,15124.8,4506.79,,11.61,7,1,0,23.7,,-24
1775,term,South,debt_consolidation,2024-09-10,758,745,24045.21,21977.61,,7.51,2,1,0,3.8,,-13
1776,term,West,home_improvement,2024-01-10,636,597,9310.41,7687.11,,7.02,12,0,0,11.9,,-39
1777,revolving,East,personal,2021-02-08,717,702,10455.29,1045.53,1941.1,13.95,6,0,0,47.4,0.539,-15
1778,revolving,East,personal,2023-09-14,635,584,28730.66,23516.59,52994.53,9.7,12,0,0,15.8,0.444,-51
1779,revolving,East,debt_consolidation,2023-06-22,694,676,18579.38,12996.02,37207.77,12.2,10,0,0,18.6,0.349,-18
1780,term,West,auto,2023-04-24,711,713,43555.5,16826.95,,9.65,8,0,0,20.6,,2
1781,revolving,South,auto,2021-06-27,640,622,17264.04,1726.4,2645.39,7.8,10,1,1,42.8,0.653,-18
1782,term,North,auto,2024-01-17,671,644,16395.3,11031.69,,4.09,9,0,0,11.7,,-27
1783,term,West,debt_consolidation,2021-11-01,698,664,28802.92,11187.23,,7.6,8,0,0,38.6,,-34
1784,term,North,auto,2022-05-11,645,641,29021.13,16594.93,,7.92,13,0,0,32.2,,-4
1785,revolving,South,personal,2021-10-03,667,605,22477.21,11670.75,32111.2,5.54,9,0,0,39.5,0.363,-62
1786,term,South,debt_consolidation,2024-08-17,623,583,5323.34,5068.33,,11.2,13,0,0,4.6,,-40
1787,term,North,home_improvement,2022-04-03,686,657,13522.14,4661.82,,6.75,6,0,0,33.5,,-29
1788,term,South,auto,2023-08-24,744,714,10137.99,6715.68,,9.34,3,0,0,16.5,,-30
1789,term,West,personal,2023-08-02,610,571,13176.82,7778.38,,7.48,11,0,0,17.3,,-39
1790,term,East,debt_consolidation,2024-06-22,637,624,12572.22,11735.71,,6.37,15,0,0,6.4,,-13
1791,revolving,East,personal,2023-10-14,557,513,14576.92,12159.17,31400.31,4.63,19,0,0,14.8,0.387,-44
1792,term,South,auto,2024-02-22,710,693,10977.98,8707.18,,7.13,9,0,1,10.5,,-17
1793,term,East,debt_consolidation,2021-05-16,584,547,8539.76,2832.24,,8.3,20,0,0,44.2,,-37
1794,term,West,debt_consolidation,2024-06-28,710,678,15439.43,12575.19,,9.35,7,0,0,6.2,,-32
1795,term,East,auto,2023-12-04,714,711,39503.84,28840.26,,7.67,10,0,0,13.1,,-3
1796,term,East,debt_consolidation,2024-09-03,734,706,24697.7,23029.5,,9.16,2,0,0,4.0,,-28
1797,term,West,personal,2021-04-18,702,695,21728.44,2266.29,,9.74,10,1,0,45.1,,-7
1798,term,West,auto,2021-12-05,589,569,8088.9,3812.1,,11.3,10,1,1,37.4,,-20
1799,revolving,North,personal,2024-01-12,672,631,6641.6,4305.58,12306.09,12.45,10,0,0,11.8,0.35,-41
1800,term,South,personal,2023-03-01,691,664,14444.35,6870.99,,12.15,10,0,0,22.4,,-27
1801,term,West,auto,2024-12-13,711,720,9229.15,9134.59,,6.02,3,0,0,0.6,,9
1802,term,East,debt_consolidation,2022-02-16,714,683,15702.84,6597.26,,9.28,5,1,0,35.0,,-31
1803,term,West,personal,2022-11-04,654,635,7600.6,5195.94,,13.6,12,0,0,26.3,,-19
1804,term,West,auto,2024-07-09,673,656,2840.0,2621.85,,7.52,13,0,0,5.9,,-17
1805,revolving,South,home_improvement,2024-01-26,674,639,6641.75,4734.97,11602.04,12.98,9,0,0,11.4,0.408,-35
1806,revolving,West,home_improvement,2023-03-29,604,581,14778.04,6986.31,10636.63,9.97,22,0,1,21.5,0.657,-23
1807,revolving,East,personal,2023-06-08,621,568,11937.18,7563.16,17587.95,4.68,13,1,0,19.1,0.43,-53
1808,term,West,personal,2023-09-21,675,661,5874.48,4425.6,,14.91,12,0,0,15.6,,-14
1809,term,North,auto,2021-03-02,629,600,20436.22,5947.92,,11.5,15,0,0,46.7,,-29
1810,revolving,West,auto,2022-07-16,592,527,26018.55,6228.29,13227.06,10.21,12,0,0,30.0,0.471,-65
1811,term,East,debt_consolidation,2021-03-17,588,548,15742.15,6321.82,,10.17,19,0,0,46.2,,-40
1812,revolving,West,auto,2024-10-27,721,676,7224.87,6861.96,19962.21,9.88,1,0,0,2.2,0.344,-45
1813,term,North,debt_consolidation,2024-06-05,701,663,13974.24,12765.82,,7.5,11,0,0,7.0,,-38
1814,term,East,personal,2023-06-09,688,656,12184.75,5265.19,,11.15,9,0,0,19.1,,-32
1815,term,North,debt_consolidation,2024-06-08,660,642,30203.93,28002.54,,7.91,14,0,0,6.9,,-18
1816,term,East,personal,2022-05-14,645,598,29002.29,9064.81,,5.76,14,0,0,32.1,,-47
1817,term,West,auto,2021-12-02,559,515,22514.36,6879.93,,6.68,18,0,0,37.5,,-44
1818,term,East,auto,2022-03-14,715,673,11378.01,1833.14,,3.88,12,0,0,34.1,,-42
1819,term,West,personal,2023-12-27,655,613,4178.39,2925.79,,8.28,10,0,0,12.4,,-42
1820,term,North,debt_consolidation,2022-04-15,717,715,24404.24,13220.92,,5.75,8,0,0,33.1,,-2
1821,revolving,East,home_improvement,2023-12-18,623,595,15925.7,11282.49,33557.64,7.14,11,0,0,12.7,0.336,-28
1822,revolving,West,personal,2021-12-21,778,739,17163.1,9712.57,27757.94,4.63,0,0,0,36.9,0.35,-39
1823,term,East,home_improvement,2022-03-03,691,683,3478.69,1920.53,,4.28,3,0,0,34.5,,-8
1824,term,West,personal,2021-07-15,672,661,11969.7,2765.65,,14.87,2,0,0,42.2,,-11
1825,term,East,debt_consolidation,2021-12-15,618,581,12600.41,1260.04,,9.28,14,0,0,37.1,,-37
1826,term,West,debt_consolidation,2024-05-20,689,676,8216.67,7322.8,,8.04,3,0,0,7.5,,-13
1827,revolving,West,home_improvement,2023-11-19,716,717,11533.97,9191.07,16006.12,7.12,8,1,0,13.6,0.574,1
1828,term,North,personal,2021-05-22,545,507,46330.92,19740.16,,10.04,18,0,0,44.0,,-38
1829,revolving,West,auto,2024-11-09,671,630,27980.87,26971.26,42632.49,9.1,7,0,0,1.8,0.633,-41
1830,term,South,home_improvement,2023-02-25,672,657,13354.16,4781.33,,8.11,11,1,0,22.5,,-15
1831,term,East,debt_consolidation,2024-05-17,707,673,22191.17,19170.82,,10.17,6,0,0,7.6,,-34
1832,term,East,home_improvement,2024-07-18,579,533,31085.17,26022.24,,10.73,18,1,0,5.6,,-46
1833,term,North,home_improvement,2024-02-14,728,692,1333.37,958.11,,3.0,3,0,0,10.7,,-36
1834,revolving,South,personal,2021-03-30,724,711,3014.58,532.14,963.0,9.08,5,0,0,45.8,0.553,-13
1835,term,West,personal,2024-07-16,726,719,4975.61,4466.19,,10.16,5,0,0,5.6,,-7
1836,revolving,East,debt_consolidation,2022-04-26,640,605,24942.43,9579.2,16013.96,8.27,15,0,0,32.7,0.598,-35
1837,revolving,East,personal,2022-06-20,747,745,9652.77,1469.37,3056.76,4.51,2,0,0,30.9,0.481,-2
1838,revolving,West,home_improvement,2024-12-12,631,594,30201.23,29395.7,67127.75,7.93,14,0,0,0.7,0.438,-37
1839,revolving,South,auto,2022-01-30,553,513,24273.94,14419.1,30650.35,8.67,20,0,0,35.6,0.47,-40
1840,term,East,personal,2021-01-25,698,659,37169.42,10984.31,,9.68,5,0,0,47.9,,-39
1841,revolving,South,home_improvement,2024-02-03,676,641,20616.2,15985.22,31024.94,11.67,5,0,0,11.1,0.515,-35
1842,revolving,North,auto,2024-12-10,753,748,11446.8,11241.69,25263.62,11.92,2,0,0,0.7,0.445,-5
1843,revolving,North,personal,2023-12-25,617,577,39053.1,30983.32,85699.96,8.25,8,0,0,12.4,0.362,-40
1844,term,South,home_improvement,2023-11-19,659,618,9752.98,5843.22,,10.06,7,0,0,13.6,,-41
1845,revolving,North,debt_consolidation,2022-11-12,653,610,12901.87,7356.17,12826.0,8.66,13,0,0,26.0,0.574,-43
1846,term,South,debt_consolidation,2022-04-04,728,678,13671.89,4785.76,,11.7,3,0,0,33.4,,-50
1847,term,West,home_improvement,2023-11-12,614,567,4626.85,3554.3,,11.31,11,0,0,13.9,,-47
1848,revolving,East,personal,2023-11-06,756,714,24722.41,20505.35,39369.64,11.02,1,0,0,14.1,0.521,-42
1849,term,North,home_improvement,2024-06-08,635,594,18523.69,16748.57,,8.46,12,0,1,6.9,,-41
1850,term,South,auto,2022-10-05,653,620,9219.79,6437.21,,12.66,10,0,0,27.3,,-33
1851,term,South,auto,2024-10-12,682,651,8995.57,8392.13,,10.73,4,0,0,2.7,,-31
1852,term,South,auto,2021-08-16,619,590,20275.65,2143.55,,7.84,17,0,0,41.1,,-29
1853,term,East,auto,2023-02-03,703,685,27561.2,18455.72,,9.35,5,1,0,23.3,,-18
1854,term,East,personal,2022-05-30,695,654,25323.67,8154.21,,6.96,1,0,0,31.6,,-41
1855,revolving,East,home_improvement,2021-08-15,642,631,26576.06,2657.61,7574.18,10.39,9,0,0,41.2,0.351,-11
1856,revolving,North,personal,2024-12-30,697,682,9869.12,9663.49,21212.14,9.98,8,0,0,0.1,0.456,-15
1857,term,East,home_improvement,2021-10-14,698,685,31995.85,15593.16,,8.72,9,0,0,39.2,,-13
1858,term,South,home_improvement,2021-04-28,714,690,11348.11,1134.81,,5.89,1,0,0,44.8,,-24
1859,revolving,East,auto,2024-12-28,746,737,1830.71,1799.65,4783.39,10.75,2,1,0,0.1,0.376,-9
1860,term,North,auto,2024-05-12,705,709,8933.17,7006.3,,9.82,5,0,0,7.8,,4
1861,revolving,East,debt_consolidation,2024-10-24,709,700,11086.52,10790.36,31305.15,5.07,5,0,0,2.3,0.345,-9
1862,revolving,South,home_improvement,2021-03-06,613,590,37931.84,3793.18,7291.65,10.97,20,0,0,46.6,0.52,-23
1863,term,West,debt_consolidation,2022-12-22,587,519,15887.83,5153.37,,8.21,14,0,0,24.7,,-68
1864,revolving,North,personal,2023-10-15,646,626,5138.01,3450.56,8829.21,5.87,15,0,0,14.8,0.391,-20
1865,term,South,debt_consolidation,2024-02-07,699,678,15430.54,12070.53,,10.59,7,0,0,11.0,,-21
1866,term,East,auto,2023-04-07,704,671,10535.47,3850.06,,6.4,5,0,0,21.2,,-33
1867,revolving,North,auto,2021-09-12,528,478,28306.4,2830.64,6184.94,4.13,19,0,1,40.2,0.458,-50
1868,revolving,North,personal,2022-02-23,687,672,13108.06,4136.68,11242.31,9.52,6,0,0,34.8,0.368,-15
1869,term,South,home_improvement,2021-03-04,747,749,15332.01,4071.11,,6.63,0,0,0,46.6,,2
1870,revolving,North,personal,2022-10-20,815,798,24443.73,5940.71,13959.13,9.69,0,0,0,26.8,0.426,-17
1871,revolving,North,auto,2021-01-10,766,740,8895.76,889.58,1406.1,13.39,3,0,0,48.4,0.633,-26
1872,revolving,West,home_improvement,2023-12-07,648,605,30106.67,25160.49,74080.34,12.41,11,0,0,13.0,0.34,-43
1873,term,North,home_improvement,2021-05-03,645,592,4809.54,613.29,,8.06,13,0,0,44.6,,-53
1874,revolving,West,home_improvement,2022-01-14,709,683,8094.86,809.49,1875.36,8.63,5,0,0,36.1,0.432,-26
1875,revolving,South,auto,2021-02-02,728,716,20498.81,10662.35,19057.11,3.33,3,0,0,47.6,0.559,-12
1876,revolving,East,auto,2023-10-27,747,734,2923.52,2041.28,4880.9,6.01,3,0,0,14.4,0.418,-13
1877,revolving,South,personal,2022-06-17,715,677,27011.51,13667.81,21126.61,12.16,4,0,0,31.0,0.647,-38
1878,revolving,West,home_improvement,2024-12-08,606,580,30102.24,29315.13,60936.88,12.29,10,1,0,0.8,0.481,-26
1879,term,East,debt_consolidation,2022-04-19,596,559,9056.43,905.64,,14.73,20,0,0,32.9,,-37
1880,revolving,East,auto,2022-06-17,767,727,1347.66,736.02,1925.06,6.57,1,0,0,31.0,0.382,-40
1881,term,North,debt_consolidation,2022-09-15,670,614,30595.19,12433.62,,8.67,10,0,0,28.0,,-56
1882,revolving,North,debt_consolidation,2024-10-25,621,592,36761.79,35361.55,72346.54,5.46,13,0,0,2.3,0.489,-29
1883,revolving,East,debt_consolidation,2021-06-22,612,604,12086.24,1208.62,3111.52,9.07,9,0,0,43.0,0.388,-8
1884,term,East,auto,2022-09-01,647,589,1375.27,296.65,,12.7,13,0,0,28.4,,-58
1885,revolving,North,home_improvement,2024-10-29,775,762,41265.45,40349.85,90419.1,10.8,0,0,0,2.1,0.446,-13
1886,revolving,West,debt_consolidation,2023-08-04,665,635,21746.46,14339.74,26501.24,7.49,12,1,0,17.2,0.541,-30
1887,revolving,East,debt_consolidation,2024-11-11,723,697,15502.05,14758.68,37672.45,8.98,3,0,0,1.7,0.392,-26
1888,term,East,personal,2024-01-05,700,683,9647.05,8367.55,,4.81,1,0,1,12.1,,-17
1889,revolving,East,personal,2021-02-02,676,637,3528.2,1070.75,2851.69,6.51,8,0,0,47.6,0.375,-39
1890,term,East,debt_consolidation,2022-08-06,561,535,14187.78,6382.69,,10.24,14,0,0,29.3,,-26
1891,term,East,home_improvement,2022-07-24,730,721,28033.38,3182.84,,13.06,1,0,0,29.7,,-9
1892,revolving,North,personal,2024-01-01,635,619,38488.87,33242.38,65762.23,9.08,14,0,0,12.2,0.505,-16
1893,term,West,home_improvement,2024-08-19,580,555,12700.37,11862.31,,14.27,17,0,0,4.5,,-25
1894,revolving,North,debt_consolidation,2023-03-16,569,520,23548.93,14350.28,36510.78,13.26,22,1,0,21.9,0.393,-49
1895,revolving,South,auto,2021-07-01,715,687,21205.64,2120.56,4712.29,11.73,4,0,0,42.7,0.45,-28
1896,term,East,auto,2021-10-18,728,691,13339.59,6697.47,,9.22,4,0,0,39.0,,-37
1897,term,South,auto,2022-06-03,542,497,13391.41,1603.78,,8.82,21,0,0,31.4,,-45
1898,term,South,debt_consolidation,2021-09-17,648,612,13567.23,1356.72,,5.59,15,0,0,40.1,,-36
1899,term,North,personal,2023-03-13,701,687,20458.69,13754.01,,8.15,5,0,0,22.0,,-14
1900,term,West,personal,2022-12-27,689,662,12018.16,7299.98,,3.14,9,0,0,24.5,,-27
1901,revolving,East,personal,2021-09-06,649,594,8260.12,3582.43,9738.28,6.38,11,0,0,40.4,0.368,-55
1902,term,South,personal,2021-07-22,674,652,26938.8,8241.01,,9.96,6,0,0,42.0,,-22
1903,revolving,South,debt_consolidation,2023-10-30,736,710,23054.45,18047.54,33212.4,9.15,5,0,0,14.3,0.543,-26
1904,term,South,home_improvement,2021-05-23,706,695,20829.62,9547.33,,13.96,5,0,0,44.0,,-11
1905,term,North,personal,2024-01-21,718,702,17619.87,12421.75,,4.72,4,0,0,11.5,,-16
1906,term,West,personal,2024-08-02,653,615,19039.57,17850.86,,14.87,9,0,0,5.1,,-38
1907,revolving,East,personal,2022-01-04,603,573,21341.2,4031.35,8085.02,9.79,17,0,0,36.4,0.499,-30
1908,term,East,personal,2021-10-27,694,692,4968.86,1784.55,,10.97,11,1,0,38.7,,-2
1909,term,North,personal,2021-10-06,728,679,8403.22,2565.59,,13.69,2,0,0,39.4,,-49
1910,term,West,home_improvement,2024-09-09,639,618,8732.15,7779.66,,10.99,7,0,1,3.8,,-21
1911,term,East,auto,2022-04-17,693,655,10340.02,6223.46,,3.0,5,0,0,33.0,,-38
1912,revolving,North,personal,2022-07-23,679,633,6171.98,2698.03,7001.95,15.18,7,0,0,29.8,0.385,-46
1913,term,East,auto,2022-03-05,580,543,8687.01,2444.01,,7.51,19,0,0,34.4,,-37
1914,revolving,South,personal,2023-10-13,670,640,1237.26,841.11,1584.14,7.38,4,0,0,14.9,0.531,-30
1915,term,East,personal,2024-06-05,690,664,2710.8,2162.47,,11.71,10,0,0,7.0,,-26
1916,term,South,home_improvement,2022-12-12,652,622,20796.84,7899.26,,6.23,11,0,0,25.0,,-30
1917,term,West,auto,2024-06-29,745,709,16507.44,15079.12,,10.34,4,0,0,6.2,,-36
1918,term,West,debt_consolidation,2024-04-11,605,583,13922.1,11690.71,,3.0,11,0,0,8.8,,-22
1919,revolving,East,home_improvement,2023-11-05,809,787,8818.7,6677.76,14173.14,8.76,0,0,0,14.1,0.471,-22
1920,revolving,South,debt_consolidation,2022-11-18,679,681,11291.88,4936.43,11421.22,10.17,9,0,0,25.8,0.432,2
1921,revolving,West,debt_consolidation,2022-09-26,668,649,11024.38,1974.03,4767.1,6.5,13,0,0,27.6,0.414,-19
1922,revolving,East,auto,2021-05-13,734,726,24647.89,2464.79,5858.98,6.18,3,0,0,44.3,0.421,-8
1923,revolving,South,home_improvement,2022-09-09,590,558,20151.5,3335.87,9378.13,11.92,12,0,0,28.2,0.356,-32
1924,revolving,West,home_improvement,2022-04-13,816,830,8896.77,4743.49,14187.93,8.95,0,0,0,33.1,0.334,14
1925,term,West,auto,2022-10-09,639,620,29582.47,6445.74,,6.86,9,0,1,27.2,,-19
1926,term,East,debt_consolidation,2021-11-26,733,731,1603.58,957.57,,10.62,1,0,0,37.7,,-2
1927,revolving,North,home_improvement,2024-10-09,680,664,21212.93,20118.36,33692.1,6.34,11,0,0,2.8,0.597,-16
1928,term,West,debt_consolidation,2024-01-16,618,589,24426.21,19984.57,,3.46,19,0,0,11.7,,-29
1929,term,East,home_improvement,2023-07-25,741,718,12077.68,7214.71,,4.05,2,1,0,17.5,,-23
1930,term,South,personal,2022-07-23,711,691,6627.88,4247.75,,8.81,6,0,0,29.8,,-20
1931,term,West,debt_consolidation,2022-02-21,850,837,25439.12,7784.61,,8.08,0,0,0,34.8,,-13
1932,term,West,auto,2022-04-27,703,693,4951.66,746.93,,8.03,4,0,0,32.7,,-10
1933,term,North,debt_consolidation,2022-02-22,641,615,13068.72,6083.78,,10.02,7,0,0,34.8,,-26
1934,revolving,West,debt_consolidation,2024-12-08,568,543,22422.28,21848.95,44954.26,3.0,13,1,0,0.8,0.486,-25
1935,revolving,West,home_improvement,2021-06-01,635,613,7982.64,3730.24,11129.02,10.6,11,0,0,43.7,0.335,-22
1936,term,North,debt_consolidation,2023-03-15,695,665,28641.5,10334.17,,6.75,5,0,0,21.9,,-30
1937,revolving,South,auto,2023-09-27,657,618,17678.96,10699.57,21167.53,9.14,10,0,0,15.4,0.505,-39
1938,term,North,home_improvement,2023-04-06,725,716,2279.16,1138.56,,11.21,7,0,0,21.2,,-9
1939,revolving,West,home_improvement,2022-01-04,701,687,10507.1,3839.67,6088.54,13.25,7,0,0,36.4,0.631,-14
1940,term,South,personal,2023-10-24,605,565,11280.35,6699.64,,6.12,12,0,0,14.5,,-40
1941,term,North,debt_consolidation,2023-09-04,655,596,14262.61,7702.92,,11.83,0,0,0,16.2,,-59
1942,revolving,East,personal,2024-08-03,628,607,11537.8,9820.59,15945.05,10.71,15,0,1,5.0,0.616,-21
1943,term,South,personal,2021-05-20,700,694,18432.1,4256.92,,8.41,8,1,0,44.1,,-6
1944,term,North,personal,2024-04-04,705,667,5460.22,4469.1,,10.61,8,0,0,9.1,,-38
1945,term,North,home_improvement,2021-06-23,643,619,6461.29,646.13,,7.49,12,0,0,42.9,,-24
1946,term,South,auto,2024-09-11,581,564,15807.0,14687.11,,5.73,14,0,0,3.7,,-17
1947,revolving,South,personal,2023-04-25,848,826,5768.51,2314.71,5123.17,12.24,0,0,0,20.6,0.452,-22
1948,revolving,South,home_improvement,2024-08-25,699,645,11198.7,10293.43,27589.35,8.29,12,0,0,4.3,0.373,-54
1949,term,West,personal,2021-10-17,699,694,11377.87,1137.79,,14.29,3,0,0,39.1,,-5
1950,revolving,West,home_improvement,2023-06-07,567,507,6882.84,4936.74,9171.09,13.56,19,0,0,19.1,0.538,-60
1951,revolving,North,debt_consolidation,2022-04-02,723,703,7303.37,793.72,2297.01,5.24,1,0,0,33.5,0.346,-20
1952,term,North,auto,2023-11-17,743,730,21939.18,16758.53,,13.95,3,0,0,13.7,,-13
1953,term,East,home_improvement,2022-01-31,700,671,17487.75,9543.08,,8.55,5,0,0,35.5,,-29
1954,term,South,personal,2022-01-03,688,694,4950.92,2158.47,,10.4,4,0,0,36.5,,6
1955,term,East,debt_consolidation,2024-04-08,688,664,30653.99,24809.26,,10.07,7,0,0,8.9,,-24
1956,term,South,auto,2024-08-02,626,602,42565.28,39060.54,,6.05,6,0,0,5.1,,-24
1957,term,North,debt_consolidation,2021-02-06,638,602,13209.58,2641.9,,7.84,12,0,0,47.5,,-36
1958,term,West,home_improvement,2021-10-25,666,643,34452.66,9801.37,,12.61,11,0,0,38.8,,-23
1959,term,South,home_improvement,2023-02-23,745,731,25502.62,10443.98,,9.89,1,0,0,22.6,,-14
1960,term,West,home_improvement,2021-01-27,696,667,8939.23,893.92,,5.16,3,0,0,47.8,,-29
1961,term,East,auto,2023-07-08,635,591,43985.59,31832.99,,11.89,14,0,0,18.1,,-44
1962,term,East,home_improvement,2023-10-09,641,590,27988.36,17292.18,,5.41,17,0,0,15.0,,-51
1963,revolving,West,debt_consolidation,2021-04-16,550,501,25087.61,9460.73,16927.93,11.84,14,0,0,45.2,0.559,-49
1964,term,North,home_improvement,2022-05-27,706,707,18200.9,4026.63,,13.62,4,1,0,31.7,,1
1965,term,East,auto,2022-08-13,667,613,16745.67,2153.38,,5.91,8,1,0,29.1,,-54
1966,revolving,West,home_improvement,2021-06-04,691,690,38781.91,7452.18,16828.33,12.37,7,0,0,43.6,0.443,-1
1967,revolving,East,debt_consolidation,2021-01-17,850,850,8544.34,2562.0,7114.56,11.9,0,0,0,48.2,0.36,0
1968,term,North,debt_consolidation,2023-01-17,653,623,3290.68,1355.14,,14.34,7,0,0,23.8,,-30
1969,term,East,personal,2024-02-21,692,689,22593.92,15926.26,,5.4,6,0,0,10.5,,-3
1970,revolving,North,debt_consolidation,2023-02-13,642,611,11162.15,5575.37,10958.48,5.06,13,0,0,22.9,0.509,-31
1971,term,North,auto,2021-03-24,669,636,6546.54,3151.81,,7.15,7,0,0,46.0,,-33
1972,term,East,home_improvement,2024-02-18,621,579,30215.06,24540.67,,5.57,11,1,0,10.6,,-42
1973,term,West,debt_consolidation,2021-06-22,614,576,4712.32,2256.17,,17.07,15,0,0,43.0,,-38
1974,term,North,home_improvement,2023-03-10,571,543,1904.05,1344.48,,9.17,18,0,0,22.1,,-28
1975,term,South,auto,2024-06-30,615,582,11343.62,9942.17,,9.26,16,0,0,6.2,,-33
1976,term,North,home_improvement,2023-01-01,693,661,31259.82,17295.56,,13.91,12,0,0,24.4,,-32
1977,revolving,East,home_improvement,2024-12-18,661,615,13983.59,13841.58,37381.02,7.28,12,0,0,0.5,0.37,-46
1978,term,South,auto,2021-01-03,666,616,23012.38,2301.24,,10.41,11,0,0,48.6,,-50
1979,term,West,debt_consolidation,2024-04-13,652,604,19236.16,14944.44,,4.32,9,0,0,8.8,,-48
1980,term,South,auto,2022-08-27,689,652,4402.83,1491.81,,8.06,6,0,0,28.6,,-37
1981,revolving,South,debt_consolidation,2024-10-23,685,711,16524.91,15784.05,46733.84,14.21,11,0,0,2.3,0.338,26
1982,revolving,South,auto,2024-12-02,681,671,22721.96,22124.22,60961.46,12.93,5,0,0,1.0,0.363,-10
1983,term,West,home_improvement,2023-09-24,660,652,24775.21,17707.81,,10.43,14,0,0,15.5,,-8
1984,term,West,home_improvement,2021-07-22,723,701,23525.99,3833.5,,8.55,3,0,0,42.0,,-22
1985,revolving,West,personal,2024-06-20,559,506,39475.95,32446.09,68329.85,9.2,16,0,0,6.5,0.475,-53
1986,term,North,home_improvement,2022-06-27,634,578,8707.1,5022.64,,10.36,12,0,0,30.6,,-56
1987,term,West,debt_consolidation,2024-08-19,632,608,20829.01,19865.9,,3.33,10,0,0,4.5,,-24
1988,revolving,North,home_improvement,2023-02-18,718,693,2341.23,1547.71,2497.7,14.02,5,0,0,22.8,0.62,-25
1989,term,North,auto,2023-02-13,647,615,13679.19,10054.49,,4.33,14,0,0,22.9,,-32
1990,term,West,auto,2024-02-27,621,577,9002.48,6812.61,,5.49,17,0,0,10.3,,-44
1991,term,East,home_improvement,2024-09-17,690,660,21209.02,19368.6,,3.0,5,0,0,3.5,,-30
1992,term,West,home_improvement,2023-10-23,728,680,4151.37,2500.13,,11.11,2,0,0,14.5,,-48
1993,term,West,debt_consolidation,2023-08-27,724,689,25957.36,21686.69,,14.87,5,0,0,16.4,,-35
1994,term,East,auto,2024-09-21,735,708,10263.13,9224.75,,5.12,7,1,0,3.4,,-27
1995,term,South,auto,2023-07-26,687,677,33666.45,20423.67,,7.22,8,0,0,17.5,,-10
1996,term,East,debt_consolidation,2022-04-27,696,663,4614.35,2044.72,,7.35,5,0,0,32.7,,-33
1997,term,North,personal,2021-03-07,664,655,21740.66,3662.25,,6.68,11,0,0,46.5,,-9
1998,term,North,auto,2022-10-01,660,630,17412.71,7893.2,,8.54,14,0,0,27.4,,-30
1999,revolving,North,personal,2022-04-22,621,572,7332.0,733.2,2126.66,8.5,10,0,0,32.8,0.345,-49
2000,revolving,West,home_improvement,2024-02-04,721,693,13789.85,11999.13,24901.78,11.64,4,0,0,11.1,0.482,-28
2001,term,West,personal,2023-06-03,572,546,2911.61,2254.14,,8.94,19,0,0,19.3,,-26
2002,term,North,debt_consolidation,2024-09-14,601,576,13128.12,12639.83,,4.66,18,1,0,3.6,,-25
2003,revolving,North,debt_consolidation,2023-02-15,792,763,17135.94,11905.11,33152.44,12.94,0,0,0,22.9,0.359,-29
2004,term,South,personal,2024-05-28,673,670,34309.87,27532.6,,13.25,11,1,0,7.3,,-3
2005,revolving,North,auto,2024-12-22,688,672,9376.62,9170.45,26086.52,7.39,5,0,0,0.3,0.352,-16
2006,term,North,auto,2022-10-13,607,596,27857.09,20191.21,,11.68,16,1,0,27.0,,-11
2007,revolving,North,auto,2021-09-14,709,689,34212.0,6759.27,17707.87,12.51,5,0,0,40.2,0.382,-20
2008,term,South,auto,2023-08-02,762,763,5869.06,3540.16,,8.84,0,0,0,17.3,,1
2009,revolving,North,auto,2021-06-19,767,743,11335.25,1133.52,2560.36,7.66,1,0,0,43.1,0.443,-24
2010,revolving,West,home_improvement,2022-04-06,589,566,24141.28,11496.44,23043.75,13.57,22,0,0,33.4,0.499,-23
2011,revolving,East,debt_consolidation,2022-03-05,750,719,18030.29,11739.95,23581.12,8.82,3,1,0,34.4,0.498,-31
2012,term,South,home_improvement,2024-10-02,680,676,25395.1,23158.95,,12.54,6,0,0,3.0,,-4
2013,term,West,debt_consolidation,2023-09-10,528,454,18116.32,14930.68,,16.38,24,1,0,16.0,,-74
2014,term,South,home_improvement,2021-04-17,587,577,13894.02,2545.68,,11.61,17,0,0,45.2,,-10
2015,term,North,auto,2021-02-01,567,504,5921.8,592.18,,4.69,15,0,1,47.7,,-63
2016,term,North,personal,2021-11-13,716,661,5682.11,568.21,,6.42,2,0,0,38.2,,-55
2017,revolving,North,personal,2021-08-09,668,623,54552.41,5455.24,11257.0,6.3,8,0,0,41.4,0.485,-45
2018,term,South,personal,2021-09-19,640,612,3251.53,1204.16,,10.41,8,1,0,40.0,,-28
2019,revolving,South,personal,2023-05-22,674,652,10872.92,4656.66,13624.95,3.0,6,0,0,19.7,0.342,-22
2020,term,East,auto,2023-09-01,785,776,9287.0,6917.53,,9.02,0,0,0,16.3,,-9
2021,term,North,personal,2023-09-01,662,623,7520.78,5211.41,,6.84,4,0,0,16.3,,-39
2022,term,North,personal,2021-04-07,699,673,12360.71,1236.07,,3.0,8,0,0,45.5,,-26
2023,revolving,West,auto,2023-01-20,717,688,5096.06,2112.05,3294.02,8.85,5,0,0,23.7,0.641,-29
2024,term,North,debt_consolidation,2023-08-16,607,573,14024.99,10667.72,,4.67,21,0,1,16.8,,-34
2025,term,South,personal,2021-10-18,713,695,19735.71,1973.57,,6.36,3,0,0,39.0,,-18
2026,revolving,South,home_improvement,2023-06-29,735,711,37792.41,30141.88,53359.78,11.33,4,0,0,18.4,0.565,-24
2027,revolving,South,personal,2023-05-27,740,722,39136.0,29740.68,68140.85,8.37,5,0,0,19.5,0.436,-18
2028,term,South,home_improvement,2022-07-11,671,623,49578.18,30342.48,,12.39,3,0,0,30.2,,-48
2029,term,South,home_improvement,2023-10-14,736,730,28556.74,20425.96,,11.5,4,0,0,14.8,,-6
2030,term,East,auto,2022-06-22,709,694,20605.17,10545.34,,12.41,7,0,0,30.8,,-15
2031,revolving,South,debt_consolidation,2021-10-23,684,661,4057.84,1586.06,4072.56,12.77,7,0,0,38.9,0.389,-23
2032,revolving,South,debt_consolidation,2022-08-14,734,700,28275.16,17967.76,52919.03,7.88,4,1,0,29.0,0.34,-34
2033,term,East,home_improvement,2024-07-01,784,755,11409.43,9820.45,,8.23,0,0,0,6.1,,-29
2034,term,South,personal,2022-08-27,735,710,8388.24,4221.87,,5.9,4,1,0,28.6,,-25
2035,revolving,East,auto,2022-08-30,675,665,2288.54,1559.06,2465.75,10.08,9,0,0,28.5,0.632,-10
2036,term,North,home_improvement,2023-12-26,650,606,14565.78,11568.35,,9.25,10,0,0,12.4,,-44
2037,term,West,home_improvement,2024-03-19,711,667,5002.79,3874.89,,5.72,4,0,0,9.6,,-44
2038,term,East,home_improvement,2024-12-19,689,650,4144.4,4094.87,,9.34,5,1,0,0.4,,-39
2039,revolving,West,home_improvement,2021-11-11,747,738,14017.3,3075.97,5998.52,11.78,4,0,0,38.2,0.513,-9
2040,term,North,personal,2021-08-15,622,595,13079.13,4029.5,,7.94,18,0,0,41.2,,-27
2041,term,West,personal,2024-09-23,742,731,14156.66,12887.44,,9.36,2,0,0,3.3,,-11
2042,term,East,auto,2023-01-18,596,551,18076.88,7509.22,,10.05,20,0,0,23.8,,-45
2043,term,North,auto,2023-03-14,669,641,7876.97,5106.68,,10.66,13,0,0,22.0,,-28
2044,revolving,West,home_improvement,2022-09-15,714,703,4711.82,1340.69,2832.97,10.7,4,0,1,28.0,0.473,-11
2045,term,East,debt_consolidation,2023-12-30,673,635,9439.15,7204.53,,7.86,11,1,0,12.3,,-38
2046,revolving,North,debt_consolidation,2024-11-12,706,706,34314.77,33301.2,71399.87,3.0,4,0,0,1.7,0.466,0
2047,term,South,personal,2024-10-05,763,755,4800.72,4467.05,,7.11,1,0,0,2.9,,-8
2048,term,East,personal,2023-01-24,645,611,10590.81,3237.8,,7.6,7,0,0,23.6,,-34
2049,term,West,home_improvement,2023-08-30,595,583,8163.91,5866.16,,13.06,19,0,0,16.3,,-12
2050,term,West,debt_consolidation,2023-04-01,611,571,20961.33,12648.99,,5.55,18,0,0,21.4,,-40
2051,revolving,South,auto,2024-09-26,674,627,3756.76,3408.16,5283.68,13.43,10,0,0,3.2,0.645,-47
2052,term,East,debt_consolidation,2023-03-10,754,734,22437.58,16858.16,,10.65,0,0,0,22.1,,-20
2053,term,South,debt_consolidation,2021-01-22,661,625,15283.0,1528.3,,11.39,11,0,0,48.0,,-36
2054,revolving,North,home_improvement,2023-11-23,809,796,20375.38,16546.03,29334.28,6.87,0,1,0,13.5,0.564,-13
2055,term,North,auto,2023-07-01,603,586,6909.57,4990.28,,5.88,17,0,0,18.3,,-17
2056,revolving,North,personal,2021-01-18,575,538,14922.69,1492.27,3352.74,13.99,19,0,0,48.1,0.445,-37
2057,term,West,home_improvement,2023-11-20,694,660,22391.6,15600.54,,6.1,9,0,0,13.6,,-34
2058,term,South,auto,2022-01-11,645,616,26244.6,12153.84,,6.17,11,0,0,36.2,,-29
2059,term,West,auto,2023-06-27,634,617,1325.64,792.82,,4.96,23,1,0,18.5,,-17
2060,term,East,auto,2021-01-14,681,640,16498.69,2661.65,,4.85,10,0,0,48.3,,-41
2061,term,South,debt_consolidation,2022-09-08,606,546,7828.01,3030.37,,9.41,15,0,0,28.2,,-60
2062,revolving,West,debt_consolidation,2024-01-30,712,679,14034.95,12007.92,32517.64,13.03,7,0,0,11.2,0.369,-33
2063,term,East,debt_consolidation,2021-08-10,691,658,14516.91,1451.69,,9.5,10,0,0,41.3,,-33
2064,term,North,home_improvement,2021-08-01,658,628,10701.81,1070.18,,10.59,5,1,0,41.6,,-30
2065,revolving,East,home_improvement,2021-09-12,692,659,33135.75,18855.32,38609.52,11.56,10,0,0,40.2,0.488,-33
2066,term,North,personal,2022-10-08,794,769,28084.16,9967.04,,3.0,0,0,0,27.2,,-25
2067,term,West,auto,2022-06-09,665,621,37880.93,12110.19,,9.63,7,0,0,31.2,,-44
2068,term,North,home_improvement,2022-05-15,650,607,4405.49,1779.31,,10.28,18,0,0,32.1,,-43
2069,term,West,home_improvement,2022-05-09,720,715,8098.59,2652.0,,5.03,7,0,0,32.3,,-5
2070,term,South,personal,2024-11-05,640,602,4021.01,3846.75,,11.07,10,0,0,1.9,,-38
2071,term,South,auto,2024-05-28,708,659,20564.42,17943.67,,7.48,5,0,0,7.3,,-49
2072,revolving,North,debt_consolidation,2021-03-22,729,697,5052.83,505.28,1229.2,8.5,3,0,0,46.0,0.411,-32
2073,term,North,home_improvement,2024-05-13,763,759,15536.15,13739.64,,14.65,0,0,0,7.8,,-4
2074,term,West,debt_consolidation,2021-08-13,660,624,9470.65,4670.76,,12.06,9,0,0,41.2,,-36
2075,revolving,West,home_improvement,2023-04-17,600,565,9089.46,6209.07,10161.27,10.82,15,0,0,20.8,0.611,-35
2076,revolving,East,home_improvement,2022-04-26,664,639,1966.01,1106.77,2953.1,10.28,9,0,0,32.7,0.375,-25
2077,term,West,home_improvement,2024-01-27,690,662,56339.56,45759.44,,6.37,10,0,0,11.3,,-28
2078,term,North,personal,2023-06-29,642,598,13986.73,8372.49,,7.34,15,0,0,18.4,,-44
2079,term,West,personal,2024-02-25,687,655,8789.32,6352.46,,9.34,5,0,0,10.4,,-32
2080,term,East,auto,2024-05-21,784,760,25840.0,23366.23,,5.95,0,0,0,7.5,,-24
2081,term,South,personal,2024-05-14,645,615,42027.57,36393.96,,6.53,11,1,0,7.7,,-30
2082,term,North,auto,2022-08-26,631,633,36537.28,22375.9,,7.11,13,0,0,28.6,,2
2083,revolving,West,auto,2022-02-27,736,705,48150.28,11879.92,29422.25,15.33,2,0,0,34.6,0.404,-31
2084,revolving,South,home_improvement,2023-01-12,605,596,17580.65,7216.9,16960.13,12.54,14,0,1,24.0,0.426,-9
2085,term,West,home_improvement,2022-03-08,680,637,32691.66,10989.51,,9.23,8,0,0,34.3,,-43
2086,term,East,home_improvement,2023-01-30,648,608,12640.92,9629.67,,5.58,13,1,0,23.4,,-40
2087,revolving,East,auto,2023-03-07,580,529,34209.85,13576.22,23523.6,9.23,12,0,1,22.2,0.577,-51
2088,term,North,home_improvement,2024-09-06,671,632,30834.61,27336.96,,8.67,10,1,0,3.9,,-39
2089,term,North,home_improvement,2023-02-20,642,631,15211.54,9454.98,,14.18,9,0,0,22.7,,-11
2090,term,West,personal,2021-12-08,710,686,3907.84,1212.14,,13.65,7,0,0,37.3,,-24
2091,term,North,debt_consolidation,2023-10-24,691,640,10231.53,8051.2,,6.24,7,1,0,14.5,,-51
2092,revolving,East,personal,2023-01-21,690,651,17620.92,11493.18,30032.8,11.1,7,0,0,23.7,0.383,-39
2093,term,West,debt_consolidation,2024-08-22,623,556,7567.09,6611.12,,7.27,13,0,0,4.4,,-67
2094,term,South,personal,2022-10-03,646,614,24248.44,10391.89,,6.11,8,0,0,27.4,,-32
2095,term,North,personal,2024-10-10,695,668,16642.97,15456.83,,12.7,4,0,0,2.8,,-27
2096,revolving,West,debt_consolidation,2021-02-21,626,589,12908.61,1290.86,2768.12,9.91,8,0,0,47.0,0.466,-37
2097,revolving,South,auto,2021-06-15,677,668,8273.86,1543.89,3485.13,17.19,14,0,0,43.2,0.443,-9
2098,term,West,home_improvement,2024-06-25,700,660,4112.4,3786.3,,8.2,6,0,0,6.3,,-40
2099,term,North,personal,2022-06-06,724,705,8081.13,5431.63,,6.2,5,0,0,31.3,,-19
2100,term,South,auto,2021-03-29,647,605,1350.56,405.03,,6.81,13,0,0,45.8,,-42
2101,term,East,auto,2023-01-28,656,643,9105.86,5688.3,,9.17,5,0,1,23.5,,-13
2102,revolving,North,home_improvement,2024-06-16,691,641,24152.19,21623.27,47807.53,5.54,11,0,0,6.6,0.452,-50
2103,revolving,East,auto,2021-11-04,636,596,24033.57,8401.57,24318.53,7.75,9,0,0,38.5,0.345,-40
2104,term,West,auto,2021-09-21,597,592,12755.25,7359.39,,5.49,16,0,0,39.9,,-5
2105,term,East,auto,2022-07-24,701,668,20237.68,7282.31,,6.88,5,0,0,29.7,,-33
2106,term,South,personal,2022-11-20,664,614,10876.98,6718.61,,6.92,11,0,0,25.8,,-50
2107,revolving,South,personal,2024-11-12,712,692,5617.65,5390.96,9446.28,10.44,7,0,0,1.7,0.571,-20
2108,term,East,personal,2021-10-17,645,636,21514.21,10009.86,,8.06,12,0,0,39.1,,-9
2109,term,North,debt_consolidation,2022-02-20,685,665,10925.75,5694.34,,8.27,7,0,0,34.9,,-20
2110,term,South,debt_consolidation,2023-10-01,571,539,17828.42,9850.25,,7.28,18,0,0,15.3,,-32
2111,revolving,East,home_improvement,2021-09-07,716,677,18309.09,1830.91,4071.9,4.41,6,0,1,40.4,0.45,-39
2112,revolving,East,debt_consolidation,2024-06-22,647,625,3222.84,2854.81,5451.99,6.8,17,0,0,6.4,0.524,-22
2113,term,East,home_improvement,2023-01-12,671,634,2287.19,1728.89,,13.51,12,0,0,24.0,,-37
2114,term,West,debt_consolidation,2024-11-18,670,630,1000.0,966.13,,4.84,11,0,0,1.5,,-40
2115,term,North,home_improvement,2023-07-20,659,606,18399.75,13176.81,,7.9,10,0,0,17.7,,-53
2116,revolving,West,personal,2023-07-25,683,649,8045.42,6038.72,11679.89,6.16,11,0,0,17.5,0.517,-34
2117,term,South,auto,2022-04-06,680,632,27655.72,3364.04,,10.26,5,0,0,33.4,,-48
2118,revolving,South,auto,2023-08-14,693,656,25505.83,19594.96,41808.64,7.02,6,0,0,16.9,0.469,-37
2119,revolving,East,home_improvement,2024-10-31,604,567,13627.3,13172.3,31717.18,9.5,20,0,1,2.1,0.415,-37
2120,revolving,North,home_improvement,2021-12-22,726,721,19364.73,2552.86,5528.27,12.31,3,0,0,36.9,0.462,-5
2121,term,West,personal,2023-06-18,672,619,13276.13,7223.41,,8.74,10,0,0,18.8,,-53
2122,revolving,East,debt_consolidation,2024-02-13,700,675,20637.18,17955.21,38766.51,6.95,7,0,0,10.8,0.463,-25
2123,term,South,home_improvement,2022-05-22,672,651,21541.77,2154.18,,13.02,8,0,0,31.8,,-21
2124,term,North,personal,2022-12-08,616,572,12171.74,4782.85,,7.92,15,0,0,25.2,,-44
2125,revolving,West,debt_consolidation,2023-02-10,831,807,15244.74,10707.73,24759.81,10.74,0,0,0,23.0,0.432,-24
2126,revolving,East,home_improvement,2024-09-05,687,682,5052.53,4702.59,12791.38,7.45,6,0,0,3.9,0.368,-5
2127,term,South,auto,2024-04-14,585,533,21142.24,16207.43,,10.96,19,0,0,8.7,,-52
2128,term,South,debt_consolidation,2022-01-14,674,672,12683.95,7147.66,,11.14,11,0,0,36.1,,-2
2129,revolving,South,auto,2024-04-19,656,634,16016.43,14615.33,28404.83,13.95,11,1,0,8.6,0.515,-22
2130,term,North,personal,2024-11-16,670,668,12100.57,11813.72,,7.9,12,1,0,1.5,,-2
2131,term,North,auto,2021-06-24,581,556,10389.61,1038.96,,12.23,14,0,0,42.9,,-25
2132,term,South,auto,2022-06-23,681,624,19943.03,9113.83,,11.12,4,0,0,30.8,,-57
2133,revolving,South,debt_consolidation,2021-11-25,627,605,25906.72,5048.82,10119.59,8.43,10,0,0,37.8,0.499,-22
2134,term,North,auto,2023-11-10,768,733,13560.0,11653.24,,6.04,0,0,0,13.9,,-35
2135,term,East,personal,2023-05-18,673,647,3257.19,2527.55,,4.19,7,0,0,19.8,,-26
2136,term,East,home_improvement,2024-11-18,723,713,18191.74,17558.86,,8.33,3,0,0,1.5,,-10
2137,revolving,East,home_improvement,2021-06-29,733,713,13546.66,5612.43,8759.43,7.42,3,0,0,42.7,0.641,-20
2138,term,South,debt_consolidation,2021-05-10,706,681,15538.99,2071.53,,9.26,4,0,0,44.4,,-25
2139,revolving,West,debt_consolidation,2022-11-09,689,668,6700.13,2805.0,4976.14,6.92,4,0,0,26.1,0.564,-21
2140,term,South,personal,2022-10-03,745,758,65098.0,14796.69,,11.02,4,0,0,27.4,,13
2141,revolving,West,home_improvement,2023-07-28,642,629,34655.42,24407.66,56855.84,8.26,12,0,0,17.4,0.429,-13
2142,term,West,auto,2024-04-24,724,668,6632.02,6062.98,,9.42,4,1,0,8.4,,-56
2143,term,North,auto,2022-12-05,655,646,10085.53,3667.01,,4.41,13,0,0,25.3,,-9
2144,term,South,auto,2024-11-11,685,658,29072.38,28521.77,,8.95,11,0,0,1.7,,-27
2145,term,West,personal,2021-03-10,607,576,34732.49,15238.93,,11.72,15,0,0,46.4,,-31
2146,term,East,personal,2021-04-28,601,571,12163.47,5769.22,,8.23,20,0,0,44.8,,-30
2147,term,South,auto,2023-10-29,675,663,5986.74,3461.39,,3.9,11,0,0,14.3,,-12
2148,term,East,personal,2023-10-09,744,699,19113.19,14384.56,,7.81,3,0,0,15.0,,-45
2149,term,North,personal,2023-07-01,667,635,3037.7,2045.7,,11.92,6,0,0,18.3,,-32
2150,term,North,personal,2022-08-11,781,772,5652.5,3512.56,,4.74,0,0,0,29.1,,-9
2151,revolving,West,auto,2022-04-13,703,690,10775.62,1366.21,3527.85,3.0,3,0,0,33.1,0.387,-13
2152,term,North,personal,2022-10-16,669,671,19781.69,10146.38,,8.79,9,0,0,26.9,,2
2153,revolving,North,debt_consolidation,2024-05-28,768,753,6612.59,5276.38,12262.8,4.79,0,0,0,7.3,0.43,-15
2154,term,North,debt_consolidation,2022-01-17,758,738,35124.89,5751.41,,3.82,2,0,0,36.0,,-20
2155,term,South,personal,2023-12-03,598,546,8856.96,7453.09,,8.68,13,0,0,13.2,,-52
2156,term,East,auto,2022-07-08,677,640,16287.95,3975.75,,13.59,14,0,0,30.3,,-37
2157,term,East,home_improvement,2023-03-25,710,673,12896.42,8357.12,,7.23,5,0,0,21.6,,-37
2158,revolving,East,auto,2024-04-13,723,702,17505.91,15192.83,33568.71,4.08,5,0,0,8.8,0.453,-21
2159,term,South,auto,2024-09-29,716,681,9466.4,9049.6,,3.0,6,0,0,3.1,,-35
2160,term,East,personal,2021-09-15,670,630,6105.11,783.88,,9.56,13,1,1,40.1,,-40
2161,term,West,home_improvement,2022-09-06,661,629,13143.85,4783.81,,9.63,5,0,0,28.3,,-32
2162,revolving,East,personal,2021-08-21,673,638,2364.67,1182.97,1987.14,8.53,8,0,0,41.0,0.595,-35
2163,revolving,South,debt_consolidation,2023-04-18,635,564,3611.69,2473.33,4610.62,11.83,14,1,0,20.8,0.536,-71
2164,term,East,personal,2023-11-23,598,558,21778.57,15488.57,,11.47,14,0,0,13.5,,-40
2165,term,South,home_improvement,2024-04-10,711,683,19364.94,16963.68,,5.57,9,0,0,8.9,,-28
2166,term,West,home_improvement,2024-01-17,714,682,35468.54,29804.0,,12.3,7,0,0,11.7,,-32
2167,term,East,debt_consolidation,2024-12-06,785,757,6980.3,6834.51,,9.24,0,0,0,0.9,,-28
2168,term,North,auto,2024-12-26,644,641,18232.36,17688.64,,7.84,5,0,0,0.2,,-3
2169,term,North,auto,2024-06-02,701,665,8367.75,7118.83,,5.36,11,0,0,7.1,,-36
2170,term,South,auto,2023-07-03,664,630,38137.5,26307.82,,6.25,9,0,0,18.3,,-34
2171,term,South,personal,2021-03-30,671,663,15817.63,8576.83,,5.66,12,0,0,45.8,,-8
2172,term,South,personal,2021-10-12,642,603,9952.55,4772.88,,13.1,9,0,0,39.2,,-39
2173,term,South,home_improvement,2021-06-29,682,651,19130.9,4970.25,,7.67,7,0,0,42.7,,-31
2174,term,North,home_improvement,2024-09-02,763,705,6130.85,5507.03,,9.15,2,0,0,4.0,,-58
2175,revolving,North,auto,2023-06-03,654,616,23898.28,14106.85,30344.75,3.0,10,0,0,19.3,0.465,-38
2176,term,West,personal,2024-09-18,704,686,22893.43,20940.73,,5.34,5,0,0,3.5,,-18
2177,term,West,home_improvement,2022-11-24,644,638,9252.81,3471.08,,6.73,11,0,1,25.6,,-6
2178,term,West,debt_consolidation,2022-09-17,592,547,21149.7,8388.48,,14.89,19,0,0,27.9,,-45
2179,term,North,auto,2021-03-18,670,629,2685.95,1246.83,,8.08,10,0,0,46.2,,-41
2180,term,West,personal,2024-03-17,794,777,5134.51,3919.33,,7.99,0,0,0,9.7,,-17
2181,revolving,South,debt_consolidation,2023-04-15,631,598,14260.1,6915.64,10517.98,4.84,10,0,0,20.9,0.658,-33
2182,term,West,debt_consolidation,2024-10-13,622,588,49417.52,47013.3,,7.06,10,0,0,2.7,,-34
2183,term,North,auto,2023-07-28,627,605,5680.5,3020.14,,7.08,10,0,0,17.4,,-22
2184,term,North,home_improvement,2024-02-01,788,793,27884.79,19239.99,,12.28,0,0,0,11.2,,5
2185,term,West,personal,2022-02-02,746,731,11267.56,1414.4,,3.0,3,0,0,35.5,,-15
2186,term,South,debt_consolidation,2021-12-03,718,704,10835.22,5484.34,,3.77,5,0,0,37.5,,-14
2187,revolving,South,auto,2022-04-11,761,756,4237.66,648.58,1009.32,9.54,2,0,0,33.2,0.643,-5
2188,revolving,East,auto,2024-10-18,734,734,15282.67,14214.21,24903.03,11.24,3,0,0,2.5,0.571,0
2189,term,North,auto,2023-11-02,673,653,11678.24,7126.91,,6.05,4,1,0,14.2,,-20
2190,term,South,personal,2022-07-11,652,612,10446.42,1515.92,,12.42,9,0,0,30.2,,-40
2191,term,West,auto,2024-07-29,741,735,3828.3,3276.5,,8.54,5,0,0,5.2,,-6
2192,term,North,home_improvement,2022-12-18,686,690,19957.94,8182.5,,5.53,10,0,0,24.8,,4
2193,revolving,North,personal,2023-04-05,624,584,6404.88,3018.19,5296.8,5.09,10,0,0,21.2,0.57,-40
2194,revolving,North,home_improvement,2021-05-06,711,692,9756.27,4767.66,11478.24,9.71,7,0,0,44.5,0.415,-19
2195,term,North,debt_consolidation,2022-10-06,660,640,15777.6,11226.68,,10.53,10,0,0,27.3,,-20
2196,term,South,auto,2021-07-04,746,731,4583.84,458.38,,3.0,3,0,0,42.6,,-15
2197,term,West,personal,2024-08-21,621,598,7158.59,6836.62,,7.08,18,1,0,4.4,,-23
2198,term,West,personal,2022-07-13,714,677,14249.34,5623.25,,4.11,6,0,0,30.1,,-37
2199,term,East,debt_consolidation,2023-01-25,689,677,22593.8,9276.1,,8.89,5,0,0,23.6,,-12
2200,revolving,North,home_improvement,2022-12-15,690,684,20161.94,9758.94,20463.31,8.45,5,0,1,24.9,0.477,-6
2201,revolving,East,auto,2023-05-21,696,660,9924.06,4604.65,12010.87,7.81,6,0,0,19.7,0.383,-36
2202,revolving,North,personal,2024-12-06,668,626,4337.3,4213.98,8241.02,15.75,6,0,0,0.9,0.511,-42
2203,term,West,auto,2021-01-12,710,685,5153.48,1128.56,,13.39,5,0,0,48.3,,-25
2204,revolving,West,auto,2024-11-30,696,675,9413.33,9201.25,22768.76,10.06,6,0,0,1.1,0.404,-21
2205,revolving,West,personal,2022-12-05,686,659,10006.05,7327.12,16260.46,6.03,10,0,0,25.3,0.451,-27
2206,revolving,East,auto,2022-06-11,752,732,8958.91,3910.98,10777.89,6.32,1,0,0,31.2,0.363,-20
2207,term,West,debt_consolidation,2021-12-25,599,561,12439.75,1243.97,,12.65,15,0,0,36.8,,-38
2208,term,South,personal,2021-03-07,715,697,25988.36,9104.47,,4.97,4,0,0,46.5,,-18
2209,revolving,North,home_improvement,2024-04-16,693,640,16839.86,13305.83,26138.4,9.71,7,0,0,8.7,0.509,-53
2210,term,West,debt_consolidation,2022-08-14,710,674,1665.09,1128.09,,14.84,2,0,0,29.0,,-36
2211,term,North,debt_consolidation,2022-09-24,716,688,23405.28,7015.55,,3.89,7,0,0,27.7,,-28
2212,revolving,West,home_improvement,2021-12-04,719,704,25322.0,9609.93,18141.73,12.52,3,0,0,37.5,0.53,-15
2213,term,East,debt_consolidation,2021-08-09,656,643,5536.77,553.68,,10.86,7,0,0,41.4,,-13
2214,revolving,South,personal,2021-10-26,640,629,13902.46,1390.25,4057.21,9.98,13,1,0,38.8,0.343,-11
2215,term,North,personal,2023-07-18,708,669,34262.72,28164.25,,9.75,3,0,0,17.8,,-39
2216,term,East,auto,2023-07-22,768,726,38543.28,25436.79,,9.87,0,0,0,17.6,,-42
2217,revolving,West,personal,2024-11-25,667,619,8469.24,8273.43,18777.9,10.38,5,0,0,1.2,0.441,-48
2218,term,South,home_improvement,2024-12-04,619,568,23320.63,22926.3,,7.2,16,0,0,0.9,,-51
2219,revolving,South,auto,2024-04-09,727,683,8394.98,7108.17,16986.18,10.31,2,0,0,8.9,0.418,-44
2220,term,East,debt_consolidation,2024-07-12,629,584,19512.46,17317.19,,7.52,16,0,0,5.8,,-45
2221,term,South,home_improvement,2021-10-04,698,668,1695.85,293.64,,6.5,5,0,0,39.5,,-30
2222,term,North,home_improvement,2024-06-21,619,614,5513.73,4947.03,,7.78,10,0,0,6.5,,-5
2223,revolving,West,home_improvement,2021-11-17,662,610,13700.32,1370.03,3645.06,8.2,14,0,0,38.0,0.376,-52
2224,term,South,auto,2023-08-17,679,653,18579.56,9656.27,,14.22,13,0,0,16.8,,-26
2225,term,West,home_improvement,2021-03-14,662,622,8112.14,2527.11,,12.35,13,0,0,46.3,,-40
2226,term,South,home_improvement,2024-12-05,694,650,30056.45,29403.42,,9.47,11,0,0,0.9,,-44
2227,revolving,North,home_improvement,2021-07-25,699,699,16256.9,4661.28,12653.64,4.82,9,0,0,41.9,0.368,0
2228,term,West,debt_consolidation,2022-07-02,649,611,39572.42,14467.73,,6.47,11,0,1,30.5,,-38
2229,revolving,North,personal,2021-12-17,646,614,8980.92,898.09,1452.36,13.97,11,0,0,37.0,0.618,-32
2230,term,South,home_improvement,2022-03-06,755,746,18088.33,11729.51,,5.16,1,0,0,34.4,,-9
2231,term,East,debt_consolidation,2024-05-18,665,630,12383.4,11263.31,,11.03,4,0,0,7.6,,-35
2232,term,West,auto,2021-09-30,697,648,31277.76,3127.78,,7.1,5,0,0,39.6,,-49
2233,revolving,West,personal,2021-12-27,597,583,6634.87,3146.03,6734.56,10.81,16,0,1,36.7,0.467,-14
2234,term,North,home_improvement,2021-11-04,787,759,18770.02,4648.94,,9.48,0,0,0,38.5,,-28
2235,revolving,North,personal,2024-02-12,707,689,4999.21,3596.35,9740.15,9.54,6,0,0,10.8,0.369,-18
2236,term,East,auto,2024-12-25,558,514,15069.76,14912.05,,5.74,21,0,0,0.2,,-44
2237,revolving,North,personal,2021-12-14,619,586,9202.84,2839.14,6295.87,10.11,14,0,0,37.1,0.451,-33
2238,term,East,debt_consolidation,2022-08-23,636,611,23575.4,14960.02,,8.88,17,1,0,28.7,,-25
2239,revolving,North,debt_consolidation,2023-03-16,782,771,17158.75,7834.29,17961.83,8.41,0,0,0,21.9,0.436,-11
2240,term,South,auto,2024-10-10,831,823,11271.41,10827.6,,6.59,0,0,0,2.8,,-8
2241,revolving,South,home_improvement,2022-08-27,711,679,29439.7,15133.09,37270.23,7.67,6,1,0,28.6,0.406,-32
2242,revolving,East,personal,2024-11-22,745,706,15070.62,14610.75,23370.53,5.93,4,0,0,1.3,0.625,-39
2243,term,South,personal,2022-07-02,754,713,39755.2,18400.71,,7.99,0,0,0,30.5,,-41
2244,term,East,auto,2021-06-12,613,582,1992.05,775.21,,10.37,13,0,0,43.3,,-31
2245,revolving,South,home_improvement,2023-08-04,675,650,8837.35,4715.52,13977.18,4.65,7,0,0,17.2,0.337,-25
2246,revolving,East,auto,2022-07-28,674,642,20311.82,6777.55,11199.47,8.91,10,0,0,29.6,0.605,-32
2247,revolving,West,personal,2022-07-04,762,741,27073.84,6343.55,14531.26,7.22,2,0,0,30.4,0.437,-21
2248,revolving,East,auto,2022-09-19,805,783,18104.12,3469.91,6040.7,12.79,0,0,0,27.8,0.574,-22
2249,term,South,auto,2022-12-26,812,824,14019.09,6944.33,,7.85,0,0,0,24.6,,12
2250,term,North,home_improvement,2024-07-12,709,668,7146.28,6109.49,,8.75,3,0,0,5.8,,-41
2251,term,West,debt_consolidation,2021-01-13,703,660,11207.5,1120.75,,10.14,8,0,0,48.3,,-43
2252,term,North,personal,2024-06-16,653,626,5326.93,4635.02,,14.11,12,0,1,6.6,,-27
2253,term,West,auto,2023-05-29,683,654,3761.73,1882.54,,10.13,2,0,1,19.4,,-29
2254,term,West,home_improvement,2022-04-25,743,709,8977.44,897.74,,16.18,0,0,0,32.7,,-34
2255,revolving,East,debt_consolidation,2022-06-29,737,702,3048.57,1379.06,3017.1,12.46,0,0,0,30.6,0.457,-35
2256,revolving,East,personal,2022-07-11,713,687,22659.51,14245.21,28303.68,8.66,4,0,0,30.2,0.503,-26
2257,term,West,home_improvement,2023-03-27,629,593,8562.31,5358.34,,3.0,13,0,0,21.5,,-36
2258,term,South,home_improvement,2022-08-20,796,757,18582.11,8203.94,,6.76,0,0,0,28.8,,-39
2259,term,West,home_improvement,2024-09-09,708,687,26970.71,24079.41,,10.94,3,0,0,3.8,,-21
2260,term,South,personal,2023-12-21,692,669,29514.82,22683.46,,5.21,5,0,0,12.6,,-23
2261,term,West,personal,2022-04-28,733,736,14649.46,8805.41,,3.18,5,0,0,32.6,,3
2262,revolving,South,home_improvement,2021-04-16,641,615,21640.37,2164.04,3371.01,9.78,11,0,0,45.2,0.642,-26
2263,revolving,East,personal,2024-12-24,636,614,11073.2,10912.17,20190.41,4.21,16,0,0,0.3,0.54,-22
2264,revolving,West,debt_consolidation,2022-04-04,657,637,26652.7,16404.97,40351.39,9.25,7,0,0,33.4,0.407,-20
2265,term,West,debt_consolidation,2024-04-03,619,603,29681.1,24002.66,,8.41,15,0,0,9.1,,-16
2266,term,South,home_improvement,2021-02-10,687,645,8760.9,1123.9,,4.5,2,0,0,47.4,,-42
2267,term,South,debt_consolidation,2024-03-19,557,518,25580.34,22788.96,,14.68,16,0,0,9.6,,-39
2268,term,West,home_improvement,2022-07-08,651,618,7049.72,704.97,,6.97,6,0,0,30.3,,-33
2269,revolving,South,auto,2023-12-18,561,531,26166.7,17025.68,26352.85,11.93,15,0,1,12.7,0.646,-30
2270,revolving,East,personal,2023-03-31,664,628,12892.39,9834.04,23951.99,12.87,5,0,1,21.4,0.411,-36
2271,term,East,home_improvement,2023-12-13,667,666,10049.87,8110.14,,6.72,11,0,0,12.8,,-1
2272,term,West,home_improvement,2023-12-09,750,736,13204.84,9536.72,,15.23,1,0,0,13.0,,-14
2273,term,West,auto,2021-07-09,697,683,7281.62,728.16,,6.43,3,0,0,42.4,,-14
2274,term,South,debt_consolidation,2023-08-06,633,591,19671.11,15670.72,,8.67,12,0,0,17.1,,-42
2275,term,East,debt_consolidation,2023-03-20,656,625,17451.79,9446.69,,9.89,14,0,0,21.8,,-31
2276,term,North,auto,2024-04-03,765,739,8895.68,6493.71,,4.76,1,0,0,9.1,,-26
2277,term,East,debt_consolidation,2023-07-04,614,577,15100.1,10412.69,,8.47,15,0,1,18.2,,-37
2278,term,South,home_improvement,2023-08-12,808,807,35948.97,26692.18,,10.94,1,0,0,16.9,,-1
2279,term,South,debt_consolidation,2023-11-14,705,684,11076.96,7463.06,,10.02,3,0,0,13.8,,-21
2280,revolving,West,debt_consolidation,2021-11-15,602,549,3897.51,2099.52,5221.28,12.95,20,0,0,38.1,0.402,-53
2281,revolving,East,debt_consolidation,2022-04-29,617,557,9741.27,1429.25,3277.85,5.44,11,0,0,32.6,0.436,-60
2282,term,West,home_improvement,2022-07-21,729,729,19875.64,11817.34,,8.27,7,0,0,29.8,,0
2283,term,South,auto,2024-03-01,724,679,11817.48,9620.63,,7.44,4,0,0,10.2,,-45
2284,term,West,auto,2023-11-15,705,671,10524.18,8727.0,,6.27,5,0,0,13.8,,-34
2285,term,West,personal,2023-04-09,686,680,27730.54,20729.1,,8.1,10,0,0,21.1,,-6
2286,term,West,auto,2023-11-21,673,637,11489.6,8495.91,,9.66,13,0,0,13.6,,-36
2287,term,West,personal,2022-02-09,633,595,6061.77,1635.16,,6.88,14,0,0,35.2,,-38
2288,revolving,North,debt_consolidation,2022-08-29,703,675,4420.12,2576.52,6952.12,6.82,7,0,0,28.5,0.371,-28
2289,term,South,auto,2021-09-10,777,756,13931.75,4814.26,,9.99,1,0,0,40.3,,-21
2290,term,East,debt_consolidation,2021-01-05,678,642,19508.7,1950.87,,12.66,7,0,0,48.6,,-36
2291,term,West,debt_consolidation,2024-09-09,695,661,26042.31,23357.57,,12.32,10,0,0,3.8,,-34
2292,term,East,debt_consolidation,2022-04-25,741,737,17442.76,1744.28,,10.43,0,0,0,32.7,,-4
2293,term,East,home_improvement,2022-10-07,648,623,12660.92,3478.83,,5.56,12,0,0,27.2,,-25
2294,term,East,personal,2022-02-04,704,665,6956.14,1276.79,,6.06,8,0,0,35.4,,-39
2295,term,South,personal,2023-05-09,727,734,5756.59,2635.61,,7.16,5,0,0,20.1,,7
2296,term,West,home_improvement,2022-10-14,635,626,5930.3,2147.52,,7.52,9,0,0,27.0,,-9
2297,term,East,debt_consolidation,2024-05-01,602,577,31902.02,29201.63,,9.75,16,0,0,8.2,,-25
2298,term,West,home_improvement,2021-05-01,666,638,23474.09,2347.41,,7.08,8,0,0,44.7,,-28
2299,term,West,auto,2022-03-26,731,703,5623.75,1601.5,,10.23,2,0,0,33.7,,-28
2300,term,East,personal,2022-04-01,591,570,11234.42,1285.74,,5.92,9,0,0,33.5,,-21
2301,term,North,debt_consolidation,2023-07-28,694,705,20349.99,13228.81,,12.39,17,0,0,17.4,,11
2302,revolving,South,debt_consolidation,2021-08-14,668,674,15610.94,1561.09,4175.13,8.61,6,0,0,41.2,0.374,6
2303,term,West,debt_consolidation,2024-02-07,666,626,7359.96,6546.38,,10.51,11,0,0,11.0,,-40
2304,revolving,West,debt_consolidation,2024-03-22,698,692,6605.14,5240.3,8062.05,9.18,4,0,0,9.5,0.65,-6
2305,revolving,North,home_improvement,2024-10-09,578,531,51002.95,47077.5,118089.23,5.3,18,0,0,2.8,0.399,-47
2306,revolving,South,personal,2021-06-23,751,752,8156.21,815.62,2012.25,11.12,0,0,0,42.9,0.405,1
2307,term,East,personal,2023-06-16,626,591,8640.96,4831.02,,6.49,14,1,0,18.8,,-35
2308,term,South,auto,2023-04-26,701,683,12200.54,9331.15,,7.54,10,0,0,20.5,,-18
2309,term,East,personal,2023-07-17,722,686,25575.43,20597.58,,3.52,2,0,0,17.8,,-36
2310,term,East,auto,2022-02-17,767,724,17247.63,9190.32,,6.65,0,0,0,35.0,,-43
2311,term,North,debt_consolidation,2022-01-11,677,655,3660.12,1095.96,,6.7,13,0,0,36.2,,-22
2312,term,West,personal,2024-10-05,592,556,4849.03,4529.43,,7.08,13,1,0,2.9,,-36
2313,revolving,South,personal,2024-09-10,584,525,76710.81,72145.79,208700.66,9.91,16,0,1,3.8,0.346,-59
2314,term,South,personal,2021-04-30,756,745,8436.83,843.68,,9.91,1,1,0,44.7,,-11
2315,revolving,East,auto,2024-10-10,646,605,18580.57,17249.93,28569.25,15.78,10,0,0,2.8,0.604,-41
2316,term,North,auto,2023-10-10,657,596,4019.85,3038.21,,11.68,6,0,0,15.0,,-61
2317,term,North,personal,2023-12-31,612,567,16259.45,12203.16,,14.57,17,0,0,12.2,,-45
2318,term,East,home_improvement,2022-05-13,656,654,15187.02,2889.19,,5.47,16,0,1,32.1,,-2
2319,term,North,home_improvement,2023-09-27,784,778,4420.94,2392.27,,8.84,0,0,0,15.4,,-6
2320,term,West,home_improvement,2024-11-08,681,662,19123.83,18618.22,,13.45,8,0,0,1.8,,-19
2321,revolving,North,debt_consolidation,2024-01-16,631,612,16745.76,13079.74,36252.81,9.72,17,1,0,11.7,0.361,-19
2322,term,North,home_improvement,2024-10-19,742,710,21251.32,20706.93,,9.54,1,0,0,2.5,,-32
2323,term,West,debt_consolidation,2022-02-14,530,465,21887.89,4261.41,,10.88,23,1,1,35.1,,-65
2324,term,East,home_improvement,2021-10-04,679,645,23978.56,13723.74,,4.75,8,0,0,39.5,,-34
2325,revolving,North,debt_consolidation,2023-09-11,658,635,18060.6,10708.35,32073.73,13.11,10,0,0,15.9,0.334,-23
2326,term,East,personal,2024-05-17,663,636,26504.22,23055.27,,6.06,8,0,0,7.6,,-27
2327,revolving,East,debt_consolidation,2021-05-07,593,554,1794.8,485.01,850.81,7.07,9,0,0,44.5,0.57,-39
2328,term,East,home_improvement,2021-11-12,671,648,24315.71,4118.65,,6.41,9,0,0,38.2,,-23
2329,term,West,home_improvement,2024-08-27,656,638,22257.68,20918.94,,9.26,8,0,0,4.2,,-18
2330,revolving,South,personal,2024-02-23,622,581,8415.93,6541.35,13431.42,10.14,12,0,0,10.4,0.487,-41
2331,term,East,home_improvement,2021-12-29,655,634,22406.33,8130.76,,7.65,8,0,0,36.6,,-21
2332,revolving,South,auto,2021-07-20,563,547,3437.01,1704.88,2559.07,5.2,16,0,0,42.0,0.666,-16
2333,term,South,home_improvement,2022-05-19,810,815,1753.21,448.4,,5.25,0,0,0,31.9,,5
2334,term,South,home_improvement,2023-09-02,474,416,3937.33,2350.6,,7.01,37,0,0,16.2,,-58
2335,term,East,personal,2024-10-22,671,660,5621.93,5248.43,,11.29,10,0,0,2.4,,-11
2336,term,West,debt_consolidation,2021-11-20,670,634,38553.44,4748.68,,3.0,7,0,0,37.9,,-36
2337,term,North,auto,2023-05-06,645,621,6734.78,3180.54,,13.8,12,1,1,20.2,,-24
2338,term,South,personal,2021-04-18,665,656,3463.99,606.8,,6.8,14,0,0,45.1,,-9
2339,term,South,debt_consolidation,2023-11-07,718,659,2517.46,1467.67,,10.27,6,0,0,14.0,,-59
2340,term,North,auto,2022-05-25,604,549,13382.84,6512.55,,9.79,16,0,0,31.7,,-55
2341,term,West,personal,2024-07-02,573,528,26749.54,23102.86,,7.3,15,1,0,6.1,,-45
2342,term,West,personal,2023-10-06,648,608,10682.67,7942.93,,10.63,13,1,1,15.1,,-40
2343,term,South,auto,2021-10-26,516,457,25029.11,2502.91,,3.0,21,0,0,38.8,,-59
2344,revolving,South,auto,2023-10-30,627,595,24403.06,15067.69,28056.82,9.1,14,0,0,14.3,0.537,-32
2345,term,South,auto,2022-10-18,647,609,40959.92,23160.27,,3.11,20,0,0,26.9,,-38
2346,term,West,auto,2021-02-20,685,662,15692.66,1569.27,,9.39,8,0,0,47.0,,-23
2347,revolving,East,home_improvement,2023-03-14,757,728,22449.89,16938.25,30484.37,11.43,0,0,0,22.0,0.556,-29
2348,term,South,home_improvement,2023-12-12,697,701,26833.75,22247.85,,6.42,5,0,0,12.9,,4
2349,term,North,debt_consolidation,2023-04-25,700,670,5526.57,2243.89,,17.57,3,0,0,20.6,,-30
2350,term,North,home_improvement,2022-06-08,636,612,5707.98,1532.46,,11.79,12,0,0,31.3,,-24
2351,revolving,South,debt_consolidation,2023-06-02,643,636,8499.59,6671.88,17660.74,11.49,9,0,0,19.3,0.378,-7
2352,term,East,auto,2021-04-04,644,597,4240.97,424.1,,8.54,14,0,0,45.6,,-47
2353,term,South,debt_consolidation,2024-05-03,672,641,29548.25,22991.76,,7.69,9,0,0,8.1,,-31
2354,revolving,North,home_improvement,2023-08-23,653,606,2782.97,2067.83,5421.35,12.71,9,0,0,16.6,0.381,-47
2355,term,North,home_improvement,2023-06-28,699,653,16318.4,12537.77,,15.45,11,0,0,18.4,,-46
2356,term,North,home_improvement,2023-10-12,717,669,12069.68,8689.26,,6.33,4,1,0,14.9,,-48
2357,revolving,East,home_improvement,2023-02-20,756,718,38606.49,12815.83,28093.47,7.58,2,0,0,22.7,0.456,-38
2358,term,South,auto,2021-06-05,696,692,33526.64,12529.57,,10.29,10,0,0,43.5,,-4
2359,term,West,personal,2021-05-01,699,658,11637.57,5910.95,,13.28,9,0,0,44.7,,-41
2360,term,South,auto,2021-10-30,749,734,29375.47,4666.55,,6.01,4,0,0,38.6,,-15
2361,revolving,East,personal,2024-12-22,723,715,10718.98,10473.47,29386.36,5.38,5,0,0,0.3,0.356,-8
2362,term,South,auto,2022-03-23,658,624,1400.14,815.69,,4.63,7,0,0,33.8,,-34
2363,revolving,South,auto,2024-11-28,617,607,9214.55,8997.28,22053.9,11.6,13,0,0,1.1,0.408,-10
2364,revolving,West,home_improvement,2024-10-03,651,618,29284.78,28312.33,78875.23,11.57,11,0,0,3.0,0.359,-33
2365,term,West,home_improvement,2021-10-19,630,604,15309.18,1530.92,,4.46,13,0,0,39.0,,-26
2366,revolving,West,auto,2024-11-05,687,664,19604.88,18781.67,48735.29,14.18,9,0,0,1.9,0.385,-23
2367,term,North,home_improvement,2021-04-22,709,658,12096.19,4573.47,,4.42,2,0,0,45.0,,-51
2368,term,South,personal,2024-02-23,655,640,17283.78,12466.42,,6.53,11,0,0,10.4,,-15
2369,term,South,debt_consolidation,2024-01-11,658,641,8337.19,5585.3,,4.57,12,0,0,11.9,,-17
2370,revolving,North,personal,2021-09-11,520,459,8668.11,866.81,2514.69,11.19,27,0,0,40.3,0.345,-61
2371,revolving,West,home_improvement,2023-05-09,645,606,6273.23,2632.38,5695.47,13.24,16,0,0,20.1,0.462,-39
2372,revolving,South,home_improvement,2022-10-04,850,850,19706.34,8685.24,16422.86,11.93,0,0,0,27.3,0.529,0
2373,revolving,South,auto,2023-12-02,747,719,13878.5,11821.38,28510.96,8.71,1,0,0,13.2,0.415,-28
2374,term,South,auto,2021-04-14,759,764,19598.21,3859.69,,9.2,1,0,0,45.3,,5
2375,term,East,auto,2024-08-22,709,709,1928.77,1684.39,,8.75,6,0,0,4.4,,0
2376,term,West,home_improvement,2021-01-31,735,701,22745.39,2274.54,,9.45,1,0,0,47.7,,-34
2377,term,West,home_improvement,2023-04-30,659,630,25210.79,14534.74,,10.57,9,0,0,20.4,,-29
2378,term,East,auto,2023-08-02,631,578,39758.06,23298.41,,8.28,7,0,0,17.3,,-53
2379,term,East,home_improvement,2022-05-10,769,740,31101.04,7840.77,,7.03,0,0,0,32.2,,-29
2380,term,North,debt_consolidation,2024-01-09,614,555,9500.31,6741.76,,11.2,15,1,0,11.9,,-59
2381,term,West,personal,2021-01-25,709,662,28762.7,2876.27,,3.8,4,0,0,47.9,,-47
2382,term,North,personal,2023-09-24,786,766,4097.97,2645.0,,11.31,0,0,0,15.5,,-20
2383,term,West,debt_consolidation,2023-11-25,737,719,4155.32,3297.88,,14.35,3,0,0,13.4,,-18
2384,term,South,personal,2021-04-21,664,636,20342.15,2034.21,,7.49,7,0,0,45.0,,-28
2385,term,East,debt_consolidation,2024-09-14,756,718,14812.07,13779.56,,8.44,2,0,0,3.6,,-38
2386,term,West,auto,2021-06-22,693,689,24250.68,5605.91,,8.67,4,1,0,43.0,,-4
2387,term,North,debt_consolidation,2022-06-19,671,648,15072.95,1640.56,,8.95,9,0,0,30.9,,-23
2388,term,West,auto,2021-04-01,724,693,13749.52,1374.95,,9.33,3,0,1,45.7,,-31
2389,term,West,personal,2023-02-23,627,588,12866.92,8732.68,,8.81,13,0,1,22.6,,-39
2390,term,West,debt_consolidation,2021-01-04,593,563,9282.76,928.28,,7.4,23,0,0,48.6,,-30
2391,term,South,personal,2024-10-06,665,671,23659.38,21625.72,,10.04,7,0,0,2.9,,6
2392,revolving,South,debt_consolidation,2022-05-10,640,625,23204.25,3725.08,9779.47,11.55,11,0,0,32.2,0.381,-15
2393,term,North,personal,2022-09-18,592,556,3352.43,1354.51,,7.65,17,0,1,27.9,,-36
2394,term,West,home_improvement,2023-04-01,681,655,10926.92,4392.15,,6.04,8,0,1,21.4,,-26
2395,revolving,South,personal,2022-02-02,647,638,24823.74,12566.62,34657.72,12.53,8,0,0,35.5,0.363,-9
2396,revolving,West,debt_consolidation,2024-02-09,622,606,16754.22,14508.36,29647.76,9.32,15,0,0,10.9,0.489,-16
2397,term,East,personal,2022-01-13,679,658,14375.24,7470.56,,4.22,6,0,0,36.1,,-21
2398,term,South,auto,2022-10-05,623,573,6689.86,4681.1,,12.01,22,0,0,27.3,,-50
2399,term,West,auto,2021-10-25,749,730,10427.82,1042.78,,5.79,1,0,0,38.8,,-19
2400,revolving,North,debt_consolidation,2023-10-03,786,784,23443.41,19495.85,34470.9,7.92,0,0,0,15.2,0.566,-2
2401,term,East,home_improvement,2024-05-03,722,708,2648.35,2238.14,,8.24,11,0,0,8.1,,-14
2402,term,East,personal,2024-04-21,654,625,1000.0,840.13,,7.25,5,1,0,8.5,,-29
2403,term,East,auto,2021-07-13,704,677,34687.54,14606.46,,11.27,4,0,0,42.3,,-27
2404,revolving,North,home_improvement,2022-07-19,639,621,2684.94,1116.36,2045.38,13.51,6,0,0,29.9,0.546,-18
2405,revolving,North,home_improvement,2022-02-14,719,694,13853.61,6417.95,19024.16,11.81,3,0,0,35.1,0.337,-25
2406,term,South,home_improvement,2021-01-19,723,681,11157.77,1115.78,,10.71,3,0,0,48.1,,-42
2407,term,West,auto,2022-01-08,727,687,20103.06,8389.12,,7.81,3,0,0,36.3,,-40
2408,term,South,personal,2023-11-23,657,610,26945.04,20419.57,,15.99,7,0,0,13.5,,-47
2409,term,West,debt_consolidation,2021-04-21,722,691,3651.34,365.13,,10.37,5,0,0,45.0,,-31
2410,revolving,South,personal,2023-05-16,709,713,8797.21,6311.62,13446.32,12.45,6,0,0,19.9,0.469,4
2411,term,South,personal,2021-10-31,695,669,12219.47,1221.95,,7.23,7,0,0,38.6,,-26
2412,term,North,home_improvement,2024-08-25,685,671,50076.3,46449.5,,14.28,7,0,0,4.3,,-14
2413,revolving,South,auto,2022-03-09,615,575,67785.57,13527.74,35748.9,3.0,13,0,1,34.3,0.378,-40
2414,term,North,auto,2022-07-29,704,662,17561.81,8013.9,,3.26,9,0,0,29.6,,-42
2415,revolving,South,personal,2024-03-11,663,651,2351.92,2043.08,4853.2,11.45,8,0,0,9.9,0.421,-12
2416,revolving,East,home_improvement,2021-06-06,603,545,6527.44,652.74,1261.54,4.55,13,0,0,43.5,0.517,-58
2417,term,West,personal,2024-11-03,637,598,3412.02,3262.91,,7.21,14,0,0,2.0,,-39
2418,term,South,personal,2023-07-18,705,662,25605.63,20631.2,,8.76,5,0,0,17.8,,-43
2419,term,South,home_improvement,2023-08-20,651,603,41212.24,29277.97,,9.09,15,0,0,16.7,,-48
2420,term,North,debt_consolidation,2022-08-08,645,634,4645.26,575.62,,14.75,7,0,0,29.2,,-11
2421,term,South,debt_consolidation,2022-04-20,555,509,8738.43,5279.56,,9.14,20,0,0,32.9,,-46
2422,revolving,North,personal,2024-02-20,745,731,5724.22,4506.13,11042.83,4.83,1,0,0,10.5,0.408,-14
2423,term,North,debt_consolidation,2021-07-06,613,588,11122.7,5228.88,,9.5,14,0,0,42.5,,-25
2424,term,South,debt_consolidation,2024-06-06,683,661,15604.31,13676.41,,7.12,7,0,0,7.0,,-22
2425,term,North,home_improvement,2024-02-29,651,615,4130.31,3607.92,,8.15,15,0,0,10.2,,-36
2426,revolving,West,auto,2023-07-06,695,639,16663.5,8396.11,17231.05,9.63,6,0,0,18.2,0.487,-56
2427,term,South,home_improvement,2023-03-25,694,647,6793.49,5206.05,,11.46,9,0,0,21.6,,-47
2428,term,North,debt_consolidation,2023-10-19,667,631,2649.36,2021.34,,10.58,8,0,0,14.7,,-36
2429,revolving,West,auto,2024-12-18,696,675,38037.98,37465.43,60550.48,9.41,5,0,0,0.5,0.619,-21
2430,revolving,North,personal,2022-12-13,681,630,34010.41,17637.94,28131.69,12.26,7,0,1,25.0,0.627,-51
2431,term,East,personal,2022-08-05,597,526,1852.22,407.75,,10.17,15,0,0,29.3,,-71
2432,term,East,personal,2021-02-26,752,748,10784.71,1078.47,,10.61,2,0,0,46.8,,-4
2433,term,North,debt_consolidation,2022-10-08,771,754,11661.45,2401.79,,3.24,0,0,0,27.2,,-17
2434,term,North,home_improvement,2022-01-10,627,597,6723.96,672.4,,13.9,9,0,1,36.2,,-30
2435,term,North,home_improvement,2024-02-24,587,556,32268.51,26541.27,,6.63,20,0,0,10.4,,-31
2436,term,North,debt_consolidation,2024-09-15,755,733,11388.88,10705.93,,6.78,2,0,0,3.6,,-22
2437,revolving,South,auto,2022-07-18,615,599,10325.89,1396.8,4053.34,10.28,14,0,0,29.9,0.345,-16
2438,term,West,personal,2022-09-15,757,727,16918.83,3937.18,,6.5,1,0,0,28.0,,-30
2439,term,South,home_improvement,2023-11-28,749,723,14633.32,9490.7,,6.57,2,0,0,13.3,,-26
2440,term,West,personal,2022-01-02,670,659,15508.7,6574.27,,14.25,11,0,1,36.5,,-11
2441,term,South,personal,2021-07-04,669,617,12789.46,5819.03,,13.78,5,0,0,42.6,,-52
2442,revolving,East,debt_consolidation,2023-09-18,620,596,27891.03,20776.42,44045.83,8.42,15,0,0,15.7,0.472,-24
2443,term,South,personal,2024-08-22,683,682,7090.88,6574.1,,7.67,8,0,0,4.4,,-1
2444,revolving,West,debt_consolidation,2021-10-23,709,682,7328.61,2553.76,4948.46,7.3,3,0,0,38.9,0.516,-27
2445,term,North,personal,2023-08-28,701,657,21413.1,12129.92,,3.0,7,0,0,16.4,,-44
2446,term,West,auto,2021-02-09,716,673,15488.86,3323.96,,11.97,7,0,0,47.4,,-43
2447,revolving,West,auto,2023-03-30,743,731,5037.27,3347.08,7935.08,9.73,0,0,0,21.4,0.422,-12
2448,revolving,East,home_improvement,2024-05-28,677,639,4497.73,3953.17,6716.15,7.23,5,0,0,7.3,0.589,-38
2449,revolving,West,debt_consolidation,2022-08-25,849,850,28392.66,7120.56,17441.47,16.03,0,0,0,28.7,0.408,1
2450,revolving,North,home_improvement,2023-11-10,706,673,11271.84,8689.05,24202.34,3.2,7,0,0,13.9,0.359,-33
2451,revolving,South,home_improvement,2023-10-23,703,675,30195.85,24628.62,42710.13,13.67,9,1,0,14.5,0.577,-28
2452,revolving,West,auto,2023-09-10,703,661,21359.4,16384.07,46650.49,5.69,6,0,0,16.0,0.351,-42
2453,term,East,personal,2021-09-09,704,690,10891.07,1089.11,,14.58,6,1,0,40.3,,-14
2454,revolving,West,auto,2024-12-01,703,679,46169.36,44755.69,121109.52,13.39,9,0,0,1.0,0.37,-24
2455,term,West,home_improvement,2024-04-07,742,736,5893.44,4519.84,,5.41,0,0,0,9.0,,-6
2456,term,North,auto,2021-07-04,529,465,6078.62,637.85,,10.8,24,0,0,42.6,,-64
2457,term,North,personal,2022-02-09,665,622,25922.54,11219.97,,10.5,11,0,0,35.2,,-43
2458,term,North,debt_consolidation,2021-02-08,581,544,10667.81,1066.78,,7.25,13,0,0,47.4,,-37
2459,term,South,personal,2022-10-28,761,739,8661.25,5616.79,,11.83,1,0,0,26.5,,-22
2460,revolving,West,personal,2021-04-05,595,575,4039.7,563.0,890.74,12.25,17,0,0,45.6,0.632,-20
2461,term,South,debt_consolidation,2021-11-03,632,594,54962.26,5496.23,,10.81,11,0,0,38.5,,-38
2462,term,North,debt_consolidation,2022-08-06,640,613,3139.59,1700.62,,7.16,14,0,0,29.3,,-27
2463,term,West,personal,2023-10-09,607,570,18543.35,12229.77,,14.11,11,0,0,15.0,,-37
2464,term,South,auto,2021-02-27,661,638,3040.12,1591.73,,6.95,14,0,1,46.8,,-23
2465,revolving,North,personal,2021-01-23,554,506,11702.29,3776.68,11274.57,8.23,18,0,0,48.0,0.335,-48
2466,term,North,debt_consolidation,2024-08-14,771,750,28203.8,25813.21,,8.94,0,0,0,4.7,,-21
2467,term,West,personal,2021-10-25,705,703,9931.37,4646.89,,10.25,2,0,0,38.8,,-2
2468,term,South,debt_consolidation,2023-05-10,634,616,20047.89,11095.59,,7.96,13,0,1,20.1,,-18
2469,term,North,debt_consolidation,2023-07-25,714,706,21862.1,16219.78,,8.2,8,0,0,17.5,,-8
2470,term,North,personal,2024-12-05,699,657,6395.71,6288.96,,4.44,10,0,1,0.9,,-42
2471,term,North,debt_consolidation,2021-04-06,623,604,9391.21,939.12,,3.0,14,1,0,45.5,,-19
2472,term,North,debt_consolidation,2021-05-28,722,723,6389.4,3200.32,,11.39,1,0,0,43.8,,1
2473,revolving,North,home_improvement,2022-12-03,667,624,19478.68,13810.04,21293.69,11.73,9,0,0,25.3,0.649,-43
2474,revolving,North,home_improvement,2023-02-20,748,724,21150.54,7608.27,14939.19,16.82,2,0,0,22.7,0.509,-24
2475,revolving,West,auto,2024-04-08,650,612,13315.34,10769.61,32257.1,9.58,10,0,0,8.9,0.334,-38
2476,revolving,East,personal,2022-01-18,598,566,25155.56,2662.6,4777.61,5.85,13,0,0,36.0,0.557,-32
2477,term,East,home_improvement,2022-07-09,738,720,29226.36,16095.75,,5.01,3,0,0,30.2,,-18
2478,term,North,home_improvement,2022-07-15,666,634,26931.97,7903.57,,6.73,9,0,0,30.0,,-32
2479,term,North,home_improvement,2024-10-02,678,650,15903.5,14703.43,,10.21,7,0,0,3.0,,-28
2480,revolving,West,personal,2024-06-23,695,668,5975.46,5207.45,14906.33,6.39,6,0,0,6.4,0.349,-27
2481,term,West,debt_consolidation,2021-02-09,621,622,1113.99,111.4,,11.52,10,0,0,47.4,,1
2482,term,North,debt_consolidation,2023-06-11,662,627,12288.93,7315.88,,10.74,6,0,0,19.0,,-35
2483,term,South,debt_consolidation,2022-05-23,647,660,29473.68,8034.17,,10.17,8,0,0,31.8,,13
2484,term,South,auto,2023-05-10,656,634,10311.6,5245.59,,4.4,12,0,1,20.1,,-22
2485,revolving,East,home_improvement,2021-05-12,754,736,1642.68,902.26,2427.0,12.69,3,0,0,44.3,0.372,-18
2486,revolving,West,auto,2021-04-02,633,628,4834.9,483.49,933.93,16.25,16,0,0,45.7,0.518,-5
2487,revolving,East,personal,2023-01-18,630,610,30462.92,10194.04,24313.22,5.79,15,0,0,23.8,0.419,-20
2488,term,East,home_improvement,2021-08-09,763,752,11829.5,1182.95,,7.54,0,0,0,41.4,,-11
2489,revolving,South,debt_consolidation,2024-11-20,620,573,5392.97,5190.49,14060.54,5.62,13,0,0,1.4,0.369,-47
2490,term,East,auto,2023-05-31,683,649,26987.31,20950.39,,9.73,3,0,0,19.4,,-34
2491,revolving,North,personal,2024-07-25,721,684,13539.17,12406.97,26779.85,10.6,3,0,0,5.3,0.463,-37
2492,term,East,debt_consolidation,2021-03-09,720,674,7618.31,761.83,,8.79,4,0,0,46.5,,-46
2493,term,East,debt_consolidation,2021-03-30,595,562,10548.01,4896.62,,12.54,8,0,0,45.8,,-33
2494,term,North,home_improvement,2024-10-25,637,625,36854.08,34720.6,,13.29,6,1,0,2.3,,-12
2495,term,North,auto,2024-05-29,575,537,16155.38,14214.82,,4.89,24,0,0,7.2,,-38
2496,revolving,East,debt_consolidation,2021-03-12,729,703,12439.73,1243.97,2508.95,9.57,1,0,0,46.4,0.496,-26
2497,term,South,auto,2022-01-27,742,713,20665.8,3951.09,,10.24,2,0,0,35.7,,-29
2498,term,East,personal,2022-06-14,740,694,14066.82,4846.09,,9.89,5,0,0,31.1,,-46
2499,term,South,home_improvement,2022-08-25,678,650,14714.48,8767.23,,7.99,12,0,0,28.7,,-28
2500,term,South,auto,2021-03-01,666,634,13348.99,1334.9,,9.92,8,0,0,46.7,,-32
2501,term,North,home_improvement,2022-04-02,646,638,20443.26,2706.99,,4.47,12,0,0,33.5,,-8
2502,term,South,personal,2022-03-21,588,530,14913.09,7981.37,,13.45,26,0,0,33.9,,-58
2503,term,West,debt_consolidation,2023-01-10,711,658,4981.98,1595.82,,8.16,10,0,0,24.1,,-53
2504,term,East,auto,2022-06-27,621,577,10837.79,7054.82,,7.28,12,0,0,30.6,,-44
2505,term,South,debt_consolidation,2024-02-11,557,521,52315.56,46625.04,,4.04,19,1,0,10.8,,-36
2506,term,South,home_improvement,2022-06-02,758,767,21163.05,7736.85,,14.22,0,0,0,31.5,,9
2507,term,East,auto,2023-01-10,642,608,18112.26,10669.66,,14.98,10,0,0,24.1,,-34
2508,term,North,debt_consolidation,2022-04-08,694,652,7385.12,738.51,,9.43,8,0,0,33.3,,-42
2509,term,West,debt_consolidation,2021-05-26,671,645,8940.6,894.06,,5.0,6,0,0,43.9,,-26
2510,term,South,home_improvement,2024-08-26,747,736,14628.12,12916.14,,8.11,6,0,0,4.3,,-11
2511,term,West,debt_consolidation,2024-04-06,591,540,3883.73,3098.89,,8.56,12,0,0,9.0,,-51
2512,revolving,East,auto,2023-08-05,725,691,18230.11,10028.09,20569.37,6.72,1,0,0,17.2,0.488,-34
2513,revolving,South,personal,2021-07-21,677,664,17536.75,8932.14,19346.22,10.06,7,0,0,42.0,0.462,-13
2514,term,South,debt_consolidation,2022-04-27,707,673,28811.34,3835.19,,11.26,2,0,0,32.7,,-34
2515,term,South,home_improvement,2021-01-06,655,607,17738.23,2435.23,,9.0,9,0,0,48.5,,-48
2516,revolving,West,home_improvement,2023-12-08,657,633,18172.34,14221.27,32843.3,4.22,11,1,0,13.0,0.433,-24
2517,term,West,auto,2022-09-04,735,708,10325.97,5217.96,,7.62,2,0,0,28.3,,-27
2518,revolving,South,personal,2024-11-28,635,599,7710.42,7531.09,22280.95,7.92,17,0,0,1.1,0.338,-36
2519,revolving,East,personal,2023-08-15,648,628,2133.52,1468.72,2335.91,7.88,12,1,0,16.8,0.629,-20
2520,term,South,home_improvement,2024-01-16,665,646,20303.2,13272.67,,13.3,8,0,0,11.7,,-19
2521,revolving,East,personal,2023-05-05,593,545,7593.53,4472.52,9660.15,8.44,20,0,1,20.2,0.463,-48
2522,term,North,personal,2022-09-21,663,616,4271.44,2509.88,,10.55,4,0,0,27.8,,-47
2523,term,North,auto,2024-08-08,667,645,6864.15,6052.59,,13.87,7,0,0,4.9,,-22
2524,term,North,personal,2022-01-01,721,703,21340.02,2134.0,,8.92,3,1,0,36.5,,-18
2525,term,East,debt_consolidation,2024-08-17,648,606,18094.68,17168.07,,9.0,9,0,0,4.6,,-42
2526,term,West,personal,2024-09-27,566,516,7243.85,6637.98,,9.37,16,0,0,3.2,,-50
2527,term,East,auto,2021-12-09,681,672,12944.17,3767.12,,13.69,10,1,0,37.3,,-9
2528,term,East,home_improvement,2023-12-02,651,614,23418.27,16392.91,,17.37,9,0,0,13.2,,-37
2529,term,North,debt_consolidation,2023-04-21,608,567,21897.92,14058.06,,9.3,16,0,1,20.7,,-41
2530,revolving,South,auto,2021-10-12,699,693,3615.51,1415.37,3562.89,12.92,5,0,0,39.2,0.397,-6
2531,term,East,debt_consolidation,2023-11-11,701,663,1000.0,780.56,,12.84,8,0,0,13.9,,-38
2532,revolving,North,home_improvement,2024-06-07,716,678,4280.81,3810.3,7273.66,12.94,5,0,0,6.9,0.524,-38
2533,revolving,East,auto,2022-02-25,702,686,20730.06,2073.01,4757.86,11.38,8,0,0,34.7,0.436,-16
2534,term,West,home_improvement,2024-04-03,724,727,5032.62,4128.28,,9.17,3,1,0,9.1,,3
2535,term,East,debt_consolidation,2024-05-03,700,700,12743.29,10226.68,,13.82,6,0,0,8.1,,0
2536,revolving,North,home_improvement,2024-08-05,801,785,4345.6,3706.84,6937.87,3.84,0,0,0,5.0,0.534,-16
2537,revolving,East,home_improvement,2021-10-31,768,767,1738.88,675.01,1909.02,7.21,0,0,0,38.6,0.354,-1
2538,term,East,auto,2023-09-26,694,655,12729.63,10760.69,,12.62,5,0,0,15.4,,-39
2539,term,East,debt_consolidation,2024-12-21,576,527,18161.13,17706.83,,5.67,19,1,0,0.4,,-49
2540,term,North,home_improvement,2024-01-09,792,778,3245.27,2555.85,,15.09,0,0,0,11.9,,-14
2541,term,North,debt_consolidation,2023-11-10,663,638,23875.66,14785.92,,5.47,9,0,0,13.9,,-25
2542,term,East,auto,2021-03-15,717,699,7571.98,1822.95,,12.07,4,0,0,46.3,,-18
2543,term,North,home_improvement,2024-06-20,708,681,15682.72,14460.21,,5.18,4,0,0,6.5,,-27
2544,term,East,personal,2024-10-20,672,649,7361.34,6987.67,,11.64,14,0,0,2.4,,-23
2545,term,East,home_improvement,2021-01-08,651,615,19601.05,1960.1,,6.17,4,0,0,48.5,,-36
2546,revolving,East,home_improvement,2024-02-01,659,621,2833.68,2243.87,6342.09,11.35,4,0,0,11.2,0.354,-38
2547,revolving,East,auto,2023-05-06,519,480,10107.41,4838.3,14408.68,9.14,27,0,0,20.2,0.336,-39
2548,term,South,home_improvement,2024-09-06,609,576,1205.55,1077.09,,10.44,9,0,0,3.9,,-33
2549,revolving,South,auto,2022-02-05,650,615,16266.93,10227.14,19843.63,10.86,15,1,0,35.4,0.515,-35
2550,term,West,home_improvement,2024-11-21,683,666,15132.03,14577.05,,11.75,8,0,0,1.4,,-17
2551,revolving,East,auto,2024-06-10,715,714,15336.21,12660.55,28447.73,9.23,4,0,0,6.8,0.445,-1
2552,term,East,personal,2023-07-16,645,627,9992.5,8034.54,,9.25,12,0,0,17.8,,-18
2553,term,North,debt_consolidation,2021-12-01,720,702,5707.53,570.75,,8.56,5,0,0,37.6,,-18
2554,revolving,East,auto,2021-02-16,666,624,4522.83,1248.3,2577.17,8.05,5,0,1,47.2,0.484,-42
2555,term,North,personal,2022-05-25,658,626,30099.12,4398.75,,12.7,10,0,0,31.7,,-32
2556,term,West,debt_consolidation,2023-11-26,683,671,16285.76,12356.56,,9.64,7,0,0,13.4,,-12
2557,term,South,personal,2023-05-14,724,697,8310.61,3710.92,,8.23,5,0,0,19.9,,-27
2558,revolving,South,auto,2024-07-02,665,636,12080.83,10355.33,21374.33,11.9,13,0,0,6.1,0.484,-29
2559,revolving,North,personal,2023-09-07,701,682,6397.79,4186.69,11458.82,11.2,8,0,0,16.1,0.365,-19
2560,revolving,East,debt_consolidation,2023-03-04,724,719,3591.97,2124.68,5042.73,12.87,3,0,0,22.3,0.421,-5
2561,revolving,North,home_improvement,2023-12-13,712,680,15175.17,12685.35,37477.17,6.73,2,0,0,12.8,0.338,-32
2562,revolving,West,debt_consolidation,2024-01-15,639,623,36885.9,26493.97,61216.57,5.33,15,0,0,11.7,0.433,-16
2563,term,South,personal,2021-07-14,651,630,17454.83,2908.05,,9.42,9,0,0,42.2,,-21
2564,term,East,home_improvement,2023-06-03,715,683,8321.43,4980.52,,3.67,6,0,0,19.3,,-32
2565,term,East,home_improvement,2023-11-19,671,608,7295.61,5240.3,,8.43,7,0,0,13.6,,-63
2566,term,East,home_improvement,2022-08-03,633,580,21645.37,5102.75,,7.23,15,0,0,29.4,,-53
2567,term,South,debt_consolidation,2023-04-02,682,658,20906.72,15660.65,,7.0,6,0,0,21.3,,-24
2568,revolving,East,personal,2021-06-17,726,711,4812.54,481.25,803.01,3.25,5,0,0,43.1,0.599,-15
2569,term,West,personal,2024-11-29,734,740,35693.37,35244.66,,10.06,4,1,0,1.1,,6
2570,term,West,auto,2021-12-17,741,727,16722.64,6439.22,,9.52,1,0,0,37.0,,-14
2571,term,South,debt_consolidation,2021-05-25,681,648,9166.13,916.61,,8.66,8,0,0,43.9,,-33
2572,term,South,auto,2024-10-28,702,644,8649.96,8151.0,,11.89,7,0,0,2.2,,-58
2573,term,South,home_improvement,2023-05-08,746,735,24713.63,13884.26,,9.46,3,0,0,20.1,,-11
2574,term,North,auto,2021-12-11,641,600,14687.73,6543.3,,9.5,11,0,0,37.2,,-41
2575,term,South,personal,2022-05-31,738,725,10583.99,2734.65,,11.17,1,0,0,31.5,,-13
2576,term,South,home_improvement,2021-03-01,721,678,40761.09,4076.11,,9.62,4,0,0,46.7,,-43
2577,revolving,North,home_improvement,2021-12-25,722,709,9186.67,978.9,2405.43,8.35,9,0,0,36.8,0.407,-13
2578,revolving,East,personal,2023-02-03,578,569,14666.25,6087.75,15356.6,7.9,17,0,0,23.3,0.396,-9
2579,revolving,North,home_improvement,2024-12-16,647,628,12482.48,12307.02,21053.49,5.62,15,0,1,0.5,0.585,-19
2580,revolving,West,auto,2023-08-20,643,609,3563.94,2384.6,4564.91,8.82,15,0,0,16.7,0.522,-34
2581,revolving,West,personal,2022-07-18,765,745,18860.87,9983.67,22552.28,12.26,1,0,0,29.9,0.443,-20
2582,term,East,debt_consolidation,2022-03-27,626,617,6885.87,3122.09,,10.24,16,0,0,33.7,,-9
2583,revolving,North,auto,2022-10-31,616,591,9112.9,2145.35,5105.2,7.61,12,0,0,26.4,0.42,-25
2584,term,East,home_improvement,2023-07-13,607,584,1805.77,1080.42,,11.44,11,0,0,17.9,,-23
2585,term,West,debt_consolidation,2022-08-26,657,613,19215.31,11437.76,,10.25,11,0,0,28.6,,-44
2586,revolving,North,auto,2023-02-14,704,657,2383.35,1536.26,4211.25,7.43,10,0,0,22.9,0.365,-47
2587,term,North,auto,2024-11-29,790,781,13569.85,13170.16,,13.04,0,0,0,1.1,,-9
2588,term,West,personal,2021-10-21,657,609,8705.2,4747.68,,5.18,9,0,0,38.9,,-48
2589,revolving,South,home_improvement,2021-07-25,634,582,16285.68,1628.57,3396.7,8.94,13,0,0,41.9,0.479,-52
2590,term,East,personal,2021-04-26,773,731,21459.76,2145.98,,6.51,0,0,0,44.9,,-42
2591,term,West,auto,2021-02-13,782,792,28851.05,5572.66,,12.13,0,0,0,47.3,,10
2592,revolving,West,home_improvement,2024-05-23,574,527,52527.17,42055.47,93721.63,5.46,16,0,0,7.4,0.449,-47
2593,term,North,home_improvement,2022-09-03,648,609,20261.33,3909.02,,6.24,14,0,0,28.4,,-39
2594,revolving,North,home_improvement,2024-05-30,692,678,10170.32,8598.89,23200.75,15.6,9,0,0,7.2,0.371,-14
2595,term,East,home_improvement,2022-08-28,691,659,14423.32,3028.21,,9.23,8,0,0,28.6,,-32
2596,revolving,West,auto,2022-04-02,812,777,31087.78,7112.9,20910.49,11.23,0,0,0,33.5,0.34,-35
2597,term,West,debt_consolidation,2023-10-02,646,651,2067.44,1508.53,,9.05,9,0,0,15.2,,5
2598,term,North,debt_consolidation,2023-12-29,611,592,12333.48,7940.11,,8.01,19,1,0,12.3,,-19
2599,term,West,personal,2023-02-21,633,612,11343.11,7541.45,,11.08,7,0,1,22.7,,-21
2600,revolving,North,auto,2023-02-22,745,713,14347.34,4697.94,12173.72,8.94,2,0,0,22.6,0.386,-32
2601,term,South,auto,2024-11-23,679,659,34629.76,33807.28,,7.05,13,0,0,1.3,,-20
2602,revolving,South,home_improvement,2024-02-24,776,744,10816.98,7573.34,16242.03,11.56,0,0,0,10.4,0.466,-32
2603,term,East,personal,2024-02-22,718,687,10848.71,9142.27,,12.34,9,0,0,10.5,,-31
2604,revolving,East,home_improvement,2021-06-12,639,612,26937.13,3620.24,10515.46,11.2,4,0,0,43.3,0.344,-27
2605,term,West,auto,2021-01-11,731,697,20426.65,2042.66,,11.29,5,0,0,48.4,,-34
2606,term,West,auto,2023-01-03,752,751,9725.12,4605.07,,9.86,1,0,0,24.3,,-1
2607,revolving,West,personal,2024-10-25,767,757,7884.96,7404.32,13235.08,11.31,2,0,0,2.3,0.559,-10
2608,revolving,West,personal,2024-11-29,595,568,10545.81,10342.32,29716.09,6.51,21,0,1,1.1,0.348,-27
2609,term,South,debt_consolidation,2021-02-14,696,651,13531.31,1974.81,,10.26,7,0,0,47.2,,-45
2610,term,North,auto,2024-06-16,613,590,1287.21,1085.14,,9.28,11,0,0,6.6,,-23
2611,term,North,home_improvement,2023-03-03,662,626,12208.42,8654.31,,7.02,10,0,0,22.3,,-36
2612,term,West,personal,2022-06-28,665,643,4223.13,2770.19,,14.46,9,0,0,30.6,,-22
2613,revolving,South,home_improvement,2023-12-31,696,664,19807.66,17269.3,43706.64,9.91,11,0,0,12.2,0.395,-32
2614,term,West,auto,2024-06-06,708,670,16712.09,14639.71,,6.44,5,1,1,7.0,,-38
2615,term,North,auto,2021-12-17,643,628,7784.54,778.45,,8.68,8,0,0,37.0,,-15
2616,revolving,East,debt_consolidation,2021-05-07,753,720,9490.42,1161.75,3212.58,9.88,1,0,0,44.5,0.362,-33
2617,term,South,personal,2021-09-04,760,735,11294.19,1129.42,,12.43,4,1,0,40.5,,-25
2618,revolving,North,personal,2024-02-05,691,635,8639.07,7564.27,15450.07,10.89,8,0,0,11.0,0.49,-56
2619,term,North,debt_consolidation,2022-03-10,783,786,5708.32,3451.57,,10.0,0,0,0,34.3,,3
2620,term,East,home_improvement,2024-06-19,675,647,12352.7,11217.48,,10.42,9,1,0,6.5,,-28
2621,term,East,debt_consolidation,2022-11-27,568,546,5215.34,1981.65,,8.73,17,0,0,25.5,,-22
2622,term,East,debt_consolidation,2021-09-22,624,591,13015.65,7674.81,,8.95,11,1,0,39.9,,-33
2623,term,East,debt_consolidation,2021-04-16,653,596,35305.46,3530.55,,12.82,3,0,0,45.2,,-57
2624,revolving,South,auto,2024-08-20,735,731,31320.69,28546.77,77483.88,15.49,2,0,0,4.5,0.368,-4
2625,term,West,home_improvement,2022-12-31,621,591,31994.63,20513.12,,14.64,13,0,0,24.4,,-30
2626,term,South,personal,2023-12-05,676,637,34147.33,28738.78,,5.74,6,0,0,13.1,,-39
2627,term,South,auto,2021-10-01,828,845,38526.35,3852.63,,6.86,0,0,0,39.6,,17
2628,revolving,North,personal,2023-04-07,693,658,12756.98,5950.58,9451.57,7.89,6,0,0,21.2,0.63,-35
2629,term,North,debt_consolidation,2022-12-08,776,745,8045.11,5891.43,,10.23,0,0,0,25.2,,-31
2630,revolving,North,debt_consolidation,2023-04-29,608,539,7718.88,4411.21,12141.45,5.17,13,0,1,20.4,0.363,-69
2631,term,North,auto,2022-06-11,558,524,3995.12,1983.59,,7.37,23,0,0,31.2,,-34
2632,term,North,home_improvement,2021-06-12,583,549,9490.32,3866.52,,10.32,15,0,0,43.3,,-34
2633,term,South,debt_consolidation,2023-10-15,745,722,11852.55,8116.34,,6.39,6,0,0,14.8,,-23
2634,term,East,auto,2024-12-20,666,668,28297.42,27728.04,,10.36,9,0,0,0.4,,2
2635,revolving,West,home_improvement,2024-12-03,660,623,21930.75,21650.81,53847.03,11.93,4,0,0,1.0,0.402,-37
2636,term,South,personal,2024-03-10,783,779,28668.18,24568.06,,12.35,0,0,0,9.9,,-4
2637,term,West,auto,2023-04-14,745,704,8841.08,5031.46,,10.21,3,0,0,20.9,,-41
2638,revolving,West,personal,2024-10-10,707,696,5223.31,4994.11,13607.18,11.61,6,0,1,2.8,0.367,-11
2639,revolving,East,home_improvement,2022-07-23,751,707,9786.84,3120.11,9001.53,5.55,1,1,0,29.8,0.347,-44
2640,term,West,auto,2023-04-09,670,643,2484.69,1216.05,,10.83,9,0,0,21.1,,-27
2641,term,East,debt_consolidation,2021-12-08,700,678,7681.06,4206.02,,14.53,9,0,0,37.3,,-22
2642,term,South,personal,2021-07-29,607,556,5503.09,550.31,,4.41,19,0,0,41.7,,-51
2643,term,East,home_improvement,2024-09-26,634,600,41322.08,38364.1,,11.76,6,0,0,3.2,,-34
2644,revolving,East,debt_consolidation,2022-09-17,663,623,28212.62,18774.78,50263.65,10.36,15,0,0,27.9,0.374,-40
2645,term,North,auto,2024-02-15,678,655,13776.04,10831.78,,13.1,7,1,0,10.7,,-23
2646,term,North,debt_consolidation,2022-07-23,739,725,11835.71,3010.15,,5.66,4,0,0,29.8,,-14
2647,term,East,auto,2024-12-21,754,740,12064.34,11722.54,,6.34,2,0,0,0.4,,-14
2648,term,East,auto,2022-09-17,850,827,9059.63,5149.25,,13.27,0,0,0,27.9,,-23
2649,term,West,personal,2021-10-25,818,813,21870.28,8811.76,,3.71,0,0,0,38.8,,-5
2650,term,West,auto,2024-11-12,748,717,9243.97,9008.5,,3.76,1,0,0,1.7,,-31
2651,term,East,home_improvement,2022-02-13,590,549,8306.56,2727.6,,11.93,16,0,0,35.1,,-41
2652,term,West,home_improvement,2023-03-13,765,780,9667.34,3886.37,,3.0,0,0,0,22.0,,15
2653,term,South,personal,2021-03-10,793,773,9881.23,4954.63,,10.2,0,0,0,46.4,,-20
2654,term,West,auto,2024-07-01,688,638,18332.91,15565.9,,3.35,10,0,1,6.1,,-50
2655,revolving,West,home_improvement,2022-07-10,578,567,36195.26,17472.99,30303.34,9.92,14,0,0,30.2,0.577,-11
2656,revolving,East,debt_consolidation,2021-04-02,692,665,17742.69,1868.87,3830.12,8.55,5,0,0,45.7,0.488,-27
2657,revolving,West,home_improvement,2024-01-13,733,689,8076.89,5921.57,9633.82,15.04,2,0,0,11.8,0.615,-44
2658,term,East,auto,2023-04-22,694,630,56772.15,37186.5,,5.28,7,0,0,20.7,,-64
2659,revolving,North,debt_consolidation,2021-06-07,655,611,20834.17,5377.97,8674.35,7.98,10,0,0,43.5,0.62,-44
2660,term,West,home_improvement,2024-02-14,675,655,5224.21,4022.93,,9.94,11,0,0,10.7,,-20
2661,term,East,debt_consolidation,2024-11-04,757,746,21378.79,20531.65,,4.44,3,0,0,1.9,,-11
2662,revolving,East,auto,2024-05-03,708,667,37499.92,30411.51,73057.75,6.22,5,0,0,8.1,0.416,-41
2663,term,West,home_improvement,2021-10-11,768,767,17342.73,1861.28,,13.32,0,0,0,39.3,,-1
2664,term,North,personal,2024-05-31,745,726,25817.99,23725.27,,8.82,4,0,0,7.2,,-19
2665,revolving,East,debt_consolidation,2022-09-07,668,635,32809.12,14574.69,28158.83,6.38,11,0,0,28.2,0.518,-33
2666,revolving,East,personal,2023-11-21,730,694,15807.74,12857.13,28807.0,9.87,3,0,0,13.6,0.446,-36
2667,term,West,personal,2024-09-07,770,754,29696.7,27927.75,,7.88,0,0,0,3.9,,-16
2668,term,South,personal,2021-04-05,689,645,34837.27,3483.73,,8.1,11,1,0,45.6,,-44
2669,term,East,debt_consolidation,2022-06-14,720,699,15214.15,1869.9,,13.54,6,0,0,31.1,,-21
2670,revolving,West,home_improvement,2023-10-31,588,546,3171.39,2613.69,4813.87,9.93,13,0,0,14.3,0.543,-42
2671,revolving,West,debt_consolidation,2021-06-09,653,656,19854.63,1985.46,5642.17,11.98,8,0,0,43.4,0.352,3
2672,term,North,debt_consolidation,2023-05-30,671,630,3070.65,1283.93,,9.93,9,0,0,19.4,,-41
2673,revolving,East,home_improvement,2023-04-20,618,582,19231.4,12692.32,25837.31,7.08,8,0,1,20.7,0.491,-36
2674,term,East,auto,2024-05-21,687,660,12815.14,11819.91,,9.13,6,0,0,7.5,,-27
2675,revolving,East,home_improvement,2024-04-09,781,786,32311.68,24850.06,66170.83,12.88,0,0,0,8.9,0.376,5
2676,term,West,debt_consolidation,2023-03-25,698,667,10929.29,5282.89,,6.25,11,0,0,21.6,,-31
2677,revolving,East,debt_consolidation,2023-09-08,760,710,7892.32,4983.33,11748.02,8.32,1,0,0,16.0,0.424,-50
2678,term,North,personal,2021-08-11,722,709,8931.88,3818.77,,9.38,4,0,0,41.3,,-13
2679,term,North,personal,2024-12-05,783,732,2850.87,2800.07,,5.11,0,0,0,0.9,,-51
2680,term,East,debt_consolidation,2023-05-11,676,671,5752.86,4126.54,,11.3,9,0,0,20.0,,-5
2681,revolving,East,auto,2021-05-17,639,619,24508.25,2450.82,4699.05,10.25,14,0,0,44.2,0.522,-20
2682,term,West,auto,2023-11-01,726,685,17569.71,13725.36,,4.36,3,0,0,14.2,,-41
2683,term,North,auto,2021-11-23,585,552,69618.58,36388.56,,7.48,14,1,0,37.8,,-33
2684,revolving,South,auto,2024-03-02,715,700,12922.15,11567.82,27637.35,4.73,4,0,0,10.2,0.419,-15
2685,term,East,personal,2023-04-20,547,493,10655.17,4381.67,,8.67,23,0,0,20.7,,-54
2686,term,East,debt_consolidation,2024-06-10,627,618,14280.02,11949.47,,8.13,9,0,0,6.8,,-9
2687,revolving,West,home_improvement,2022-07-25,701,700,12029.93,5744.47,9068.68,7.49,6,0,0,29.7,0.633,-1
2688,term,North,home_improvement,2022-08-02,603,559,18857.08,3315.95,,7.35,14,0,0,29.4,,-44
2689,term,East,home_improvement,2024-12-11,655,632,10194.78,9895.62,,6.33,10,0,0,0.7,,-23
2690,term,West,home_improvement,2021-03-24,601,576,10608.83,1060.88,,8.59,13,0,0,46.0,,-25
2691,revolving,East,auto,2023-03-26,722,669,18627.77,8590.89,24789.0,10.75,6,0,0,21.6,0.347,-53
2692,term,West,home_improvement,2021-04-22,748,713,10060.76,3533.96,,10.44,1,0,0,45.0,,-35
2693,term,West,debt_consolidation,2021-10-15,680,655,2889.82,1508.94,,7.74,8,0,1,39.1,,-25
2694,term,West,auto,2022-11-12,811,785,16051.88,10565.04,,3.59,0,0,0,26.0,,-26
2695,term,East,debt_consolidation,2024-07-12,665,648,12073.74,10038.92,,9.6,8,0,1,5.8,,-17
2696,revolving,East,auto,2022-01-30,599,553,13569.35,5889.16,13874.75,8.82,14,1,0,35.6,0.424,-46
2697,revolving,North,home_improvement,2024-04-01,594,551,11326.01,9762.5,19003.54,7.56,14,0,0,9.2,0.514,-43
2698,term,East,home_improvement,2022-10-14,671,648,19518.51,8177.83,,11.18,5,0,0,27.0,,-23
2699,term,South,debt_consolidation,2024-03-09,699,684,4887.59,4119.74,,12.29,8,0,0,9.9,,-15
2700,term,North,debt_consolidation,2021-02-19,829,788,4761.15,476.11,,13.54,0,0,0,47.1,,-41
2701,term,West,home_improvement,2021-05-01,615,582,29953.5,2995.35,,14.47,12,0,0,44.7,,-33
2702,term,North,debt_consolidation,2022-11-22,642,629,40785.71,27710.45,,8.55,10,0,0,25.7,,-13
2703,term,South,debt_consolidation,2021-06-13,708,696,18029.17,1802.92,,15.36,6,0,0,43.3,,-12
2704,term,South,debt_consolidation,2023-03-09,685,663,9160.5,4896.27,,7.71,7,0,0,22.1,,-22
2705,revolving,West,auto,2022-03-01,643,618,2458.94,1162.6,2628.04,9.2,16,0,0,34.6,0.442,-25
2706,term,East,debt_consolidation,2024-11-16,677,641,4481.15,4328.27,,14.16,6,0,1,1.5,,-36
2707,term,South,auto,2021-12-25,611,578,14155.27,1415.53,,6.29,16,0,0,36.8,,-33
2708,revolving,East,debt_consolidation,2022-05-05,653,626,5916.5,2842.06,6219.22,10.66,10,0,0,32.4,0.457,-27
2709,term,West,debt_consolidation,2021-11-01,613,602,4545.71,604.02,,12.56,10,0,0,38.6,,-11
2710,term,East,personal,2024-01-02,742,730,29885.22,24534.67,,7.89,4,0,0,12.2,,-12
2711,revolving,East,personal,2024-05-26,724,708,26879.95,22858.07,49164.28,8.41,1,0,0,7.3,0.465,-16
2712,term,North,personal,2023-08-17,676,637,9377.41,5740.26,,13.13,6,0,0,16.8,,-39
2713,revolving,East,auto,2022-09-19,680,654,23055.26,6043.46,9529.81,8.73,6,0,0,27.8,0.634,-26
2714,revolving,East,debt_consolidation,2022-11-09,693,658,17425.38,6882.29,17821.56,7.98,9,0,1,26.1,0.386,-35
2715,term,North,auto,2023-05-12,652,618,26118.57,10662.61,,5.69,8,0,0,20.0,,-34
2716,term,East,debt_consolidation,2022-02-21,578,551,28068.58,5546.42,,7.25,20,0,1,34.8,,-27
2717,term,North,home_improvement,2021-03-10,659,639,1240.21,318.85,,7.83,11,0,0,46.4,,-20
2718,revolving,North,personal,2022-06-06,709,679,2491.92,342.91,932.26,6.64,7,0,0,31.3,0.368,-30
2719,revolving,East,personal,2024-12-03,737,712,40867.8,40361.77,112463.57,13.73,6,1,0,1.0,0.359,-25
2720,term,East,auto,2022-04-13,684,652,10503.41,3474.92,,7.15,12,0,0,33.1,,-32
2721,revolving,East,home_improvement,2023-08-06,643,612,3447.77,2318.9,3783.34,14.31,12,0,0,17.1,0.613,-31
2722,revolving,North,debt_consolidation,2022-08-10,713,690,16558.61,6335.07,17151.84,14.71,2,0,0,29.2,0.369,-23
2723,term,South,personal,2021-02-20,690,660,8393.94,839.39,,12.33,9,0,0,47.0,,-30
2724,term,North,personal,2021-10-17,617,586,20848.7,8727.81,,8.02,5,0,0,39.1,,-31
2725,revolving,South,personal,2023-11-06,572,556,20262.42,14618.32,24402.64,7.39,22,0,0,14.1,0.599,-16
2726,term,West,personal,2021-03-09,647,609,6368.34,636.83,,10.88,9,0,0,46.5,,-38
2727,term,South,home_improvement,2021-02-26,771,761,30813.78,3081.38,,9.12,0,0,0,46.8,,-10
2728,revolving,West,debt_consolidation,2024-04-19,713,703,16802.01,14009.45,41640.04,9.6,3,0,0,8.6,0.336,-10
2729,revolving,East,auto,2023-07-13,769,760,22975.15,15683.69,30076.34,12.83,0,0,0,17.9,0.521,-9
2730,term,North,debt_consolidation,2021-11-26,677,637,2041.5,331.3,,5.26,8,0,0,37.7,,-40
2731,term,North,auto,2021-08-04,677,662,20504.13,3747.04,,8.79,12,0,0,41.5,,-15
2732,term,West,home_improvement,2021-10-31,518,483,8350.07,2222.02,,8.85,20,0,1,38.6,,-35
2733,term,North,personal,2024-11-14,565,546,28197.27,27031.12,,9.4,19,0,1,1.6,,-19
2734,revolving,North,personal,2021-10-20,707,694,18351.92,1835.19,4749.55,11.73,4,0,0,39.0,0.386,-13
2735,term,West,personal,2021-09-23,691,664,18512.18,4746.52,,16.2,6,0,0,39.9,,-27
2736,term,South,debt_consolidation,2022-08-30,543,520,40557.23,12443.39,,8.4,15,0,0,28.5,,-23
2737,term,East,home_improvement,2021-08-16,687,642,12993.71,1299.37,,11.04,5,0,0,41.1,,-45
2738,term,South,auto,2024-04-07,740,711,11280.51,10235.45,,6.15,5,0,0,9.0,,-29
2739,term,South,auto,2024-12-30,698,678,11018.35,10900.37,,9.34,5,0,0,0.1,,-20
2740,term,West,personal,2024-07-12,648,593,7394.81,6573.91,,13.27,8,0,0,5.8,,-55
2741,term,West,auto,2021-06-06,530,494,6238.95,623.89,,9.85,25,0,0,43.5,,-36
2742,term,West,home_improvement,2021-02-10,704,674,1209.57,540.84,,14.42,3,0,0,47.4,,-30
2743,revolving,West,debt_consolidation,2024-10-21,626,588,8691.17,8446.02,16034.62,7.18,13,0,0,2.4,0.527,-38
2744,term,South,debt_consolidation,2021-04-24,710,670,6407.8,1741.96,,9.67,6,0,0,44.9,,-40
2745,term,West,debt_consolidation,2022-09-26,721,700,31358.9,15908.08,,4.91,0,0,0,27.6,,-21
2746,term,North,debt_consolidation,2024-03-09,735,711,24550.18,20255.33,,12.28,0,0,0,9.9,,-24
2747,term,South,home_improvement,2022-10-25,702,669,26842.92,10887.24,,5.68,5,0,0,26.6,,-33
2748,term,West,home_improvement,2022-10-03,659,647,18821.56,6667.51,,9.35,5,0,0,27.4,,-12
2749,term,North,debt_consolidation,2024-05-31,715,705,6876.02,5462.02,,14.94,7,0,0,7.2,,-10
2750,term,North,debt_consolidation,2022-09-06,619,584,8528.16,4336.93,,10.76,12,0,0,28.3,,-35
2751,term,West,home_improvement,2023-07-10,759,750,3986.88,3185.76,,6.59,0,0,0,18.0,,-9
2752,term,West,personal,2024-12-16,639,590,11097.5,10976.65,,3.0,10,0,0,0.5,,-49
2753,term,North,personal,2023-06-10,788,764,15360.04,8512.35,,5.73,0,0,0,19.0,,-24
2754,revolving,North,auto,2024-02-17,665,599,28205.61,19358.3,53519.05,10.41,10,0,0,10.6,0.362,-66
2755,revolving,South,home_improvement,2024-12-21,709,688,4865.38,4786.2,8295.89,11.54,2,0,0,0.4,0.577,-21
2756,term,South,auto,2021-12-12,687,649,10666.16,6156.85,,8.82,7,0,0,37.2,,-38
2757,term,North,home_improvement,2021-07-08,571,532,16007.07,1600.71,,5.37,15,0,0,42.4,,-39
2758,revolving,West,auto,2021-02-01,712,705,21575.83,11189.07,33063.98,8.07,5,0,0,47.7,0.338,-7
2759,term,West,auto,2024-03-25,633,590,10405.1,8532.94,,8.22,19,0,1,9.4,,-43
2760,revolving,East,home_improvement,2024-03-24,672,662,15405.43,12311.25,31893.56,12.5,13,0,1,9.4,0.386,-10
2761,term,North,debt_consolidation,2024-02-27,682,642,11295.12,9084.02,,11.64,8,0,0,10.3,,-40
2762,term,West,debt_consolidation,2024-07-11,618,589,28717.87,24519.17,,9.9,19,0,0,5.8,,-29
2763,revolving,South,auto,2022-12-26,643,612,16566.45,4971.88,11196.54,12.18,12,1,0,24.6,0.444,-31
2764,term,North,auto,2023-11-13,755,748,22657.38,16173.21,,10.13,2,0,0,13.8,,-7
2765,term,South,auto,2023-06-08,600,565,7774.52,3956.41,,12.25,15,0,0,19.1,,-35
2766,term,West,home_improvement,2022-02-20,715,676,19204.64,12236.24,,10.56,2,0,0,34.9,,-39
2767,revolving,South,personal,2022-10-05,657,653,26986.4,16249.95,26927.81,10.15,13,0,0,27.3,0.603,-4
2768,term,West,auto,2022-07-10,739,746,28309.31,3277.94,,8.9,4,0,1,30.2,,7
2769,term,East,debt_consolidation,2022-11-25,722,681,9608.96,6170.59,,14.79,11,0,0,25.6,,-41
2770,term,South,auto,2022-06-02,638,619,10758.13,3553.97,,10.35,14,0,0,31.5,,-19
2771,term,West,auto,2021-11-22,721,696,9911.05,1929.15,,7.9,3,0,0,37.9,,-25
2772,term,North,home_improvement,2024-12-27,645,604,3201.32,3122.22,,5.15,10,0,1,0.2,,-41
2773,term,South,debt_consolidation,2022-03-19,782,745,12755.52,3737.43,,12.87,0,0,0,34.0,,-37
2774,revolving,West,personal,2022-11-28,687,674,5340.76,3130.6,8982.88,8.6,5,0,0,25.5,0.349,-13
2775,revolving,North,debt_consolidation,2024-04-22,659,643,9686.92,8810.61,22647.88,9.71,7,0,0,8.5,0.389,-16
2776,term,East,home_improvement,2023-02-21,654,635,15931.47,7799.65,,13.56,13,0,1,22.7,,-19
2777,term,East,debt_consolidation,2024-09-18,658,640,9328.47,8626.84,,10.59,4,0,0,3.5,,-18
2778,term,West,home_improvement,2023-12-01,662,612,12292.6,9255.55,,10.56,7,0,0,13.2,,-50
2779,term,South,debt_consolidation,2022-02-18,723,699,11560.05,2342.01,,10.39,2,0,0,34.9,,-24
2780,revolving,East,home_improvement,2024-10-03,650,612,3703.29,3566.29,8583.57,9.5,10,0,1,3.0,0.415,-38
2781,term,South,home_improvement,2024-12-20,629,610,24158.86,23795.07,,7.86,10,0,0,0.4,,-19
2782,term,East,home_improvement,2024-08-08,744,711,1000.0,876.91,,10.44,7,0,0,4.9,,-33
2783,term,South,debt_consolidation,2023-12-16,761,772,12484.1,10389.59,,6.45,4,0,0,12.7,,11
2784,term,South,debt_consolidation,2021-03-19,633,607,3564.43,356.44,,7.94,10,0,0,46.1,,-26
2785,revolving,North,debt_consolidation,2024-11-22,662,654,10148.31,9910.84,26030.86,3.48,6,0,0,1.3,0.381,-8
2786,revolving,South,home_improvement,2021-06-16,754,714,28871.64,2887.16,5398.06,6.38,4,0,0,43.2,0.535,-40
2787,term,North,personal,2024-07-31,707,675,2992.81,2709.72,,10.88,4,0,0,5.1,,-32
2788,revolving,West,debt_consolidation,2021-06-21,775,725,13845.23,5688.29,12755.99,10.75,0,0,0,43.0,0.446,-50
2789,term,West,home_improvement,2024-08-17,721,688,13397.33,12110.63,,11.09,6,0,0,4.6,,-33
2790,term,South,debt_consolidation,2024-07-21,709,701,26608.21,24986.28,,3.0,5,0,0,5.5,,-8
2791,term,South,debt_consolidation,2021-08-18,658,634,1876.31,299.18,,9.25,13,0,0,41.1,,-24
2792,term,South,home_improvement,2023-02-06,621,612,15413.01,7741.62,,12.18,11,0,0,23.2,,-9
2793,term,East,personal,2024-05-06,607,592,8592.45,6689.94,,11.18,9,0,0,8.0,,-15
2794,term,East,debt_consolidation,2021-05-11,678,672,13695.98,4660.18,,8.76,6,0,0,44.4,,-6
2795,revolving,South,personal,2023-10-01,764,735,12264.3,8670.47,15808.93,10.98,0,0,0,15.3,0.548,-29
2796,term,East,personal,2022-06-30,617,562,14001.43,5018.99,,5.98,16,0,0,30.5,,-55
2797,term,South,home_improvement,2023-12-25,672,632,11465.34,9162.8,,11.95,7,0,0,12.4,,-40
2798,term,North,debt_consolidation,2022-10-29,580,518,50531.63,30794.17,,8.26,24,0,1,26.5,,-62
2799,revolving,West,personal,2024-01-08,763,729,6175.01,5383.09,13356.9,6.48,3,0,0,12.0,0.403,-34
2800,term,North,debt_consolidation,2021-02-12,631,571,8942.78,894.28,,8.88,8,0,0,47.3,,-60
2801,term,South,home_improvement,2022-10-26,816,795,1967.75,889.75,,7.11,0,0,0,26.6,,-21
2802,revolving,North,home_improvement,2021-03-03,707,695,5667.79,566.78,1159.84,5.45,7,0,0,46.7,0.489,-12
2803,term,North,auto,2023-01-03,772,790,33004.81,22157.35,,8.34,0,0,0,24.3,,18
2804,term,West,home_improvement,2024-10-27,575,540,6441.79,6241.68,,9.83,25,0,0,2.2,,-35
2805,term,East,auto,2022-08-19,531,505,18795.24,5159.01,,11.39,22,1,0,28.9,,-26
2806,term,West,auto,2021-04-29,656,656,8553.55,855.35,,10.39,9,0,0,44.8,,0
2807,term,North,personal,2023-03-19,682,670,37809.99,14290.93,,16.2,9,0,1,21.8,,-12
2808,revolving,South,debt_consolidation,2021-01-30,717,700,7794.67,1513.92,2712.8,9.8,7,0,0,47.7,0.558,-17
2809,term,East,auto,2024-12-22,772,741,25240.62,24678.85,,13.74,0,0,0,0.3,,-31
2810,revolving,South,auto,2022-12-23,661,629,8510.13,4984.99,12573.52,9.72,12,1,0,24.7,0.396,-32
2811,term,South,debt_consolidation,2022-09-05,654,643,11221.01,4552.23,,11.08,9,1,0,28.3,,-11
2812,term,South,auto,2023-05-01,666,642,22056.61,11379.51,,9.11,15,0,0,20.4,,-24
2813,term,North,debt_consolidation,2023-11-05,701,668,10004.26,6011.62,,10.18,4,1,0,14.1,,-33
2814,term,West,home_improvement,2023-05-05,605,551,4826.58,2178.33,,10.73,18,0,1,20.2,,-54
2815,term,North,personal,2023-03-22,572,535,19604.8,9630.92,,12.04,14,0,0,21.7,,-37
2816,revolving,East,personal,2022-10-08,699,662,23252.22,16681.0,47261.79,4.06,5,0,0,27.2,0.353,-37
2817,term,West,personal,2021-11-02,598,581,16913.11,9451.28,,8.18,10,1,0,38.5,,-17
2818,term,South,home_improvement,2023-12-06,748,708,1715.07,1471.78,,6.05,2,0,1,13.1,,-40
2819,term,North,debt_consolidation,2024-08-12,547,532,21420.51,18683.31,,3.0,15,1,0,4.7,,-15
2820,term,West,personal,2024-06-13,632,588,18561.34,17070.86,,10.68,8,1,0,6.7,,-44
2821,term,West,debt_consolidation,2021-10-13,598,572,10605.12,1060.51,,8.19,21,0,0,39.2,,-26
2822,term,West,home_improvement,2023-10-06,639,599,3756.82,2836.71,,7.22,18,0,0,15.1,,-40
2823,term,South,personal,2023-06-07,627,589,19893.6,9497.24,,9.55,10,1,0,19.1,,-38
2824,revolving,North,personal,2021-10-13,747,690,9927.57,1332.97,3437.15,11.14,4,0,0,39.2,0.388,-57
2825,term,South,personal,2023-02-08,848,847,5312.81,1957.16,,10.7,0,0,0,23.1,,-1
2826,term,South,auto,2024-12-07,606,561,14943.08,14657.41,,7.25,18,0,0,0.8,,-45
2827,revolving,South,auto,2024-11-23,638,616,14474.15,13915.93,29138.81,9.39,10,1,0,1.3,0.478,-22
2828,term,North,home_improvement,2024-03-14,671,639,10702.65,8732.19,,11.64,9,0,0,9.8,,-32
2829,term,North,auto,2021-03-15,616,579,11850.91,4658.41,,3.15,12,0,0,46.3,,-37
2830,term,North,debt_consolidation,2021-06-23,713,652,6318.33,631.83,,6.19,6,0,0,42.9,,-61
2831,revolving,North,debt_consolidation,2021-11-09,596,596,8585.87,4751.12,12441.77,8.74,16,0,1,38.3,0.382,0
2832,term,East,home_improvement,2022-08-14,716,680,2670.17,1266.03,,4.49,4,0,0,29.0,,-36
2833,revolving,South,home_improvement,2024-10-17,685,681,7466.47,6922.37,13410.94,5.88,3,0,0,2.5,0.516,-4
2834,term,North,debt_consolidation,2022-10-30,725,730,5963.24,2882.5,,12.9,0,0,0,26.5,,5
2835,revolving,North,debt_consolidation,2024-05-26,679,644,37140.05,31861.03,84650.23,9.66,8,0,0,7.3,0.376,-35
2836,revolving,South,auto,2021-03-18,723,688,10396.9,1039.69,2730.7,8.9,1,0,0,46.2,0.381,-35
2837,revolving,West,auto,2021-11-03,711,688,18395.41,1839.54,3037.74,6.05,9,0,0,38.5,0.606,-23
2838,term,South,debt_consolidation,2022-01-07,669,641,19558.97,8454.45,,7.75,8,0,0,36.3,,-28
2839,term,South,personal,2021-11-30,713,666,11939.57,1766.69,,4.92,5,0,0,37.6,,-47
2840,revolving,West,debt_consolidation,2021-10-12,765,729,11963.22,6544.09,10778.2,8.12,0,1,0,39.2,0.607,-36
2841,term,North,personal,2024-05-14,572,552,84467.89,72922.12,,3.67,23,0,0,7.7,,-20
2842,term,East,debt_consolidation,2023-11-04,558,514,8034.05,5924.06,,12.92,19,0,0,14.1,,-44
2843,term,West,debt_consolidation,2022-11-06,757,748,4098.36,2978.89,,6.3,1,0,0,26.2,,-9
2844,revolving,East,home_improvement,2023-02-12,733,715,9303.48,3686.55,9356.98,5.92,4,1,0,23.0,0.394,-18
2845,revolving,West,debt_consolidation,2024-10-31,765,751,12243.14,11503.35,20855.47,8.67,0,0,0,2.1,0.552,-14
2846,revolving,East,personal,2024-08-28,673,638,7975.09,7277.37,21525.35,10.22,11,0,0,4.2,0.338,-35
2847,revolving,East,personal,2024-01-06,785,785,1000.0,682.27,1565.66,9.25,0,0,0,12.0,0.436,0
2848,revolving,West,home_improvement,2023-02-08,850,835,26788.63,16082.03,34236.73,11.11,0,0,0,23.1,0.47,-15
2849,term,South,home_improvement,2023-02-28,749,721,5384.17,3405.77,,6.53,1,0,0,22.4,,-28
2850,revolving,East,auto,2021-02-05,714,685,8487.92,848.79,2093.99,9.37,11,0,0,47.5,0.405,-29
2851,revolving,East,home_improvement,2022-06-29,724,688,17222.79,3439.5,6792.05,9.07,3,0,0,30.6,0.506,-36
2852,revolving,East,debt_consolidation,2022-03-11,690,677,5745.7,2148.93,6329.41,10.27,11,0,0,34.2,0.34,-13
2853,term,East,home_improvement,2021-11-01,699,650,29965.2,8221.41,,10.35,6,0,0,38.6,,-49
2854,revolving,West,home_improvement,2022-12-14,706,681,10896.92,7828.6,20658.14,11.51,5,0,0,25.0,0.379,-25
2855,term,South,auto,2022-03-31,816,809,11882.13,4832.71,,14.87,0,0,0,33.6,,-7
2856,term,West,auto,2021-10-01,634,634,20191.88,12082.96,,8.6,9,0,0,39.6,,0
2857,revolving,West,personal,2023-12-19,666,665,3981.91,2701.6,4195.71,5.64,8,0,0,12.6,0.644,-1
2858,term,West,debt_consolidation,2024-12-01,680,659,39712.81,38507.24,,7.43,9,0,1,1.0,,-21
2859,term,South,personal,2021-10-03,717,692,8485.09,4108.69,,7.96,8,0,0,39.5,,-25
2860,term,North,personal,2022-04-29,694,655,20091.72,4011.12,,11.0,10,0,0,32.6,,-39
2861,revolving,South,auto,2021-02-22,602,549,9495.04,1315.83,3697.45,10.96,17,0,0,47.0,0.356,-53
2862,revolving,East,auto,2023-12-14,684,645,3657.33,2458.39,5562.75,9.77,5,0,0,12.8,0.442,-39
2863,term,West,home_improvement,2023-06-07,673,655,13444.31,6062.19,,9.44,8,0,0,19.1,,-18
2864,term,West,home_improvement,2023-04-10,679,644,13927.48,10240.86,,8.07,6,0,0,21.1,,-35
2865,revolving,West,debt_consolidation,2021-05-28,730,727,29549.72,8901.09,14693.09,8.99,4,0,0,43.8,0.606,-3
2866,revolving,West,auto,2021-10-08,751,731,4181.79,1524.08,2466.18,5.26,1,0,0,39.4,0.618,-20
2867,term,North,home_improvement,2021-12-16,629,590,35513.87,19663.49,,8.73,15,1,0,37.1,,-39
2868,term,North,auto,2022-11-22,795,751,16217.37,6511.52,,9.6,0,0,0,25.7,,-44
2869,term,West,personal,2023-07-06,590,539,31398.77,14663.42,,12.0,11,0,0,18.2,,-51
2870,term,South,personal,2022-01-17,637,583,2091.09,1215.77,,4.44,4,1,1,36.0,,-54
2871,term,North,personal,2024-04-14,666,624,10914.65,8715.01,,10.05,12,0,0,8.7,,-42
2872,term,South,debt_consolidation,2023-01-09,722,705,29027.96,15429.31,,14.35,3,0,0,24.1,,-17
2873,term,North,personal,2024-10-10,576,539,1143.77,1073.81,,9.76,18,0,0,2.8,,-37
2874,term,East,debt_consolidation,2022-02-04,812,788,10288.95,1028.89,,8.48,0,0,0,35.4,,-24
2875,term,East,auto,2023-08-14,572,554,16721.55,12395.69,,11.01,21,0,0,16.9,,-18
2876,revolving,East,debt_consolidation,2024-05-11,772,748,21251.34,19333.1,53959.26,9.1,0,0,0,7.8,0.358,-24
2877,term,North,debt_consolidation,2024-01-28,655,641,31002.68,24111.34,,5.63,7,0,0,11.3,,-14
2878,term,South,auto,2021-07-16,685,677,15758.92,6521.23,,8.79,6,0,0,42.2,,-8
2879,term,North,home_improvement,2021-12-25,546,493,11000.2,4266.4,,11.1,23,0,1,36.8,,-53
2880,term,East,auto,2024-08-16,724,690,19390.52,17732.99,,3.0,3,0,0,4.6,,-34
2881,term,North,auto,2024-04-04,670,673,7759.3,5865.05,,7.83,10,0,0,9.1,,3
2882,term,East,auto,2024-01-10,750,745,3913.26,2848.81,,5.18,2,0,0,11.9,,-5
2883,term,East,auto,2023-10-11,596,556,12927.53,9705.33,,8.83,15,0,0,14.9,,-40
2884,revolving,South,personal,2023-06-08,765,761,22336.05,17346.18,26037.5,10.73,0,0,0,19.1,0.666,-4
2885,term,West,debt_consolidation,2024-10-02,577,523,44138.65,40237.25,,8.39,22,1,0,3.0,,-54
2886,term,East,personal,2024-02-14,695,651,5152.85,4597.82,,7.48,13,0,0,10.7,,-44
2887,revolving,South,personal,2024-03-10,592,541,5070.25,3872.87,8566.16,6.68,11,0,0,9.9,0.452,-51
2888,term,West,home_improvement,2023-10-09,797,787,7987.86,6781.68,,6.7,0,0,0,15.0,,-10
2889,term,North,personal,2024-01-23,737,734,7012.85,5419.93,,10.87,4,0,0,11.5,,-3
2890,term,West,debt_consolidation,2024-09-20,775,752,8143.52,7784.02,,10.66,0,0,0,3.4,,-23
2891,revolving,West,personal,2024-11-26,664,657,26152.89,25811.96,45875.97,14.07,10,0,0,1.2,0.563,-7
2892,term,South,auto,2024-08-15,661,629,20062.04,17662.59,,10.44,10,0,0,4.6,,-32
2893,term,South,debt_consolidation,2023-12-15,677,636,8858.79,6833.25,,11.96,4,0,0,12.8,,-41
2894,term,East,auto,2024-05-11,671,653,16125.72,14273.95,,5.77,11,1,0,7.8,,-18
2895,term,West,personal,2021-04-12,656,592,25220.08,6916.37,,8.25,12,0,0,45.3,,-64
2896,revolving,East,home_improvement,2022-08-06,667,660,23812.69,7256.56,18050.78,5.44,11,0,0,29.3,0.402,-7
2897,term,South,personal,2021-04-15,750,723,7884.37,2714.63,,8.2,2,0,0,45.2,,-27
2898,revolving,East,debt_consolidation,2022-11-03,738,725,31983.68,9790.3,26297.82,7.28,2,0,0,26.3,0.372,-13
2899,term,West,personal,2024-05-13,609,590,9324.12,7322.71,,9.87,10,0,0,7.8,,-19
2900,revolving,North,personal,2022-10-18,722,674,19186.31,10223.19,19316.7,8.82,4,0,0,26.9,0.529,-48
2901,term,North,auto,2022-12-31,596,581,17159.46,7500.95,,10.82,12,0,0,24.4,,-15
2902,revolving,East,home_improvement,2024-11-03,769,748,10886.58,10502.16,28877.05,12.54,0,0,0,2.0,0.364,-21
2903,revolving,South,home_improvement,2022-11-11,622,603,14521.93,10279.52,22759.8,9.89,18,1,1,26.1,0.452,-19
2904,term,North,auto,2021-07-01,727,723,35506.55,3550.65,,8.78,2,0,0,42.7,,-4
2905,term,West,personal,2021-12-07,718,688,8253.73,825.37,,9.53,1,0,0,37.4,,-30
2906,revolving,South,debt_consolidation,2023-07-03,661,644,10444.08,6528.98,17554.25,14.52,13,0,0,18.3,0.372,-17
2907,term,North,debt_consolidation,2024-09-17,657,656,12885.14,12295.85,,6.56,13,1,0,3.5,,-1
2908,revolving,West,home_improvement,2024-09-26,666,625,30979.48,29629.72,68287.32,9.09,6,0,0,3.2,0.434,-41
2909,revolving,North,home_improvement,2024-02-02,709,702,9213.97,8183.59,19276.01,6.05,7,0,0,11.1,0.425,-7
2910,term,East,home_improvement,2024-06-01,730,724,21284.49,17809.12,,8.01,5,0,0,7.1,,-6
2911,term,West,auto,2024-11-17,812,813,13807.67,13489.01,,10.72,0,0,0,1.5,,1
2912,revolving,East,auto,2023-08-01,784,753,20873.97,16107.35,37061.14,10.09,0,0,0,17.3,0.435,-31
2913,revolving,West,personal,2024-02-21,714,696,12148.69,10222.81,26888.93,9.22,9,0,0,10.5,0.38,-18
2914,term,South,auto,2024-03-08,695,738,12429.89,11164.17,,4.51,4,0,0,10.0,,43
2915,term,East,personal,2023-02-06,647,633,5566.65,3145.02,,11.42,12,0,0,23.2,,-14
2916,revolving,East,personal,2024-02-15,719,681,7887.34,5781.57,16279.62,12.94,3,1,0,10.7,0.355,-38
2917,revolving,West,personal,2024-03-08,762,749,21361.63,15354.54,40490.67,4.27,1,0,0,10.0,0.379,-13
2918,revolving,East,debt_consolidation,2021-08-18,749,699,18925.46,7319.19,12249.72,10.8,1,0,0,41.1,0.597,-50
2919,term,West,auto,2024-07-31,697,683,26008.39,22069.71,,5.36,6,0,0,5.1,,-14
2920,term,North,personal,2021-04-23,644,637,11069.35,1106.93,,11.97,18,0,0,45.0,,-7
2921,term,West,personal,2023-05-25,688,668,6119.07,3815.83,,11.52,11,0,1,19.6,,-20
2922,revolving,South,home_improvement,2022-09-10,723,676,23580.41,8109.13,20577.52,13.09,4,0,0,28.1,0.394,-47
2923,revolving,South,personal,2021-02-04,751,724,48370.73,4837.07,9005.98,7.46,3,0,0,47.6,0.537,-27
2924,term,West,debt_consolidation,2024-12-15,694,667,16803.16,16630.51,,7.18,6,0,0,0.6,,-27
2925,term,West,auto,2024-07-14,737,724,10422.99,9631.24,,14.66,3,0,0,5.7,,-13
2926,term,South,personal,2021-10-15,743,709,20937.81,10712.01,,8.48,3,0,0,39.1,,-34
2927,revolving,East,personal,2022-09-07,662,610,6257.74,4240.12,10795.9,7.53,9,0,0,28.2,0.393,-52
2928,term,South,auto,2023-07-11,645,615,22965.37,14057.5,,6.66,9,0,0,18.0,,-30
2929,revolving,South,personal,2022-02-06,781,762,24295.18,2429.52,6956.81,4.64,0,0,0,35.3,0.349,-19
2930,term,North,home_improvement,2024-06-07,722,690,45615.46,41326.59,,7.9,4,0,0,6.9,,-32
2931,term,West,personal,2024-01-20,713,674,8976.69,6776.68,,11.66,1,0,0,11.6,,-39
2932,term,South,auto,2024-10-28,647,595,10511.93,10041.68,,4.69,12,0,0,2.2,,-52
2933,term,East,auto,2022-09-02,556,510,4560.78,1970.45,,8.71,20,0,0,28.4,,-46
2934,term,North,personal,2024-09-06,708,698,5151.04,4893.63,,9.11,6,0,0,3.9,,-10
2935,revolving,North,debt_consolidation,2023-04-27,709,721,15873.08,12168.74,22922.66,5.31,5,0,0,20.5,0.531,12
2936,term,North,debt_consolidation,2023-06-29,721,718,25221.75,19712.1,,4.85,3,0,0,18.4,,-3
2937,revolving,West,auto,2023-02-01,680,663,17982.6,6235.46,18423.36,8.59,14,0,0,23.3,0.338,-17
2938,term,South,debt_consolidation,2023-03-22,646,606,24492.2,17530.1,,12.11,10,0,0,21.7,,-40
2939,term,West,debt_consolidation,2022-10-29,696,675,44671.22,29373.77,,5.9,4,0,0,26.5,,-21
2940,term,North,debt_consolidation,2024-05-03,755,750,12892.74,11554.98,,7.5,1,0,0,8.1,,-5
2941,term,North,home_improvement,2021-05-03,712,692,13450.23,2708.24,,8.9,6,0,0,44.6,,-20
2942,term,North,debt_consolidation,2023-10-21,599,581,8765.89,6632.98,,13.7,24,0,0,14.6,,-18
2943,revolving,South,home_improvement,2024-09-17,669,651,22008.54,21214.62,40521.12,11.09,9,0,0,3.5,0.524,-18
2944,term,North,home_improvement,2022-05-17,641,652,17465.49,6821.17,,13.62,7,0,0,32.0,,11
2945,term,South,debt_consolidation,2022-09-27,775,775,2076.57,726.01,,11.5,0,0,0,27.6,,0
2946,term,West,auto,2023-04-11,666,607,14921.65,9381.38,,12.05,17,1,0,21.0,,-59
2947,revolving,East,personal,2021-06-28,769,731,25741.54,2574.15,5343.77,4.27,0,0,0,42.8,0.482,-38
2948,revolving,West,debt_consolidation,2023-01-03,693,666,21511.52,13392.08,23501.05,3.0,6,0,0,24.3,0.57,-27
2949,revolving,West,debt_consolidation,2024-12-27,655,652,2207.0,2155.95,3695.57,11.67,9,0,0,0.2,0.583,-3
2950,term,South,auto,2024-07-18,622,580,42981.37,38800.76,,10.12,13,0,0,5.6,,-42
2951,term,West,home_improvement,2024-11-09,658,624,21648.79,21046.43,,3.0,8,0,0,1.8,,-34
2952,term,East,debt_consolidation,2022-07-03,680,641,20310.16,8402.9,,6.57,8,0,0,30.4,,-39
2953,term,East,auto,2023-05-21,612,577,26155.83,12114.32,,7.63,19,0,0,19.7,,-35
2954,revolving,East,home_improvement,2022-06-06,718,714,15439.71,6504.05,13953.68,11.29,2,0,0,31.3,0.466,-4
2955,term,West,auto,2023-03-14,629,563,7857.54,4396.76,,9.24,9,0,0,22.0,,-66
2956,term,North,debt_consolidation,2022-03-10,592,553,36103.1,14142.58,,11.53,10,0,0,34.3,,-39
2957,term,South,personal,2022-11-05,600,548,12082.65,6096.8,,5.35,22,0,0,26.3,,-52
2958,term,South,personal,2023-01-15,651,636,25712.29,9688.83,,3.94,8,0,0,23.9,,-15
2959,revolving,North,debt_consolidation,2022-12-16,712,693,27929.01,9702.72,21856.27,3.19,4,0,0,24.9,0.444,-19
2960,revolving,South,personal,2022-11-19,778,751,32241.23,8677.96,14756.45,10.47,0,0,0,25.8,0.588,-27
2961,term,West,debt_consolidation,2022-08-03,665,661,30053.56,10020.25,,8.59,10,0,0,29.4,,-4
2962,revolving,North,personal,2021-08-28,699,674,3824.17,2264.99,3690.84,9.35,7,0,0,40.7,0.614,-25
2963,term,North,home_improvement,2022-10-12,675,660,10164.16,2993.12,,9.52,7,0,0,27.1,,-15
2964,revolving,West,home_improvement,2024-02-01,552,535,23574.84,15820.82,46027.12,3.0,23,1,0,11.2,0.344,-17
2965,term,West,home_improvement,2024-12-09,702,674,13787.72,13558.58,,8.71,9,0,0,0.8,,-28
2966,term,South,auto,2022-09-18,678,645,2040.11,710.9,,12.06,9,0,1,27.9,,-33
2967,term,West,auto,2022-09-20,585,544,2351.21,1341.75,,12.26,16,0,1,27.8,,-41
2968,revolving,East,personal,2023-06-13,781,762,9418.63,6411.18,12325.31,6.88,0,0,0,18.9,0.52,-19
2969,term,East,debt_consolidation,2022-01-04,716,692,19169.04,3799.15,,7.08,6,1,1,36.4,,-24
2970,term,West,debt_consolidation,2022-12-28,580,573,29951.18,10861.8,,10.28,12,0,0,24.5,,-7
2971,term,East,home_improvement,2024-02-03,711,702,6398.82,4942.64,,9.09,2,0,0,11.1,,-9
2972,revolving,North,debt_consolidation,2022-04-04,850,824,8367.54,4615.97,9069.48,5.22,0,0,0,33.4,0.509,-26
2973,term,East,personal,2024-03-02,680,682,21031.65,15228.58,,7.69,13,0,0,10.2,,2
2974,term,North,personal,2024-11-30,721,709,19391.62,18787.49,,11.13,11,0,0,1.1,,-12
2975,term,North,auto,2022-03-01,645,603,10215.45,1150.48,,5.91,7,0,0,34.6,,-42
2976,term,East,home_improvement,2022-01-30,653,625,20692.25,2069.22,,14.78,10,0,0,35.6,,-28
2977,term,West,home_improvement,2023-02-18,773,756,4357.81,3287.04,,8.92,0,0,0,22.8,,-17
2978,term,East,debt_consolidation,2023-12-08,718,700,36286.1,27291.95,,7.71,6,0,0,13.0,,-18
2979,term,North,debt_consolidation,2024-02-20,744,713,29618.15,25515.14,,11.8,1,0,0,10.5,,-31
2980,revolving,West,personal,2023-08-26,665,646,15804.4,9967.22,20853.04,10.04,6,0,0,16.5,0.478,-19
2981,term,North,debt_consolidation,2021-11-09,707,707,13552.76,1355.28,,11.07,8,1,0,38.3,,0
2982,revolving,East,auto,2024-12-18,675,662,9701.79,9523.94,26657.99,4.15,6,0,0,0.5,0.357,-13
2983,term,South,debt_consolidation,2023-01-08,716,663,24748.42,10094.34,,9.51,3,0,0,24.1,,-53
2984,term,West,auto,2021-09-09,673,636,7813.22,781.32,,11.12,6,0,1,40.3,,-37
2985,term,North,auto,2021-11-01,786,771,26586.19,2658.62,,9.57,0,0,0,38.6,,-15
2986,term,West,auto,2023-08-16,665,638,7520.72,5280.74,,11.48,11,0,0,16.8,,-27
2987,term,North,home_improvement,2021-02-21,705,702,7712.93,771.29,,13.53,5,0,0,47.0,,-3
2988,term,East,auto,2021-08-31,571,556,27202.86,8939.32,,11.29,14,0,1,40.6,,-15
2989,term,East,auto,2021-03-18,751,715,15389.08,7795.09,,9.16,2,0,1,46.2,,-36
2990,term,East,personal,2021-10-25,609,567,34835.96,7832.16,,13.99,9,0,0,38.8,,-42
2991,term,North,debt_consolidation,2021-11-30,641,623,11369.27,2136.2,,13.04,12,0,0,37.6,,-18
2992,revolving,East,personal,2024-04-01,605,598,14842.87,13193.45,33095.25,12.04,19,0,0,9.2,0.399,-7
2993,term,South,debt_consolidation,2021-12-20,594,572,6944.43,1572.8,,7.55,17,0,0,36.9,,-22
2994,term,South,personal,2023-10-30,738,723,20609.15,12083.09,,6.47,2,0,0,14.3,,-15
2995,term,East,personal,2021-09-20,632,599,32109.44,3210.94,,8.21,18,0,1,40.0,,-33
2996,revolving,North,debt_consolidation,2024-08-29,592,579,4180.02,3746.85,8697.88,10.2,18,0,0,4.2,0.431,-13
2997,term,East,debt_consolidation,2021-02-05,588,531,9350.45,935.04,,7.5,19,1,0,47.5,,-57
2998,revolving,East,auto,2021-02-04,746,701,13102.43,1310.24,2613.88,9.46,2,0,0,47.6,0.501,-45
2999,term,North,personal,2024-11-06,658,656,23566.54,23116.01,,10.03,7,0,0,1.9,,-2
3000,term,South,home_improvement,2022-08-09,677,648,27724.94,19434.83,,12.64,9,1,0,29.2,,-29
3001,revolving,South,auto,2023-01-25,735,705,20972.29,13372.62,38161.64,14.12,2,0,0,23.6,0.35,-30
3002,revolving,North,auto,2021-03-22,715,711,5148.22,514.82,953.16,9.1,5,0,0,46.0,0.54,-4
3003,revolving,East,auto,2021-11-26,691,671,16464.74,3860.44,8830.47,6.66,3,0,0,37.7,0.437,-20
3004,term,East,debt_consolidation,2021-06-09,756,735,4550.42,1582.7,,11.42,5,0,0,43.4,,-21
3005,revolving,North,personal,2024-12-02,602,563,46006.5,45044.45,125587.51,7.05,18,0,0,1.0,0.359,-39
3006,term,South,home_improvement,2023-03-18,661,640,3939.34,2669.43,,5.74,10,0,0,21.8,,-21
3007,term,North,debt_consolidation,2023-11-24,734,723,31464.2,19764.98,,12.8,7,0,0,13.5,,-11
3008,term,West,auto,2024-07-02,790,772,8767.61,8095.29,,7.33,0,0,0,6.1,,-18
3009,term,North,home_improvement,2022-02-27,797,786,1420.75,802.93,,12.7,0,0,0,34.6,,-11
3010,term,South,home_improvement,2022-02-28,608,572,8223.29,4299.56,,5.37,13,0,0,34.6,,-36
3011,term,North,home_improvement,2021-05-23,684,635,38042.51,3804.25,,11.39,5,0,1,44.0,,-49
3012,term,West,personal,2021-06-26,709,662,7224.03,722.4,,14.74,4,0,0,42.8,,-47
3013,term,East,home_improvement,2023-12-20,670,651,12208.46,10578.29,,5.06,8,0,0,12.6,,-19
3014,term,East,home_improvement,2022-10-16,721,694,3977.7,1071.26,,10.74,3,0,0,26.9,,-27
3015,term,West,personal,2023-09-27,815,811,24159.79,20049.69,,7.69,0,0,0,15.4,,-4
3016,term,West,personal,2022-02-03,626,576,9889.79,988.98,,6.22,22,0,0,35.4,,-50
3017,term,North,auto,2024-06-30,604,589,26041.72,23197.57,,18.2,16,0,0,6.2,,-15
3018,term,North,home_improvement,2024-11-26,718,692,14439.52,14009.61,,5.75,7,0,0,1.2,,-26
3019,term,South,auto,2022-01-25,652,626,24441.68,13652.58,,10.62,8,0,0,35.7,,-26
3020,revolving,North,auto,2024-06-25,720,715,11694.84,9712.41,18859.71,6.36,5,0,0,6.3,0.515,-5
3021,term,West,home_improvement,2024-07-11,691,659,11640.93,10211.12,,9.42,11,0,0,5.8,,-32
3022,term,East,personal,2024-11-01,668,650,23813.8,23324.15,,9.3,11,0,0,2.0,,-18
3023,term,South,debt_consolidation,2023-09-29,638,615,2606.14,1657.16,,10.83,11,0,0,15.3,,-23
3024,term,West,debt_consolidation,2024-05-31,685,661,14459.09,11522.35,,8.85,11,0,0,7.2,,-24
3025,term,North,auto,2024-01-30,656,641,10286.04,8158.1,,8.95,15,0,0,11.2,,-15
3026,term,West,personal,2023-05-13,746,720,7322.99,5652.07,,10.05,3,0,0,20.0,,-26
3027,revolving,East,auto,2023-09-11,686,674,21759.84,17943.11,34872.35,10.44,4,0,0,15.9,0.515,-12
3028,term,North,home_improvement,2023-06-10,603,603,34077.7,22833.62,,11.83,9,0,0,19.0,,0
3029,revolving,North,auto,2024-08-17,763,759,18762.3,16301.28,40535.88,7.73,1,0,0,4.6,0.402,-4
3030,term,South,debt_consolidation,2021-06-16,671,646,6154.36,659.9,,5.09,7,0,0,43.2,,-25
3031,revolving,North,debt_consolidation,2024-05-27,805,776,9108.09,7346.33,15312.79,6.68,0,0,0,7.3,0.48,-29
3032,revolving,South,debt_consolidation,2024-12-07,663,658,9994.41,9699.76,28878.11,10.46,10,0,0,0.8,0.336,-5
3033,term,West,debt_consolidation,2022-01-15,632,607,16313.21,1631.32,,5.5,6,1,1,36.1,,-25
3034,revolving,South,auto,2023-10-22,662,631,15067.05,11902.83,35525.57,5.37,13,0,0,14.6,0.335,-31
3035,term,West,auto,2021-05-09,673,661,16865.12,8131.07,,6.06,8,0,0,44.4,,-12
3036,revolving,North,debt_consolidation,2022-11-08,664,644,18065.73,10532.41,18783.49,6.99,8,0,0,26.2,0.561,-20
3037,term,South,personal,2022-10-14,642,615,17580.96,5526.87,,6.33,16,0,1,27.0,,-27
3038,revolving,West,debt_consolidation,2022-08-03,652,620,23829.39,10141.38,19214.38,9.17,11,0,0,29.4,0.528,-32
3039,revolving,South,debt_consolidation,2022-08-06,779,768,11183.79,3303.96,4966.6,8.59,0,0,0,29.3,0.665,-11
3040,revolving,South,home_improvement,2024-06-14,664,643,13829.88,12568.36,28168.35,10.69,10,0,0,6.7,0.446,-21
3041,term,West,personal,2023-11-30,808,767,3745.37,2303.1,,6.81,0,0,0,13.3,,-41
3042,term,South,home_improvement,2022-10-28,742,719,2337.29,940.56,,11.16,2,0,0,26.5,,-23
3043,term,West,debt_consolidation,2022-11-26,676,667,16113.05,6815.35,,6.14,9,0,0,25.6,,-9
3044,revolving,North,home_improvement,2022-02-13,719,690,41268.86,4126.89,8195.84,15.07,3,0,0,35.1,0.504,-29
3045,revolving,West,auto,2022-06-21,648,638,9660.51,6030.98,13995.71,4.69,6,0,0,30.8,0.431,-10
3046,term,South,personal,2023-02-24,743,723,3316.2,1778.57,,9.1,3,0,0,22.6,,-20
3047,term,North,debt_consolidation,2021-11-27,759,755,12910.69,1291.07,,10.15,0,0,0,37.7,,-4
3048,term,East,debt_consolidation,2023-08-12,715,696,5820.93,4206.64,,11.28,0,0,0,16.9,,-19
3049,term,West,personal,2024-06-02,649,627,13135.61,11946.08,,3.72,10,0,0,7.1,,-22
3050,term,North,home_improvement,2022-01-26,715,681,13782.42,2195.1,,5.42,3,0,0,35.7,,-34
3051,term,South,auto,2021-11-27,638,594,10348.66,1341.02,,8.57,12,0,0,37.7,,-44
3052,term,West,auto,2022-01-24,596,546,9809.2,6071.83,,7.21,15,0,1,35.8,,-50
3053,term,South,home_improvement,2022-09-02,695,658,1000.0,233.22,,10.72,9,0,1,28.4,,-37
3054,revolving,East,auto,2022-02-13,582,543,6959.02,695.9,1337.26,7.63,20,0,0,35.1,0.52,-39
3055,term,East,personal,2022-01-20,655,621,16048.94,1604.89,,11.04,9,0,0,35.9,,-34
3056,revolving,North,auto,2023-08-16,702,676,7261.5,3935.13,7417.31,3.95,4,0,0,16.8,0.531,-26
3057,revolving,East,home_improvement,2024-03-30,773,779,32191.49,29131.24,55527.31,12.6,0,0,0,9.2,0.525,6
3058,term,South,home_improvement,2023-04-08,641,620,26138.41,12361.15,,13.77,13,0,1,21.1,,-21
3059,term,North,debt_consolidation,2023-12-03,619,573,10959.04,8944.35,,12.8,16,0,1,13.2,,-46
3060,term,West,personal,2022-10-07,727,696,8325.85,2959.54,,10.6,1,0,0,27.2,,-31
3061,term,South,auto,2023-05-08,693,656,24101.9,15935.08,,5.45,5,0,0,20.1,,-37
3062,revolving,South,debt_consolidation,2023-05-21,684,658,7764.62,3847.52,8252.63,8.41,10,0,0,19.7,0.466,-26
3063,revolving,South,debt_consolidation,2021-01-22,590,544,21334.71,2133.47,4900.26,7.98,19,0,0,48.0,0.435,-46
3064,revolving,West,debt_consolidation,2024-10-10,745,695,12409.08,12061.45,27483.01,8.99,0,0,0,2.8,0.439,-50
3065,term,West,home_improvement,2024-01-31,553,530,13064.35,10408.79,,7.56,21,1,0,11.2,,-23
3066,term,South,personal,2022-05-30,691,661,9839.42,5629.39,,9.81,7,0,0,31.6,,-30
3067,term,East,personal,2023-10-22,753,708,27579.63,22636.77,,6.3,4,0,0,14.6,,-45
3068,term,North,home_improvement,2024-03-08,686,651,29291.38,24394.63,,5.01,10,0,0,10.0,,-35
3069,term,South,personal,2023-02-05,665,609,34769.27,15269.92,,10.24,5,0,0,23.2,,-56
3070,term,South,debt_consolidation,2024-02-13,617,568,37889.19,31889.71,,10.63,10,1,0,10.8,,-49
3071,term,North,personal,2023-08-23,645,594,36532.1,29005.91,,5.64,16,0,0,16.6,,-51
3072,revolving,South,auto,2023-05-11,811,793,12784.03,9552.95,17225.39,9.64,0,0,0,20.0,0.555,-18
3073,revolving,North,home_improvement,2023-11-07,647,652,38465.61,27608.87,75942.88,12.56,9,0,0,14.0,0.364,5
3074,term,North,debt_consolidation,2023-06-16,707,651,13284.87,5911.36,,8.97,6,0,0,18.8,,-56
3075,term,East,debt_consolidation,2023-07-18,629,573,12241.07,8179.64,,10.93,13,0,0,17.8,,-56
3076,revolving,North,home_improvement,2022-11-17,661,616,6908.06,1900.28,5544.0,3.87,7,0,1,25.9,0.343,-45
3077,term,North,auto,2022-02-18,582,562,19450.82,2742.65,,8.33,17,0,0,34.9,,-20
3078,term,West,debt_consolidation,2023-04-25,677,668,15772.45,10463.56,,8.33,12,0,0,20.6,,-9
3079,term,North,debt_consolidation,2024-02-07,658,637,4969.19,3718.78,,10.77,7,1,0,11.0,,-21
3080,term,South,personal,2022-10-11,760,712,7792.87,5665.05,,9.41,0,0,0,27.1,,-48
3081,term,North,home_improvement,2021-07-19,629,597,13999.57,1399.96,,11.58,16,0,0,42.1,,-32
3082,revolving,North,home_improvement,2024-09-16,654,608,4235.04,3978.59,8829.63,5.61,10,0,0,3.6,0.451,-46
3083,revolving,West,home_improvement,2024-11-11,734,691,1454.38,1402.85,3273.02,6.89,3,0,0,1.7,0.429,-43
3084,term,East,home_improvement,2022-03-08,677,650,23298.4,10856.37,,11.48,4,0,0,34.3,,-27
3085,term,East,debt_consolidation,2023-05-02,670,637,40864.35,32274.71,,11.16,7,1,0,20.3,,-33
3086,term,East,personal,2024-08-25,669,637,8513.52,7923.44,,7.16,12,0,1,4.3,,-32
3087,term,West,auto,2022-01-31,620,594,34487.37,13243.19,,8.38,11,0,0,35.5,,-26
3088,term,East,auto,2023-12-26,654,634,43806.56,32160.27,,7.46,10,0,0,12.4,,-20
3089,term,North,auto,2024-05-01,684,665,33646.21,29453.82,,3.77,10,0,0,8.2,,-19
3090,revolving,South,personal,2024-10-04,610,571,9704.62,9122.37,17398.28,9.53,18,0,1,3.0,0.524,-39
3091,term,South,personal,2021-09-19,616,567,2539.93,253.99,,5.31,11,1,0,40.0,,-49
3092,term,South,debt_consolidation,2022-11-14,752,712,10655.46,4948.9,,8.47,1,0,0,26.0,,-40
3093,revolving,East,debt_consolidation,2023-01-08,710,688,15980.95,9040.49,26295.56,6.95,5,0,0,24.1,0.344,-22
3094,term,West,debt_consolidation,2024-10-16,698,670,7879.57,7593.25,,8.09,8,0,1,2.6,,-28
3095,revolving,West,debt_consolidation,2023-01-06,647,613,13324.83,7052.65,18505.52,14.68,10,0,0,24.2,0.381,-34
3096,term,East,home_improvement,2021-07-30,693,645,8297.75,829.77,,3.57,8,0,0,41.7,,-48
3097,revolving,West,personal,2024-10-20,535,502,2309.82,2171.86,6272.79,15.52,18,0,0,2.4,0.346,-33
3098,term,North,auto,2022-09-29,607,566,11610.56,7894.1,,8.89,9,0,0,27.5,,-41
3099,term,West,auto,2024-10-05,717,704,28051.89,26633.7,,10.92,2,0,0,2.9,,-13
3100,term,East,personal,2024-01-26,639,608,20198.67,16540.76,,4.47,11,0,0,11.4,,-31
3101,term,West,home_improvement,2022-11-13,667,645,13626.68,7643.98,,12.48,8,0,0,26.0,,-22
3102,term,West,auto,2024-02-09,701,645,14053.57,10603.38,,8.79,4,0,0,10.9,,-56
3103,revolving,North,personal,2021-12-25,634,621,5162.91,2899.3,5029.38,7.39,9,0,0,36.8,0.576,-13
3104,term,North,debt_consolidation,2024-05-01,642,616,15639.53,11844.52,,7.12,10,0,0,8.2,,-26
3105,term,South,auto,2024-07-03,658,612,13436.18,12394.22,,3.0,6,0,0,6.1,,-46
3106,revolving,West,debt_consolidation,2021-10-07,689,666,7946.54,794.65,1935.49,5.99,10,0,1,39.4,0.411,-23
3107,revolving,East,home_improvement,2021-09-08,582,529,3719.14,2209.7,3581.22,6.15,18,0,1,40.4,0.617,-53
3108,term,East,auto,2024-02-12,698,679,7047.71,6086.85,,5.94,6,0,0,10.8,,-19
3109,term,North,auto,2023-03-14,678,647,18215.33,9923.55,,11.92,9,0,0,22.0,,-31
3110,revolving,South,personal,2023-11-15,686,643,33795.2,22718.63,45240.0,10.02,8,0,0,13.8,0.502,-43
3111,revolving,North,auto,2021-09-28,635,608,26154.92,2615.49,5461.26,13.08,13,0,0,39.7,0.479,-27
3112,term,North,auto,2021-01-27,676,627,16272.52,4983.92,,4.13,9,0,0,47.8,,-49
3113,term,North,personal,2022-02-03,737,729,15378.09,4744.3,,6.31,4,0,0,35.4,,-8
3114,revolving,East,auto,2023-02-23,720,712,29744.54,16627.89,30092.15,9.89,5,1,0,22.6,0.553,-8
3115,term,West,personal,2024-09-03,753,735,11392.33,10262.53,,6.98,2,0,0,4.0,,-18
3116,term,West,home_improvement,2024-11-06,625,591,17306.5,16771.47,,7.07,15,0,0,1.9,,-34
3117,term,East,debt_consolidation,2022-03-16,720,688,7271.79,1626.21,,9.96,4,0,0,34.1,,-32
3118,term,East,home_improvement,2023-11-12,642,606,4840.54,3052.63,,6.71,15,0,0,13.9,,-36
3119,revolving,South,home_improvement,2022-12-28,543,497,7091.26,4059.77,11673.53,3.0,20,0,0,24.5,0.348,-46
3120,term,East,home_improvement,2021-07-12,735,712,8546.74,854.67,,6.96,7,0,0,42.3,,-23
3121,term,South,home_improvement,2023-04-07,726,708,1772.74,659.51,,12.67,7,0,0,21.2,,-18
3122,term,West,personal,2024-07-14,769,733,5195.07,4644.81,,8.9,0,0,0,5.7,,-36
3123,term,West,personal,2024-02-28,592,557,1000.0,721.24,,8.24,18,0,0,10.3,,-35
3124,term,South,auto,2021-12-15,689,660,9506.53,1567.82,,10.66,3,0,0,37.1,,-29
3125,revolving,East,auto,2024-04-24,666,627,9951.16,7868.47,12475.56,7.65,12,0,0,8.4,0.631,-39
3126,term,East,home_improvement,2022-11-26,748,740,15719.68,4150.35,,3.0,2,0,0,25.6,,-8
3127,term,South,home_improvement,2022-10-05,596,575,14455.63,7716.26,,4.45,16,1,0,27.3,,-21
3128,term,East,auto,2021-12-31,664,640,22918.15,2291.81,,6.85,6,0,0,36.6,,-24
3129,term,North,home_improvement,2021-04-02,685,666,29746.1,2974.61,,9.09,9,0,0,45.7,,-19
3130,revolving,South,personal,2023-04-28,724,717,19726.29,10710.84,19742.07,12.47,5,0,0,20.5,0.543,-7
3131,term,East,personal,2024-09-06,704,660,15139.25,14375.56,,7.12,5,0,0,3.9,,-44
3132,term,South,home_improvement,2023-03-10,678,632,26481.06,19493.76,,12.34,9,0,1,22.1,,-46
3133,term,South,personal,2021-04-18,661,627,9720.13,972.01,,11.89,10,0,0,45.1,,-34
3134,term,East,auto,2024-11-03,674,652,17550.26,16920.76,,7.12,9,0,1,2.0,,-22
3135,revolving,East,personal,2022-10-02,725,696,18717.81,4634.91,11030.17,9.75,3,0,0,27.4,0.42,-29
3136,term,South,home_improvement,2024-06-27,630,609,16700.87,14940.3,,10.35,13,0,0,6.3,,-21
3137,term,East,personal,2021-01-18,665,646,11809.52,1180.95,,10.44,5,0,0,48.1,,-19
3138,term,East,home_improvement,2021-06-23,665,651,32878.87,6669.41,,8.47,7,0,0,42.9,,-14
3139,term,South,home_improvement,2022-06-20,554,506,8684.95,3230.78,,10.95,14,0,0,30.9,,-48
3140,revolving,North,personal,2024-10-23,562,522,6423.24,5990.53,15344.87,13.27,18,0,0,2.3,0.39,-40
3141,term,West,home_improvement,2024-08-02,590,540,8345.37,7820.13,,15.78,14,0,0,5.1,,-50
3142,term,East,debt_consolidation,2021-09-21,667,634,4346.17,1358.38,,9.97,6,0,0,39.9,,-33
3143,term,West,personal,2024-04-12,710,669,7011.71,5221.3,,9.36,1,0,1,8.8,,-41
3144,term,North,debt_consolidation,2024-04-26,642,605,1000.0,787.03,,7.91,11,0,1,8.3,,-37
3145,term,North,auto,2022-11-17,582,553,14456.42,6645.4,,6.89,13,0,0,25.9,,-29
3146,revolving,North,home_improvement,2024-05-25,736,728,6507.95,5606.76,11846.48,4.18,5,0,0,7.4,0.473,-8
3147,term,North,debt_consolidation,2022-08-09,696,669,32866.42,19945.87,,3.87,8,0,0,29.2,,-27
3148,term,West,home_improvement,2022-04-24,666,608,1809.08,473.17,,11.04,7,0,0,32.8,,-58
3149,term,East,home_improvement,2022-07-28,694,670,25510.45,3889.14,,7.24,9,0,0,29.6,,-24
3150,revolving,West,auto,2022-03-06,616,588,17472.28,6861.33,10503.09,7.17,12,1,0,34.4,0.653,-28
3151,term,North,personal,2022-02-07,741,720,45313.18,5219.23,,9.28,2,0,0,35.3,,-21
3152,term,South,personal,2022-05-30,699,681,17256.61,7044.13,,11.88,2,0,0,31.6,,-18
3153,term,East,auto,2023-05-20,671,643,6606.86,2962.9,,7.76,11,0,0,19.7,,-28
3154,term,West,home_improvement,2024-02-01,659,626,25796.17,22701.93,,3.0,7,0,0,11.2,,-33
3155,term,West,auto,2023-05-08,684,667,6202.17,4661.62,,5.14,5,0,0,20.1,,-17
3156,revolving,East,personal,2023-10-12,708,688,6980.55,5394.44,8210.58,14.81,7,0,0,14.9,0.657,-20
3157,term,West,home_improvement,2022-08-14,575,543,17026.84,2554.11,,13.42,15,0,0,29.0,,-32
3158,revolving,West,personal,2024-09-04,633,618,9225.13,8537.65,24918.43,15.18,15,0,0,4.0,0.343,-15
3159,term,West,auto,2023-04-25,660,641,13055.33,5448.76,,8.81,10,0,0,20.6,,-19
3160,term,North,debt_consolidation,2024-11-04,657,647,10753.46,10252.5,,6.06,17,0,0,1.9,,-10
3161,term,East,debt_consolidation,2023-07-03,637,609,7269.17,5426.42,,8.71,14,0,1,18.3,,-28
3162,term,West,auto,2021-03-10,726,734,11955.25,1195.52,,7.25,8,0,0,46.4,,8
3163,term,North,home_improvement,2022-07-25,638,619,5682.28,3939.86,,13.94,10,0,0,29.7,,-19
3164,term,North,debt_consolidation,2024-12-22,615,576,10295.82,10013.56,,8.22,10,0,0,0.3,,-39
3165,term,East,debt_consolidation,2021-08-25,651,596,23334.16,3165.79,,18.78,10,1,0,40.8,,-55
3166,term,South,auto,2024-06-01,770,753,9541.7,8015.01,,10.98,0,0,0,7.1,,-17
3167,term,East,auto,2021-06-26,680,675,7074.34,707.43,,13.21,10,0,0,42.8,,-5
3168,term,East,debt_consolidation,2023-05-18,651,628,3764.45,1931.33,,4.15,22,0,0,19.8,,-23
3169,term,East,debt_consolidation,2022-05-22,660,644,11823.44,2824.58,,15.14,7,0,0,31.8,,-16
3170,term,South,home_improvement,2023-05-29,574,513,13129.94,6841.55,,8.94,21,0,0,19.4,,-61
3171,term,East,auto,2021-09-02,668,651,9177.89,4718.35,,8.19,8,0,0,40.6,,-17
3172,term,East,home_improvement,2023-08-10,694,694,6501.72,5146.46,,6.05,3,0,0,17.0,,0
3173,term,West,auto,2023-07-05,706,683,8787.03,4493.95,,5.01,6,0,0,18.2,,-23
3174,revolving,East,auto,2024-03-21,670,651,18501.68,13824.76,27950.47,10.1,5,0,0,9.5,0.495,-19
3175,term,East,auto,2023-09-02,635,630,40913.14,32928.26,,5.91,11,1,0,16.2,,-5
3176,term,East,auto,2022-02-28,734,723,5842.32,1352.97,,12.81,5,0,0,34.6,,-11
3177,term,West,personal,2023-07-08,657,622,19531.89,11169.67,,8.06,11,0,0,18.1,,-35
3178,term,South,home_improvement,2022-07-07,621,573,7639.36,3202.04,,8.49,14,0,0,30.3,,-48
3179,term,East,auto,2022-10-16,633,584,15586.27,3732.13,,5.83,9,0,0,26.9,,-49
3180,term,West,home_improvement,2021-02-12,659,645,8510.54,2021.92,,11.04,11,0,0,47.3,,-14
3181,revolving,East,debt_consolidation,2021-04-13,662,669,9975.21,1452.32,2375.54,7.92,4,0,0,45.3,0.611,7
3182,term,North,home_improvement,2024-11-19,647,636,9701.72,9476.32,,6.91,11,0,0,1.4,,-11
3183,term,West,personal,2024-01-15,698,669,1000.0,671.58,,6.21,5,0,0,11.7,,-29
3184,term,East,auto,2024-01-28,674,678,1476.07,1195.98,,11.95,8,0,0,11.3,,4
3185,term,North,auto,2022-02-19,733,696,8804.64,880.46,,9.26,3,0,0,34.9,,-37
3186,term,East,personal,2021-01-17,684,665,6760.54,2252.64,,7.89,4,0,0,48.2,,-19
3187,term,East,auto,2021-12-04,658,620,12936.22,7974.71,,12.11,7,0,0,37.5,,-38
3188,term,East,personal,2021-08-23,649,585,7853.73,3887.24,,9.68,10,0,0,40.9,,-64
3189,revolving,West,debt_consolidation,2022-11-24,656,646,11860.79,3552.7,9703.81,9.28,14,1,1,25.6,0.366,-10
3190,revolving,West,debt_consolidation,2021-02-15,615,595,6793.11,1193.19,2809.49,7.18,15,0,0,47.2,0.425,-20
3191,revolving,West,auto,2022-09-13,665,619,19336.6,4003.58,11814.37,11.1,8,0,0,28.0,0.339,-46
3192,revolving,North,personal,2024-05-14,708,693,20956.37,17688.41,46539.42,11.24,5,0,0,7.7,0.38,-15
3193,term,South,personal,2022-10-27,726,701,14238.86,4358.92,,9.85,10,0,0,26.6,,-25
3194,term,South,debt_consolidation,2022-02-13,690,663,23762.81,11026.91,,9.29,9,1,0,35.1,,-27
3195,term,West,home_improvement,2024-02-23,850,835,45530.82,32080.1,,14.63,0,0,0,10.4,,-15
3196,term,South,personal,2024-05-26,699,700,15255.36,13286.38,,6.46,6,1,0,7.3,,1
3197,term,East,auto,2024-04-08,575,548,4122.39,3424.03,,8.02,23,0,0,8.9,,-27
3198,term,South,auto,2021-01-12,704,684,15034.02,2284.86,,6.42,3,0,0,48.3,,-20
3199,term,South,auto,2022-07-09,747,719,7462.01,786.5,,9.53,2,0,0,30.2,,-28
3200,term,North,personal,2022-06-01,664,640,24637.42,15317.46,,6.03,8,1,1,31.5,,-24
3201,term,South,debt_consolidation,2023-04-02,592,562,6399.74,3818.88,,8.06,15,0,0,21.3,,-30
3202,term,West,auto,2024-11-25,571,542,1913.54,1864.65,,11.53,21,0,0,1.2,,-29
3203,term,East,personal,2023-03-11,674,685,9007.64,4012.24,,5.81,6,0,0,22.1,,11
3204,revolving,East,personal,2024-09-03,619,592,8773.88,8291.0,19961.56,11.51,11,0,0,4.0,0.415,-27
3205,revolving,West,personal,2023-12-29,667,631,20625.26,17226.27,36848.41,5.6,12,0,0,12.3,0.467,-36
3206,term,West,auto,2023-06-19,657,631,82085.05,39810.7,,9.54,8,0,0,18.7,,-26
3207,term,East,personal,2024-02-07,768,745,18326.72,15778.55,,10.22,2,0,0,11.0,,-23
3208,term,North,debt_consolidation,2023-09-18,730,709,8494.14,6206.25,,12.16,4,0,0,15.7,,-21
3209,term,West,auto,2024-06-23,646,596,5804.48,4708.8,,11.71,8,0,0,6.4,,-50
3210,term,East,auto,2023-10-15,655,618,26777.39,21447.7,,6.41,7,0,0,14.8,,-37
3211,revolving,North,debt_consolidation,2024-09-13,735,694,7732.91,7162.04,19588.07,9.8,1,0,0,3.7,0.366,-41
3212,term,East,home_improvement,2024-09-11,687,650,15742.85,14049.22,,6.61,4,0,0,3.7,,-37
3213,term,East,debt_consolidation,2024-05-17,699,669,6294.26,5777.16,,10.78,2,0,0,7.6,,-30
3214,term,North,debt_consolidation,2024-10-18,750,702,9113.78,8878.77,,12.12,4,0,0,2.5,,-48
3215,term,West,personal,2024-05-25,633,613,9565.25,8445.57,,8.87,16,0,0,7.4,,-20
3216,revolving,West,auto,2024-11-12,737,693,12257.06,11805.54,31202.99,9.08,6,0,0,1.7,0.378,-44
3217,term,South,auto,2022-02-02,656,618,24598.09,11787.45,,8.76,13,1,0,35.5,,-38
3218,revolving,West,personal,2023-09-04,545,496,31679.69,19572.9,41290.89,7.41,21,0,0,16.2,0.474,-49
3219,term,West,personal,2021-07-07,609,558,20496.51,3816.03,,7.0,18,0,0,42.5,,-51
3220,revolving,North,home_improvement,2022-04-08,624,610,9965.65,3951.22,9757.96,11.92,15,0,0,33.3,0.405,-14
3221,term,North,auto,2022-12-30,760,752,26214.43,16085.08,,8.27,1,0,0,24.4,,-8
3222,revolving,East,debt_consolidation,2021-02-20,672,652,12560.27,1256.03,3735.53,9.41,12,0,0,47.0,0.336,-20
3223,term,North,debt_consolidation,2022-02-01,661,637,30259.82,7557.78,,10.8,10,1,1,35.5,,-24
3224,term,North,home_improvement,2021-08-15,769,754,15243.3,6002.2,,9.66,0,0,0,41.2,,-15
3225,term,East,personal,2021-04-14,633,602,11194.41,1119.44,,6.95,8,0,0,45.3,,-31
3226,term,East,debt_consolidation,2021-01-30,656,647,10836.4,1083.64,,8.82,6,0,0,47.7,,-9
3227,revolving,South,debt_consolidation,2021-07-29,681,659,6407.42,640.74,1053.35,10.81,14,0,0,41.7,0.608,-22
3228,term,North,debt_consolidation,2023-01-31,676,660,46122.15,30350.11,,10.04,11,0,0,23.4,,-16
3229,revolving,South,debt_consolidation,2022-08-02,700,651,25066.91,14840.6,22835.21,4.95,8,0,0,29.4,0.65,-49
3230,term,South,personal,2024-07-24,712,669,9655.92,8968.71,,4.66,4,0,0,5.4,,-43
3231,revolving,South,auto,2023-05-07,630,607,11295.38,5833.51,10263.92,6.84,9,0,0,20.2,0.568,-23
3232,term,West,home_improvement,2023-12-04,567,537,26804.65,17369.66,,8.07,26,0,0,13.1,,-30
3233,term,East,home_improvement,2022-11-27,703,687,9874.42,6979.55,,6.96,10,0,0,25.5,,-16
3234,term,North,home_improvement,2024-10-15,568,524,1607.36,1514.9,,3.76,17,1,0,2.6,,-44
3235,revolving,South,home_improvement,2023-06-22,699,693,16493.8,10456.0,21453.88,4.93,5,0,0,18.6,0.487,-6
3236,term,East,personal,2024-05-31,723,716,8180.64,7463.66,,7.87,5,0,0,7.2,,-7
3237,revolving,East,personal,2022-03-29,747,723,9410.19,1920.91,3382.72,13.98,0,0,0,33.6,0.568,-24
3238,revolving,West,auto,2022-04-02,672,629,13844.93,5863.52,8954.37,15.83,16,0,0,33.5,0.655,-43
3239,term,North,personal,2022-03-25,800,783,10889.05,1355.79,,10.87,0,0,0,33.8,,-17
3240,revolving,South,personal,2021-01-19,596,579,23566.07,2356.61,5425.15,8.49,7,0,0,48.1,0.434,-17
3241,revolving,West,auto,2024-04-07,767,747,16415.95,12180.25,23755.05,9.1,0,0,0,9.0,0.513,-20
3242,term,East,personal,2021-09-04,633,616,19552.35,1955.23,,9.26,18,0,0,40.5,,-17
3243,term,South,auto,2024-01-25,682,661,12044.07,8861.69,,9.83,4,0,0,11.4,,-21
3244,term,North,personal,2021-03-07,689,682,25436.41,13470.3,,8.59,2,1,0,46.5,,-7
3245,term,West,personal,2022-02-05,760,715,5639.57,1295.62,,7.63,2,0,0,35.4,,-45
3246,term,South,home_improvement,2022-03-18,614,583,5643.45,666.91,,14.12,9,0,0,34.0,,-31
3247,revolving,East,auto,2024-10-10,808,816,3668.21,3482.19,9583.72,5.3,0,1,0,2.8,0.363,8
3248,term,South,debt_consolidation,2024-05-04,551,491,11762.73,9921.38,,11.75,16,0,0,8.1,,-60
3249,term,West,debt_consolidation,2024-05-01,675,673,10148.77,8154.68,,3.66,8,0,0,8.2,,-2
3250,term,East,home_improvement,2024-03-11,714,691,7966.05,6062.17,,10.31,3,0,0,9.9,,-23
3251,term,South,home_improvement,2024-09-18,741,708,3746.91,3418.95,,4.07,3,0,0,3.5,,-33
3252,revolving,North,home_improvement,2024-10-23,594,548,24506.82,22839.9,62877.89,14.61,22,0,0,2.3,0.363,-46
3253,term,West,debt_consolidation,2023-07-01,561,517,13631.83,8820.65,,6.75,22,1,1,18.3,,-44
3254,revolving,West,home_improvement,2022-06-29,758,738,16183.84,2853.76,5585.36,9.44,0,0,0,30.6,0.511,-20
3255,term,West,home_improvement,2023-06-20,694,682,14426.51,9920.22,,11.83,6,0,0,18.7,,-12
3256,revolving,West,auto,2022-03-16,565,536,9045.49,4166.42,10297.64,5.74,14,0,0,34.1,0.405,-29
3257,revolving,North,home_improvement,2021-09-12,649,603,30117.35,14350.75,40491.88,9.3,12,0,0,40.2,0.354,-46
3258,term,East,auto,2022-01-02,635,600,14573.93,1457.39,,8.14,3,0,0,36.5,,-35
3259,revolving,North,home_improvement,2023-09-26,748,724,5513.61,3250.9,6197.97,11.98,1,0,0,15.4,0.525,-24
3260,revolving,North,personal,2022-07-03,658,640,31674.58,8377.7,23960.54,12.09,12,0,0,30.4,0.35,-18
3261,term,South,personal,2021-12-04,669,644,10209.27,1020.93,,10.05,12,0,1,37.5,,-25
3262,term,South,personal,2023-08-19,664,652,4820.17,2956.07,,4.98,11,0,0,16.7,,-12
3263,revolving,South,personal,2024-08-19,780,778,5634.11,5075.73,14440.66,7.5,0,0,0,4.5,0.351,-2
3264,revolving,South,auto,2024-11-15,734,723,7147.69,6837.21,15112.79,8.74,6,0,0,1.6,0.452,-11
3265,term,South,home_improvement,2021-01-23,721,661,7095.75,709.57,,12.77,4,0,1,48.0,,-60
3266,term,North,auto,2023-02-24,692,653,11536.18,4033.65,,4.84,6,0,0,22.6,,-39
3267,term,West,auto,2022-07-28,691,652,18549.06,8977.42,,8.2,3,1,0,29.6,,-39
3268,term,North,auto,2023-05-21,625,602,6574.95,4933.26,,12.9,12,0,0,19.7,,-23
3269,term,East,debt_consolidation,2023-10-05,732,721,32097.4,25293.06,,8.35,5,0,0,15.1,,-11
3270,revolving,South,home_improvement,2024-10-13,657,648,13761.17,13269.44,31567.38,8.98,9,0,0,2.7,0.42,-9
3271,revolving,East,debt_consolidation,2021-07-01,603,586,9117.76,1425.36,3944.99,3.46,13,0,1,42.7,0.361,-17
3272,term,West,personal,2022-11-15,671,647,38140.37,16429.7,,7.62,10,0,0,25.9,,-24
3273,term,South,personal,2021-01-31,680,646,24391.63,9748.28,,10.67,7,1,0,47.7,,-34
3274,term,West,debt_consolidation,2024-12-21,760,756,2142.14,2107.04,,6.6,1,0,0,0.4,,-4
3275,term,South,auto,2021-01-10,731,690,16310.14,1631.01,,3.75,8,0,0,48.4,,-41
3276,term,North,personal,2021-12-25,620,574,25269.51,2526.95,,6.12,20,0,0,36.8,,-46
3277,term,West,personal,2022-09-26,742,695,3600.58,2107.51,,12.79,4,0,0,27.6,,-47
3278,revolving,South,home_improvement,2022-10-14,524,491,1105.65,728.86,1490.47,10.1,19,0,0,27.0,0.489,-33
3279,term,South,auto,2023-02-03,704,655,14393.62,9175.1,,11.68,7,0,0,23.3,,-49
3280,term,North,debt_consolidation,2022-06-29,638,591,5129.01,1357.12,,10.8,13,0,0,30.6,,-47
3281,term,South,auto,2023-03-23,595,564,16601.47,8599.87,,16.47,15,1,1,21.7,,-31
3282,revolving,West,auto,2023-07-18,609,573,7189.46,5760.34,10216.37,12.06,13,1,1,17.8,0.564,-36
3283,term,North,auto,2022-05-07,767,740,13669.48,2078.87,,8.89,0,0,0,32.3,,-27
3284,term,South,personal,2022-07-13,707,642,1000.0,650.78,,8.24,7,0,0,30.1,,-65
3285,revolving,West,personal,2023-04-20,702,697,14742.12,5984.07,16180.02,10.45,4,0,1,20.7,0.37,-5
3286,term,West,personal,2022-08-11,738,733,5217.07,1730.29,,12.64,1,1,0,29.1,,-5
3287,term,North,debt_consolidation,2024-04-19,665,638,17662.86,15995.16,,6.51,10,0,0,8.6,,-27
3288,term,West,debt_consolidation,2022-10-29,762,754,26058.76,8500.3,,10.36,1,0,0,26.5,,-8
3289,term,East,debt_consolidation,2023-09-24,666,665,16402.82,12005.01,,9.57,12,0,1,15.5,,-1
3290,term,South,auto,2022-04-28,491,442,9215.28,3541.34,,9.95,24,0,0,32.6,,-49
3291,term,East,debt_consolidation,2022-08-26,776,731,21472.77,14637.75,,8.09,0,0,0,28.6,,-45
3292,term,West,home_improvement,2024-09-16,503,474,28878.45,27027.47,,10.71,24,0,0,3.6,,-29
3293,term,South,personal,2021-07-21,664,614,11361.74,1136.17,,12.93,6,0,0,42.0,,-50
3294,term,South,auto,2022-10-22,725,704,28534.23,19858.82,,10.09,5,0,1,26.7,,-21
3295,term,East,auto,2021-04-07,538,498,8812.57,881.26,,3.65,16,0,0,45.5,,-40
3296,term,East,debt_consolidation,2023-06-06,671,675,9725.67,4150.19,,6.18,12,0,0,19.2,,4
3297,term,North,auto,2021-01-18,670,658,38680.11,14877.65,,14.17,18,0,0,48.1,,-12
3298,term,South,personal,2023-09-03,735,734,25259.7,13745.57,,5.42,2,0,0,16.2,,-1
3299,term,East,auto,2022-12-06,708,706,6723.88,3369.28,,5.23,9,0,0,25.2,,-2
3300,term,South,debt_consolidation,2024-09-20,599,565,6367.63,5961.86,,7.24,23,0,0,3.4,,-34
3301,term,North,debt_consolidation,2024-07-08,641,601,16065.42,13936.06,,6.7,10,0,0,5.9,,-40
3302,term,East,home_improvement,2021-09-28,615,604,11093.6,1109.36,,9.04,18,0,0,39.7,,-11
3303,revolving,West,personal,2022-11-09,568,554,31321.99,11848.9,24957.93,10.39,10,0,0,26.1,0.475,-14
3304,revolving,North,personal,2023-12-05,640,616,51041.57,39158.98,68250.98,10.24,9,0,0,13.1,0.574,-24
3305,term,South,auto,2022-04-18,769,750,29585.07,4710.57,,7.56,3,0,0,33.0,,-19
3306,term,West,personal,2022-07-27,706,701,8450.9,1647.52,,7.41,4,0,0,29.6,,-5
3307,term,West,auto,2022-04-26,705,672,20235.12,7097.16,,8.03,9,0,0,32.7,,-33
3308,term,North,auto,2022-12-01,607,583,14476.97,4244.02,,12.74,14,0,1,25.4,,-24
3309,term,North,auto,2023-02-17,562,521,25846.47,15710.97,,7.66,19,1,0,22.8,,-41
3310,revolving,North,debt_consolidation,2024-08-18,714,696,12420.58,10824.0,31000.33,10.1,6,0,0,4.5,0.349,-18
3311,revolving,North,personal,2022-09-19,740,728,6908.68,2699.39,7568.96,8.63,3,0,0,27.8,0.357,-12
3312,term,South,auto,2021-09-19,689,623,11089.56,6613.42,,7.37,6,0,0,40.0,,-66
3313,term,North,home_improvement,2021-10-27,725,718,10487.96,1048.8,,11.46,5,0,0,38.7,,-7
3314,term,West,auto,2021-11-30,659,615,20566.43,7124.71,,7.2,13,0,0,37.6,,-44
3315,term,West,auto,2023-06-10,683,672,29789.11,21768.07,,9.71,4,0,0,19.0,,-11
3316,term,North,personal,2022-09-28,636,612,1853.3,620.81,,10.93,16,0,0,27.5,,-24
3317,term,North,auto,2021-12-14,703,678,11106.15,3454.5,,10.31,4,0,1,37.1,,-25
3318,term,North,personal,2024-09-23,668,643,11045.53,10423.86,,9.98,3,0,0,3.3,,-25
3319,revolving,North,debt_consolidation,2024-08-03,716,689,8191.76,7010.29,13652.85,9.17,4,0,0,5.0,0.513,-27
3320,term,West,personal,2024-08-07,726,725,2956.3,2679.22,,9.35,3,0,0,4.9,,-1
3321,term,North,personal,2023-11-25,658,622,24796.28,17304.04,,8.93,17,0,0,13.4,,-36
3322,term,South,home_improvement,2023-07-04,710,676,33535.65,19580.14,,7.47,14,0,1,18.2,,-34
3323,term,North,home_improvement,2023-01-05,638,621,4175.22,2067.8,,7.21,18,0,0,24.2,,-17
3324,term,South,home_improvement,2021-08-05,787,738,20465.55,2046.55,,8.96,0,0,0,41.5,,-49
3325,term,North,home_improvement,2023-10-04,764,744,17965.21,10175.86,,9.5,1,0,0,15.2,,-20
3326,term,South,personal,2022-05-23,697,674,8788.4,2592.18,,9.78,7,0,0,31.8,,-23
3327,term,East,home_improvement,2023-06-14,634,594,40457.3,18989.9,,10.76,13,0,1,18.9,,-40
3328,term,South,personal,2021-07-06,694,648,32464.98,3246.5,,5.58,8,1,0,42.5,,-46
3329,revolving,West,home_improvement,2023-02-07,607,561,7014.58,5116.95,14663.98,10.07,17,0,0,23.1,0.349,-46
3330,term,East,debt_consolidation,2022-03-28,704,688,18791.32,4637.86,,9.95,5,0,0,33.7,,-16
3331,term,East,home_improvement,2023-10-14,552,492,33306.48,21494.02,,9.99,27,0,0,14.8,,-60
3332,term,South,home_improvement,2024-02-05,615,562,24685.93,17666.04,,10.28,16,0,0,11.0,,-53
3333,term,East,auto,2022-05-23,702,663,31374.22,7804.3,,6.77,8,0,0,31.8,,-39
3334,term,East,auto,2021-06-02,763,749,13158.34,1315.83,,9.64,0,0,0,43.6,,-14
3335,term,West,auto,2023-07-19,702,660,14309.38,10807.41,,9.7,7,0,0,17.7,,-42
3336,revolving,West,personal,2024-06-08,660,635,10076.42,8707.44,13425.65,3.92,10,0,0,6.9,0.649,-25
3337,term,West,home_improvement,2024-10-12,622,604,23114.7,21821.1,,13.24,14,0,1,2.7,,-18
3338,revolving,East,debt_consolidation,2024-04-19,649,625,9453.81,8220.15,19788.74,6.34,11,0,1,8.6,0.415,-24
3339,term,North,auto,2021-01-25,573,526,12936.5,1799.55,,9.69,23,1,0,47.9,,-47
3340,revolving,West,personal,2022-10-24,656,654,22694.89,7054.72,11128.45,3.0,13,0,0,26.7,0.634,-2
3341,revolving,North,debt_consolidation,2023-05-31,812,831,23525.97,18677.74,30867.28,12.25,0,0,0,19.4,0.605,19
3342,term,West,auto,2024-12-15,687,652,26875.26,26480.8,,7.21,5,0,0,0.6,,-35
3343,term,South,debt_consolidation,2024-02-27,705,648,24098.79,19726.65,,7.75,6,0,0,10.3,,-57
3344,term,South,personal,2021-06-09,568,537,5655.28,565.53,,6.04,22,0,0,43.4,,-31
3345,term,North,personal,2023-10-05,764,759,9347.02,6641.27,,7.52,0,0,0,15.1,,-5
3346,revolving,West,debt_consolidation,2022-04-08,771,715,18253.13,6364.46,16092.77,9.38,0,0,0,33.3,0.395,-56
3347,term,South,auto,2024-08-20,692,673,23773.18,21788.35,,13.67,8,1,0,4.5,,-19
3348,revolving,West,personal,2022-12-19,716,674,1165.96,834.32,2395.04,11.63,2,0,0,24.8,0.348,-42
3349,term,South,debt_consolidation,2024-11-15,639,623,4872.82,4751.02,,11.54,15,0,0,1.6,,-16
3350,term,West,auto,2021-11-19,663,614,34149.05,18348.8,,5.41,10,0,0,38.0,,-49
3351,term,West,home_improvement,2021-03-07,841,835,27034.35,2703.43,,9.68,0,0,0,46.5,,-6
3352,term,North,home_improvement,2024-04-23,651,626,17194.21,13940.71,,7.72,4,1,0,8.4,,-25
3353,term,North,debt_consolidation,2024-10-28,789,770,15909.96,14880.86,,5.68,0,0,0,2.2,,-19
3354,term,West,personal,2021-10-19,803,740,1000.0,342.44,,7.08,0,0,0,39.0,,-63
3355,revolving,North,debt_consolidation,2024-01-03,706,672,23040.18,16056.33,26629.89,9.06,6,0,0,12.1,0.603,-34
3356,term,North,auto,2024-07-16,672,632,8694.25,7774.04,,7.88,13,0,0,5.6,,-40
3357,term,East,home_improvement,2024-06-21,600,544,3424.13,2782.83,,9.93,20,0,0,6.5,,-56
3358,term,North,personal,2024-02-19,712,680,28291.46,24243.95,,5.25,7,0,0,10.6,,-32
3359,revolving,North,home_improvement,2021-12-05,680,655,13597.96,5229.03,13013.81,16.15,9,0,0,37.4,0.402,-25
3360,term,North,auto,2022-03-04,673,657,26424.38,14137.71,,9.66,2,0,0,34.5,,-16
3361,term,North,debt_consolidation,2023-12-22,651,644,13253.03,10253.46,,7.55,11,0,0,12.5,,-7
3362,term,North,personal,2022-11-18,698,688,19817.06,9000.8,,8.03,7,0,0,25.8,,-10
3363,term,East,debt_consolidation,2021-06-07,708,701,7110.51,2778.6,,4.68,4,0,0,43.5,,-7
3364,term,West,personal,2024-05-09,677,652,9948.81,8268.49,,4.39,13,0,0,7.9,,-25
3365,term,North,debt_consolidation,2023-10-07,750,745,6672.21,5102.66,,8.43,1,0,0,15.1,,-5
3366,term,East,debt_consolidation,2024-04-01,678,617,1000.0,846.1,,9.64,12,0,1,9.2,,-61
3367,revolving,East,personal,2024-08-23,670,665,7789.54,7235.43,20151.36,5.13,4,0,0,4.4,0.359,-5
3368,term,West,debt_consolidation,2023-06-25,612,603,3072.52,2259.73,,6.3,16,0,0,18.5,,-9
3369,revolving,East,personal,2023-07-28,667,644,8434.04,6205.89,13642.37,9.37,4,0,0,17.4,0.455,-23
3370,revolving,West,personal,2023-05-21,676,639,16103.49,12375.72,27337.98,5.82,6,0,0,19.7,0.453,-37
3371,term,West,home_improvement,2023-02-08,532,508,3731.88,2752.46,,11.7,30,0,0,23.1,,-24
3372,term,South,personal,2024-07-05,710,715,15173.9,13090.17,,9.9,4,0,0,6.0,,5
3373,term,West,debt_consolidation,2022-09-05,734,755,9618.27,2233.77,,7.67,2,0,0,28.3,,21
3374,revolving,West,debt_consolidation,2022-10-07,811,798,15953.09,4743.88,8961.64,9.44,0,0,0,27.2,0.529,-13
3375,term,West,home_improvement,2022-11-03,624,590,28779.11,12192.56,,6.46,26,0,0,26.3,,-34
3376,revolving,West,home_improvement,2024-10-20,673,632,14838.79,13772.29,22273.65,6.49,8,1,0,2.4,0.618,-41
3377,term,East,personal,2024-10-06,707,692,23992.65,23204.87,,13.38,5,0,0,2.9,,-15
3378,term,North,debt_consolidation,2023-03-18,676,649,6139.22,2984.38,,14.0,14,0,0,21.8,,-27
3379,revolving,North,personal,2021-11-23,635,614,6496.09,3453.29,6357.57,7.7,9,0,0,37.8,0.543,-21
3380,term,South,auto,2021-02-20,591,550,28768.97,2876.9,,9.03,13,0,0,47.0,,-41
3381,term,North,debt_consolidation,2021-04-26,684,664,35863.55,3586.35,,7.73,11,1,0,44.9,,-20
3382,term,East,auto,2024-11-10,753,745,20494.24,19856.12,,12.39,0,0,0,1.7,,-8
3383,term,East,debt_consolidation,2023-01-18,680,655,52012.07,38797.52,,14.84,12,0,0,23.8,,-25
3384,term,East,auto,2021-11-27,676,650,12551.19,6459.55,,7.23,7,0,0,37.7,,-26
3385,term,West,home_improvement,2023-03-27,703,699,2875.78,1060.57,,5.28,8,0,0,21.5,,-4
3386,revolving,East,auto,2021-07-30,725,700,28525.87,2852.59,7249.95,11.72,5,0,0,41.7,0.393,-25
3387,term,South,debt_consolidation,2021-01-27,699,689,13051.71,6441.51,,11.12,7,0,0,47.8,,-10
3388,term,East,home_improvement,2022-11-19,605,580,24767.61,13111.61,,12.85,19,0,0,25.8,,-25
3389,term,West,debt_consolidation,2023-09-10,707,707,23234.62,14254.7,,9.65,5,0,0,16.0,,0
3390,revolving,North,home_improvement,2023-09-18,642,626,21817.97,16685.25,44053.27,3.0,14,0,0,15.7,0.379,-16
3391,term,West,debt_consolidation,2022-05-27,636,619,12174.34,2596.92,,5.44,8,0,0,31.7,,-17
3392,revolving,West,home_improvement,2024-12-27,615,603,13050.57,12704.46,31991.43,14.47,12,1,0,0.2,0.397,-12
3393,term,North,debt_consolidation,2021-10-16,674,632,34945.93,4310.02,,8.83,16,0,0,39.1,,-42
3394,term,East,personal,2023-11-13,647,629,66519.42,54562.45,,6.39,10,0,0,13.8,,-18
3395,term,South,home_improvement,2023-05-11,662,658,34371.99,26708.81,,3.3,9,0,0,20.0,,-4
3396,term,South,debt_consolidation,2022-09-08,620,568,24896.99,5587.57,,10.44,11,0,0,28.2,,-52
3397,revolving,East,auto,2023-09-17,733,719,18514.69,10274.5,19661.35,9.19,1,0,0,15.7,0.523,-14
3398,term,East,auto,2022-09-30,656,653,13675.7,7753.33,,5.3,13,1,0,27.5,,-3
3399,revolving,East,auto,2022-03-20,636,593,9019.7,5210.86,13919.04,6.19,13,0,0,33.9,0.374,-43
3400,term,North,auto,2024-11-25,578,558,12705.95,12510.79,,6.61,19,0,0,1.2,,-20
3401,term,North,home_improvement,2021-05-10,780,765,2318.11,609.81,,10.35,0,0,0,44.4,,-15
3402,term,South,debt_consolidation,2021-10-22,586,541,13785.93,1961.85,,14.09,22,0,0,38.9,,-45
3403,term,West,auto,2021-09-27,697,686,18775.2,1877.52,,7.95,7,0,0,39.7,,-11
3404,term,North,home_improvement,2023-09-28,719,703,6990.14,5005.03,,13.9,8,0,0,15.4,,-16
3405,term,South,personal,2023-05-06,656,643,29855.69,12677.95,,8.96,10,0,0,20.2,,-13
3406,term,South,auto,2023-12-28,705,678,23838.1,15198.13,,6.54,6,0,0,12.3,,-27
3407,term,South,home_improvement,2022-06-25,709,682,14456.43,5660.27,,13.15,4,0,0,30.7,,-27
3408,term,North,home_improvement,2023-05-28,730,666,23750.64,14059.19,,10.43,1,0,0,19.5,,-64
3409,term,North,debt_consolidation,2021-05-26,716,695,18165.8,4264.07,,13.03,3,0,0,43.9,,-21
3410,revolving,South,home_improvement,2023-09-15,661,649,13729.64,9693.58,28794.11,10.13,7,0,0,15.8,0.337,-12
3411,revolving,West,auto,2023-01-02,655,611,3981.36,2011.27,5858.55,16.28,12,0,0,24.3,0.343,-44
3412,revolving,South,auto,2021-06-08,802,775,14345.97,1434.6,3383.86,9.82,0,0,0,43.4,0.424,-27
3413,term,West,auto,2022-01-31,745,732,2554.33,479.48,,10.54,0,0,0,35.5,,-13
3414,term,East,home_improvement,2022-12-26,638,618,29859.57,18704.4,,6.84,14,0,0,24.6,,-20
3415,term,South,home_improvement,2024-12-01,699,687,11869.6,11511.52,,11.87,7,0,0,1.0,,-12
3416,revolving,South,personal,2024-04-24,703,678,4639.83,3645.64,9400.0,8.6,8,0,0,8.4,0.388,-25
3417,term,East,home_improvement,2021-05-02,678,642,14123.0,1412.3,,11.11,9,0,1,44.7,,-36
3418,term,South,home_improvement,2021-05-25,785,754,13418.76,5122.32,,13.34,0,0,0,43.9,,-31
3419,revolving,North,personal,2021-01-22,673,633,18285.22,1828.52,4154.08,9.19,11,0,0,48.0,0.44,-40
3420,term,North,auto,2023-04-21,675,635,14974.46,11433.8,,11.09,10,0,0,20.7,,-40
3421,revolving,South,home_improvement,2023-02-13,729,693,21421.49,9081.67,23415.47,13.24,4,0,0,22.9,0.388,-36
3422,term,East,personal,2023-04-14,623,591,19922.63,8829.37,,6.04,9,0,0,20.9,,-32
3423,term,East,debt_consolidation,2022-07-25,648,608,4765.52,1665.99,,9.43,16,0,0,29.7,,-40
3424,term,North,home_improvement,2021-11-14,768,759,7383.74,2676.55,,4.12,0,0,0,38.1,,-9
3425,revolving,North,personal,2024-11-16,678,632,4995.37,4877.5,11088.62,8.57,14,0,0,1.5,0.44,-46
3426,revolving,East,debt_consolidation,2022-11-19,631,608,17343.5,10023.15,22017.95,11.82,14,0,0,25.8,0.455,-23
3427,term,West,debt_consolidation,2024-10-17,690,660,18156.82,16934.22,,3.49,5,0,0,2.5,,-30
3428,revolving,West,auto,2022-06-05,688,668,4717.63,3045.76,6714.1,6.44,7,0,0,31.4,0.454,-20
3429,term,South,debt_consolidation,2022-05-25,760,744,14145.97,6633.37,,5.22,2,0,0,31.7,,-16
3430,term,South,home_improvement,2021-12-21,745,732,17765.95,6056.87,,11.54,1,0,0,36.9,,-13
3431,revolving,West,debt_consolidation,2023-07-06,692,659,19061.91,12304.21,22718.81,10.5,12,0,0,18.2,0.542,-33
3432,term,West,personal,2022-12-17,779,759,5676.82,2521.82,,12.5,0,0,0,24.9,,-20
3433,revolving,South,auto,2021-12-29,756,750,9286.42,1602.95,3802.23,11.86,0,0,0,36.6,0.422,-6
3434,term,South,personal,2021-08-26,701,671,9452.31,3105.6,,7.39,1,0,0,40.8,,-30
3435,revolving,West,debt_consolidation,2021-06-18,629,577,7677.94,1650.55,3690.85,8.56,16,0,0,43.1,0.447,-52
3436,term,East,personal,2023-01-20,787,773,10252.15,7095.64,,7.87,0,0,0,23.7,,-14
3437,term,East,home_improvement,2022-05-30,756,732,13763.94,8681.87,,13.34,3,0,0,31.6,,-24
3438,term,East,auto,2022-06-20,607,567,1000.0,565.87,,10.61,18,0,0,30.9,,-40
3439,term,South,debt_consolidation,2023-01-22,644,621,2693.92,1984.1,,11.92,14,1,0,23.7,,-23
3440,term,South,home_improvement,2021-10-11,599,572,37353.96,15139.51,,11.2,19,0,0,39.3,,-27
3441,term,West,debt_consolidation,2022-01-17,615,600,24758.08,15670.42,,7.52,12,0,0,36.0,,-15
3442,term,West,auto,2024-09-02,756,749,13145.86,12459.0,,6.27,1,0,0,4.0,,-7
3443,revolving,North,home_improvement,2024-08-27,685,670,15474.99,13534.99,39576.49,10.49,11,0,0,4.2,0.342,-15
3444,revolving,East,debt_consolidation,2021-03-14,640,605,17768.47,1776.85,3492.08,13.42,15,0,0,46.3,0.509,-35
3445,revolving,East,auto,2021-12-13,725,687,24224.95,9747.15,19407.29,9.99,6,0,0,37.2,0.502,-38
3446,term,South,personal,2023-06-18,730,699,37807.36,18312.23,,5.44,3,0,0,18.8,,-31
3447,term,South,auto,2024-05-11,760,720,30944.8,27416.77,,10.7,1,0,0,7.8,,-40
3448,term,South,debt_consolidation,2023-04-21,716,692,10373.25,4464.36,,7.44,8,0,0,20.7,,-24
3449,term,South,debt_consolidation,2023-01-25,718,668,48304.38,24805.75,,3.74,2,0,0,23.6,,-50
3450,term,East,personal,2022-12-03,630,618,4494.48,3254.76,,13.84,15,0,0,25.3,,-12
3451,term,West,personal,2021-06-24,685,666,6350.91,2506.74,,6.53,6,0,0,42.9,,-19
3452,term,South,home_improvement,2021-06-12,678,658,14602.32,1460.23,,12.87,6,0,0,43.3,,-20
3453,term,North,debt_consolidation,2023-04-10,539,532,8251.62,3713.94,,13.14,11,1,0,21.1,,-7
3454,revolving,South,auto,2024-04-27,701,671,12802.95,11348.55,32430.09,10.22,5,0,0,8.3,0.35,-30
3455,revolving,North,home_improvement,2022-04-26,577,521,5656.46,3068.45,7382.59,6.44,19,0,0,32.7,0.416,-56
3456,revolving,West,auto,2024-11-23,723,712,8742.41,8543.85,16092.67,12.54,6,0,0,1.3,0.531,-11
3457,revolving,North,auto,2023-09-17,656,623,13415.96,8672.17,13052.83,6.58,15,0,0,15.7,0.664,-33
3458,term,West,debt_consolidation,2024-12-30,657,609,20419.68,19887.42,,8.86,10,0,1,0.1,,-48
3459,term,South,home_improvement,2024-04-22,649,642,4905.36,4480.8,,8.27,10,0,0,8.5,,-7
3460,term,South,debt_consolidation,2023-07-16,643,629,10759.69,5697.45,,7.85,16,0,0,17.8,,-14
3461,term,North,auto,2022-05-29,666,659,17276.58,8519.83,,9.73,4,0,0,31.6,,-7
3462,term,West,debt_consolidation,2021-11-23,735,706,14180.28,5150.0,,3.95,2,0,0,37.8,,-29
3463,term,South,home_improvement,2022-07-27,614,575,3869.78,1250.6,,6.95,12,0,0,29.6,,-39
3464,term,North,personal,2021-12-22,680,669,27412.23,2741.22,,6.29,8,0,0,36.9,,-11
3465,revolving,North,personal,2022-08-25,806,782,14067.87,8587.73,24264.78,10.64,0,0,0,28.7,0.354,-24
3466,term,West,auto,2022-06-06,639,604,6913.47,4425.34,,11.12,14,0,0,31.3,,-35
3467,term,South,home_improvement,2022-06-27,679,660,8018.15,3427.61,,8.4,7,0,0,30.6,,-19
3468,revolving,West,auto,2021-04-16,730,733,26365.78,2636.58,4635.26,10.85,4,0,0,45.2,0.569,3
3469,term,North,personal,2024-03-12,811,760,74596.45,56472.57,,8.8,0,0,0,9.8,,-51
3470,revolving,North,auto,2023-02-24,773,749,33150.48,18653.76,46062.38,8.13,0,0,0,22.6,0.405,-24
3471,term,North,personal,2023-03-06,671,629,8244.62,4975.32,,9.97,8,0,0,22.2,,-42
3472,revolving,West,debt_consolidation,2024-04-20,703,692,19184.63,16328.11,32421.27,9.64,8,0,0,8.5,0.504,-11
3473,revolving,West,debt_consolidation,2022-12-02,667,620,14622.83,4668.1,7732.47,5.82,10,0,0,25.4,0.604,-47
3474,term,East,debt_consolidation,2024-06-05,745,731,14584.06,13388.23,,11.81,1,0,0,7.0,,-14
3475,term,South,personal,2021-05-22,672,614,22188.68,2218.87,,4.7,7,0,0,44.0,,-58
3476,revolving,South,debt_consolidation,2022-05-16,782,776,3410.06,2183.78,5446.87,5.07,0,0,0,32.0,0.401,-6
3477,revolving,East,debt_consolidation,2023-09-15,564,540,32509.83,19935.99,31980.84,5.92,13,1,0,15.8,0.623,-24
3478,term,North,personal,2024-01-01,716,694,4732.48,3405.59,,8.94,6,0,0,12.2,,-22
3479,term,East,home_improvement,2024-06-13,724,675,7268.28,5838.74,,13.7,5,0,0,6.7,,-49
3480,revolving,West,home_improvement,2021-01-30,528,490,38442.41,3844.24,10793.52,12.86,26,0,0,47.7,0.356,-38
3481,term,North,personal,2021-06-18,581,548,6766.33,676.63,,6.26,12,0,0,43.1,,-33
3482,revolving,South,debt_consolidation,2022-05-24,758,740,15061.86,2228.32,6580.34,8.68,0,0,0,31.8,0.339,-18
3483,term,South,personal,2022-06-08,711,697,6322.74,1681.77,,5.28,5,1,0,31.3,,-14
3484,term,South,personal,2022-08-18,727,680,19454.61,12699.91,,6.92,8,0,0,28.9,,-47
3485,term,West,personal,2022-03-14,780,776,4080.18,2014.16,,14.79,0,0,0,34.1,,-4
3486,term,North,home_improvement,2024-05-05,659,648,8520.49,6908.32,,8.39,5,1,0,8.0,,-11
3487,term,East,home_improvement,2023-04-24,780,729,34991.43,13686.98,,12.54,0,0,0,20.6,,-51
3488,term,West,home_improvement,2022-08-23,850,813,6850.61,1901.33,,11.44,0,0,0,28.7,,-37
3489,revolving,West,debt_consolidation,2021-04-15,755,735,16079.16,2837.07,7733.53,6.96,1,0,0,45.2,0.367,-20
3490,revolving,East,home_improvement,2021-06-02,705,660,1000.0,333.76,531.03,6.43,4,0,0,43.6,0.629,-45
3491,revolving,East,auto,2022-11-29,676,656,31557.79,10822.0,25941.31,8.87,15,0,0,25.5,0.417,-20
3492,term,North,auto,2023-02-03,692,675,32598.96,13555.29,,8.59,3,0,0,23.3,,-17
3493,term,South,home_improvement,2022-11-27,690,674,26332.68,11528.92,,11.67,3,0,0,25.5,,-16
3494,revolving,South,debt_consolidation,2022-03-09,681,627,2344.13,878.45,2261.53,8.17,8,0,0,34.3,0.388,-54
3495,term,West,auto,2021-08-04,613,571,27175.0,4215.05,,11.65,9,1,0,41.5,,-42
3496,term,South,personal,2024-09-28,705,680,7471.53,6803.81,,7.0,2,0,0,3.2,,-25
3497,term,South,auto,2023-12-25,693,647,7987.35,5706.54,,9.08,8,0,0,12.4,,-46
3498,term,East,home_improvement,2021-07-25,761,731,60908.84,24265.0,,6.02,1,0,0,41.9,,-30
3499,term,South,debt_consolidation,2021-03-24,714,693,35228.42,8689.39,,3.89,3,0,0,46.0,,-21
3500,term,South,debt_consolidation,2024-08-10,636,603,20605.9,19227.16,,6.26,12,0,0,4.8,,-33
3501,term,South,home_improvement,2021-04-07,614,591,11834.26,1183.43,,10.51,15,0,0,45.5,,-23
3502,term,South,personal,2024-01-30,679,624,10636.2,7249.03,,13.1,9,0,0,11.2,,-55
3503,revolving,North,home_improvement,2022-12-11,627,598,40768.41,24210.37,60531.18,8.57,13,0,0,25.1,0.4,-29
3504,revolving,West,home_improvement,2021-10-17,688,659,17641.84,9939.17,19684.28,10.38,7,0,0,39.1,0.505,-29
3505,term,North,home_improvement,2023-07-08,639,607,55805.11,39373.43,,8.02,8,0,0,18.1,,-32
3506,term,East,debt_consolidation,2024-06-24,756,732,6955.07,5709.6,,7.59,1,0,0,6.4,,-24
3507,term,South,home_improvement,2021-05-22,715,681,38889.53,11533.63,,12.33,5,0,0,44.0,,-34
3508,term,North,debt_consolidation,2021-08-02,739,713,2826.92,372.6,,12.9,3,0,0,41.6,,-26
3509,term,East,home_improvement,2023-03-17,670,636,9709.58,4811.55,,13.24,9,0,0,21.9,,-34
3510,term,North,home_improvement,2021-03-19,691,651,10175.45,1017.54,,11.52,4,0,0,46.1,,-40
3511,revolving,West,auto,2021-02-14,735,714,17004.94,1700.49,2887.29,8.05,3,0,0,47.2,0.589,-21
3512,term,East,home_improvement,2022-07-27,701,681,40087.21,8474.5,,7.23,5,0,0,29.6,,-20
3513,term,West,personal,2024-05-12,722,674,24161.9,18707.53,,4.01,4,0,0,7.8,,-48
3514,term,East,debt_consolidation,2024-01-18,639,611,2306.88,1871.88,,14.8,11,0,0,11.6,,-28
3515,revolving,South,debt_consolidation,2022-10-04,731,696,10106.58,5197.32,14015.09,4.53,4,0,0,27.3,0.371,-35
3516,term,East,auto,2022-06-05,644,603,15729.87,10095.93,,9.12,11,1,0,31.4,,-41
3517,term,South,home_improvement,2023-08-04,805,806,40636.89,30225.16,,4.2,0,0,0,17.2,,1
3518,term,South,auto,2022-03-05,691,629,12270.41,3623.45,,12.21,6,0,0,34.4,,-62
3519,term,South,debt_consolidation,2022-07-01,746,721,12625.46,7991.39,,10.15,1,0,0,30.5,,-25
3520,term,East,home_improvement,2024-01-22,653,642,11457.92,9879.82,,12.96,6,0,0,11.5,,-11
3521,term,West,home_improvement,2023-09-06,667,629,23451.49,15560.1,,9.64,14,0,0,16.1,,-38
3522,term,East,auto,2023-05-18,664,648,5007.01,2450.86,,11.1,7,0,0,19.8,,-16
3523,term,East,auto,2021-10-29,574,541,8356.64,2118.14,,10.06,18,1,0,38.7,,-33
3524,term,South,personal,2023-08-23,521,452,9942.95,5180.31,,12.81,22,0,0,16.6,,-69
3525,revolving,East,auto,2024-01-10,662,642,11099.71,7351.73,18420.89,10.06,3,0,0,11.9,0.399,-20
3526,term,North,home_improvement,2024-10-09,566,522,18652.46,17110.75,,11.97,11,0,0,2.8,,-44
3527,term,South,home_improvement,2023-09-09,697,670,12372.8,9419.47,,15.06,7,0,0,16.0,,-27
3528,term,West,debt_consolidation,2021-03-16,670,639,1000.0,100.0,,6.59,12,0,0,46.2,,-31
3529,term,North,personal,2024-12-08,510,470,19088.71,18607.52,,6.8,27,0,0,0.8,,-40
3530,revolving,East,debt_consolidation,2021-11-02,648,645,2399.72,239.97,682.5,12.73,10,0,1,38.5,0.352,-3
3531,term,West,auto,2024-07-18,678,650,11307.63,10229.04,,9.74,8,0,0,5.6,,-28
3532,revolving,North,debt_consolidation,2023-03-15,764,738,28525.57,14729.15,34681.51,9.82,2,0,0,21.9,0.425,-26
3533,term,West,auto,2022-02-27,652,619,6644.1,697.91,,10.98,8,0,0,34.6,,-33
3534,term,North,personal,2022-04-10,581,528,22403.23,10687.27,,9.72,16,0,0,33.2,,-53
3535,term,North,auto,2024-03-24,573,518,31185.29,24778.51,,4.24,18,0,0,9.4,,-55
3536,term,West,auto,2023-12-14,648,626,15295.3,11047.93,,9.78,5,0,0,12.8,,-22
3537,revolving,West,auto,2021-01-02,620,567,30770.91,3077.09,4931.79,5.72,10,0,0,48.7,0.624,-53
3538,revolving,South,auto,2023-12-30,667,632,34862.47,23267.21,46755.43,10.63,10,0,0,12.3,0.498,-35
3539,term,East,home_improvement,2021-09-17,690,649,22678.32,4239.47,,10.4,8,0,0,40.1,,-41
3540,term,South,auto,2021-06-25,712,683,5476.51,547.65,,9.97,4,0,0,42.9,,-29
3541,term,West,personal,2024-09-06,713,667,9999.45,8834.39,,8.64,3,0,0,3.9,,-46
3542,term,West,personal,2021-07-05,643,616,6535.28,653.53,,15.29,12,0,0,42.5,,-27
3543,term,East,debt_consolidation,2024-02-16,717,701,17205.11,14557.37,,15.74,5,0,0,10.7,,-16
3544,term,West,debt_consolidation,2022-11-22,588,565,13305.08,8578.18,,3.63,10,0,0,25.7,,-23
3545,term,South,personal,2024-08-19,688,663,25290.27,22913.7,,7.58,10,0,0,4.5,,-25
3546,term,North,auto,2021-11-29,692,668,7848.33,4521.48,,14.16,9,0,0,37.6,,-24
3547,term,North,home_improvement,2022-11-05,687,653,4488.5,2857.12,,12.04,3,0,0,26.3,,-34
3548,revolving,South,personal,2023-07-22,617,584,11674.46,6801.74,14480.84,8.2,12,0,0,17.6,0.47,-33
3549,term,North,personal,2022-11-26,624,594,14677.29,9731.54,,12.64,13,0,1,25.6,,-30
3550,term,North,home_improvement,2021-12-18,718,711,8505.25,4817.16,,6.67,7,0,0,37.0,,-7
3551,term,East,personal,2021-10-27,654,625,3716.96,1030.04,,6.88,9,0,0,38.7,,-29
3552,term,West,auto,2021-07-26,715,654,1024.65,468.06,,9.04,10,0,0,41.8,,-61
3553,revolving,East,debt_consolidation,2024-02-14,643,608,5534.86,4741.99,10277.47,10.49,12,0,0,10.7,0.461,-35
3554,revolving,South,personal,2021-11-20,850,848,9172.23,917.22,1775.23,10.34,0,0,0,37.9,0.517,-2
3555,term,East,auto,2023-04-24,663,619,40473.39,30561.07,,9.82,12,0,0,20.6,,-44
3556,term,South,home_improvement,2024-11-18,751,723,20020.13,19627.81,,9.48,1,0,0,1.5,,-28
3557,revolving,South,home_improvement,2021-12-10,822,794,29592.1,11681.42,22905.77,8.49,0,0,0,37.3,0.51,-28
3558,term,East,personal,2024-07-19,746,718,26567.73,24774.87,,7.82,1,0,0,5.5,,-28
3559,revolving,South,auto,2021-09-05,658,635,41519.16,20859.53,42083.04,9.01,6,0,0,40.5,0.496,-23
3560,term,North,debt_consolidation,2023-11-30,674,646,9988.44,7200.05,,10.0,5,0,0,13.3,,-28
3561,term,North,home_improvement,2021-08-27,481,444,34529.01,3452.9,,6.61,25,0,0,40.8,,-37
3562,revolving,North,personal,2023-05-11,539,510,22079.38,11416.27,24616.09,4.91,20,0,1,20.0,0.464,-29
3563,term,South,personal,2022-09-30,678,675,15547.95,8154.77,,9.27,8,0,0,27.5,,-3
3564,revolving,East,personal,2023-09-18,645,626,2625.05,1836.32,4807.33,9.54,8,0,0,15.7,0.382,-19
3565,term,South,home_improvement,2021-09-03,612,591,23440.11,10922.56,,7.96,15,0,0,40.5,,-21
3566,revolving,North,auto,2022-05-23,682,639,3770.83,866.18,1860.1,7.4,11,0,0,31.8,0.466,-43
3567,term,West,debt_consolidation,2022-04-10,644,608,44421.5,4442.15,,9.51,11,1,0,33.2,,-36
3568,term,North,debt_consolidation,2023-08-17,621,587,16322.31,9011.08,,8.86,12,0,0,16.8,,-34
3569,term,North,auto,2023-11-13,740,724,20343.38,13886.08,,8.8,3,0,0,13.8,,-16
3570,term,East,auto,2021-05-19,602,590,6538.29,653.83,,14.9,16,0,1,44.1,,-12
3571,revolving,North,debt_consolidation,2022-06-19,721,710,53068.6,20722.07,54264.98,3.51,3,0,0,30.9,0.382,-11
3572,revolving,South,personal,2023-10-11,694,660,11523.26,8803.11,21382.26,5.16,12,0,1,14.9,0.412,-34
3573,term,North,debt_consolidation,2021-11-21,761,750,5474.04,3092.52,,8.5,2,0,0,37.9,,-11
3574,term,West,auto,2022-03-12,651,630,34690.42,8084.52,,11.13,15,0,0,34.2,,-21
3575,term,East,home_improvement,2022-05-02,599,570,16873.55,7478.65,,6.91,10,0,0,32.5,,-29
3576,term,South,personal,2024-09-02,641,600,24376.07,22293.85,,5.44,14,0,0,4.0,,-41
3577,revolving,North,home_improvement,2024-07-08,677,633,23265.15,20859.2,52778.35,8.47,14,0,0,5.9,0.395,-44
3578,term,East,debt_consolidation,2021-08-19,739,716,1969.24,1066.84,,8.46,5,1,0,41.0,,-23
3579,revolving,East,home_improvement,2023-11-07,728,707,28038.04,20201.85,34848.25,3.85,0,0,0,14.0,0.58,-21
3580,term,West,debt_consolidation,2022-08-22,666,640,10592.39,3340.61,,10.27,5,0,0,28.8,,-26
3581,revolving,North,home_improvement,2024-08-06,675,667,14395.71,12627.73,27753.49,8.54,13,0,0,4.9,0.455,-8
3582,term,East,auto,2021-04-04,721,691,15387.86,4285.38,,10.53,6,0,0,45.6,,-30
3583,revolving,North,debt_consolidation,2022-04-20,743,738,23929.61,10268.07,25856.57,10.35,1,0,0,32.9,0.397,-5
3584,term,South,personal,2022-10-18,699,677,11116.6,6366.39,,3.0,2,0,0,26.9,,-22
3585,revolving,South,personal,2022-09-25,697,658,10025.37,7065.18,17277.58,8.89,2,0,0,27.6,0.409,-39
3586,term,East,home_improvement,2024-10-19,694,655,8113.17,7559.14,,8.67,11,0,1,2.5,,-39
3587,revolving,South,personal,2023-05-13,696,651,38241.71,18459.49,29973.49,7.61,7,0,0,20.0,0.616,-45
3588,revolving,West,personal,2023-12-12,696,665,6378.2,4179.08,9707.86,9.84,5,0,0,12.9,0.43,-31
3589,revolving,North,auto,2021-05-03,620,569,7790.66,779.07,1911.47,7.99,14,0,0,44.6,0.408,-51
3590,term,South,personal,2024-07-23,582,555,11769.95,10727.8,,6.88,17,0,0,5.4,,-27
3591,term,South,home_improvement,2024-12-26,627,584,15612.45,15248.58,,8.26,15,1,0,0.2,,-43
3592,term,North,personal,2024-01-25,652,617,55934.98,43153.13,,6.52,11,0,0,11.4,,-35
3593,term,West,debt_consolidation,2024-01-27,719,692,3925.12,2958.02,,9.29,4,0,0,11.3,,-27
3594,term,North,debt_consolidation,2024-12-23,663,642,14724.66,14293.36,,7.32,12,0,0,0.3,,-21
3595,revolving,East,debt_consolidation,2023-09-03,692,663,11918.35,8100.49,20306.7,8.07,4,0,0,16.2,0.399,-29
3596,term,North,home_improvement,2023-10-04,684,638,9249.45,5667.05,,4.53,12,0,0,15.2,,-46
3597,term,West,personal,2021-08-09,709,680,9633.73,4366.37,,5.6,5,0,0,41.4,,-29
3598,revolving,North,home_improvement,2024-12-27,654,620,7495.83,7356.98,19141.58,10.09,6,1,0,0.2,0.384,-34
3599,revolving,West,debt_consolidation,2023-01-14,636,580,25576.94,9185.36,18225.25,12.78,9,0,0,23.9,0.504,-56
3600,revolving,West,debt_consolidation,2022-07-08,581,552,19155.0,6473.88,13033.75,9.0,18,1,0,30.3,0.497,-29
3601,term,South,home_improvement,2022-11-13,699,671,5384.73,2684.97,,14.01,8,0,0,26.0,,-28
3602,revolving,North,personal,2024-06-09,500,481,18616.4,16678.63,46573.15,10.69,22,1,0,6.9,0.358,-19
3603,term,West,home_improvement,2021-08-01,689,652,2714.6,271.46,,8.25,5,0,0,41.6,,-37
3604,term,North,auto,2024-01-28,733,673,18801.52,15612.9,,13.58,5,0,0,11.3,,-60
3605,term,South,auto,2022-10-19,671,643,4342.55,1629.09,,6.6,14,0,0,26.8,,-28
3606,term,East,home_improvement,2021-12-29,701,663,4421.93,442.19,,10.09,12,0,0,36.6,,-38
3607,term,North,home_improvement,2021-06-05,654,615,1000.0,185.99,,9.61,4,0,0,43.5,,-39
3608,term,West,home_improvement,2024-05-23,679,654,4276.86,3699.37,,3.0,11,0,0,7.4,,-25
3609,revolving,West,personal,2023-09-18,670,610,1839.11,1008.27,2057.19,8.17,4,0,1,15.7,0.49,-60
3610,revolving,South,debt_consolidation,2022-07-13,721,712,34626.95,21708.53,35524.45,14.21,1,0,0,30.1,0.611,-9
3611,revolving,East,auto,2024-11-05,662,618,3248.16,3151.85,6218.53,7.55,8,0,0,1.9,0.507,-44
3612,revolving,West,personal,2022-06-07,608,576,5575.93,2804.03,4787.91,7.45,17,0,0,31.3,0.586,-32
3613,term,East,personal,2021-11-17,699,667,53616.54,29736.94,,10.62,5,0,0,38.0,,-32
3614,term,West,debt_consolidation,2023-12-20,672,655,1992.93,1705.66,,3.0,8,0,0,12.6,,-17
3615,term,West,auto,2022-07-09,638,612,20199.29,4944.5,,11.34,8,0,0,30.2,,-26
3616,term,East,personal,2024-04-05,718,670,8342.99,7366.58,,7.8,4,0,0,9.0,,-48
3617,term,West,debt_consolidation,2021-09-14,799,771,7369.41,2459.74,,5.84,0,0,0,40.2,,-28
3618,term,East,personal,2023-02-16,708,695,25509.64,8233.78,,11.71,3,0,1,22.8,,-13
3619,revolving,South,auto,2021-08-20,727,710,23963.87,11488.64,28058.32,10.29,2,0,0,41.0,0.409,-17
3620,revolving,East,home_improvement,2024-05-21,689,667,12655.85,10585.87,24685.11,13.46,4,0,0,7.5,0.429,-22
3621,term,South,personal,2021-03-15,765,764,5805.36,2342.01,,10.12,1,1,0,46.3,,-1
3622,term,East,personal,2023-06-24,719,686,8092.76,3721.28,,9.47,4,0,0,18.6,,-33
3623,term,South,personal,2024-11-11,646,622,7418.8,7077.2,,9.7,16,0,0,1.7,,-24
3624,revolving,East,auto,2024-06-07,715,691,13460.63,10775.39,17706.06,8.58,9,0,0,6.9,0.609,-24
3625,term,South,home_improvement,2021-02-11,705,674,25611.39,2561.14,,6.12,4,0,0,47.3,,-31
3626,term,North,home_improvement,2021-12-27,656,630,4092.64,1935.19,,11.01,4,1,0,36.7,,-26
3627,term,West,personal,2021-04-04,754,732,45029.73,17873.52,,8.62,3,0,0,45.6,,-22
3628,revolving,North,personal,2023-01-27,604,543,24843.96,17255.71,26573.38,11.6,15,0,0,23.5,0.649,-61
3629,term,South,debt_consolidation,2024-03-21,702,702,24098.37,20643.7,,6.99,5,0,0,9.5,,0
3630,revolving,East,personal,2023-10-24,654,619,5123.86,3382.12,9067.57,6.47,21,0,0,14.5,0.373,-35
3631,term,North,debt_consolidation,2024-07-11,583,561,20649.0,18049.02,,9.3,17,0,0,5.8,,-22
3632,term,North,debt_consolidation,2023-12-05,687,635,41309.29,26978.61,,9.16,7,0,0,13.1,,-52
3633,term,South,auto,2022-10-28,655,620,17422.82,3628.37,,9.63,9,0,0,26.5,,-35
3634,term,South,personal,2021-08-15,644,611,76404.83,7640.48,,8.6,8,0,0,41.2,,-33
3635,term,South,personal,2023-09-26,616,584,23631.55,19031.38,,12.42,16,0,1,15.4,,-32
3636,revolving,South,auto,2023-08-05,800,793,17893.95,14533.77,40006.63,3.65,0,0,0,17.2,0.363,-7
3637,term,South,home_improvement,2024-08-05,532,484,12898.5,12015.89,,7.32,15,0,1,5.0,,-48
3638,term,North,debt_consolidation,2022-01-14,550,517,6642.52,1424.86,,9.27,17,0,0,36.1,,-33
3639,term,South,home_improvement,2023-05-23,711,699,23645.63,12419.72,,9.27,7,0,0,19.6,,-12
3640,term,East,debt_consolidation,2024-09-21,707,686,14638.59,13266.75,,8.2,5,0,0,3.4,,-21
3641,term,South,personal,2022-11-20,596,566,10410.96,6301.58,,6.09,14,1,0,25.8,,-30
3642,term,West,home_improvement,2021-10-08,644,618,7720.95,3777.14,,3.0,15,0,0,39.4,,-26
3643,term,West,auto,2023-09-01,717,695,14272.76,10680.25,,11.39,4,0,0,16.3,,-22
3644,term,West,debt_consolidation,2022-12-14,663,635,14068.44,8091.02,,9.51,14,0,1,25.0,,-28
3645,term,East,auto,2023-09-10,727,672,6875.27,4977.25,,11.74,1,0,0,16.0,,-55
3646,term,North,debt_consolidation,2022-10-08,677,667,10840.18,5635.75,,3.0,6,0,1,27.2,,-10
3647,term,West,auto,2021-06-05,648,606,10555.31,1055.53,,6.03,14,1,0,43.5,,-42
3648,revolving,North,auto,2023-02-20,592,572,18988.52,14383.37,30718.01,8.42,12,1,0,22.7,0.468,-20
3649,term,West,debt_consolidation,2023-05-28,676,647,13593.29,6094.06,,4.46,6,0,0,19.5,,-29
3650,term,South,auto,2022-09-18,641,622,9886.42,3895.48,,7.89,16,1,0,27.9,,-19
3651,revolving,North,debt_consolidation,2023-07-15,739,733,8616.72,4131.02,6486.87,11.64,1,0,0,17.9,0.637,-6
3652,revolving,North,home_improvement,2021-05-13,737,702,39133.93,3913.39,6324.19,6.52,6,0,0,44.3,0.619,-35
3653,term,East,home_improvement,2023-12-31,665,635,39695.8,29177.3,,12.71,9,0,0,12.2,,-30
3654,revolving,North,home_improvement,2023-06-05,677,649,19954.61,13700.38,33660.43,6.58,4,0,0,19.2,0.407,-28
3655,term,South,home_improvement,2024-12-30,657,616,22735.49,22241.82,,11.32,7,0,0,0.1,,-41
3656,term,North,debt_consolidation,2021-09-13,648,616,18271.68,1827.17,,6.57,11,0,0,40.2,,-32
3657,term,West,debt_consolidation,2024-04-15,615,581,5635.59,4882.4,,13.08,10,0,0,8.7,,-34
3658,term,North,personal,2022-04-27,684,659,34877.86,8005.94,,10.03,7,0,0,32.7,,-25
3659,term,East,personal,2024-01-24,662,650,39330.38,31987.97,,10.33,8,0,0,11.4,,-12
3660,revolving,East,auto,2022-01-11,769,765,1445.48,144.55,414.99,6.07,1,0,0,36.2,0.348,-4
3661,term,West,personal,2023-05-11,658,648,18986.63,8883.76,,6.97,8,0,0,20.0,,-10
3662,revolving,South,debt_consolidation,2023-08-02,824,792,15083.28,9458.72,19065.49,10.23,0,0,0,17.3,0.496,-32
3663,revolving,North,personal,2024-12-09,788,755,6466.02,6328.45,16326.96,10.76,0,0,0,0.8,0.388,-33
3664,revolving,North,home_improvement,2023-07-09,636,595,6612.62,3692.46,10506.75,6.08,7,0,0,18.1,0.351,-41
3665,revolving,East,personal,2022-12-12,675,661,14287.14,5502.15,13542.53,12.83,10,0,0,25.0,0.406,-14
3666,revolving,North,debt_consolidation,2022-05-29,586,543,29457.96,20038.43,54507.82,9.51,16,0,0,31.6,0.368,-43
3667,revolving,West,debt_consolidation,2023-09-05,654,623,9784.36,7888.71,13206.98,10.56,3,0,0,16.1,0.597,-31
3668,term,West,auto,2024-08-26,702,682,1805.96,1697.65,,10.03,4,0,0,4.3,,-20
3669,term,East,debt_consolidation,2022-05-20,692,637,19479.88,8308.5,,4.98,9,0,0,31.9,,-55
3670,term,West,personal,2021-09-12,631,596,9733.22,5677.28,,13.61,15,0,0,40.2,,-35
3671,term,West,debt_consolidation,2022-07-05,675,644,11106.16,4014.13,,13.43,13,0,0,30.4,,-31
3672,revolving,West,home_improvement,2023-12-30,710,684,11881.47,7535.84,21337.91,8.07,5,0,0,12.3,0.353,-26
3673,term,South,personal,2021-11-25,672,659,9415.47,1081.17,,14.92,9,0,0,37.8,,-13
3674,term,East,personal,2024-02-14,760,713,45464.25,31101.17,,9.49,1,1,0,10.7,,-47
3675,term,West,personal,2021-05-12,674,631,13244.06,1324.41,,9.59,13,1,0,44.3,,-43
3676,term,West,personal,2021-10-03,584,550,15064.37,8826.89,,8.42,13,0,1,39.5,,-34
3677,revolving,West,debt_consolidation,2024-02-29,583,556,26926.09,19936.1,31928.35,8.51,13,0,0,10.2,0.624,-27
3678,term,West,home_improvement,2022-08-26,657,648,19445.0,11505.7,,14.78,10,0,0,28.6,,-9
3679,revolving,South,home_improvement,2021-03-03,608,591,4669.03,1456.69,3848.81,11.55,18,0,0,46.7,0.378,-17
3680,term,North,debt_consolidation,2022-12-10,582,541,8820.4,5022.58,,9.43,18,0,0,25.1,,-41
3681,term,North,auto,2022-03-28,654,603,17344.55,3770.12,,7.58,11,1,0,33.7,,-51
3682,term,East,auto,2021-05-27,727,705,28990.45,11193.32,,7.61,4,1,0,43.8,,-22
3683,term,South,home_improvement,2023-02-23,652,622,23655.36,12649.79,,8.38,11,0,0,22.6,,-30
3684,term,East,auto,2021-07-27,699,686,21899.13,9782.48,,5.95,5,0,0,41.8,,-13
3685,term,North,home_improvement,2024-03-18,766,762,2905.73,2348.03,,9.66,1,0,0,9.6,,-4
3686,term,East,auto,2023-03-13,702,672,8630.22,3454.3,,13.47,6,0,0,22.0,,-30
3687,term,North,auto,2024-05-05,624,579,20472.75,17291.14,,12.75,16,0,0,8.0,,-45
3688,term,East,personal,2022-04-09,678,666,11726.07,1352.47,,3.24,7,0,0,33.3,,-12
3689,revolving,South,home_improvement,2022-08-01,653,613,24879.18,10663.56,22884.13,9.33,12,0,0,29.5,0.466,-40
3690,term,South,auto,2023-02-20,710,672,5440.49,3407.57,,3.0,11,0,1,22.7,,-38
3691,term,West,auto,2022-04-25,691,648,3985.25,618.44,,11.55,8,0,0,32.7,,-43
3692,term,South,personal,2023-06-02,663,617,32685.53,18271.61,,8.82,4,0,0,19.3,,-46
3693,revolving,East,debt_consolidation,2021-05-29,684,695,3165.82,316.58,802.72,15.22,8,1,0,43.8,0.394,11
3694,term,North,auto,2022-03-20,660,633,17863.67,4344.04,,10.31,15,1,0,33.9,,-27
3695,revolving,East,auto,2024-05-04,584,543,7814.43,6029.82,13192.72,6.17,17,0,0,8.1,0.457,-41
3696,revolving,North,auto,2021-04-16,563,502,39086.72,20406.07,59876.0,4.81,20,1,0,45.2,0.341,-61
3697,term,West,auto,2022-03-06,732,702,17682.04,4397.37,,9.2,3,1,0,34.4,,-30
3698,term,West,debt_consolidation,2021-09-29,741,748,18429.58,1842.96,,9.87,2,0,0,39.7,,7
3699,term,South,debt_consolidation,2024-04-21,691,655,23254.3,17392.0,,7.73,5,0,0,8.5,,-36
3700,term,West,auto,2024-03-08,736,716,26532.85,23843.14,,8.41,4,0,0,10.0,,-20
3701,term,West,personal,2023-11-23,782,758,9728.13,7308.54,,6.75,0,0,0,13.5,,-24
3702,term,South,auto,2024-01-15,652,642,40141.65,31747.96,,9.58,12,0,0,11.7,,-10
3703,revolving,East,auto,2024-02-15,636,602,31251.63,21544.88,49186.6,7.64,17,0,0,10.7,0.438,-34
3704,term,North,debt_consolidation,2022-11-23,724,719,4653.15,2757.82,,7.38,1,0,0,25.7,,-5
3705,term,North,auto,2021-03-16,763,729,12929.34,1292.93,,5.48,0,0,0,46.2,,-34
3706,revolving,North,home_improvement,2023-01-02,639,612,15298.83,7169.29,13416.69,14.12,10,0,0,24.3,0.534,-27
3707,term,East,debt_consolidation,2023-12-22,768,719,28140.28,20412.94,,6.38,0,0,0,12.5,,-49
3708,term,West,home_improvement,2023-02-18,657,630,2321.65,1722.68,,11.17,15,0,0,22.8,,-27
3709,revolving,North,auto,2024-02-20,693,673,23371.91,17816.63,38121.65,8.27,8,0,0,10.5,0.467,-20
3710,term,West,personal,2021-01-07,658,626,8068.76,806.88,,9.97,14,0,0,48.5,,-32
3711,term,West,auto,2024-09-20,694,685,20638.75,19174.36,,8.84,6,1,0,3.4,,-9
3712,revolving,West,debt_consolidation,2023-07-01,616,578,11752.81,8656.18,18454.44,7.5,22,1,0,18.3,0.469,-38
3713,term,West,home_improvement,2023-03-08,741,728,7050.27,4756.65,,8.4,3,0,0,22.2,,-13
3714,term,East,home_improvement,2021-09-18,581,555,9040.99,3672.74,,5.97,18,0,1,40.0,,-26
3715,term,South,personal,2022-12-26,623,575,11229.96,6604.2,,14.18,12,0,0,24.6,,-48
3716,revolving,South,auto,2021-11-16,757,758,20788.4,2640.75,4345.6,8.12,1,0,0,38.1,0.608,1
3717,term,South,home_improvement,2024-11-23,815,807,16376.1,15850.99,,10.87,0,0,0,1.3,,-8
3718,revolving,West,home_improvement,2022-01-25,648,618,25686.54,14215.8,22958.06,11.14,8,0,0,35.7,0.619,-30
3719,term,West,personal,2023-03-28,772,763,29895.6,12202.06,,10.51,0,0,0,21.5,,-9
3720,revolving,South,debt_consolidation,2024-05-23,757,720,8250.77,7594.23,13180.79,10.52,2,0,0,7.4,0.576,-37
3721,term,West,home_improvement,2024-10-19,704,669,4759.09,4483.31,,5.35,6,0,0,2.5,,-35
3722,term,West,home_improvement,2022-03-11,651,629,40610.82,8271.46,,3.9,10,0,0,34.2,,-22
3723,term,East,personal,2022-09-13,764,728,12705.61,4852.63,,3.47,2,0,0,28.0,,-36
3724,term,East,personal,2024-10-04,668,640,7386.36,6847.68,,5.97,10,0,0,3.0,,-28
3725,term,East,personal,2023-04-13,707,720,13094.58,6345.54,,10.41,4,0,0,21.0,,13
3726,revolving,South,debt_consolidation,2022-04-02,550,526,23998.17,10680.72,19347.01,16.92,15,1,0,33.5,0.552,-24
3727,revolving,South,home_improvement,2021-07-26,655,626,15699.39,1569.94,2543.21,14.62,6,0,0,41.8,0.617,-29
3728,term,North,home_improvement,2022-09-17,643,594,4811.15,2139.28,,13.25,14,0,1,27.9,,-49
3729,revolving,East,debt_consolidation,2023-09-20,687,672,18734.55,15216.1,30837.37,5.7,5,0,0,15.6,0.493,-15
3730,revolving,North,auto,2023-11-14,661,634,5226.93,3178.27,8030.73,12.12,12,1,0,13.8,0.396,-27
3731,term,South,debt_consolidation,2024-08-25,649,631,13870.84,12981.03,,9.39,13,1,0,4.3,,-18
3732,revolving,North,auto,2021-01-06,679,654,12842.98,1284.3,3812.45,4.89,9,0,0,48.5,0.337,-25
3733,term,West,auto,2024-05-11,633,607,33655.51,27440.76,,14.12,12,0,0,7.8,,-26
3734,term,West,personal,2021-07-09,580,544,23151.11,2315.11,,7.35,13,1,0,42.4,,-36
3735,term,South,debt_consolidation,2024-05-22,653,648,4718.0,4281.94,,14.34,10,0,1,7.5,,-5
3736,term,West,home_improvement,2023-12-20,666,641,34775.73,25969.53,,10.91,11,0,0,12.6,,-25
3737,term,West,home_improvement,2023-03-20,725,706,19724.67,8528.41,,7.43,6,0,0,21.8,,-19
3738,term,North,debt_consolidation,2023-09-01,667,635,3359.66,2338.63,,4.85,11,1,0,16.3,,-32
3739,term,West,debt_consolidation,2022-06-06,703,657,16828.24,10259.1,,9.89,1,0,0,31.3,,-46
3740,revolving,East,auto,2022-08-16,636,629,5919.86,1331.08,3434.66,12.67,8,0,1,29.0,0.388,-7
3741,term,South,personal,2021-04-03,678,645,16146.1,1614.61,,9.34,14,0,0,45.6,,-33
3742,term,East,home_improvement,2021-11-22,576,549,10306.08,1030.61,,12.08,15,1,0,37.9,,-27
3743,term,East,auto,2022-10-09,642,630,26773.31,19364.52,,8.98,12,1,0,27.2,,-12
3744,term,North,personal,2021-09-18,516,473,18895.23,4371.52,,7.58,16,1,1,40.0,,-43
3745,term,West,home_improvement,2023-11-17,608,598,26918.37,16835.73,,8.15,16,0,0,13.7,,-10
3746,term,South,debt_consolidation,2024-04-01,603,560,35385.64,26013.56,,10.39,20,0,0,9.2,,-43
3747,revolving,North,auto,2021-09-30,716,663,27883.12,2788.31,5687.32,7.65,4,0,0,39.6,0.49,-53
3748,revolving,West,personal,2022-12-02,701,665,40269.26,25300.94,50158.14,7.41,7,0,0,25.4,0.504,-36
3749,revolving,East,auto,2023-04-13,744,728,6942.16,3238.98,5986.66,4.55,2,0,0,21.0,0.541,-16
3750,term,South,auto,2021-09-28,600,568,8907.53,3567.7,,9.53,16,0,0,39.7,,-32
3751,term,North,home_improvement,2022-05-01,729,714,11520.18,4683.77,,7.64,5,0,0,32.5,,-15
3752,term,East,debt_consolidation,2021-07-05,645,608,40376.6,4037.66,,4.99,17,0,0,42.5,,-37
3753,revolving,East,auto,2022-04-04,787,734,5709.09,1619.41,4460.06,7.72,0,0,0,33.4,0.363,-53
3754,term,North,home_improvement,2021-02-21,669,645,9340.99,934.1,,9.18,13,0,0,47.0,,-24
3755,term,East,home_improvement,2021-10-26,776,763,9676.79,967.68,,10.09,0,0,0,38.8,,-13
3756,term,West,personal,2022-09-17,850,843,10353.85,6348.94,,10.85,1,0,0,27.9,,-7
3757,revolving,East,personal,2024-06-12,705,676,46343.55,39827.23,112157.9,9.45,6,0,0,6.8,0.355,-29
3758,term,North,personal,2024-04-22,786,771,10359.72,8710.83,,6.52,1,0,0,8.5,,-15
3759,term,West,auto,2022-08-13,660,632,39761.34,22121.72,,10.19,13,0,0,29.1,,-28
3760,term,North,home_improvement,2024-01-06,758,739,8249.83,5899.48,,6.63,1,0,0,12.0,,-19
3761,revolving,West,home_improvement,2023-04-16,676,659,1836.71,918.17,2631.68,7.19,7,0,0,20.9,0.349,-17
3762,term,East,debt_consolidation,2022-01-03,714,667,11222.03,3840.32,,6.91,1,0,0,36.5,,-47
3763,term,North,personal,2023-01-11,710,682,19522.83,14292.21,,7.57,5,0,0,24.0,,-28
3764,term,East,home_improvement,2023-02-21,669,649,15485.73,6423.29,,11.59,15,0,0,22.7,,-20
3765,term,West,home_improvement,2024-05-13,591,545,18099.34,15214.3,,10.5,22,0,0,7.8,,-46
3766,term,South,home_improvement,2021-04-21,598,562,8247.03,2416.43,,10.94,13,0,0,45.0,,-36
3767,revolving,West,debt_consolidation,2021-02-17,749,708,9653.89,965.39,2569.16,12.5,4,0,0,47.1,0.376,-41
3768,revolving,East,personal,2024-03-03,691,640,15281.58,12526.99,28404.73,5.67,9,0,0,10.1,0.441,-51
3769,term,North,personal,2022-02-10,738,688,15309.6,4567.41,,9.06,3,0,0,35.2,,-50
3770,term,West,auto,2021-03-28,649,621,45855.33,10916.07,,8.57,10,0,0,45.8,,-28
3771,term,North,auto,2023-03-16,659,621,38829.96,27146.15,,9.97,8,0,0,21.9,,-38
3772,term,East,auto,2023-01-15,658,632,11346.49,4455.49,,9.93,16,0,0,23.9,,-26
3773,term,East,debt_consolidation,2021-09-06,579,564,21159.56,2115.96,,4.41,22,1,0,40.4,,-15
3774,term,East,personal,2022-07-09,659,626,6307.68,845.19,,12.71,13,0,0,30.2,,-33
3775,term,West,personal,2021-02-14,661,639,18832.54,1883.25,,7.4,8,0,0,47.2,,-22
3776,revolving,South,home_improvement,2021-08-12,679,632,48432.1,10375.39,21819.86,9.57,14,0,0,41.3,0.476,-47
3777,term,North,debt_consolidation,2023-08-19,664,619,24222.64,13273.88,,10.27,13,0,0,16.7,,-45
3778,term,South,auto,2022-10-06,761,706,15889.19,6489.95,,8.93,1,0,0,27.3,,-55
3779,term,North,personal,2022-05-06,645,593,13599.01,2216.12,,5.6,7,0,0,32.4,,-52
3780,revolving,South,debt_consolidation,2022-07-23,730,695,9381.56,5232.47,13828.48,9.41,3,0,0,29.8,0.378,-35
3781,term,West,debt_consolidation,2022-11-05,698,667,28559.95,16909.86,,8.9,6,0,0,26.3,,-31
3782,term,West,home_improvement,2021-10-13,681,644,11978.62,1197.86,,8.87,8,0,0,39.2,,-37
3783,revolving,East,auto,2021-06-16,725,697,12643.66,1264.37,3588.32,8.31,1,0,0,43.2,0.352,-28
3784,term,South,debt_consolidation,2024-05-15,659,636,3368.01,2833.31,,11.02,16,0,0,7.7,,-23
3785,term,West,debt_consolidation,2022-02-27,648,607,2218.73,1298.99,,13.85,9,0,0,34.6,,-41
3786,revolving,East,home_improvement,2024-09-13,658,626,3256.93,3115.47,5240.31,14.31,10,0,1,3.7,0.595,-32
3787,revolving,North,personal,2023-09-13,692,669,12054.23,8594.61,20384.0,11.27,10,0,0,15.9,0.422,-23
3788,term,East,auto,2022-08-29,569,522,7769.12,3831.23,,11.02,18,0,0,28.5,,-47
3789,term,North,personal,2022-09-29,669,635,12795.8,2836.83,,4.38,15,0,0,27.5,,-34
3790,revolving,North,home_improvement,2024-07-09,721,704,9523.46,8434.06,17154.05,9.41,6,0,0,5.9,0.492,-17
3791,term,East,auto,2022-02-17,678,676,1189.92,739.42,,10.4,14,0,0,35.0,,-2
3792,term,West,auto,2023-06-29,687,670,29509.74,18650.05,,3.0,6,0,0,18.4,,-17
3793,term,North,auto,2023-09-14,707,664,3507.02,1919.16,,14.73,7,1,1,15.8,,-43
3794,revolving,North,debt_consolidation,2022-02-27,685,647,19336.75,7618.18,14431.22,8.75,3,0,0,34.6,0.528,-38
3795,revolving,North,home_improvement,2023-09-20,582,530,25652.6,15498.73,37980.9,6.41,21,0,0,15.6,0.408,-52
3796,revolving,South,debt_consolidation,2024-02-09,767,754,39428.54,31583.33,54568.36,5.9,0,0,0,10.9,0.579,-13
3797,term,South,home_improvement,2022-03-04,836,835,11303.73,3649.96,,9.75,0,0,0,34.5,,-1
3798,term,North,debt_consolidation,2023-07-26,771,726,19577.05,13989.7,,10.25,0,0,0,17.5,,-45
3799,term,South,personal,2021-12-17,667,638,29327.6,16165.45,,13.01,8,0,0,37.0,,-29
3800,revolving,South,home_improvement,2021-04-23,626,586,11648.19,1164.82,2182.31,6.38,12,0,0,45.0,0.534,-40
3801,term,West,debt_consolidation,2023-01-11,770,743,11552.71,8530.42,,8.84,0,0,0,24.0,,-27
3802,term,East,home_improvement,2022-02-20,688,658,20853.83,2085.38,,8.48,4,0,0,34.9,,-30
3803,term,East,auto,2024-01-26,735,708,2628.15,1833.68,,7.68,5,0,0,11.4,,-27
3804,term,West,debt_consolidation,2021-01-05,620,576,11598.25,2851.46,,6.76,12,0,0,48.6,,-44
3805,term,North,home_improvement,2023-12-07,710,691,7388.06,5582.61,,14.87,3,0,0,13.0,,-19
3806,term,East,auto,2022-02-05,703,667,30029.73,14423.15,,11.63,10,0,0,35.4,,-36
3807,term,North,home_improvement,2024-08-05,763,738,3069.12,2620.47,,9.3,1,0,0,5.0,,-25
3808,revolving,North,personal,2022-11-13,729,700,3018.21,1494.84,2360.13,10.27,2,0,0,26.0,0.633,-29
3809,term,West,auto,2022-08-05,690,683,15220.66,10469.18,,11.91,10,0,0,29.3,,-7
3810,term,East,home_improvement,2024-08-22,793,771,3505.99,3146.12,,6.9,0,0,0,4.4,,-22
3811,term,West,debt_consolidation,2021-06-06,663,664,2464.57,574.78,,6.21,12,0,0,43.5,,1
3812,term,East,home_improvement,2021-11-16,772,762,19517.81,7450.76,,8.18,0,0,0,38.1,,-10
3813,term,West,personal,2023-10-25,713,666,10636.38,7003.94,,11.82,2,1,0,14.5,,-47
3814,revolving,East,debt_consolidation,2023-06-08,724,685,14306.72,6924.88,16564.38,15.68,7,0,0,19.1,0.418,-39
3815,term,North,auto,2022-01-26,850,827,14865.11,9546.95,,8.39,0,0,0,35.7,,-23
3816,term,North,personal,2022-08-14,551,534,10970.4,2592.39,,5.66,24,0,0,29.0,,-17
3817,term,West,debt_consolidation,2022-12-03,596,579,2948.83,1198.11,,9.82,14,0,0,25.3,,-17
3818,revolving,South,debt_consolidation,2023-04-07,750,757,10702.07,8328.76,17653.79,8.65,0,0,0,21.2,0.472,7
3819,revolving,North,debt_consolidation,2024-03-18,734,712,26162.49,19884.11,35210.08,12.64,9,0,0,9.6,0.565,-22
3820,revolving,East,debt_consolidation,2021-09-29,687,655,19217.03,6052.65,16460.84,9.33,3,0,0,39.7,0.368,-32
3821,term,North,debt_consolidation,2024-09-11,747,712,6714.53,6326.14,,10.5,0,0,0,3.7,,-35
3822,term,East,personal,2023-06-28,612,593,20290.8,11005.55,,7.78,15,0,0,18.4,,-19
3823,term,East,personal,2022-10-10,797,764,66839.41,12973.66,,9.64,0,0,0,27.1,,-33
3824,term,West,personal,2023-04-09,763,748,14097.81,10824.37,,5.23,0,0,0,21.1,,-15
3825,term,North,home_improvement,2023-06-18,781,757,7892.4,5746.36,,8.08,0,0,0,18.8,,-24
3826,term,West,home_improvement,2023-07-31,585,563,22661.72,15157.63,,6.8,13,0,0,17.3,,-22
3827,revolving,East,personal,2021-01-23,744,720,4084.24,408.42,1187.49,9.7,4,0,0,48.0,0.344,-24
3828,term,West,personal,2024-06-30,680,664,8386.75,7472.49,,8.25,11,0,0,6.2,,-16
3829,term,North,home_improvement,2023-03-09,823,808,1688.96,1175.4,,5.26,0,0,0,22.1,,-15
3830,revolving,West,auto,2022-12-16,695,667,44630.58,16742.97,28023.48,10.37,3,0,0,24.9,0.597,-28
3831,term,East,home_improvement,2023-12-14,626,603,11030.22,8216.95,,10.16,23,0,0,12.8,,-23
3832,revolving,North,debt_consolidation,2023-07-05,715,711,10571.56,5254.69,8989.72,11.88,5,0,0,18.2,0.585,-4
3833,term,West,home_improvement,2024-07-05,578,552,6187.81,5679.51,,8.32,10,0,0,6.0,,-26
3834,term,South,home_improvement,2024-01-27,743,738,33624.18,23909.43,,7.44,5,0,0,11.3,,-5
3835,term,North,personal,2022-10-19,654,604,7276.22,3746.1,,6.62,15,0,0,26.8,,-50
3836,term,East,personal,2023-10-04,669,652,62790.07,46789.4,,10.16,5,0,0,15.2,,-17
3837,term,West,personal,2024-05-05,694,677,13669.83,11302.04,,10.21,5,0,0,8.0,,-17
3838,term,East,debt_consolidation,2023-05-16,661,635,25176.78,16665.04,,7.48,8,0,0,19.9,,-26
3839,term,West,debt_consolidation,2024-05-05,777,749,47035.7,38991.85,,8.48,0,0,0,8.0,,-28
3840,revolving,West,personal,2024-02-02,663,642,23600.02,16973.15,39105.96,9.94,8,0,0,11.1,0.434,-21
3841,term,North,auto,2021-04-19,711,707,5221.05,522.1,,8.92,5,0,0,45.1,,-4
3842,term,West,home_improvement,2022-04-01,713,687,13804.14,5627.34,,9.17,5,0,0,33.5,,-26
3843,term,East,auto,2023-04-16,682,651,5375.51,4109.1,,13.24,5,0,0,20.9,,-31
3844,revolving,South,personal,2024-08-15,632,592,6345.38,5691.68,10585.78,5.19,21,0,0,4.6,0.538,-40
3845,term,West,home_improvement,2023-06-27,543,541,9584.38,7528.31,,8.0,17,0,1,18.5,,-2
3846,term,North,personal,2022-12-24,746,727,4366.34,1913.53,,13.51,2,0,0,24.6,,-19
3847,term,South,auto,2024-07-25,617,570,9482.98,8617.1,,9.81,8,0,0,5.3,,-47
3848,term,South,auto,2023-01-02,800,777,13598.76,6678.84,,6.48,0,0,0,24.3,,-23
3849,term,North,personal,2024-10-05,642,601,20791.59,19029.82,,9.92,3,1,0,2.9,,-41
3850,term,South,auto,2023-08-24,756,729,15468.92,8615.57,,9.94,1,0,0,16.5,,-27
3851,term,West,personal,2021-08-21,687,671,10752.77,1075.28,,11.89,5,0,0,41.0,,-16
3852,term,East,personal,2022-01-16,774,787,14495.3,3818.78,,11.44,0,0,0,36.0,,13
3853,term,West,auto,2022-02-08,702,676,12792.29,1957.37,,6.97,11,1,0,35.3,,-26
3854,term,West,auto,2024-10-25,708,665,13065.64,12206.65,,9.36,2,0,0,2.3,,-43
3855,term,South,personal,2023-06-30,610,552,1213.95,788.33,,10.73,14,0,0,18.4,,-58
3856,term,East,personal,2022-09-19,725,710,7360.57,3612.41,,6.65,3,0,0,27.8,,-15
3857,term,South,personal,2024-07-11,735,719,6572.75,5453.57,,9.17,4,0,0,5.8,,-16
3858,revolving,North,home_improvement,2023-03-16,690,659,3727.32,2811.27,4366.77,4.01,12,0,1,21.9,0.644,-31
3859,term,West,auto,2022-10-30,746,714,3241.16,1889.64,,9.48,1,0,0,26.5,,-32
3860,term,East,debt_consolidation,2024-09-11,704,654,11566.42,10546.33,,9.61,4,0,0,3.7,,-50
3861,term,South,auto,2021-09-13,752,732,24524.52,4473.06,,7.7,0,1,0,40.2,,-20
3862,revolving,East,auto,2022-06-23,687,663,9987.83,2473.41,5378.29,11.59,6,0,0,30.8,0.46,-24
3863,term,North,debt_consolidation,2021-11-27,746,702,14254.1,5104.43,,12.09,1,0,0,37.7,,-44
3864,term,West,auto,2022-05-24,695,653,28116.47,6394.03,,6.12,11,0,0,31.8,,-42
3865,term,East,auto,2023-05-01,803,797,9505.0,7415.19,,12.29,0,0,0,20.4,,-6
3866,term,East,personal,2023-08-30,659,612,5909.66,4736.64,,9.18,7,0,0,16.3,,-47
3867,term,East,personal,2023-09-04,674,635,2274.79,1560.57,,6.64,5,0,0,16.2,,-39
3868,revolving,South,home_improvement,2023-12-19,640,619,16552.55,13443.48,28143.71,12.81,15,0,1,12.6,0.478,-21
3869,term,South,debt_consolidation,2022-09-21,656,652,21436.96,6810.47,,9.3,13,0,1,27.8,,-4
3870,revolving,East,auto,2023-09-18,648,626,23243.33,17811.65,36838.92,5.94,16,0,0,15.7,0.484,-22
3871,term,North,debt_consolidation,2023-04-10,803,797,20196.43,10074.92,,6.99,0,0,0,21.1,,-6
3872,term,East,personal,2023-11-09,805,791,7965.38,4649.35,,9.32,0,0,0,14.0,,-14
3873,revolving,West,debt_consolidation,2023-03-22,672,629,24643.72,16026.13,46677.89,10.31,7,0,1,21.7,0.343,-43
3874,term,West,debt_consolidation,2024-12-29,765,749,29988.0,29104.3,,12.13,2,0,0,0.1,,-16
3875,term,West,auto,2021-03-25,670,645,8475.69,847.57,,10.2,7,0,0,45.9,,-25
3876,term,East,home_improvement,2023-04-18,706,704,3228.61,1823.52,,5.43,2,0,0,20.8,,-2
3877,term,South,home_improvement,2021-08-21,772,746,6337.68,1417.21,,7.29,0,0,0,41.0,,-26
3878,term,East,home_improvement,2022-04-20,666,644,17758.92,3106.56,,15.71,8,0,0,32.9,,-22
3879,term,East,debt_consolidation,2021-10-31,620,599,24363.02,2436.3,,14.79,17,0,0,38.6,,-21
3880,revolving,West,personal,2023-07-03,708,680,22492.26,11858.83,33874.58,9.76,9,0,0,18.3,0.35,-28
3881,term,North,home_improvement,2023-11-10,631,586,11869.67,9359.68,,11.27,10,0,0,13.9,,-45
3882,term,North,debt_consolidation,2022-04-02,682,659,13466.89,4150.11,,10.33,5,1,0,33.5,,-23
3883,term,West,debt_consolidation,2023-11-30,699,675,31775.42,20123.77,,13.06,6,0,0,13.3,,-24
3884,revolving,East,auto,2023-06-27,720,689,10561.93,6881.77,19660.83,11.07,2,0,0,18.5,0.35,-31
3885,revolving,East,home_improvement,2022-10-28,721,690,19785.52,8557.48,16864.88,9.62,5,1,0,26.5,0.507,-31
3886,term,West,home_improvement,2021-12-19,698,702,14968.84,7160.35,,13.02,10,0,0,37.0,,4
3887,term,North,debt_consolidation,2021-10-16,731,696,1671.72,167.17,,10.27,8,0,0,39.1,,-35
3888,revolving,North,home_improvement,2023-06-05,773,754,1000.0,722.24,1620.06,7.84,0,0,0,19.2,0.446,-19
3889,term,West,auto,2021-07-04,731,728,5078.7,507.87,,11.33,4,0,0,42.6,,-3
3890,term,East,auto,2022-10-02,743,704,19262.82,13011.49,,11.22,2,0,0,27.4,,-39
3891,revolving,East,home_improvement,2022-10-11,626,573,3949.01,1610.11,3968.82,7.67,18,0,0,27.1,0.406,-53
3892,revolving,East,debt_consolidation,2024-11-18,693,660,16168.92,15562.05,37766.16,12.85,8,0,0,1.5,0.412,-33
3893,term,South,personal,2024-12-22,705,663,3288.28,3230.52,,10.84,8,0,0,0.3,,-42
3894,term,North,personal,2024-03-24,819,804,5936.57,4546.78,,8.91,0,0,0,9.4,,-15
3895,revolving,North,personal,2022-08-16,548,534,18686.44,9705.12,23364.67,10.27,18,0,0,29.0,0.415,-14
3896,term,South,home_improvement,2021-06-29,733,685,13099.82,1309.98,,12.56,5,0,0,42.7,,-48
3897,term,North,home_improvement,2023-05-02,713,693,7207.91,3772.4,,9.38,9,0,0,20.3,,-20
3898,term,West,personal,2024-04-30,724,698,11371.74,9190.12,,8.16,8,0,0,8.2,,-26
3899,revolving,South,personal,2024-04-20,598,556,9439.27,7506.3,20448.83,6.46,19,1,0,8.5,0.367,-42
3900,term,North,personal,2021-05-21,692,664,9154.79,4350.7,,3.0,3,0,0,44.0,,-28
3901,term,East,debt_consolidation,2024-03-28,792,778,6932.98,5378.49,,7.15,0,0,0,9.3,,-14
3902,term,West,auto,2023-09-04,611,575,16457.62,8610.38,,7.44,8,0,0,16.2,,-36
3903,revolving,South,auto,2023-01-25,723,712,5172.98,2759.47,7285.39,14.57,1,0,0,23.6,0.379,-11
3904,term,South,personal,2021-06-26,645,604,18195.62,6096.0,,4.19,14,0,1,42.8,,-41
3905,revolving,East,auto,2021-07-22,780,771,32312.41,6645.31,16075.27,8.29,0,0,0,42.0,0.413,-9
3906,term,South,debt_consolidation,2023-07-12,730,699,29420.32,14883.21,,4.6,4,1,0,18.0,,-31
3907,term,North,auto,2022-06-09,708,679,6015.41,1747.28,,7.5,2,0,0,31.2,,-29
3908,term,South,home_improvement,2023-07-31,635,632,63150.3,34027.54,,16.75,18,0,1,17.3,,-3
3909,revolving,East,debt_consolidation,2022-03-03,671,640,5801.65,3381.57,8520.06,3.53,6,0,0,34.5,0.397,-31
3910,term,South,auto,2021-09-01,658,622,19530.65,3799.53,,8.17,13,0,0,40.6,,-36
3911,revolving,West,debt_consolidation,2023-05-22,627,596,6395.46,4826.7,7618.1,4.0,14,0,0,19.7,0.634,-31
3912,revolving,West,debt_consolidation,2023-06-06,671,663,14528.96,8031.8,23205.37,9.98,6,0,0,19.2,0.346,-8
3913,term,North,debt_consolidation,2024-10-11,563,557,32574.5,30919.6,,11.94,13,0,0,2.7,,-6
3914,term,East,home_improvement,2022-12-27,723,706,11291.72,6748.12,,4.03,5,0,0,24.5,,-17
3915,term,South,home_improvement,2021-01-19,655,642,21720.07,2711.94,,11.71,8,0,0,48.1,,-13
3916,term,South,personal,2023-03-08,637,629,14082.93,6506.02,,13.04,8,0,0,22.2,,-8
3917,term,West,auto,2022-08-22,593,550,5105.12,3282.08,,11.98,6,0,0,28.8,,-43
3918,revolving,East,personal,2024-05-19,705,694,14342.39,11332.0,28169.0,9.93,4,0,0,7.6,0.402,-11
3919,revolving,East,home_improvement,2023-08-21,795,795,11235.57,6571.12,13681.67,4.87,0,0,0,16.6,0.48,0
3920,revolving,West,debt_consolidation,2022-10-21,661,637,11029.93,5403.75,13242.6,14.09,12,0,0,26.8,0.408,-24
3921,term,North,debt_consolidation,2023-11-03,762,747,17836.23,11678.3,,8.25,2,0,0,14.2,,-15
3922,term,South,debt_consolidation,2022-09-01,714,702,27834.58,11336.46,,7.41,7,1,0,28.4,,-12
3923,term,West,debt_consolidation,2021-12-10,670,646,31870.85,3187.08,,11.48,13,0,0,37.3,,-24
3924,term,East,auto,2022-02-23,796,764,35674.3,14046.66,,8.39,0,0,0,34.8,,-32
3925,revolving,North,personal,2024-01-12,576,531,5968.4,3974.52,6642.08,6.6,25,0,0,11.8,0.598,-45
3926,term,West,personal,2022-07-05,688,660,9418.32,4777.55,,7.92,7,0,0,30.4,,-28
3927,revolving,East,personal,2022-07-13,658,649,6514.98,2884.72,6698.49,8.59,16,0,0,30.1,0.431,-9
3928,term,South,home_improvement,2022-11-04,699,676,24034.3,7744.19,,13.11,8,0,0,26.3,,-23
3929,term,South,personal,2021-12-13,610,553,21974.8,2990.28,,9.65,13,0,0,37.2,,-57
3930,revolving,North,personal,2022-11-21,728,706,4643.52,2718.89,4629.29,12.42,8,0,0,25.7,0.587,-22
3931,term,North,debt_consolidation,2022-06-29,582,522,7635.22,3534.6,,7.57,18,0,0,30.6,,-60
3932,term,East,auto,2022-11-20,718,686,37224.42,26757.0,,6.29,7,0,0,25.8,,-32
3933,revolving,South,home_improvement,2024-05-07,649,596,7544.2,6922.74,10664.34,12.11,16,0,0,8.0,0.649,-53
3934,revolving,South,home_improvement,2022-01-29,707,683,2213.26,672.1,1126.4,8.22,5,0,0,35.6,0.597,-24
3935,revolving,South,auto,2024-01-18,637,621,14267.34,10728.8,25040.8,8.64,11,0,0,11.6,0.428,-16
3936,term,North,personal,2024-10-06,628,585,11245.67,10654.8,,12.1,9,0,0,2.9,,-43
3937,term,North,personal,2023-02-20,775,747,18269.89,8085.75,,6.41,0,0,0,22.7,,-28
3938,revolving,South,auto,2021-08-11,782,780,22609.65,11738.18,28052.08,10.09,0,0,0,41.3,0.418,-2
3939,term,South,auto,2022-06-25,611,576,33073.55,16832.94,,8.59,17,0,0,30.7,,-35
3940,revolving,East,home_improvement,2023-11-30,689,654,23212.21,14878.61,34536.93,10.14,9,0,0,13.3,0.431,-35
3941,term,North,auto,2024-11-17,726,713,2383.58,2280.49,,11.15,3,0,0,1.5,,-13
3942,revolving,East,personal,2021-08-11,676,653,10756.18,4901.51,11414.31,15.08,11,0,0,41.3,0.429,-23
3943,term,North,personal,2024-12-07,678,640,16979.8,16647.62,,3.72,8,0,0,0.8,,-38
3944,term,East,debt_consolidation,2021-05-12,723,708,35815.58,13281.27,,7.31,2,0,0,44.3,,-15
3945,term,East,personal,2021-12-03,712,658,21816.08,8645.92,,9.37,7,0,0,37.5,,-54
3946,revolving,East,debt_consolidation,2022-02-07,653,623,18248.41,6175.73,16474.6,8.49,8,0,1,35.3,0.375,-30
3947,term,South,home_improvement,2024-10-26,711,680,20059.4,19325.18,,7.34,6,0,0,2.2,,-31
3948,term,West,personal,2024-05-03,664,624,94320.16,77034.83,,3.44,4,0,0,8.1,,-40
3949,term,West,auto,2022-04-26,658,609,5020.14,793.4,,7.1,8,0,0,32.7,,-49
3950,term,West,home_improvement,2023-07-27,635,609,28620.36,22017.84,,9.93,11,0,0,17.5,,-26
3951,revolving,West,home_improvement,2022-01-05,635,622,18186.58,10633.18,28842.77,11.62,11,1,0,36.4,0.369,-13
3952,revolving,West,home_improvement,2022-04-11,695,664,25469.98,4124.15,9780.47,8.67,6,0,0,33.2,0.422,-31
3953,term,East,personal,2022-04-14,588,538,43860.13,22935.13,,10.08,20,0,0,33.1,,-50
3954,term,North,auto,2024-08-30,586,543,25352.79,24231.62,,9.01,21,1,0,4.1,,-43
3955,term,East,home_improvement,2022-10-18,669,659,12740.34,6309.3,,10.17,10,0,0,26.9,,-10
3956,term,South,home_improvement,2023-06-13,680,641,32719.02,21779.16,,5.26,10,0,0,18.9,,-39
3957,revolving,West,home_improvement,2022-07-26,617,597,4511.44,1451.56,3064.71,10.62,8,1,0,29.7,0.474,-20
3958,term,South,auto,2024-05-03,785,745,10905.59,9561.62,,7.3,0,0,0,8.1,,-40
3959,revolving,South,debt_consolidation,2023-07-02,635,597,21096.06,11255.56,32216.71,7.47,7,0,0,18.3,0.349,-38
3960,term,South,auto,2021-07-11,640,616,42732.63,4273.26,,8.76,12,0,0,42.3,,-24
3961,term,East,debt_consolidation,2021-10-16,635,600,16273.33,4105.12,,8.44,13,0,0,39.1,,-35
3962,term,West,personal,2022-03-31,736,732,22031.12,14048.01,,7.16,2,0,0,33.6,,-4
3963,revolving,East,auto,2023-02-14,781,772,43324.8,27137.94,76890.33,12.33,0,0,0,22.9,0.353,-9
3964,term,North,debt_consolidation,2023-05-15,622,595,23765.8,11342.9,,9.79,13,0,0,19.9,,-27
3965,term,North,debt_consolidation,2023-02-12,730,705,3241.56,1918.12,,7.32,2,0,0,23.0,,-25
3966,revolving,West,personal,2022-10-15,695,679,2162.87,697.53,1625.48,7.64,4,0,0,27.0,0.429,-16
3967,term,East,debt_consolidation,2022-10-16,634,604,13623.55,4872.22,,9.08,11,0,0,26.9,,-30
3968,revolving,North,auto,2023-12-31,695,674,7931.61,5696.51,17021.11,7.84,8,0,0,12.2,0.335,-21
3969,term,North,personal,2021-06-08,600,559,7335.66,733.57,,6.43,8,0,0,43.4,,-41
3970,term,West,personal,2023-02-11,664,657,19468.19,8222.68,,9.19,5,1,0,23.0,,-7
3971,revolving,North,personal,2023-05-28,619,605,5294.43,2993.95,6398.33,8.89,11,0,0,19.5,0.468,-14
3972,term,West,debt_consolidation,2021-03-04,659,613,2623.94,262.39,,8.56,10,0,0,46.6,,-46
3973,revolving,North,debt_consolidation,2022-10-02,684,638,2376.95,643.24,1401.29,13.11,11,1,0,27.4,0.459,-46
3974,term,South,home_improvement,2023-02-11,769,741,10325.08,3326.73,,8.92,0,0,0,23.0,,-28
3975,term,North,personal,2022-04-07,683,667,4144.92,1809.67,,6.25,8,1,1,33.3,,-16
3976,term,East,home_improvement,2021-07-26,620,557,11850.99,4346.72,,10.34,9,0,0,41.8,,-63
3977,term,East,auto,2022-07-23,680,653,29519.25,14784.25,,5.3,12,0,0,29.8,,-27
3978,term,West,home_improvement,2023-11-25,555,509,26250.9,22004.59,,12.99,21,0,0,13.4,,-46
3979,term,North,personal,2021-12-20,731,684,12340.12,1234.01,,8.32,4,0,0,36.9,,-47
3980,term,West,home_improvement,2024-03-11,631,595,24205.78,20183.38,,6.85,8,0,0,9.9,,-36
3981,term,South,personal,2022-08-12,793,778,25762.3,11949.75,,8.07,0,0,0,29.1,,-15
3982,term,South,debt_consolidation,2023-07-09,734,704,14588.25,10242.73,,10.16,3,0,0,18.1,,-30
3983,term,South,debt_consolidation,2023-11-13,686,678,11760.38,8935.95,,3.0,7,0,0,13.8,,-8
3984,term,North,home_improvement,2022-01-13,662,633,12120.07,4444.87,,8.63,13,0,0,36.1,,-29
3985,term,East,debt_consolidation,2024-02-13,654,625,27742.8,23794.11,,10.27,8,1,0,10.8,,-29
3986,revolving,North,auto,2024-01-28,658,642,16829.3,12754.43,26119.04,12.87,10,0,1,11.3,0.488,-16
3987,term,West,home_improvement,2022-06-23,679,639,9983.97,1574.92,,4.71,8,0,0,30.8,,-40
3988,term,East,personal,2024-01-27,655,617,8830.83,6739.62,,3.02,7,0,0,11.3,,-38
3989,revolving,East,home_improvement,2022-04-14,713,688,22901.22,2290.12,5197.33,8.27,6,0,0,33.1,0.441,-25
3990,term,South,personal,2022-11-04,768,739,10843.63,5841.67,,10.19,1,0,0,26.3,,-29
3991,term,West,personal,2023-09-15,686,637,2211.85,1820.98,,7.1,4,0,0,15.8,,-49
3992,term,North,debt_consolidation,2021-04-01,746,725,4141.31,1563.03,,8.9,2,0,0,45.7,,-21
3993,revolving,East,auto,2023-08-12,600,568,2619.0,2174.55,5340.59,9.73,9,1,0,16.9,0.407,-32
3994,term,East,debt_consolidation,2024-02-06,701,672,8508.45,7053.7,,11.32,4,0,0,11.0,,-29
3995,term,East,personal,2021-03-03,685,674,9671.39,967.14,,11.52,6,0,0,46.7,,-11
3996,revolving,East,personal,2024-01-07,596,564,14973.73,10070.63,28381.62,5.85,18,0,0,12.0,0.355,-32
3997,revolving,East,auto,2024-08-02,664,647,6982.0,6570.39,10513.19,6.9,8,0,0,5.1,0.625,-17
3998,term,South,personal,2023-12-06,731,713,21102.66,13430.56,,4.57,6,0,0,13.1,,-18
3999,term,South,debt_consolidation,2021-05-06,518,490,9513.99,1646.77,,12.85,15,0,0,44.5,,-28
4000,term,East,home_improvement,2022-02-05,668,668,21469.72,3477.92,,6.7,12,0,0,35.4,,0
4001,revolving,North,auto,2023-09-25,652,625,23006.59,14891.78,23231.65,8.06,8,0,0,15.5,0.641,-27
4002,revolving,East,auto,2022-12-08,696,684,17253.92,9315.49,19196.43,7.3,4,0,0,25.2,0.485,-12
4003,term,North,debt_consolidation,2023-04-05,734,717,26196.88,17562.77,,12.04,4,0,1,21.2,,-17
4004,term,West,personal,2022-10-08,721,713,19081.29,13007.66,,6.18,3,0,0,27.2,,-8
4005,term,East,personal,2024-04-22,738,726,10059.21,7918.95,,13.54,1,0,0,8.5,,-12
4006,term,South,auto,2023-09-12,750,720,14009.93,9539.92,,4.59,2,0,0,15.9,,-30
4007,term,West,debt_consolidation,2022-08-05,658,632,7566.43,4057.72,,3.75,6,0,0,29.3,,-26
4008,term,South,home_improvement,2021-12-22,534,488,4088.54,1136.68,,6.88,20,0,0,36.9,,-46
4009,term,North,debt_consolidation,2024-10-11,720,701,14424.93,13265.01,,15.14,4,0,0,2.7,,-19
4010,term,East,personal,2023-08-04,619,601,19671.01,11123.09,,3.28,11,0,0,17.2,,-18
4011,revolving,East,home_improvement,2023-12-27,696,670,17984.97,15698.69,45613.37,10.19,3,0,0,12.4,0.344,-26
4012,revolving,South,debt_consolidation,2024-04-01,594,564,26465.07,22501.71,49104.61,8.84,15,0,0,9.2,0.458,-30
4013,revolving,West,debt_consolidation,2022-09-15,635,635,11526.55,3088.17,8375.24,9.06,12,0,0,28.0,0.369,0
4014,term,West,debt_consolidation,2023-01-31,714,692,23098.61,12875.21,,14.35,5,0,0,23.4,,-22
4015,revolving,West,debt_consolidation,2022-02-07,653,618,4666.81,466.68,714.15,7.24,9,0,0,35.3,0.653,-35
4016,term,North,personal,2021-11-27,579,523,34079.95,11842.16,,10.31,22,0,0,37.7,,-56
4017,term,East,personal,2021-10-20,598,580,38775.0,12921.59,,9.03,13,0,0,39.0,,-18
4018,term,North,auto,2021-04-06,747,730,18720.72,1872.07,,7.43,3,0,0,45.5,,-17
4019,term,South,auto,2022-02-19,658,648,43254.5,24242.56,,7.08,11,0,1,34.9,,-10
4020,revolving,East,home_improvement,2022-03-15,660,636,11836.19,1183.62,2031.38,9.93,13,0,0,34.1,0.583,-24
4021,term,East,auto,2023-05-04,643,634,13247.67,8683.84,,7.9,15,0,0,20.3,,-9
4022,term,West,home_improvement,2023-12-31,588,560,25403.24,21801.72,,7.95,17,0,0,12.2,,-28
4023,term,North,home_improvement,2024-11-09,663,626,17688.58,16807.22,,6.01,9,0,0,1.8,,-37
4024,revolving,South,debt_consolidation,2024-10-07,754,738,10502.99,9998.0,18837.7,7.08,2,0,0,2.9,0.531,-16
4025,term,South,debt_consolidation,2021-11-06,633,609,25581.64,13039.68,,10.49,17,0,0,38.4,,-24
4026,term,North,debt_consolidation,2021-06-11,566,545,2766.09,868.29,,7.37,21,1,0,43.3,,-21
4027,term,West,auto,2024-06-08,726,704,11873.14,9792.1,,10.54,8,0,0,6.9,,-22
4028,term,South,home_improvement,2024-09-13,685,635,23886.77,22994.12,,11.41,7,0,0,3.7,,-50
4029,term,South,debt_consolidation,2022-02-15,691,659,59654.12,30695.33,,10.76,4,0,0,35.0,,-32
4030,term,North,auto,2021-10-26,702,684,22228.09,6101.08,,12.48,5,0,0,38.8,,-18
4031,term,North,home_improvement,2024-01-16,575,544,33332.52,23860.07,,11.96,18,0,0,11.7,,-31
4032,term,East,home_improvement,2022-02-04,673,647,2761.72,1296.66,,11.66,4,0,0,35.4,,-26
4033,term,South,debt_consolidation,2024-11-05,694,673,7490.59,7098.83,,8.21,4,1,0,1.9,,-21
4034,term,South,personal,2022-05-26,677,651,7003.97,3154.0,,3.0,6,0,0,31.7,,-26
4035,term,East,debt_consolidation,2022-12-19,676,645,4268.44,1358.29,,5.12,10,0,0,24.8,,-31
4036,revolving,West,auto,2022-06-21,749,743,35538.5,17251.35,47681.28,8.45,1,0,0,30.8,0.362,-6
4037,term,West,auto,2022-08-04,706,687,8372.13,1542.52,,10.36,3,0,0,29.4,,-19
4038,term,North,auto,2022-05-30,717,686,13785.26,1405.13,,11.94,7,0,0,31.6,,-31
4039,term,South,debt_consolidation,2022-12-09,670,653,4309.96,1376.16,,7.04,8,0,0,25.1,,-17
4040,term,West,auto,2024-05-11,526,494,14732.16,13562.24,,11.08,26,1,1,7.8,,-32
4041,term,North,debt_consolidation,2022-03-19,660,636,5448.29,2104.29,,9.1,20,0,0,34.0,,-24
4042,revolving,West,personal,2021-07-08,678,627,5025.37,502.54,1136.6,9.55,10,0,1,42.4,0.442,-51
4043,revolving,West,debt_consolidation,2024-09-27,668,634,18420.98,16959.91,39991.65,10.78,6,0,0,3.2,0.424,-34
4044,revolving,South,debt_consolidation,2023-04-09,675,640,8364.11,3121.63,5995.97,11.71,9,0,0,21.1,0.521,-35
4045,term,West,personal,2024-11-20,692,644,32012.46,31054.54,,6.98,6,0,0,1.4,,-48
4046,term,North,debt_consolidation,2022-07-29,736,688,7443.72,2228.21,,7.96,6,0,0,29.6,,-48
4047,revolving,East,personal,2023-07-09,628,591,12104.71,7355.97,15822.03,14.45,13,0,0,18.1,0.465,-37
4048,term,South,personal,2022-06-20,667,645,13066.62,1306.66,,3.7,6,0,0,30.9,,-22
4049,revolving,East,auto,2023-11-03,772,753,13940.95,8035.24,13214.0,13.26,0,0,0,14.2,0.608,-19
4050,term,North,debt_consolidation,2023-02-17,582,560,16030.17,8427.72,,7.38,17,0,0,22.8,,-22
4051,term,West,home_improvement,2022-12-06,663,656,31432.11,10933.11,,9.93,9,0,0,25.2,,-7
4052,revolving,South,auto,2024-10-26,549,493,15095.95,14751.85,28012.67,12.04,22,0,0,2.2,0.527,-56
4053,term,West,auto,2023-02-12,664,653,33853.77,19057.29,,14.61,12,0,0,23.0,,-11
4054,term,West,debt_consolidation,2021-04-19,686,655,20474.59,2173.51,,8.65,4,0,0,45.1,,-31
4055,term,East,personal,2023-03-26,570,526,38310.84,19281.21,,14.72,17,0,0,21.6,,-44
4056,term,North,personal,2021-12-29,692,677,14209.1,1420.91,,5.35,4,0,0,36.6,,-15
4057,revolving,East,auto,2022-05-16,639,628,4510.02,1714.15,3975.88,5.03,14,1,0,32.0,0.431,-11
4058,term,West,debt_consolidation,2021-05-16,744,703,14605.26,1460.53,,9.18,1,0,0,44.2,,-41
4059,term,West,debt_consolidation,2023-12-11,708,691,6329.79,4809.98,,4.55,8,0,0,12.9,,-17
4060,term,North,auto,2022-12-19,647,625,1000.0,612.37,,7.1,8,0,0,24.8,,-22
4061,term,West,home_improvement,2021-12-30,667,644,10080.94,3858.89,,7.12,10,0,0,36.6,,-23
4062,term,East,personal,2022-07-03,773,754,10132.63,2917.5,,10.52,0,0,0,30.4,,-19
4063,term,North,home_improvement,2021-03-22,673,652,4783.67,2379.33,,9.53,12,0,0,46.0,,-21
4064,term,North,debt_consolidation,2021-06-20,599,553,3942.69,1586.63,,8.33,21,0,1,43.0,,-46
4065,term,South,auto,2024-04-23,611,575,1000.0,838.94,,11.07,12,1,0,8.4,,-36
4066,term,East,personal,2024-08-16,668,640,19057.62,17207.65,,8.29,14,0,0,4.6,,-28
4067,term,West,debt_consolidation,2022-11-20,747,735,35009.42,15468.79,,14.24,1,0,0,25.8,,-12
4068,revolving,South,auto,2024-08-11,650,620,29282.38,25296.12,44580.54,9.19,12,0,0,4.8,0.567,-30
4069,revolving,East,personal,2021-07-23,614,575,19638.37,10920.98,20599.62,13.37,18,0,0,41.9,0.53,-39
4070,revolving,South,home_improvement,2023-11-20,680,657,5244.08,4518.68,10623.82,9.81,8,0,0,13.6,0.425,-23
4071,term,East,debt_consolidation,2021-12-02,699,705,10418.56,1475.17,,10.61,10,0,0,37.5,,6
4072,term,North,home_improvement,2023-01-18,710,683,15964.05,4738.94,,3.0,3,0,0,23.8,,-27
4073,term,South,personal,2023-04-14,577,517,6424.36,2687.52,,7.32,17,0,0,20.9,,-60
4074,term,West,home_improvement,2023-04-27,698,666,9091.62,5752.82,,9.65,10,0,0,20.5,,-32
4075,revolving,East,home_improvement,2023-06-23,695,659,10033.35,5265.66,8169.04,7.33,7,0,0,18.6,0.645,-36
4076,term,East,auto,2024-11-14,653,629,13374.41,12764.65,,10.27,12,0,0,1.6,,-24
4077,term,South,personal,2021-07-06,748,713,13893.77,1389.38,,4.13,3,0,0,42.5,,-35
4078,term,North,debt_consolidation,2024-02-16,707,690,7192.17,6173.34,,7.05,3,0,0,10.7,,-17
4079,term,East,auto,2021-04-12,628,583,5832.9,583.29,,4.59,17,0,1,45.3,,-45
4080,revolving,East,debt_consolidation,2021-09-18,708,683,6791.49,3401.44,6510.6,8.89,5,0,0,40.0,0.522,-25
4081,revolving,North,home_improvement,2021-11-30,566,537,17948.05,1794.8,4762.37,11.38,24,0,1,37.6,0.377,-29
4082,term,North,auto,2023-04-16,651,632,7662.91,5374.21,,13.52,8,0,0,20.9,,-19
4083,revolving,West,home_improvement,2022-09-15,655,612,11459.36,5589.84,10357.68,13.24,9,1,0,28.0,0.54,-43
4084,term,South,home_improvement,2022-01-22,719,687,4748.82,2512.34,,11.51,5,0,0,35.8,,-32
4085,revolving,North,auto,2023-03-11,850,828,31729.62,16390.89,45095.37,9.98,0,0,0,22.1,0.363,-22
4086,term,South,auto,2022-12-29,662,644,27137.87,13912.57,,4.77,13,1,0,24.5,,-18
4087,term,North,personal,2024-02-13,767,732,33714.92,27269.99,,14.89,1,0,0,10.8,,-35
4088,term,West,personal,2021-10-13,761,732,14344.58,1434.46,,11.18,1,0,0,39.2,,-29
4089,revolving,West,debt_consolidation,2021-05-20,600,562,21125.67,8895.39,26080.16,9.74,16,1,0,44.1,0.341,-38
4090,term,East,auto,2022-08-24,760,713,19030.45,5249.36,,9.52,0,0,0,28.7,,-47
4091,term,North,home_improvement,2024-12-28,637,615,5864.09,5733.12,,12.89,14,0,0,0.1,,-22
4092,revolving,North,home_improvement,2022-04-11,680,664,5109.06,670.52,1808.29,5.39,7,0,0,33.2,0.371,-16
4093,term,North,debt_consolidation,2021-10-30,817,802,2592.46,350.11,,7.79,0,0,0,38.6,,-15
4094,revolving,West,personal,2023-12-23,711,668,16293.96,10563.23,21706.84,3.0,9,0,0,12.5,0.487,-43
4095,term,West,auto,2024-12-22,641,615,11882.68,11702.05,,5.41,15,0,0,0.3,,-26
4096,term,North,personal,2023-04-14,706,716,18679.63,7274.9,,14.64,1,0,0,20.9,,10
4097,revolving,North,debt_consolidation,2021-10-15,588,559,18698.79,8532.04,20944.84,9.47,21,0,0,39.1,0.407,-29
4098,term,South,personal,2021-12-16,743,700,5054.14,505.41,,6.48,3,0,0,37.1,,-43
4099,term,South,auto,2024-04-11,641,612,30395.37,23748.31,,9.11,17,0,0,8.8,,-29
4100,term,West,home_improvement,2022-11-22,532,498,12397.8,3639.49,,12.06,18,0,0,25.7,,-34
4101,term,South,personal,2023-02-03,658,637,19086.02,8341.82,,9.49,12,0,0,23.3,,-21
4102,revolving,East,auto,2023-06-08,649,592,8596.39,5426.73,15215.92,11.53,9,0,0,19.1,0.357,-57
4103,term,South,auto,2022-10-30,709,692,15584.72,10972.33,,5.35,10,0,0,26.5,,-17
4104,term,East,auto,2024-09-03,610,583,2041.86,1953.65,,12.37,18,0,0,4.0,,-27
4105,term,East,home_improvement,2023-08-15,700,696,25069.89,12585.01,,14.44,2,0,0,16.8,,-4
4106,term,West,auto,2024-02-22,639,595,6160.96,4522.61,,4.83,15,0,0,10.5,,-44
4107,revolving,East,personal,2024-11-16,675,644,18365.94,17567.8,41154.0,10.98,7,0,0,1.5,0.427,-31
4108,term,South,personal,2022-11-17,743,730,18594.35,10639.29,,11.69,0,1,0,25.9,,-13
4109,term,North,debt_consolidation,2023-11-21,745,704,31100.26,26185.28,,10.25,1,0,0,13.6,,-41
4110,term,South,auto,2021-11-18,756,735,13831.37,1383.14,,9.43,0,0,0,38.0,,-21
4111,revolving,South,home_improvement,2021-11-14,634,594,32114.14,15700.03,38171.33,5.19,10,0,0,38.1,0.411,-40
4112,term,South,home_improvement,2023-02-25,697,662,17085.94,11837.12,,8.14,5,0,0,22.5,,-35
4113,term,West,auto,2023-08-09,700,645,1000.0,505.57,,9.41,2,0,0,17.0,,-55
4114,revolving,South,home_improvement,2022-08-20,755,728,15133.04,9609.28,16976.16,16.58,1,0,0,28.8,0.566,-27
4115,revolving,South,auto,2022-02-25,660,652,15818.54,1581.85,3235.73,5.43,12,0,0,34.7,0.489,-8
4116,term,West,home_improvement,2022-08-21,590,577,5180.77,3567.65,,12.64,19,0,0,28.8,,-13
4117,revolving,South,debt_consolidation,2021-06-07,730,718,12113.54,1211.35,1882.28,10.71,4,0,0,43.5,0.644,-12
4118,term,West,debt_consolidation,2024-09-24,760,756,13715.81,13085.64,,3.46,1,0,0,3.3,,-4
4119,term,North,debt_consolidation,2023-02-28,699,683,5098.06,3709.37,,11.19,10,0,0,22.4,,-16
4120,revolving,South,home_improvement,2021-11-30,614,570,12536.23,1253.62,2477.99,8.14,12,0,0,37.6,0.506,-44
4121,term,North,auto,2022-09-03,809,797,14650.05,10011.43,,12.75,0,0,0,28.4,,-12
4122,term,East,personal,2021-10-02,687,660,8414.09,841.41,,8.81,12,0,0,39.6,,-27
4123,term,East,personal,2021-01-04,640,580,6622.24,788.05,,12.09,12,0,0,48.6,,-60
4124,term,North,debt_consolidation,2024-06-15,745,714,7837.95,7104.66,,5.88,4,0,0,6.7,,-31
4125,term,West,personal,2024-03-18,779,776,54003.19,41863.83,,9.7,0,0,0,9.6,,-3
4126,term,North,personal,2024-03-21,583,551,6022.46,4992.44,,9.88,18,1,1,9.5,,-32
4127,term,East,debt_consolidation,2024-02-04,712,693,12479.24,8955.28,,7.03,7,0,0,11.1,,-19
4128,term,South,personal,2022-07-11,757,727,13025.95,4530.49,,8.31,0,0,0,30.2,,-30
4129,term,South,debt_consolidation,2023-07-07,673,662,3772.56,2234.72,,7.91,6,0,0,18.1,,-11
4130,term,North,debt_consolidation,2023-09-10,688,673,12351.42,10342.99,,12.05,7,0,0,16.0,,-15
4131,term,East,debt_consolidation,2022-07-15,672,621,9217.89,2331.01,,8.39,7,0,0,30.0,,-51
4132,term,South,personal,2022-07-14,772,756,20002.82,13691.89,,9.12,0,0,0,30.1,,-16
4133,term,North,debt_consolidation,2023-02-24,613,582,43134.18,25691.4,,12.33,11,0,0,22.6,,-31
4134,term,East,auto,2022-02-08,664,627,5372.65,537.26,,10.6,13,0,0,35.3,,-37
4135,term,West,home_improvement,2021-06-27,808,808,2175.14,217.51,,9.51,0,0,0,42.8,,0
4136,revolving,West,debt_consolidation,2024-02-03,642,597,19599.48,14137.0,22836.91,6.17,8,0,0,11.1,0.619,-45
4137,revolving,West,personal,2024-02-24,587,561,35675.7,31852.64,62797.68,8.85,27,0,1,10.4,0.507,-26
4138,revolving,East,personal,2024-04-28,679,629,6723.76,5895.44,13812.67,10.58,13,0,0,8.3,0.427,-50
4139,term,North,home_improvement,2024-11-23,744,705,28096.6,27615.38,,14.19,0,0,0,1.3,,-39
4140,term,North,auto,2021-01-11,677,643,4713.5,471.35,,3.0,11,0,0,48.4,,-34
4141,revolving,East,auto,2021-02-06,650,639,17884.99,4134.64,10260.88,7.83,10,0,0,47.5,0.403,-11
4142,term,South,auto,2021-07-15,710,668,6632.77,663.28,,7.36,5,0,0,42.2,,-42
4143,term,East,home_improvement,2023-06-09,829,816,14403.18,6961.36,,6.69,0,0,0,19.1,,-13
4144,term,South,auto,2024-08-10,664,631,2905.49,2746.16,,3.84,10,0,0,4.8,,-33
4145,term,East,debt_consolidation,2022-08-16,804,793,4497.78,1562.91,,11.76,0,0,0,29.0,,-11
4146,term,West,personal,2022-03-21,704,661,16623.18,6947.43,,11.12,4,0,0,33.9,,-43
4147,term,South,personal,2024-10-04,628,598,2914.95,2767.07,,10.91,10,0,0,3.0,,-30
4148,term,East,debt_consolidation,2021-08-18,779,781,9310.04,4069.46,,8.32,0,0,0,41.1,,2
4149,revolving,North,auto,2023-02-22,659,655,4478.75,2871.84,6032.34,7.42,14,1,0,22.6,0.476,-4
4150,term,East,home_improvement,2022-10-30,586,527,22839.45,10984.64,,6.11,9,0,1,26.5,,-59
4151,term,North,debt_consolidation,2024-01-16,697,684,26191.45,17920.71,,10.24,7,0,0,11.7,,-13
4152,revolving,South,auto,2022-06-17,652,631,2453.2,1017.51,2858.91,6.41,6,0,0,31.0,0.356,-21
4153,term,South,debt_consolidation,2022-12-02,788,776,12670.64,4099.46,,11.06,0,1,0,25.4,,-12
4154,term,West,debt_consolidation,2021-09-29,704,682,5272.62,2899.01,,5.8,4,0,0,39.7,,-22
4155,term,East,debt_consolidation,2024-08-15,647,649,17055.55,14812.28,,13.6,12,0,0,4.6,,2
4156,term,North,home_improvement,2024-03-21,732,700,7132.38,5470.99,,8.7,4,1,0,9.5,,-32
4157,term,North,debt_consolidation,2024-06-03,680,621,10703.93,9228.44,,7.69,7,0,0,7.1,,-59
4158,term,West,personal,2021-12-07,699,683,22026.8,7195.31,,7.44,5,0,0,37.4,,-16
4159,revolving,South,debt_consolidation,2023-11-03,536,482,19266.06,11365.58,32472.37,12.59,18,0,0,14.2,0.35,-54
4160,term,East,personal,2024-02-13,610,548,4463.05,3160.46,,10.24,15,0,0,10.8,,-62
4161,revolving,North,auto,2021-09-19,693,669,2369.62,560.9,996.78,15.13,6,0,0,40.0,0.563,-24
4162,revolving,North,home_improvement,2022-12-27,603,564,3843.82,2018.16,3564.14,12.26,17,0,1,24.5,0.566,-39
4163,term,East,debt_consolidation,2022-08-14,644,601,13493.84,4860.43,,6.43,8,0,0,29.0,,-43
4164,term,North,personal,2023-12-03,735,700,8691.32,5304.81,,8.74,1,0,0,13.2,,-35
4165,term,West,home_improvement,2021-03-23,710,693,23134.28,5950.06,,9.47,5,0,0,46.0,,-17
4166,term,South,personal,2022-04-24,750,746,9959.07,995.91,,9.58,2,0,0,32.8,,-4
4167,term,South,debt_consolidation,2022-03-11,680,622,20336.02,10065.37,,13.03,7,0,0,34.2,,-58
4168,term,West,auto,2021-03-16,639,622,12583.68,1423.55,,8.03,11,0,0,46.2,,-17
4169,term,East,auto,2022-03-01,764,765,40982.69,23886.75,,6.46,0,0,0,34.6,,1
4170,term,North,personal,2021-03-30,682,653,12553.36,2769.94,,10.93,5,0,0,45.8,,-29
4171,term,West,debt_consolidation,2024-05-18,615,560,12986.92,10039.09,,10.53,14,0,0,7.6,,-55
4172,term,South,debt_consolidation,2022-11-06,778,746,21832.83,11116.59,,7.23,0,0,0,26.2,,-32
4173,term,West,personal,2024-02-03,684,635,7675.28,5367.16,,3.6,12,1,0,11.1,,-49
4174,term,West,home_improvement,2023-12-04,738,700,7974.12,6331.49,,15.03,2,0,0,13.1,,-38
4175,revolving,North,debt_consolidation,2021-01-14,697,673,15064.74,1506.47,4356.72,13.24,11,0,0,48.3,0.346,-24
4176,revolving,South,personal,2022-05-08,738,712,31300.59,10406.28,31048.98,6.48,1,0,0,32.3,0.335,-26
4177,revolving,South,debt_consolidation,2022-12-25,718,703,10869.78,5814.87,14826.26,8.58,3,0,0,24.6,0.392,-15
4178,revolving,South,auto,2023-04-06,661,632,13578.5,8863.14,15176.53,8.92,7,0,0,21.2,0.584,-29
4179,term,North,debt_consolidation,2022-03-03,658,621,11003.17,4329.56,,10.83,5,0,1,34.5,,-37
4180,term,South,personal,2021-07-02,722,697,11237.82,1123.78,,8.15,8,0,0,42.6,,-25
4181,revolving,East,auto,2021-10-20,686,642,2160.0,216.0,350.2,7.77,4,0,0,39.0,0.617,-44
4182,term,East,home_improvement,2024-03-31,679,649,8959.26,7154.35,,8.65,12,0,0,9.2,,-30
4183,revolving,North,personal,2021-08-19,653,629,5090.86,509.09,1515.45,6.21,7,1,0,41.0,0.336,-24
4184,term,South,debt_consolidation,2023-07-31,663,631,2241.98,1173.12,,11.86,10,0,0,17.3,,-32
4185,revolving,East,auto,2023-08-02,589,568,73733.1,53887.43,153252.6,10.85,13,0,0,17.3,0.352,-21
4186,term,East,debt_consolidation,2024-05-26,710,686,11874.69,9656.72,,6.03,10,0,0,7.3,,-24
4187,term,South,auto,2021-01-20,641,632,4931.13,493.11,,10.01,7,0,0,48.1,,-9
4188,term,North,debt_consolidation,2022-03-02,686,647,24447.01,11179.9,,7.08,10,0,0,34.5,,-39
4189,term,West,auto,2023-10-16,676,644,15090.08,9122.34,,9.42,11,0,0,14.8,,-32
4190,revolving,North,home_improvement,2021-03-13,691,639,60987.71,26000.03,53377.95,3.01,6,0,0,46.3,0.487,-52
4191,term,West,auto,2023-01-17,681,668,43949.13,23620.27,,8.28,5,0,0,23.8,,-13
4192,term,North,home_improvement,2022-07-17,707,670,16048.59,10996.4,,12.92,11,0,0,30.0,,-37
4193,revolving,West,debt_consolidation,2021-12-21,627,618,1194.13,606.54,1315.21,5.8,11,1,0,36.9,0.461,-9
4194,term,North,debt_consolidation,2022-10-14,675,620,13135.4,9046.71,,7.93,8,0,1,27.0,,-55
4195,revolving,South,home_improvement,2022-10-02,681,644,10610.5,3953.11,6436.89,12.77,11,0,0,27.4,0.614,-37
4196,revolving,West,personal,2023-02-10,628,619,12559.89,7107.07,17416.15,14.13,10,0,0,23.0,0.408,-9
4197,term,North,home_improvement,2022-06-03,621,602,11810.34,4807.46,,11.3,18,0,0,31.4,,-19
4198,revolving,South,personal,2023-11-10,645,576,16811.46,13131.35,34106.16,13.67,19,0,1,13.9,0.385,-69
4199,term,South,debt_consolidation,2024-06-27,690,670,18747.53,16226.44,,12.51,3,0,0,6.3,,-20
4200,term,South,personal,2024-05-24,614,568,17178.59,14766.46,,3.87,17,1,0,7.4,,-46
4201,term,North,personal,2021-07-05,736,726,16830.52,1683.05,,10.69,1,0,0,42.5,,-10
4202,revolving,North,auto,2024-09-30,643,606,27271.52,25702.85,67254.41,9.72,13,0,1,3.1,0.382,-37
4203,term,West,personal,2022-06-23,679,663,19531.71,7964.01,,5.9,11,0,0,30.8,,-16
4204,revolving,West,auto,2021-07-24,720,677,5168.64,516.86,1331.25,3.89,6,0,0,41.9,0.388,-43
4205,term,South,personal,2024-09-27,591,553,18930.29,17476.24,,11.48,20,0,1,3.2,,-38
4206,term,West,personal,2024-12-14,761,746,20679.54,20154.39,,8.65,1,0,0,0.6,,-15
4207,term,South,debt_consolidation,2022-03-20,627,582,5373.85,2163.45,,9.41,12,0,0,33.9,,-45
4208,term,South,auto,2022-02-18,759,735,29623.12,2962.31,,10.88,0,0,0,34.9,,-24
4209,revolving,South,personal,2024-06-25,711,710,7883.11,6620.5,14044.66,14.14,3,0,0,6.3,0.471,-1
4210,term,South,personal,2021-05-06,571,541,26384.23,2638.42,,7.08,23,0,0,44.5,,-30
4211,revolving,East,auto,2023-01-01,670,615,21990.69,9715.27,15051.62,7.93,8,0,0,24.4,0.645,-55
4212,term,South,auto,2024-10-20,633,599,24475.85,23841.79,,8.04,16,0,1,2.4,,-34
4213,term,South,debt_consolidation,2023-12-26,778,773,2284.78,1899.95,,7.02,0,0,0,12.4,,-5
4214,term,East,auto,2021-10-17,692,659,29355.12,9023.5,,14.56,2,0,0,39.1,,-33
4215,term,East,personal,2023-06-24,563,534,18760.17,14799.89,,11.94,20,0,0,18.6,,-29
4216,revolving,West,home_improvement,2024-05-21,755,750,5374.06,4295.56,11075.69,10.96,4,0,0,7.5,0.388,-5
4217,term,West,debt_consolidation,2021-12-06,712,667,5872.02,2112.17,,10.74,7,0,0,37.4,,-45
4218,term,South,auto,2024-02-06,704,686,4914.17,3801.74,,8.69,9,0,0,11.0,,-18
4219,revolving,South,debt_consolidation,2022-01-03,681,658,7359.25,2904.15,5118.17,3.0,9,0,0,36.5,0.567,-23
4220,term,North,personal,2022-12-26,594,576,13943.69,6014.08,,15.47,23,0,0,24.6,,-18
4221,revolving,East,home_improvement,2022-05-28,774,751,14042.19,4506.45,8161.71,8.11,0,0,0,31.6,0.552,-23
4222,revolving,South,home_improvement,2021-09-15,665,643,28076.33,15566.31,23517.48,11.6,8,0,0,40.1,0.662,-22
4223,term,East,debt_consolidation,2023-11-25,766,769,7325.06,4682.64,,12.09,0,1,0,13.4,,3
4224,term,South,personal,2021-03-15,680,669,2175.39,780.01,,8.64,4,0,0,46.3,,-11
4225,term,West,home_improvement,2023-07-30,668,633,13934.17,10420.72,,15.49,8,0,0,17.4,,-35
4226,term,North,auto,2021-01-10,576,540,18978.73,1897.87,,12.36,17,0,0,48.4,,-36
4227,term,East,personal,2021-07-10,637,633,12260.95,6250.95,,6.95,13,0,0,42.4,,-4
4228,term,North,debt_consolidation,2022-06-22,759,705,5561.28,2198.65,,11.81,2,0,0,30.8,,-54
4229,revolving,South,personal,2022-12-20,723,676,26585.64,11418.49,31450.85,12.63,4,0,0,24.8,0.363,-47
4230,revolving,East,debt_consolidation,2022-05-12,711,704,36511.19,11191.6,29243.07,9.02,5,0,0,32.2,0.383,-7
4231,term,West,debt_consolidation,2024-10-14,715,696,40690.81,38902.88,,11.06,8,0,0,2.6,,-19
4232,term,North,auto,2021-12-25,680,670,17400.72,4295.76,,8.55,6,1,0,36.8,,-10
4233,term,South,home_improvement,2024-05-15,651,624,6333.37,5839.21,,7.71,7,0,0,7.7,,-27
4234,term,West,personal,2022-01-17,632,611,15321.08,6964.58,,9.52,14,0,0,36.0,,-21
4235,term,North,personal,2024-06-09,652,640,3343.93,3028.37,,9.53,14,1,0,6.9,,-12
4236,term,West,auto,2022-11-21,688,668,14433.28,6792.61,,8.37,8,0,0,25.7,,-20
4237,revolving,West,personal,2021-12-09,633,601,9840.48,984.05,2653.85,3.0,11,0,0,37.3,0.371,-32
4238,term,North,debt_consolidation,2021-05-27,681,675,24720.62,3890.19,,13.79,8,0,0,43.8,,-6
4239,term,West,personal,2024-07-07,684,663,17877.54,15538.57,,12.98,9,0,0,5.9,,-21
4240,revolving,South,personal,2022-09-01,669,644,18070.7,10629.69,28703.13,6.6,12,0,0,28.4,0.37,-25
4241,term,South,debt_consolidation,2022-02-27,581,574,28585.7,14271.96,,8.2,21,0,1,34.6,,-7
4242,term,West,auto,2024-01-06,616,567,17796.89,12509.53,,6.13,11,0,0,12.0,,-49
4243,term,East,personal,2021-11-27,670,620,18298.05,4375.04,,4.37,5,0,0,37.7,,-50
4244,term,North,auto,2024-05-08,551,543,4085.36,3458.92,,6.01,20,0,0,7.9,,-8
4245,term,East,personal,2024-01-27,741,693,12307.47,9605.39,,9.41,2,0,0,11.3,,-48
4246,term,South,home_improvement,2022-07-03,757,765,17761.08,12044.7,,10.24,1,0,0,30.4,,8
4247,term,South,home_improvement,2023-09-08,731,710,5883.9,4678.13,,6.22,5,0,0,16.0,,-21
4248,term,North,debt_consolidation,2022-05-03,696,651,9685.52,968.55,,8.23,5,0,0,32.5,,-45
4249,revolving,South,personal,2024-02-13,606,579,18698.02,16506.04,47654.97,9.92,18,0,0,10.8,0.346,-27
4250,term,North,personal,2023-11-08,698,658,4679.2,3073.62,,7.16,6,0,0,14.0,,-40
4251,term,East,auto,2024-08-01,764,736,3868.02,3359.78,,10.56,2,0,0,5.1,,-28
4252,revolving,North,debt_consolidation,2024-05-30,612,586,24071.9,19719.5,58683.99,6.21,19,0,0,7.2,0.336,-26
4253,term,South,home_improvement,2024-12-24,833,807,28971.81,28386.88,,15.16,0,0,0,0.3,,-26
4254,term,East,debt_consolidation,2021-06-27,729,693,2618.79,1120.7,,7.24,2,0,0,42.8,,-36
4255,term,East,home_improvement,2021-05-31,616,596,10740.6,1074.06,,8.1,11,0,0,43.7,,-20
4256,term,North,debt_consolidation,2021-09-19,619,577,14989.27,7164.83,,5.86,10,0,0,40.0,,-42
4257,term,East,personal,2021-06-12,649,605,14228.59,1422.86,,3.0,13,0,0,43.3,,-44
4258,term,West,personal,2024-08-09,676,619,10658.32,9255.72,,10.24,10,0,1,4.8,,-57
4259,revolving,North,auto,2022-02-28,657,614,9005.71,4957.41,14313.33,5.35,10,0,0,34.6,0.346,-43
4260,term,East,auto,2022-12-01,511,456,42844.27,16358.79,,9.71,21,0,0,25.4,,-55
4261,term,South,auto,2021-02-04,601,552,29454.47,2945.45,,7.32,28,0,1,47.6,,-49
4262,term,West,personal,2021-06-17,679,675,16564.41,3220.23,,12.69,6,0,0,43.1,,-4
4263,term,West,debt_consolidation,2021-08-29,691,686,3971.46,397.15,,8.91,14,0,0,40.7,,-5
4264,term,West,personal,2022-11-30,734,714,2992.5,1233.9,,4.4,6,0,0,25.4,,-20
4265,term,South,auto,2024-04-07,640,601,5802.33,4515.49,,9.41,11,0,0,9.0,,-39
4266,term,West,home_improvement,2021-02-24,688,651,16173.97,1617.4,,16.53,10,0,0,46.9,,-37
4267,term,West,personal,2023-12-25,680,655,13427.68,10850.99,,8.42,10,0,0,12.4,,-25
4268,revolving,West,personal,2023-07-16,629,598,5807.22,4539.06,10947.71,7.5,17,0,0,17.8,0.415,-31
4269,revolving,South,debt_consolidation,2022-07-26,717,677,23732.32,13162.38,29484.51,10.88,8,0,0,29.7,0.446,-40
4270,revolving,East,personal,2023-10-30,708,699,34762.85,24456.52,64934.59,7.2,5,0,0,14.3,0.377,-9
4271,revolving,South,auto,2023-05-09,819,795,24947.53,19222.99,57244.09,9.21,0,0,0,20.1,0.336,-24
4272,term,South,personal,2021-12-24,744,725,14045.47,2679.59,,9.59,2,0,0,36.8,,-19
4273,term,South,debt_consolidation,2022-03-18,587,538,1538.26,197.69,,5.98,22,0,0,34.0,,-49
4274,term,East,personal,2023-07-01,735,693,13630.03,7749.11,,11.52,5,0,0,18.3,,-42
4275,term,East,home_improvement,2022-03-30,594,530,42247.19,13143.03,,12.35,20,0,1,33.6,,-64
4276,revolving,South,auto,2023-10-14,768,752,13090.96,9135.76,17586.9,6.71,2,0,0,14.8,0.519,-16
4277,term,South,debt_consolidation,2023-05-06,662,632,38401.59,26205.06,,11.28,13,0,0,20.2,,-30
4278,term,South,auto,2024-01-18,699,659,12547.33,8755.77,,11.58,10,0,0,11.6,,-40
4279,term,East,auto,2024-08-06,758,737,8538.59,7826.64,,8.97,0,0,0,4.9,,-21
4280,term,South,auto,2022-09-15,708,681,22212.07,9486.92,,13.49,7,0,0,28.0,,-27
4281,term,North,personal,2022-09-21,728,717,17786.42,10204.11,,13.93,4,0,0,27.8,,-11
4282,term,West,auto,2022-11-09,641,590,13824.85,5536.66,,7.3,11,0,1,26.1,,-51
4283,term,South,debt_consolidation,2023-03-29,624,600,9987.14,4846.54,,10.41,18,0,1,21.5,,-24
4284,revolving,North,personal,2024-11-20,681,642,15047.16,14538.69,29799.28,10.59,7,0,0,1.4,0.488,-39
4285,term,East,debt_consolidation,2021-04-07,719,695,20016.28,2001.63,,11.69,5,0,0,45.5,,-24
4286,term,East,personal,2022-02-18,673,606,14610.89,7813.61,,10.62,7,0,0,34.9,,-67
4287,term,North,auto,2021-06-21,778,745,20530.2,9471.79,,11.86,0,0,0,43.0,,-33
4288,term,East,auto,2022-12-28,714,685,7937.78,5893.33,,10.03,2,0,1,24.5,,-29
4289,term,North,personal,2022-12-30,661,631,15905.49,8677.29,,16.12,14,0,0,24.4,,-30
4290,revolving,West,home_improvement,2024-01-23,670,640,13156.81,10425.91,16156.84,9.12,13,0,0,11.5,0.645,-30
4291,revolving,North,home_improvement,2024-05-30,646,596,21727.1,17839.63,45385.27,6.31,6,0,0,7.2,0.393,-50
4292,revolving,South,auto,2023-06-06,708,697,11299.19,6813.46,18546.65,11.66,2,0,0,19.2,0.367,-11
4293,revolving,South,debt_consolidation,2023-01-02,656,608,27789.84,12596.64,32016.67,8.22,3,0,0,24.3,0.393,-48
4294,revolving,West,personal,2022-05-29,691,673,33953.27,14487.41,23591.92,7.56,6,0,0,31.6,0.614,-18
4295,term,East,debt_consolidation,2021-12-22,771,739,15682.69,4316.99,,9.01,0,0,0,36.9,,-32
4296,revolving,South,personal,2024-06-28,707,695,49145.64,40251.08,88432.79,10.26,10,0,0,6.2,0.455,-12
4297,revolving,East,auto,2023-02-19,676,652,4338.18,2562.73,4884.36,7.14,10,0,0,22.7,0.525,-24
4298,term,West,home_improvement,2023-07-19,666,652,1352.23,931.92,,11.34,9,0,0,17.7,,-14
4299,revolving,East,home_improvement,2023-04-27,759,745,21667.73,16213.3,37362.44,7.67,0,0,0,20.5,0.434,-14
4300,revolving,West,home_improvement,2024-04-15,703,676,8167.75,6638.72,16221.17,11.5,4,0,0,8.7,0.409,-27
4301,term,East,debt_consolidation,2022-11-22,725,704,24205.22,13999.53,,9.2,2,0,0,25.7,,-21
4302,term,East,auto,2024-11-20,645,606,10240.35,10047.5,,10.27,16,0,0,1.4,,-39
4303,term,North,auto,2022-01-03,600,576,25891.87,8020.55,,5.62,21,0,0,36.5,,-24
4304,term,North,home_improvement,2022-09-30,756,747,5688.44,3273.48,,4.3,1,0,0,27.5,,-9
4305,term,South,debt_consolidation,2021-01-06,743,705,7855.31,3595.62,,10.59,1,0,0,48.5,,-38
4306,term,West,debt_consolidation,2023-11-16,616,567,2527.52,1618.05,,15.1,12,0,0,13.7,,-49
4307,term,West,auto,2022-03-29,730,726,5353.68,1036.95,,6.92,2,0,0,33.6,,-4
4308,term,West,personal,2021-02-18,762,764,11955.91,3563.46,,14.54,1,0,0,47.1,,2
4309,term,East,debt_consolidation,2021-11-26,656,609,9602.52,5213.61,,10.51,11,0,1,37.7,,-47
4310,term,North,debt_consolidation,2022-08-20,677,636,22587.02,7925.84,,7.72,4,0,0,28.8,,-41
4311,term,North,home_improvement,2024-12-19,794,761,9132.09,8917.55,,8.15,0,0,0,0.4,,-33
4312,revolving,West,auto,2022-09-10,755,720,20598.79,5972.39,13967.57,10.51,1,0,0,28.1,0.428,-35
4313,term,North,personal,2021-10-30,636,620,12985.52,4982.09,,13.69,9,0,0,38.6,,-16
4314,term,East,personal,2024-11-22,641,630,19566.75,19064.01,,10.63,11,1,0,1.3,,-11
4315,term,North,debt_consolidation,2024-08-16,666,643,17170.57,14926.51,,9.06,8,1,0,4.6,,-23
4316,term,South,home_improvement,2024-02-09,695,693,19986.91,16320.55,,10.28,8,0,0,10.9,,-2
4317,revolving,West,personal,2023-11-11,711,700,4327.03,3374.05,9490.17,6.08,7,0,0,13.9,0.356,-11
4318,term,West,personal,2022-10-16,604,564,3204.39,906.4,,7.17,14,0,0,26.9,,-40
4319,term,East,auto,2024-05-12,643,658,7107.66,5557.44,,10.08,12,0,1,7.8,,15
4320,revolving,South,personal,2024-06-18,567,530,20269.76,17514.37,43867.69,9.73,21,0,0,6.6,0.399,-37
4321,term,North,home_improvement,2022-04-02,725,702,4417.88,2591.88,,8.99,4,0,0,33.5,,-23
4322,term,East,debt_consolidation,2024-02-29,683,681,28477.25,23576.13,,9.67,8,0,0,10.2,,-2
4323,term,North,debt_consolidation,2023-03-28,666,635,13467.98,6352.14,,8.51,14,0,0,21.5,,-31
4324,term,North,home_improvement,2021-10-24,654,621,11329.49,1132.95,,5.73,10,0,0,38.8,,-33
4325,term,North,auto,2021-01-19,670,650,14108.09,1410.81,,6.36,11,0,0,48.1,,-20
4326,term,West,auto,2024-10-30,704,688,3013.5,2907.63,,10.91,6,0,0,2.1,,-16
4327,term,West,debt_consolidation,2021-05-20,608,575,6207.67,895.27,,14.06,14,0,0,44.1,,-33
4328,term,South,auto,2022-07-21,635,599,5012.5,3194.31,,10.39,15,1,0,29.8,,-36
4329,term,East,home_improvement,2021-12-24,618,572,22520.7,12273.82,,6.36,11,0,0,36.8,,-46
4330,term,West,auto,2023-03-07,525,481,11002.42,4024.3,,12.17,24,0,0,22.2,,-44
4331,term,East,home_improvement,2022-11-13,786,779,36061.21,12860.1,,9.22,1,0,0,26.0,,-7
4332,revolving,East,home_improvement,2023-04-26,720,697,12986.39,9256.17,23912.03,11.26,4,0,0,20.5,0.387,-23
4333,term,East,auto,2022-10-30,631,635,7580.93,4511.7,,9.37,11,0,0,26.5,,4
4334,term,South,personal,2024-12-20,694,660,14896.44,14600.34,,12.32,2,0,0,0.4,,-34
4335,term,East,auto,2022-04-14,610,554,10443.63,2721.17,,11.47,12,0,0,33.1,,-56
4336,revolving,South,home_improvement,2023-06-09,710,680,6714.33,3555.61,8197.67,5.26,3,0,0,19.1,0.434,-30
4337,term,East,debt_consolidation,2023-06-18,824,806,16593.24,8915.34,,11.61,0,0,0,18.8,,-18
4338,term,West,debt_consolidation,2023-05-28,737,732,14152.5,6535.52,,9.42,3,0,0,19.5,,-5
4339,term,South,debt_consolidation,2024-08-23,561,523,11243.34,10185.6,,8.72,22,0,0,4.4,,-38
4340,revolving,West,personal,2024-05-14,587,558,10983.59,8785.35,25429.24,11.01,18,0,0,7.7,0.345,-29
4341,term,West,auto,2021-05-04,590,570,7401.21,740.12,,10.48,15,0,0,44.6,,-20
4342,term,North,personal,2024-03-16,654,654,10949.15,9500.29,,7.31,9,0,0,9.7,,0
4343,term,North,home_improvement,2024-07-07,676,627,13911.49,12934.92,,10.36,6,0,0,5.9,,-49
4344,term,West,auto,2021-05-15,764,757,23893.51,7065.89,,4.63,1,0,0,44.2,,-7
4345,revolving,South,auto,2021-02-10,598,562,7996.44,799.64,1657.63,11.73,15,1,0,47.4,0.482,-36
4346,term,South,debt_consolidation,2023-07-01,681,654,37859.32,23036.13,,10.32,4,0,0,18.3,,-27
4347,revolving,South,personal,2024-09-06,521,475,14819.5,14237.8,33448.31,10.54,28,1,0,3.9,0.426,-46
4348,revolving,South,auto,2022-11-24,618,564,18681.38,6468.69,12424.47,7.65,11,0,0,25.6,0.521,-54
4349,revolving,West,debt_consolidation,2021-07-02,599,553,11848.34,4649.53,11915.82,18.34,19,0,0,42.6,0.39,-46
4350,term,East,personal,2023-11-10,551,503,15644.2,10024.85,,12.28,19,0,1,13.9,,-48
4351,term,East,personal,2023-06-19,725,719,11797.74,7741.25,,8.5,3,0,0,18.7,,-6
4352,term,West,home_improvement,2022-07-03,640,640,15593.39,5469.44,,10.84,15,0,0,30.4,,0
4353,term,North,auto,2021-12-04,690,665,14334.23,1433.42,,10.71,7,0,0,37.5,,-25
4354,term,North,personal,2021-10-05,596,577,4923.64,2156.52,,10.3,13,0,0,39.5,,-19
4355,revolving,East,personal,2024-10-19,750,705,20143.07,19595.89,49325.49,3.0,2,0,0,2.5,0.397,-45
4356,revolving,South,personal,2022-09-02,622,595,25931.65,16535.12,44860.43,9.94,25,0,0,28.4,0.369,-27
4357,revolving,South,personal,2022-01-18,746,713,8082.11,4498.33,12082.88,12.14,2,1,0,36.0,0.372,-33
4358,term,South,home_improvement,2023-05-21,744,723,3914.39,2988.86,,7.6,3,0,0,19.7,,-21
4359,term,West,auto,2021-10-09,695,685,38212.22,3821.22,,4.48,4,0,0,39.3,,-10
4360,term,East,auto,2021-02-17,701,683,58828.52,31027.44,,7.49,7,0,0,47.1,,-18
4361,revolving,West,home_improvement,2022-02-24,619,581,29151.89,11540.01,34488.35,9.41,18,0,0,34.7,0.335,-38
4362,term,East,auto,2022-06-11,582,556,27235.0,14002.3,,14.34,15,0,0,31.2,,-26
4363,term,West,home_improvement,2023-06-22,691,692,1000.0,507.92,,9.7,5,1,0,18.6,,1
4364,revolving,North,debt_consolidation,2022-11-02,693,674,2801.01,1666.71,4048.56,7.36,9,0,0,26.4,0.412,-19
4365,revolving,West,auto,2024-04-12,657,620,3213.27,2719.0,6560.39,12.28,9,0,0,8.8,0.414,-37
4366,term,North,debt_consolidation,2023-11-05,630,579,11152.81,6489.75,,8.17,11,0,0,14.1,,-51
4367,revolving,West,personal,2024-06-23,628,610,9187.92,7639.94,15084.2,4.97,12,0,0,6.4,0.506,-18
4368,term,North,home_improvement,2023-06-28,591,546,37986.29,28485.91,,6.77,11,0,0,18.4,,-45
4369,term,West,auto,2021-05-30,737,716,21206.58,11466.21,,10.96,0,0,0,43.7,,-21
4370,term,East,personal,2023-08-04,638,625,31418.98,17924.18,,6.57,10,0,0,17.2,,-13
4371,revolving,East,debt_consolidation,2024-04-18,623,585,20462.81,17166.89,27256.34,12.06,19,0,0,8.6,0.63,-38
4372,term,East,home_improvement,2024-04-10,717,711,17802.21,13516.49,,14.63,7,0,0,8.9,,-6
4373,revolving,South,personal,2023-05-05,648,611,10420.0,8163.37,16527.95,13.29,11,0,0,20.2,0.494,-37
4374,revolving,West,debt_consolidation,2023-02-27,644,600,9775.94,4516.33,11194.39,7.61,9,0,0,22.5,0.403,-44
4375,revolving,North,home_improvement,2021-10-31,747,720,12223.37,1222.34,3349.68,5.42,3,0,0,38.6,0.365,-27
4376,revolving,North,home_improvement,2021-09-12,610,583,4256.86,425.69,1002.38,3.0,12,1,0,40.2,0.425,-27
4377,revolving,North,debt_consolidation,2021-10-25,614,568,2845.61,284.56,506.13,7.83,12,0,0,38.8,0.562,-46
4378,term,South,home_improvement,2021-02-10,566,529,4583.53,458.35,,3.0,19,0,1,47.4,,-37
4379,term,East,personal,2021-04-13,678,682,7956.14,795.61,,10.17,6,0,0,45.3,,4
4380,term,North,auto,2023-11-20,644,631,11740.08,9819.95,,13.72,13,0,0,13.6,,-13
4381,term,West,debt_consolidation,2024-02-23,791,764,5947.89,5020.01,,10.1,0,0,0,10.4,,-27
4382,revolving,West,debt_consolidation,2022-06-20,644,642,15834.24,3091.53,8776.25,7.52,12,0,0,30.9,0.352,-2
4383,revolving,North,auto,2022-09-05,718,707,44662.5,10558.54,18844.57,12.89,3,0,0,28.3,0.56,-11
4384,term,South,home_improvement,2021-10-27,627,610,1126.43,112.64,,7.33,11,0,0,38.7,,-17
4385,term,North,home_improvement,2021-11-05,728,713,17343.66,6293.4,,7.99,6,0,0,38.4,,-15
4386,term,South,auto,2024-03-14,767,746,25236.49,21723.64,,8.59,0,0,0,9.8,,-21
4387,revolving,West,auto,2024-05-09,648,642,28655.95,21975.77,43585.14,6.46,11,0,0,7.9,0.504,-6
4388,term,North,debt_consolidation,2022-08-14,669,652,35112.35,10779.25,,8.9,9,0,0,29.0,,-17
4389,term,South,auto,2024-12-03,667,654,22953.04,22703.14,,12.29,7,0,0,1.0,,-13
4390,term,East,home_improvement,2022-06-08,696,665,6370.09,820.92,,9.14,6,0,0,31.3,,-31
4391,term,South,auto,2023-04-26,739,717,9560.4,6776.01,,4.96,0,0,0,20.5,,-22
4392,revolving,East,auto,2021-03-25,642,602,22254.38,6209.83,13340.89,9.46,6,0,0,45.9,0.465,-40
4393,term,North,personal,2021-10-28,742,726,17179.09,3180.77,,10.39,1,0,0,38.7,,-16
4394,term,East,home_improvement,2023-07-22,692,672,6312.31,3376.51,,7.97,9,0,0,17.6,,-20
4395,term,North,auto,2024-06-23,774,761,17525.22,15230.39,,8.62,0,0,0,6.4,,-13
4396,term,North,personal,2021-10-13,700,675,8973.91,1912.51,,12.6,4,0,0,39.2,,-25
4397,revolving,East,personal,2022-02-13,595,561,46091.06,9553.45,24867.7,8.13,14,0,0,35.1,0.384,-34
4398,term,North,home_improvement,2022-05-03,722,714,25179.07,13271.66,,10.04,8,0,0,32.5,,-8
4399,revolving,North,debt_consolidation,2021-04-02,680,665,23257.01,3837.47,8069.51,9.74,6,1,0,45.7,0.476,-15
4400,term,East,debt_consolidation,2021-12-03,663,658,21190.37,8122.94,,4.29,13,0,0,37.5,,-5
4401,term,North,auto,2023-11-16,711,690,22556.21,18094.05,,5.58,4,0,0,13.7,,-21
4402,revolving,East,auto,2021-02-16,633,581,8895.17,889.52,1895.51,8.65,9,0,0,47.2,0.469,-52
4403,term,East,home_improvement,2023-03-18,668,659,10375.79,3780.54,,10.99,5,0,0,21.8,,-9
4404,term,North,debt_consolidation,2022-08-19,648,608,14150.32,2384.32,,14.15,16,0,0,28.9,,-40
4405,term,South,personal,2022-05-06,720,701,25760.79,15155.01,,4.3,1,0,0,32.4,,-19
4406,term,West,home_improvement,2022-01-27,660,648,13479.22,8420.34,,4.63,16,0,0,35.7,,-12
4407,term,West,debt_consolidation,2022-09-23,688,690,50892.88,27883.17,,8.76,7,0,0,27.7,,2
4408,term,West,personal,2024-12-06,689,657,7564.59,7377.27,,10.78,8,0,0,0.9,,-32
4409,term,East,auto,2024-03-12,709,687,28802.81,24878.24,,6.22,4,0,0,9.8,,-22
4410,revolving,North,home_improvement,2022-04-10,651,592,31908.55,19869.02,56136.94,10.08,12,1,0,33.2,0.354,-59
4411,revolving,North,home_improvement,2021-12-13,752,737,13812.79,1633.56,4462.97,11.61,4,0,0,37.2,0.366,-15
4412,term,South,auto,2022-10-28,742,712,27325.69,11223.12,,11.44,2,0,0,26.5,,-30
4413,revolving,East,debt_consolidation,2023-04-01,792,782,12596.71,4745.7,12395.0,15.72,0,0,0,21.4,0.383,-10
4414,term,South,personal,2021-08-22,625,577,31345.05,5818.69,,7.18,15,0,0,40.9,,-48
4415,term,East,personal,2022-10-17,690,670,10026.17,3669.46,,3.0,7,0,0,26.9,,-20
4416,term,North,debt_consolidation,2023-10-12,584,558,21784.1,14657.25,,6.91,16,0,0,14.9,,-26
4417,revolving,East,home_improvement,2023-11-10,612,602,25096.61,21378.61,56027.94,12.03,10,0,0,13.9,0.382,-10
4418,revolving,North,debt_consolidation,2021-07-28,724,672,10694.36,1069.44,3111.15,12.41,5,0,0,41.8,0.344,-52
4419,term,West,debt_consolidation,2021-03-30,672,664,2738.07,273.81,,4.11,8,1,0,45.8,,-8
4420,term,North,debt_consolidation,2024-02-09,622,567,27064.52,23154.36,,13.47,12,0,0,10.9,,-55
4421,revolving,South,personal,2021-03-26,726,686,3988.24,398.82,920.47,4.25,1,0,0,45.9,0.433,-40
4422,revolving,West,personal,2024-07-20,700,655,5058.78,4484.92,13037.03,7.95,4,0,0,5.5,0.344,-45
4423,term,West,auto,2022-09-04,536,520,10523.43,3033.92,,10.59,25,0,0,28.3,,-16
4424,revolving,North,personal,2021-10-17,746,718,8536.37,853.64,1962.49,7.83,2,0,0,39.1,0.435,-28
4425,term,West,auto,2023-10-13,683,662,45279.71,34994.16,,10.56,3,0,0,14.9,,-21
4426,term,West,personal,2024-10-19,647,605,36825.03,35037.15,,7.73,10,0,0,2.5,,-42
4427,revolving,South,auto,2022-01-29,599,577,18457.82,8600.07,15388.03,9.53,17,0,0,35.6,0.559,-22
4428,term,West,debt_consolidation,2024-05-31,707,699,13008.44,10867.15,,5.09,6,0,1,7.2,,-8
4429,term,East,home_improvement,2021-03-16,651,640,5933.23,1070.83,,13.75,8,0,0,46.2,,-11
4430,term,East,debt_consolidation,2024-08-01,671,651,18822.48,16147.1,,8.57,8,0,0,5.1,,-20
4431,term,West,home_improvement,2024-11-27,683,661,11026.35,10892.3,,8.05,11,0,0,1.2,,-22
4432,term,North,debt_consolidation,2024-01-15,711,679,14149.36,11297.38,,10.49,7,0,0,11.7,,-32
4433,term,South,home_improvement,2024-12-02,697,691,14811.25,14441.24,,5.06,7,0,0,1.0,,-6
4434,revolving,South,personal,2021-04-14,770,756,24154.92,10882.78,18312.65,8.44,0,0,0,45.3,0.594,-14
4435,revolving,West,home_improvement,2022-07-05,573,560,41508.95,12921.49,22234.61,5.33,22,0,0,30.4,0.581,-13
4436,term,North,home_improvement,2024-11-17,645,597,6506.0,6368.55,,6.71,9,0,0,1.5,,-48
4437,revolving,South,auto,2024-10-04,744,703,9762.83,8956.89,23935.8,8.8,0,0,0,3.0,0.374,-41
4438,term,East,debt_consolidation,2023-03-27,803,794,11607.5,8745.11,,10.46,0,0,0,21.5,,-9
4439,term,West,auto,2021-10-25,749,738,27424.78,5141.52,,7.46,1,0,0,38.8,,-11
4440,term,West,home_improvement,2022-04-20,710,676,8597.32,4346.97,,8.1,8,0,0,32.9,,-34
4441,term,West,home_improvement,2023-05-10,732,726,24434.93,18441.2,,11.2,4,0,0,20.1,,-6
4442,revolving,South,personal,2022-03-05,730,691,17537.2,1753.72,3031.64,8.17,6,0,0,34.4,0.578,-39
4443,term,West,personal,2021-06-13,645,615,9473.91,2481.69,,6.8,11,0,1,43.3,,-30
4444,term,East,debt_consolidation,2023-11-22,716,705,21936.15,16850.85,,10.28,3,0,0,13.5,,-11
4445,term,South,debt_consolidation,2021-03-23,622,610,13102.72,2933.73,,9.07,18,0,1,46.0,,-12
4446,term,East,debt_consolidation,2021-06-03,688,661,49026.07,16771.08,,8.69,5,0,0,43.6,,-27
4447,revolving,North,personal,2022-08-15,650,598,20270.18,3286.34,8557.5,12.47,11,0,0,29.0,0.384,-52
4448,term,East,personal,2023-09-11,708,686,16935.23,11012.84,,7.68,3,0,0,15.9,,-22
4449,term,West,auto,2022-03-03,648,625,1000.0,423.94,,11.02,13,0,0,34.5,,-23
4450,term,West,debt_consolidation,2024-03-03,684,668,16398.34,13868.95,,3.0,8,0,0,10.1,,-16
4451,term,East,debt_consolidation,2023-03-31,619,595,12492.79,6582.15,,8.1,14,0,0,21.4,,-24
4452,term,East,personal,2021-11-12,657,632,7820.28,2775.41,,9.17,16,0,0,38.2,,-25
4453,term,North,home_improvement,2022-08-13,749,753,27078.1,14202.61,,8.54,1,0,0,29.1,,4
4454,revolving,West,debt_consolidation,2024-01-13,568,555,6137.64,5304.46,10888.0,6.8,18,0,0,11.8,0.487,-13
4455,revolving,North,auto,2023-06-14,683,636,20907.33,9648.42,26958.94,4.41,5,1,0,18.9,0.358,-47
4456,term,South,auto,2021-12-12,764,746,19757.89,10852.59,,7.2,0,0,0,37.2,,-18
4457,term,North,debt_consolidation,2023-10-05,733,690,36300.1,20661.93,,7.45,2,0,0,15.1,,-43
4458,term,East,personal,2022-07-10,685,626,5636.82,3087.17,,9.59,10,0,0,30.2,,-59
4459,revolving,West,personal,2024-02-20,725,692,11504.31,9459.38,26197.79,12.0,1,0,0,10.5,0.361,-33
4460,term,West,debt_consolidation,2023-07-09,635,603,12376.04,8369.75,,5.72,7,0,0,18.1,,-32
4461,term,East,auto,2023-12-31,724,687,8505.41,6180.62,,9.95,4,0,0,12.2,,-37
4462,term,West,home_improvement,2024-09-08,753,705,15245.82,14283.61,,7.23,3,0,0,3.8,,-48
4463,term,North,home_improvement,2023-03-19,694,655,16179.31,9466.76,,11.04,6,0,0,21.8,,-39
4464,term,West,debt_consolidation,2021-03-31,740,741,21696.69,11441.09,,11.98,2,0,0,45.7,,1
4465,term,South,debt_consolidation,2022-10-22,619,596,16529.66,11254.8,,11.0,11,0,0,26.7,,-23
4466,revolving,East,home_improvement,2022-02-13,610,577,3052.09,352.95,560.33,10.58,13,0,0,35.1,0.63,-33
4467,revolving,East,personal,2024-05-30,726,703,3767.87,3333.17,8081.41,3.0,3,0,0,7.2,0.412,-23
4468,term,East,debt_consolidation,2021-08-26,828,815,34232.54,14604.08,,7.5,0,0,0,40.8,,-13
4469,term,South,home_improvement,2024-03-29,685,659,6208.03,4525.28,,11.69,11,1,1,9.3,,-26
4470,term,West,home_improvement,2023-04-19,733,721,21807.69,15781.96,,14.42,3,0,0,20.8,,-12
4471,term,North,debt_consolidation,2022-07-18,503,499,26041.51,14295.07,,11.63,26,0,0,29.9,,-4
4472,revolving,East,auto,2021-08-01,716,660,34968.68,11236.15,21013.47,10.75,4,0,0,41.6,0.535,-56
4473,revolving,East,debt_consolidation,2023-03-28,650,599,18387.39,11269.67,23071.94,9.28,14,0,0,21.5,0.488,-51
4474,term,West,personal,2021-10-06,800,790,23762.52,2376.25,,7.65,0,0,0,39.4,,-10
4475,term,North,debt_consolidation,2024-09-24,726,701,14272.01,13546.07,,13.55,2,0,0,3.3,,-25
4476,term,South,home_improvement,2021-08-11,685,661,7282.06,728.21,,10.58,8,0,0,41.3,,-24
4477,revolving,North,home_improvement,2024-04-09,647,586,6493.02,4800.66,7720.91,8.39,8,0,0,8.9,0.622,-61
4478,term,North,personal,2022-07-14,756,717,35266.85,22655.53,,9.9,1,1,0,30.1,,-39
4479,term,South,debt_consolidation,2021-05-10,758,740,35287.74,3559.17,,9.8,3,0,0,44.4,,-18
4480,term,North,home_improvement,2024-05-02,631,591,5229.46,4524.21,,10.25,15,0,1,8.1,,-40
4481,revolving,South,debt_consolidation,2024-05-11,750,722,8321.97,7245.88,13719.22,11.26,2,0,0,7.8,0.528,-28
4482,term,North,auto,2022-12-08,740,702,13314.67,6366.86,,5.38,2,0,0,25.2,,-38
4483,term,West,home_improvement,2021-01-23,696,667,3965.83,396.58,,5.42,6,0,0,48.0,,-29
4484,term,South,home_improvement,2023-09-05,729,688,28428.01,22529.81,,12.59,6,0,0,16.1,,-41
4485,term,West,home_improvement,2022-05-19,714,672,15805.66,4407.44,,6.77,8,0,0,31.9,,-42
4486,term,North,auto,2024-05-10,617,593,33632.08,28221.35,,8.34,9,0,0,7.9,,-24
4487,term,North,debt_consolidation,2021-02-28,701,678,22204.23,2220.42,,10.22,5,0,0,46.8,,-23
4488,term,North,auto,2022-08-30,672,655,14836.88,9045.35,,9.07,14,0,0,28.5,,-17
4489,revolving,West,home_improvement,2021-07-27,614,575,22904.37,11040.16,20466.11,9.44,13,0,0,41.8,0.539,-39
4490,term,West,home_improvement,2024-07-03,632,611,26999.57,24065.04,,7.24,12,0,0,6.1,,-21
4491,term,North,home_improvement,2022-09-13,580,579,23017.89,9042.65,,14.04,14,0,0,28.0,,-1
4492,term,North,auto,2024-07-30,575,527,8134.82,7510.41,,11.11,21,1,0,5.2,,-48
4493,term,South,auto,2024-12-21,645,602,18758.09,18557.22,,9.13,13,0,0,0.4,,-43
4494,term,East,debt_consolidation,2023-04-02,746,734,23151.97,13167.76,,16.36,2,0,0,21.3,,-12
4495,revolving,South,debt_consolidation,2022-07-12,602,570,7207.8,3713.42,9944.93,7.14,19,1,0,30.1,0.373,-32
4496,term,East,personal,2024-03-09,607,577,8882.57,7574.0,,10.52,10,0,0,9.9,,-30
4497,term,East,home_improvement,2022-03-15,794,813,7977.85,929.86,,9.57,0,0,0,34.1,,19
4498,term,North,debt_consolidation,2021-04-20,622,598,8189.57,818.96,,10.14,12,0,0,45.1,,-24
4499,term,West,home_improvement,2022-11-29,681,651,6996.89,3234.9,,9.9,4,0,0,25.5,,-30
4500,term,North,auto,2021-05-17,710,677,32589.08,14406.06,,17.3,7,0,1,44.2,,-33
4501,revolving,North,personal,2021-10-29,668,628,9625.56,5548.08,12746.09,10.17,12,0,0,38.7,0.435,-40
4502,term,South,home_improvement,2024-12-15,677,639,3861.96,3779.8,,10.4,4,0,0,0.6,,-38
4503,revolving,East,home_improvement,2023-08-19,631,600,39878.67,30650.89,53603.92,6.42,14,0,0,16.7,0.572,-31
4504,term,South,debt_consolidation,2024-09-24,641,597,23755.54,22708.97,,7.74,9,1,0,3.3,,-44
4505,term,North,personal,2022-05-09,699,691,21162.05,7490.87,,10.5,5,1,0,32.3,,-8
4506,revolving,East,personal,2022-07-30,607,560,10988.05,3368.09,5980.1,8.13,9,0,0,29.5,0.563,-47
4507,term,South,auto,2021-03-14,765,742,3500.66,831.39,,10.98,1,0,0,46.3,,-23
4508,term,South,auto,2022-06-18,572,556,27631.15,9696.11,,8.47,24,0,0,30.9,,-16
4509,revolving,South,home_improvement,2023-07-10,692,656,27695.89,18172.43,40115.08,7.06,7,0,0,18.0,0.453,-36
4510,term,North,debt_consolidation,2022-01-28,616,589,5574.51,1741.99,,3.99,14,1,0,35.6,,-27
4511,term,West,personal,2023-12-06,708,684,13035.6,9416.85,,12.91,6,0,0,13.1,,-24
4512,revolving,West,debt_consolidation,2021-06-23,621,568,14324.14,7707.95,18270.15,8.07,15,0,0,42.9,0.422,-53
4513,term,North,personal,2021-03-04,715,695,22094.28,3342.91,,8.33,7,0,0,46.6,,-20
4514,term,East,auto,2021-04-16,728,704,19421.33,1942.13,,11.58,1,0,0,45.2,,-24
4515,term,East,home_improvement,2024-07-10,734,729,3338.02,2988.06,,7.21,4,0,0,5.8,,-5
4516,term,East,personal,2022-12-22,650,633,16812.44,11424.11,,13.97,8,0,1,24.7,,-17
4517,term,South,home_improvement,2024-09-17,770,770,30741.93,29231.22,,10.31,0,0,0,3.5,,0
4518,term,East,auto,2024-09-14,683,656,5266.14,4902.87,,12.61,8,0,0,3.6,,-27
4519,revolving,North,home_improvement,2021-01-06,677,643,9237.4,923.74,2755.59,11.77,6,0,0,48.5,0.335,-34
4520,term,West,auto,2022-08-23,713,672,16103.27,7167.2,,11.37,8,0,0,28.7,,-41
4521,revolving,North,debt_consolidation,2024-07-22,581,546,15289.35,13022.56,31856.37,7.58,13,0,0,5.4,0.409,-35
4522,term,West,home_improvement,2023-12-15,666,671,17458.3,14106.37,,5.82,13,0,0,12.8,,5
4523,term,North,personal,2024-09-05,701,659,13751.88,13199.19,,11.92,9,0,0,3.9,,-42
4524,term,South,home_improvement,2024-01-07,645,624,11590.32,7655.07,,4.36,9,0,0,12.0,,-21
4525,term,West,debt_consolidation,2021-11-17,677,675,3557.81,727.85,,5.15,6,0,0,38.0,,-2
4526,revolving,West,debt_consolidation,2024-06-16,780,772,4959.69,4629.93,9913.33,8.27,0,0,0,6.6,0.467,-8
4527,term,South,personal,2022-11-27,631,621,11601.86,7363.37,,8.19,15,0,0,25.5,,-10
4528,term,South,personal,2023-04-30,728,725,2838.35,1639.81,,5.31,5,0,0,20.4,,-3
4529,term,North,personal,2024-02-11,642,608,5555.98,4274.36,,8.45,8,0,0,10.8,,-34
4530,term,North,auto,2024-02-03,684,660,3744.72,2605.2,,8.67,12,0,0,11.1,,-24
4531,term,North,personal,2022-10-20,712,707,24249.47,11887.76,,7.88,5,0,0,26.8,,-5
4532,revolving,East,home_improvement,2024-11-19,729,707,32519.33,31694.62,83494.89,9.53,6,0,0,1.4,0.38,-22
4533,revolving,West,auto,2024-06-20,702,670,23406.58,21117.04,56714.1,3.0,7,1,0,6.5,0.372,-32
4534,revolving,East,personal,2024-10-12,724,711,3732.29,3525.95,10004.37,11.65,6,0,0,2.7,0.352,-13
4535,term,North,personal,2023-08-18,669,650,15372.36,12025.38,,14.32,15,0,1,16.7,,-19
4536,term,South,auto,2023-11-24,654,622,29693.95,18469.84,,8.46,11,1,0,13.5,,-32
4537,term,West,auto,2023-03-17,742,727,36331.78,24440.86,,9.24,2,0,0,21.9,,-15
4538,term,East,personal,2022-12-07,569,512,26716.91,16084.55,,8.09,26,0,0,25.2,,-57
4539,revolving,East,auto,2023-11-17,655,606,14974.68,11012.5,20615.97,10.53,12,0,0,13.7,0.534,-49
4540,revolving,North,personal,2024-02-27,665,635,3219.72,2825.59,7141.06,11.51,10,0,0,10.3,0.396,-30
4541,term,South,personal,2022-04-24,690,654,5699.66,599.87,,5.59,1,0,0,32.8,,-36
4542,revolving,North,personal,2024-01-29,734,708,16628.84,11611.64,33703.85,7.57,1,1,0,11.3,0.345,-26
4543,revolving,North,debt_consolidation,2023-08-19,692,691,18564.4,10140.76,26189.53,6.34,7,0,0,16.7,0.387,-1
4544,revolving,South,auto,2022-10-06,666,625,27437.75,10267.43,25052.36,13.14,13,0,0,27.3,0.41,-41
4545,term,North,home_improvement,2023-04-19,730,689,6455.26,4456.04,,8.99,2,0,0,20.8,,-41
4546,term,East,debt_consolidation,2024-01-08,697,663,16682.48,12005.69,,8.09,5,0,0,12.0,,-34
4547,term,South,debt_consolidation,2023-04-17,687,689,10451.75,6922.39,,10.95,7,0,0,20.8,,2
4548,term,East,home_improvement,2023-01-26,776,760,2304.3,1165.41,,7.87,0,0,0,23.5,,-16
4549,term,North,debt_consolidation,2022-02-21,738,715,14970.59,2881.87,,7.08,3,0,0,34.8,,-23
4550,term,South,auto,2022-01-16,839,832,14068.51,1406.85,,4.27,0,0,0,36.0,,-7
4551,revolving,East,auto,2021-09-04,562,513,17151.92,1715.19,4656.78,12.82,17,0,0,40.5,0.368,-49
4552,term,East,home_improvement,2022-12-04,757,714,23559.4,15969.8,,10.2,2,0,0,25.3,,-43
4553,term,East,auto,2023-03-04,769,748,8285.47,5122.89,,7.61,0,0,0,22.3,,-21
4554,revolving,South,debt_consolidation,2024-12-07,639,615,10343.41,10036.81,17710.16,15.85,10,0,0,0.8,0.567,-24
4555,revolving,East,debt_consolidation,2024-05-21,673,658,2443.02,1968.81,3512.05,10.76,8,0,0,7.5,0.561,-15
4556,revolving,West,home_improvement,2024-01-08,685,668,7674.66,6598.68,12225.61,6.82,13,0,0,12.0,0.54,-17
4557,term,South,personal,2022-11-01,653,608,13799.02,3651.5,,14.74,9,0,0,26.4,,-45
4558,term,East,auto,2024-01-10,659,615,8279.47,7107.89,,8.52,9,0,0,11.9,,-44
4559,term,West,personal,2024-03-03,850,833,6879.97,6016.41,,7.93,0,0,0,10.1,,-17
4560,term,South,debt_consolidation,2024-01-06,680,642,32732.35,25321.29,,8.87,12,1,0,12.0,,-38
4561,term,East,debt_consolidation,2024-08-13,715,690,12953.29,12030.66,,10.3,3,0,0,4.7,,-25
4562,revolving,South,debt_consolidation,2022-08-15,702,650,10411.0,3645.34,9943.32,7.81,3,0,0,29.0,0.367,-52
4563,term,West,home_improvement,2023-04-29,685,649,14919.42,8197.57,,14.42,5,0,0,20.4,,-36
4564,term,West,debt_consolidation,2022-12-06,612,595,31304.11,8976.7,,8.26,12,0,0,25.2,,-17
4565,term,North,auto,2022-12-14,737,715,10345.91,4095.24,,7.85,2,0,0,25.0,,-22
4566,term,South,personal,2022-11-21,677,652,14172.09,9966.51,,5.71,12,0,0,25.7,,-25
4567,term,South,personal,2021-03-18,586,570,11052.33,1464.11,,9.36,16,0,0,46.2,,-16
4568,term,East,auto,2023-05-10,689,662,2195.86,1225.98,,3.02,7,1,0,20.1,,-27
4569,term,West,personal,2023-09-28,698,683,6633.19,5574.51,,5.94,8,0,0,15.4,,-15
4570,term,East,auto,2024-03-18,749,737,36955.75,29602.49,,10.06,0,0,0,9.6,,-12
4571,term,North,personal,2022-03-29,599,586,1133.23,113.32,,9.47,14,1,0,33.6,,-13
4572,term,North,personal,2024-08-28,673,625,9574.31,8572.94,,9.84,7,0,0,4.2,,-48
4573,term,East,personal,2022-04-01,639,625,17530.21,8077.29,,8.73,13,0,1,33.5,,-14
4574,term,North,home_improvement,2022-10-25,630,578,1000.0,369.28,,6.86,14,0,0,26.6,,-52
4575,term,North,debt_consolidation,2024-10-05,693,658,5273.5,4962.52,,3.0,8,0,0,2.9,,-35
4576,term,North,debt_consolidation,2022-02-12,653,619,7820.07,782.01,,9.14,10,0,0,35.1,,-34
4577,revolving,West,debt_consolidation,2023-05-05,710,694,10085.74,6266.01,11373.23,3.39,7,0,0,20.2,0.551,-16
4578,term,South,auto,2022-06-17,626,605,45013.56,22363.75,,5.33,14,1,1,31.0,,-21
4579,term,South,personal,2024-09-18,671,667,9864.98,8898.51,,10.06,7,0,0,3.5,,-4
4580,term,North,debt_consolidation,2024-10-25,697,686,8062.69,7614.38,,10.3,6,0,0,2.3,,-11
4581,term,North,auto,2023-05-16,705,677,2861.09,2156.81,,10.67,5,0,0,19.9,,-28
4582,term,East,debt_consolidation,2024-04-07,691,683,14550.68,10736.66,,7.16,4,0,0,9.0,,-8
4583,term,West,personal,2022-04-16,677,637,13570.59,7595.93,,8.1,10,0,0,33.0,,-40
4584,term,North,debt_consolidation,2023-01-12,645,615,52985.06,16789.92,,9.36,10,1,0,24.0,,-30
4585,revolving,North,debt_consolidation,2024-01-14,775,757,7405.86,6437.94,14848.14,9.27,0,0,0,11.8,0.434,-18
4586,revolving,North,debt_consolidation,2022-01-12,692,669,28610.71,11189.88,18247.77,9.02,6,0,1,36.2,0.613,-23
4587,revolving,South,home_improvement,2023-03-01,611,594,2378.15,1060.79,1775.14,5.95,14,0,0,22.4,0.598,-17
4588,revolving,East,home_improvement,2023-05-29,562,561,33025.68,16671.21,37554.2,7.23,12,0,0,19.4,0.444,-1
4589,revolving,North,debt_consolidation,2023-09-28,751,751,9210.65,7432.99,13974.76,10.1,6,0,0,15.4,0.532,0
4590,revolving,East,home_improvement,2021-10-29,602,565,9290.4,3293.03,9379.1,10.95,10,0,0,38.7,0.351,-37
4591,term,West,home_improvement,2023-09-28,691,661,4914.0,3469.98,,9.7,5,0,0,15.4,,-30
4592,term,West,auto,2023-12-13,608,566,32251.5,26647.62,,9.72,16,1,0,12.8,,-42
4593,term,South,debt_consolidation,2024-07-26,688,643,14302.47,12699.05,,15.12,6,0,0,5.3,,-45
4594,revolving,East,home_improvement,2021-04-08,698,709,11232.79,1123.28,2439.57,13.14,6,0,0,45.5,0.46,11
4595,term,East,home_improvement,2023-06-23,728,716,12099.74,8207.09,,7.66,1,0,0,18.6,,-12
4596,term,East,debt_consolidation,2023-01-21,674,638,22154.12,6460.13,,14.8,12,0,1,23.7,,-36
4597,term,South,home_improvement,2022-08-23,674,666,29171.65,9825.18,,11.59,12,0,0,28.7,,-8
4598,revolving,East,home_improvement,2024-02-20,615,592,15378.12,12989.51,34368.49,14.04,10,0,0,10.5,0.378,-23
4599,revolving,North,home_improvement,2021-01-31,664,657,6832.69,683.27,1956.46,11.05,6,0,0,47.7,0.349,-7
4600,term,North,auto,2022-06-07,682,657,26900.8,11153.95,,6.91,13,0,0,31.3,,-25
4601,term,West,home_improvement,2021-11-01,682,660,6111.4,1309.89,,10.88,9,0,0,38.6,,-22
4602,revolving,North,home_improvement,2022-03-14,669,623,3627.58,1037.12,2978.46,7.73,15,0,0,34.1,0.348,-46
4603,term,South,debt_consolidation,2023-04-15,615,576,2246.62,1522.24,,11.48,12,1,0,20.9,,-39
4604,term,West,home_improvement,2022-06-21,602,538,23009.52,15377.2,,4.56,14,0,0,30.8,,-64
4605,revolving,East,auto,2023-12-04,770,743,15148.6,11595.97,23375.77,10.13,0,0,0,13.1,0.496,-27
4606,term,East,debt_consolidation,2024-11-30,715,696,5401.96,5264.63,,10.17,2,0,0,1.1,,-19
4607,term,South,auto,2021-05-21,821,830,14980.02,2084.73,,12.38,0,0,0,44.0,,9
4608,term,West,debt_consolidation,2022-01-09,704,685,77150.2,30197.09,,11.89,5,0,0,36.3,,-19
4609,term,East,home_improvement,2021-01-19,719,669,28227.32,2822.73,,7.78,3,0,0,48.1,,-50
4610,revolving,West,home_improvement,2022-12-02,625,607,14156.58,6335.15,17571.85,7.37,12,0,0,25.4,0.361,-18
4611,term,North,personal,2021-08-08,768,734,20175.86,2017.59,,7.07,0,0,0,41.4,,-34
4612,term,West,auto,2024-11-29,569,522,5453.32,5359.33,,8.23,19,0,0,1.1,,-47
4613,term,East,auto,2024-03-23,718,676,8759.83,7629.15,,8.38,1,0,0,9.5,,-42
4614,term,East,debt_consolidation,2021-10-24,686,666,19184.74,3164.17,,11.9,10,0,0,38.8,,-20
4615,term,West,personal,2024-07-01,767,761,18970.21,15972.7,,3.26,0,0,0,6.1,,-6
4616,term,East,personal,2022-05-19,672,660,5320.58,1681.56,,4.57,10,0,0,31.9,,-12
4617,term,East,home_improvement,2021-06-19,682,673,13848.7,5803.92,,4.78,8,0,0,43.1,,-9
4618,revolving,East,home_improvement,2022-11-22,564,521,11844.35,3041.15,9104.28,8.63,17,1,0,25.7,0.334,-43
4619,revolving,West,personal,2021-09-20,566,521,32815.32,12750.03,23812.17,10.76,17,0,0,40.0,0.535,-45
4620,term,East,auto,2024-10-01,702,701,8497.64,7905.21,,10.06,4,1,0,3.1,,-1
4621,term,South,debt_consolidation,2021-01-24,748,739,12872.94,1287.29,,6.1,1,0,0,47.9,,-9
4622,term,North,auto,2022-11-29,697,680,26525.83,14123.32,,11.83,2,0,0,25.5,,-17
4623,term,South,home_improvement,2023-04-12,671,628,35672.67,16961.77,,12.39,10,1,0,21.0,,-43
4624,revolving,South,debt_consolidation,2021-09-27,698,661,8560.88,877.53,2476.62,11.27,4,0,0,39.7,0.354,-37
4625,revolving,North,debt_consolidation,2021-05-12,691,677,6923.18,1220.78,3634.02,7.6,8,0,1,44.3,0.336,-14
4626,term,South,auto,2024-05-16,719,703,52666.92,43616.52,,8.97,4,0,0,7.7,,-16
4627,term,North,auto,2023-07-18,622,586,12134.78,8643.75,,12.03,19,0,0,17.8,,-36
4628,term,West,personal,2023-09-25,695,663,11508.51,6452.88,,8.88,4,0,0,15.5,,-32
4629,revolving,North,home_improvement,2022-10-20,619,588,5666.74,4054.5,7693.84,9.42,19,0,0,26.8,0.527,-31
4630,revolving,North,debt_consolidation,2021-10-11,746,705,10631.28,3370.92,7449.34,10.16,1,0,0,39.3,0.453,-41
4631,term,West,auto,2023-04-30,614,558,7674.07,5546.39,,8.45,14,0,0,20.4,,-56
4632,revolving,North,auto,2023-12-13,666,657,4099.03,3391.75,5572.6,7.54,11,0,0,12.8,0.609,-9
4633,term,East,home_improvement,2022-04-30,715,680,5614.21,2433.37,,10.26,3,0,0,32.6,,-35
4634,term,North,auto,2021-04-23,600,564,23183.53,2318.35,,11.09,16,0,0,45.0,,-36
4635,term,South,debt_consolidation,2022-08-19,631,595,27563.41,14906.7,,5.26,9,1,0,28.9,,-36
4636,term,South,home_improvement,2024-05-05,814,782,13764.88,11083.84,,8.9,1,0,0,8.0,,-32
4637,revolving,East,debt_consolidation,2024-10-17,736,716,28984.98,28198.45,55737.7,6.28,2,0,0,2.5,0.506,-20
4638,term,East,personal,2021-07-05,700,682,18584.07,5880.91,,8.89,9,0,0,42.5,,-18
4639,term,East,home_improvement,2023-03-15,718,699,9801.04,6765.61,,12.94,5,0,0,21.9,,-19
4640,term,South,personal,2023-04-12,577,567,7861.35,4149.39,,10.63,13,1,0,21.0,,-10
4641,term,East,auto,2022-06-07,717,675,17000.13,7035.3,,8.49,9,0,0,31.3,,-42
4642,revolving,West,personal,2024-12-19,797,778,12403.39,12255.91,34203.61,15.21,0,0,0,0.4,0.358,-19
4643,revolving,South,debt_consolidation,2023-03-11,650,600,12587.07,4703.52,14038.32,3.95,13,0,1,22.1,0.335,-50
4644,term,East,auto,2022-10-03,789,766,20960.64,12185.88,,7.36,0,0,0,27.4,,-23
4645,term,East,personal,2022-03-14,652,609,17752.46,3660.63,,9.47,9,0,1,34.1,,-43
4646,revolving,West,home_improvement,2022-04-06,687,683,53314.1,11529.58,33826.65,6.02,6,0,0,33.4,0.341,-4
4647,revolving,West,auto,2024-04-13,599,556,7134.76,5326.32,11089.17,4.7,12,0,0,8.8,0.48,-43
4648,term,North,auto,2023-11-20,706,669,1377.31,1149.78,,12.05,6,0,0,13.6,,-37
4649,term,West,personal,2024-10-01,688,664,54094.46,50064.62,,13.8,5,0,0,3.1,,-24
4650,term,North,home_improvement,2022-12-24,666,632,12693.78,6473.81,,7.15,7,0,0,24.6,,-34
4651,term,West,debt_consolidation,2021-05-17,628,603,2589.68,299.23,,15.83,17,0,1,44.2,,-25
4652,term,West,home_improvement,2022-03-14,693,666,5778.16,3644.67,,3.0,3,0,0,34.1,,-27
4653,term,South,personal,2024-09-24,642,613,20287.31,18472.07,,9.35,9,0,0,3.3,,-29
4654,revolving,North,personal,2021-11-21,746,735,16945.19,9159.1,16696.57,5.61,1,0,0,37.9,0.549,-11
4655,term,North,home_improvement,2024-02-21,695,658,16568.64,11581.37,,8.93,7,0,0,10.5,,-37
4656,term,North,personal,2023-02-17,650,628,54908.06,32746.46,,9.21,7,0,0,22.8,,-22
4657,term,West,debt_consolidation,2021-04-07,740,727,11043.18,1104.32,,8.71,1,0,0,45.5,,-13
4658,term,North,home_improvement,2023-02-01,654,623,6948.54,5301.28,,5.19,15,0,0,23.3,,-31
4659,term,North,auto,2022-12-30,738,730,13696.45,5083.75,,9.38,1,0,1,24.4,,-8
4660,term,North,auto,2021-07-03,687,669,11179.96,1118.0,,9.01,5,0,0,42.6,,-18
4661,term,West,home_improvement,2023-03-05,565,516,16168.13,5992.44,,9.66,17,1,0,22.3,,-49
4662,term,North,personal,2021-08-03,715,655,20386.32,6740.67,,4.61,6,0,0,41.6,,-60
4663,term,South,debt_consolidation,2021-01-12,676,651,13051.98,1305.2,,13.1,5,0,0,48.3,,-25
4664,term,North,personal,2024-12-16,713,697,17629.6,17358.98,,6.89,9,0,0,0.5,,-16
4665,revolving,North,personal,2024-08-04,692,665,10436.92,9256.3,19213.47,10.08,4,0,0,5.0,0.482,-27
4666,term,East,debt_consolidation,2024-03-23,693,677,12243.2,10318.78,,10.54,8,0,0,9.5,,-16
4667,revolving,West,debt_consolidation,2022-04-23,682,660,5519.45,2869.63,5296.15,10.6,4,0,0,32.8,0.542,-22
4668,revolving,South,auto,2021-06-16,850,824,2159.16,576.56,1417.85,5.71,0,0,0,43.2,0.407,-26
4669,term,South,debt_consolidation,2021-12-21,711,665,5577.41,1242.76,,3.07,2,0,0,36.9,,-46
4670,term,East,auto,2024-05-20,573,524,4016.53,3338.39,,14.1,17,0,0,7.5,,-49
4671,term,South,home_improvement,2022-07-26,589,558,2419.69,1439.18,,12.44,20,0,0,29.7,,-31
4672,term,South,home_improvement,2023-09-20,705,695,9062.83,6424.54,,14.06,2,0,0,15.6,,-10
4673,revolving,South,personal,2022-09-20,645,607,8167.26,3957.51,10667.37,9.08,17,0,0,27.8,0.371,-38
4674,term,North,auto,2022-03-20,744,704,22124.31,2212.43,,11.55,2,0,0,33.9,,-40
4675,term,North,home_improvement,2022-07-06,699,644,24025.33,7437.57,,6.12,2,0,0,30.3,,-55
4676,term,North,personal,2023-05-27,702,698,35329.2,20952.09,,10.05,2,0,0,19.5,,-4
4677,revolving,East,home_improvement,2023-04-05,624,583,28653.81,12184.91,21766.49,9.04,12,0,0,21.2,0.56,-41
4678,term,East,auto,2023-12-19,714,713,43256.86,35680.61,,9.86,4,0,0,12.6,,-1
4679,revolving,North,auto,2023-01-30,690,692,14888.15,10013.19,22184.94,8.9,6,0,0,23.4,0.451,2
4680,term,West,auto,2024-11-13,623,602,11048.85,10768.54,,12.04,14,0,0,1.6,,-21
4681,term,North,auto,2022-04-15,624,581,8768.18,4517.32,,6.17,14,0,0,33.1,,-43
4682,revolving,West,home_improvement,2024-02-26,779,746,29297.9,21500.22,42491.0,7.77,1,0,0,10.3,0.506,-33
4683,term,South,personal,2022-05-29,714,676,13035.86,1469.6,,9.12,5,0,0,31.6,,-38
4684,term,West,auto,2021-03-07,657,638,28309.22,2830.92,,11.34,10,0,0,46.5,,-19
4685,term,East,personal,2021-10-16,647,612,40999.53,16202.99,,10.61,10,0,1,39.1,,-35
4686,term,East,debt_consolidation,2022-03-29,680,681,20237.7,6043.02,,12.89,14,0,0,33.6,,1
4687,term,South,debt_consolidation,2021-05-02,697,670,1019.93,146.01,,14.17,6,0,0,44.7,,-27
4688,term,East,debt_consolidation,2022-12-29,599,580,11866.12,7187.15,,11.12,15,1,0,24.5,,-19
4689,term,West,auto,2021-01-29,672,641,7773.05,777.3,,9.75,7,0,0,47.8,,-31
4690,revolving,North,home_improvement,2021-04-15,557,544,1000.0,284.67,781.55,5.57,18,0,0,45.2,0.364,-13
4691,term,North,auto,2021-12-30,678,638,26124.49,4834.09,,4.36,11,0,0,36.6,,-40
4692,revolving,East,home_improvement,2023-12-10,767,752,8496.74,6417.23,13379.96,4.64,2,0,0,12.9,0.48,-15
4693,term,East,debt_consolidation,2022-08-03,601,568,9549.78,6090.75,,5.91,10,0,0,29.4,,-33
4694,term,West,debt_consolidation,2021-03-12,671,669,8048.26,804.83,,10.88,10,0,0,46.4,,-2
4695,revolving,North,auto,2022-01-21,666,629,31429.98,3365.17,8258.02,4.8,10,0,0,35.9,0.408,-37
4696,term,West,debt_consolidation,2022-10-09,612,590,22201.43,11997.91,,13.12,12,0,0,27.2,,-22
4697,term,East,auto,2022-09-14,652,640,14688.91,7744.97,,9.06,14,0,0,28.0,,-12
4698,term,East,home_improvement,2022-12-13,600,550,1686.09,1033.87,,5.52,20,0,0,25.0,,-50
4699,term,South,personal,2022-03-23,621,595,13096.47,1511.04,,13.69,15,0,0,33.8,,-26
4700,revolving,East,debt_consolidation,2023-02-01,689,636,19338.39,11464.16,21903.56,12.89,10,0,0,23.3,0.523,-53
4701,term,North,personal,2021-06-24,703,688,8176.32,1671.4,,11.84,5,0,0,42.9,,-15
4702,revolving,East,debt_consolidation,2022-06-25,660,628,24696.55,4397.65,11323.68,9.31,14,0,0,30.7,0.388,-32
4703,revolving,West,auto,2022-03-21,760,757,4930.49,1453.38,4160.37,10.83,0,0,0,33.9,0.349,-3
4704,term,East,auto,2024-02-01,723,713,34322.02,25933.16,,3.7,5,0,1,11.2,,-10
4705,revolving,North,personal,2022-01-01,798,766,14616.69,1461.67,2468.32,7.02,0,0,0,36.5,0.592,-32
4706,term,North,home_improvement,2023-09-12,672,671,3630.41,2920.32,,7.21,7,0,0,15.9,,-1
4707,revolving,East,debt_consolidation,2023-07-16,617,579,22278.59,16272.39,46488.95,3.68,14,0,0,17.8,0.35,-38
4708,term,West,auto,2021-02-02,668,621,23479.07,4710.8,,8.56,8,0,0,47.6,,-47
4709,term,West,home_improvement,2023-07-24,800,769,29783.62,20123.27,,9.84,0,0,0,17.6,,-31
4710,term,East,debt_consolidation,2021-09-27,619,595,17174.82,6438.98,,6.32,11,1,0,39.7,,-24
4711,term,East,personal,2024-08-06,730,738,18403.64,16542.26,,8.33,2,0,0,4.9,,8
4712,term,West,auto,2021-06-08,618,580,6396.71,2709.42,,7.44,16,0,1,43.4,,-38
4713,term,West,personal,2022-03-08,658,638,14614.33,1461.43,,5.21,12,0,0,34.3,,-20
4714,revolving,West,personal,2023-01-11,649,632,15635.93,10764.21,31171.42,10.69,6,0,1,24.0,0.345,-17
4715,term,East,home_improvement,2022-03-30,624,606,18005.14,6624.88,,11.85,16,0,0,33.6,,-18
4716,term,East,home_improvement,2024-07-29,726,690,7016.92,6299.78,,11.44,5,0,0,5.2,,-36
4717,term,East,home_improvement,2023-01-03,766,772,2864.92,1300.58,,8.98,0,0,0,24.3,,6
4718,revolving,South,home_improvement,2022-11-23,734,724,20756.11,5708.58,8936.07,6.11,3,0,0,25.7,0.639,-10
4719,revolving,West,auto,2024-02-14,681,651,14590.38,10557.74,30363.41,7.9,5,0,0,10.7,0.348,-30
4720,term,North,auto,2021-02-01,590,538,3993.88,1015.44,,11.45,17,1,0,47.7,,-52
4721,term,East,auto,2022-01-17,687,637,22108.55,2210.85,,10.06,9,0,0,36.0,,-50
4722,revolving,West,home_improvement,2022-12-02,717,691,8181.19,2720.52,5521.36,5.57,4,0,0,25.4,0.493,-26
4723,revolving,West,personal,2024-09-14,674,662,5197.76,4638.27,12714.99,9.37,15,0,0,3.6,0.365,-12
4724,term,North,auto,2021-05-25,759,719,20181.02,10180.71,,8.9,1,0,0,43.9,,-40
4725,term,South,home_improvement,2024-05-01,668,637,10394.66,8244.4,,7.97,5,0,0,8.2,,-31
4726,term,North,auto,2023-08-31,644,604,21098.26,12703.66,,9.06,10,0,0,16.3,,-40
4727,term,North,auto,2022-02-09,739,695,2919.29,587.36,,6.47,7,1,0,35.2,,-44
4728,term,West,debt_consolidation,2023-11-04,732,711,29657.58,18529.75,,11.86,2,0,0,14.1,,-21
4729,term,North,auto,2024-05-19,769,767,11231.23,8933.4,,9.74,0,0,0,7.6,,-2
4730,term,South,home_improvement,2021-07-19,711,688,19908.53,11079.86,,12.12,0,0,0,42.1,,-23
4731,term,West,auto,2024-02-02,631,585,5401.74,3634.55,,4.87,13,0,0,11.1,,-46
4732,term,East,debt_consolidation,2021-10-08,524,502,61493.7,6149.37,,9.2,28,0,0,39.4,,-22
4733,term,West,personal,2022-04-17,576,522,83286.17,9655.98,,14.28,18,0,0,33.0,,-54
4734,term,South,auto,2023-08-10,645,622,23286.28,17954.28,,7.04,9,0,0,17.0,,-23
4735,term,South,home_improvement,2024-03-06,759,726,25842.78,20997.88,,12.16,0,0,0,10.0,,-33
4736,term,South,home_improvement,2021-08-06,753,735,8785.42,4279.1,,9.44,2,0,0,41.5,,-18
4737,revolving,North,auto,2023-11-13,655,653,22378.93,19149.29,49675.6,12.24,6,0,0,13.8,0.385,-2
4738,term,South,auto,2022-04-27,728,685,10375.1,6803.28,,7.51,6,0,0,32.7,,-43
4739,term,South,personal,2023-02-20,597,548,16709.58,12351.99,,13.01,15,0,0,22.7,,-49
4740,term,West,personal,2021-08-20,754,729,18091.09,1809.11,,10.68,4,0,0,41.0,,-25
4741,term,West,personal,2024-04-05,663,630,6540.73,5754.9,,6.13,11,0,0,9.0,,-33
4742,revolving,West,debt_consolidation,2023-01-03,718,684,10691.87,5947.74,17597.52,11.54,5,0,0,24.3,0.338,-34
4743,term,West,home_improvement,2024-06-07,712,693,23967.59,19185.49,,12.42,6,0,0,6.9,,-19
4744,term,North,auto,2021-04-01,707,692,20473.71,2047.37,,12.86,12,0,0,45.7,,-15
4745,term,North,auto,2022-11-12,607,583,13232.04,6346.28,,5.13,19,1,0,26.0,,-24
4746,term,North,auto,2023-04-10,644,627,29646.68,13750.99,,9.63,13,0,0,21.1,,-17
4747,term,South,debt_consolidation,2024-11-02,743,720,9367.52,9036.11,,15.73,1,0,0,2.0,,-23
4748,term,West,home_improvement,2024-12-21,710,706,3174.72,3115.48,,10.04,9,0,0,0.4,,-4
4749,revolving,North,personal,2024-12-03,615,584,12106.17,11883.59,20674.55,3.11,14,0,1,1.0,0.575,-31
4750,term,East,debt_consolidation,2024-08-01,702,652,5989.98,5512.39,,10.81,8,0,0,5.1,,-50
4751,term,East,debt_consolidation,2021-05-30,617,579,8224.32,2755.75,,11.86,16,0,0,43.7,,-38
4752,term,North,home_improvement,2021-03-18,604,566,12179.48,1217.95,,13.16,19,0,0,46.2,,-38
4753,term,South,home_improvement,2023-05-10,642,592,12112.25,6079.09,,7.19,15,0,0,20.1,,-50
4754,revolving,South,auto,2023-02-20,674,658,16844.61,8671.2,22793.62,5.01,7,0,0,22.7,0.38,-16
4755,term,East,home_improvement,2021-03-27,607,572,4936.56,493.66,,12.54,10,0,0,45.9,,-35
4756,revolving,West,personal,2022-11-17,733,677,10664.49,5633.81,12930.95,8.71,5,0,1,25.9,0.436,-56
4757,term,South,auto,2024-06-18,637,574,6092.39,5230.05,,8.35,9,0,0,6.6,,-63
4758,term,East,auto,2023-05-09,678,623,6383.01,4611.68,,6.37,11,0,0,20.1,,-55
4759,revolving,West,debt_consolidation,2024-01-23,706,682,1676.92,1192.46,2249.82,9.83,4,0,0,11.5,0.53,-24
4760,term,West,debt_consolidation,2023-08-12,790,783,8216.86,6522.13,,7.07,1,0,0,16.9,,-7
4761,term,North,debt_consolidation,2024-03-25,715,696,24955.9,21301.84,,4.13,1,0,0,9.4,,-19
4762,term,East,auto,2021-04-21,661,635,15950.86,1595.09,,6.84,8,0,0,45.0,,-26
4763,term,South,personal,2024-04-07,620,572,12986.99,10980.57,,6.93,8,0,0,9.0,,-48
4764,term,East,debt_consolidation,2024-12-19,604,546,28541.44,28067.51,,3.98,8,0,0,0.4,,-58
4765,term,South,debt_consolidation,2024-03-17,621,617,3673.0,3071.22,,8.31,10,0,1,9.7,,-4
4766,revolving,East,debt_consolidation,2023-05-17,671,644,25240.5,10260.32,25730.92,5.69,11,0,0,19.8,0.399,-27
4767,term,North,home_improvement,2021-02-20,752,733,17196.29,2403.54,,8.19,0,0,0,47.0,,-19
4768,term,East,auto,2023-06-09,672,657,10555.55,7816.08,,10.37,11,0,0,19.1,,-15
4769,revolving,North,home_improvement,2022-11-21,646,621,26299.51,6747.14,12065.07,10.8,11,0,0,25.7,0.559,-25
4770,term,North,auto,2021-06-09,686,662,7034.27,703.43,,4.35,12,0,0,43.4,,-24
4771,revolving,North,personal,2023-05-29,778,769,5609.66,4021.26,9087.08,11.85,0,0,0,19.4,0.443,-9
4772,term,South,home_improvement,2024-09-02,634,615,19006.94,17477.96,,14.1,10,0,1,4.0,,-19
4773,term,North,debt_consolidation,2024-02-01,707,692,11868.89,10342.98,,10.5,7,0,0,11.2,,-15
4774,revolving,South,home_improvement,2024-09-26,658,610,6324.84,5905.03,9858.99,13.84,4,0,0,3.2,0.599,-48
4775,revolving,West,home_improvement,2021-08-02,692,674,6833.63,683.36,1263.84,10.27,10,0,0,41.6,0.541,-18
4776,term,North,personal,2024-09-29,718,701,11771.16,11054.89,,8.86,3,0,0,3.1,,-17
4777,term,East,debt_consolidation,2022-11-15,762,751,15627.82,6334.6,,7.49,1,0,0,25.9,,-11
4778,term,East,debt_consolidation,2022-11-07,676,637,13469.65,2995.34,,11.13,6,0,0,26.2,,-39
4779,revolving,West,personal,2023-05-26,748,714,17794.82,8740.03,16862.53,5.06,0,0,0,19.5,0.518,-34
4780,term,North,debt_consolidation,2024-07-14,704,660,5073.42,4715.26,,10.87,7,0,0,5.7,,-44
4781,term,West,personal,2021-01-12,602,570,10235.78,1023.58,,13.88,13,0,0,48.3,,-32
4782,revolving,East,personal,2024-10-08,668,633,9657.47,8950.74,22814.36,10.49,6,0,0,2.8,0.392,-35
4783,revolving,East,debt_consolidation,2023-11-27,819,807,5428.32,3410.45,6286.28,3.36,0,0,0,13.4,0.543,-12
4784,revolving,South,auto,2021-12-03,673,649,19445.85,11836.47,28145.01,8.02,11,1,0,37.5,0.421,-24
4785,term,South,home_improvement,2021-05-22,661,638,23431.27,2343.13,,11.67,13,0,0,44.0,,-23
4786,term,West,personal,2023-11-30,660,633,6635.55,5491.63,,7.82,11,0,0,13.3,,-27
4787,revolving,East,auto,2024-07-27,652,619,31172.67,29323.65,85453.3,11.05,11,0,0,5.3,0.343,-33
4788,term,North,home_improvement,2024-09-23,597,556,10763.56,10396.53,,4.72,9,0,0,3.3,,-41
4789,revolving,North,debt_consolidation,2021-09-29,542,508,14197.15,4155.16,11340.66,3.03,26,0,1,39.7,0.366,-34
4790,term,South,auto,2023-11-06,633,600,23581.31,15416.94,,9.07,13,0,0,14.1,,-33
4791,term,East,personal,2021-02-27,658,611,9889.19,988.92,,3.0,12,0,0,46.8,,-47
4792,term,South,auto,2022-11-06,713,721,10049.75,7178.9,,12.64,7,0,0,26.2,,8
4793,term,North,home_improvement,2024-05-04,657,628,11636.89,9506.72,,6.73,10,0,0,8.1,,-29
4794,term,South,personal,2021-08-14,687,642,19566.54,4495.43,,10.05,11,0,0,41.2,,-45
4795,term,East,personal,2021-06-10,609,557,27973.49,5270.2,,12.8,11,1,1,43.4,,-52
4796,term,North,auto,2022-12-28,577,522,10247.0,6400.81,,9.13,14,0,0,24.5,,-55
4797,term,East,debt_consolidation,2023-10-13,700,659,9109.92,7562.64,,6.49,8,0,0,14.9,,-41
4798,revolving,North,home_improvement,2023-12-17,719,710,2119.7,1801.38,4520.6,6.95,6,0,0,12.7,0.398,-9
4799,term,East,personal,2024-05-11,738,734,11329.7,8943.98,,9.85,3,0,0,7.8,,-4
4800,term,East,auto,2023-12-28,752,730,34886.75,27582.68,,6.36,1,0,0,12.3,,-22
4801,term,South,debt_consolidation,2023-01-02,759,747,27411.99,17824.25,,8.51,1,0,0,24.3,,-12
4802,revolving,North,home_improvement,2024-07-20,721,705,12197.68,11395.29,27748.35,9.19,7,0,0,5.5,0.411,-16
4803,term,West,personal,2024-09-10,645,610,12348.49,11400.63,,7.81,17,0,0,3.8,,-35
4804,term,East,personal,2024-07-05,696,692,7736.03,6697.59,,3.0,12,0,0,6.0,,-4
4805,revolving,North,auto,2024-05-13,660,613,26784.87,21349.16,37469.64,9.82,10,0,0,7.8,0.57,-47
4806,term,West,debt_consolidation,2022-12-26,666,645,7349.86,3907.96,,10.66,11,0,0,24.6,,-21
4807,revolving,South,auto,2022-06-09,703,688,32856.16,4296.59,8345.1,6.2,9,0,0,31.2,0.515,-15
4808,term,West,debt_consolidation,2021-06-09,755,724,24558.12,7513.38,,9.96,1,0,0,43.4,,-31
4809,term,West,debt_consolidation,2024-10-12,725,720,13878.98,13364.91,,7.49,8,0,0,2.7,,-5
4810,term,East,home_improvement,2021-06-18,679,637,22572.93,9128.69,,3.75,5,0,0,43.1,,-42
4811,term,North,auto,2022-02-08,685,661,20728.01,2072.8,,7.31,9,0,0,35.3,,-24
4812,term,South,personal,2024-04-25,701,674,15413.72,12279.19,,3.64,3,0,0,8.4,,-27
4813,term,West,personal,2021-09-14,750,711,6672.85,1021.73,,9.55,1,0,0,40.2,,-39
4814,term,East,home_improvement,2022-03-07,791,788,3779.4,516.99,,11.21,0,0,0,34.4,,-3
4815,revolving,North,debt_consolidation,2023-03-26,687,664,5885.89,2640.3,5729.56,17.48,3,0,0,21.6,0.461,-23
4816,term,South,home_improvement,2021-03-28,667,653,10314.22,1031.42,,13.15,13,0,1,45.8,,-14
4817,term,West,home_improvement,2021-07-24,689,639,19696.03,1969.6,,12.63,8,0,0,41.9,,-50
4818,term,West,auto,2024-03-02,741,715,30490.5,25098.68,,3.72,5,0,0,10.2,,-26
4819,term,West,debt_consolidation,2024-10-10,711,681,16378.19,15234.19,,9.89,2,1,0,2.8,,-30
4820,term,South,personal,2022-10-06,649,625,1000.0,340.63,,10.41,9,0,0,27.3,,-24
4821,revolving,East,auto,2021-11-18,680,648,8092.6,809.26,1660.89,7.47,7,0,0,38.0,0.487,-32
4822,revolving,East,personal,2022-11-19,680,630,13984.97,8968.43,23721.46,4.55,12,0,0,25.8,0.378,-50
4823,revolving,East,home_improvement,2021-02-23,641,606,15979.61,1597.96,3059.85,10.3,16,1,0,46.9,0.522,-35
4824,term,North,debt_consolidation,2024-09-18,640,622,17260.49,16149.44,,3.47,10,0,0,3.5,,-18
4825,term,South,personal,2021-07-20,607,580,12765.68,1276.57,,7.98,11,0,0,42.0,,-27
4826,term,South,personal,2021-09-29,671,656,8251.47,4330.78,,10.61,9,0,0,39.7,,-15
4827,term,West,home_improvement,2022-01-31,747,703,9607.63,1780.16,,9.97,1,0,0,35.5,,-44
4828,term,East,debt_consolidation,2022-11-27,741,707,10962.86,3753.39,,9.84,1,0,0,25.5,,-34
4829,term,West,home_improvement,2021-06-27,678,636,14471.62,3891.74,,8.37,7,0,0,42.8,,-42
4830,revolving,West,personal,2022-12-07,787,760,15251.17,6494.86,12359.13,6.78,0,0,0,25.2,0.526,-27
4831,term,South,auto,2021-04-07,676,671,7835.61,2408.4,,7.45,8,0,0,45.5,,-5
4832,term,East,debt_consolidation,2023-09-25,659,621,8430.05,6627.14,,3.0,11,0,0,15.5,,-38
4833,term,East,debt_consolidation,2022-08-20,561,509,23700.73,5779.99,,5.63,21,0,0,28.8,,-52
4834,term,South,debt_consolidation,2022-08-13,691,657,23521.27,10151.39,,11.36,7,0,0,29.1,,-34
4835,term,South,home_improvement,2024-11-19,626,578,5744.91,5565.87,,8.79,12,1,0,1.4,,-48
4836,term,North,home_improvement,2021-05-26,767,723,27960.1,13591.1,,12.62,0,0,0,43.9,,-44
4837,term,West,auto,2022-07-17,605,574,8669.0,3300.27,,7.87,7,0,0,30.0,,-31
4838,term,West,auto,2024-05-25,757,746,15826.33,13573.04,,15.07,2,0,0,7.4,,-11
4839,term,East,auto,2023-08-26,692,661,2592.69,1640.57,,8.48,10,0,0,16.5,,-31
4840,term,South,auto,2021-09-05,611,593,14616.04,6878.4,,12.9,19,0,0,40.5,,-18
4841,revolving,East,debt_consolidation,2022-08-01,580,523,15312.13,3347.6,5957.04,11.66,22,1,0,29.5,0.562,-57
4842,term,South,home_improvement,2021-03-25,702,665,17021.88,1702.19,,10.51,7,0,0,45.9,,-37
4843,term,East,debt_consolidation,2022-02-14,624,585,49477.65,26275.89,,13.06,12,0,0,35.1,,-39
4844,term,East,auto,2023-05-22,561,540,19021.29,9236.9,,12.88,21,0,0,19.7,,-21
4845,revolving,East,auto,2022-05-15,798,779,2820.93,402.71,962.36,8.39,0,0,0,32.1,0.418,-19
4846,revolving,East,auto,2022-05-18,732,727,7194.54,3138.74,7938.16,8.53,1,0,0,32.0,0.395,-5
4847,term,East,debt_consolidation,2021-04-14,611,565,12011.29,1201.13,,10.37,13,0,0,45.3,,-46
4848,revolving,North,debt_consolidation,2024-01-23,570,502,8363.82,6965.22,14804.09,13.9,17,0,0,11.5,0.47,-68
4849,term,West,personal,2021-01-06,750,715,13801.69,1380.17,,10.69,2,0,0,48.5,,-35
4850,revolving,West,home_improvement,2024-08-28,598,570,6346.09,5985.43,17187.9,13.75,11,0,0,4.2,0.348,-28
4851,term,West,home_improvement,2022-07-13,685,649,8064.85,1705.76,,10.12,6,1,0,30.1,,-36
4852,term,South,auto,2023-04-28,706,674,6098.52,3640.18,,7.0,5,0,0,20.5,,-32
4853,term,South,home_improvement,2021-01-19,649,601,12432.19,1243.22,,4.8,9,0,0,48.1,,-48
4854,term,North,auto,2021-01-03,621,585,14821.56,6104.4,,10.91,12,0,0,48.6,,-36
4855,revolving,North,home_improvement,2021-05-21,565,563,13750.6,1375.06,2862.88,7.38,16,0,0,44.0,0.48,-2
4856,revolving,North,auto,2022-08-17,707,657,2729.31,1347.69,2603.83,11.23,6,0,0,28.9,0.518,-50
4857,revolving,North,home_improvement,2024-02-26,822,803,15121.47,11250.39,24637.15,9.6,0,0,0,10.3,0.457,-19
4858,term,East,personal,2023-03-20,611,577,4142.96,1714.7,,7.66,15,0,0,21.8,,-34
4859,term,North,personal,2022-01-10,620,577,17671.68,5552.19,,6.2,15,0,1,36.2,,-43
4860,term,North,auto,2024-12-19,726,674,5608.06,5489.13,,7.55,5,0,0,0.4,,-52
4861,revolving,North,debt_consolidation,2021-01-07,533,504,13348.68,1334.87,3551.44,5.74,12,0,0,48.5,0.376,-29
4862,term,North,auto,2021-01-31,632,592,2839.77,283.98,,6.15,13,0,0,47.7,,-40
4863,term,West,home_improvement,2022-09-29,692,657,11067.82,5298.35,,3.0,6,0,0,27.5,,-35
4864,term,East,personal,2023-10-21,630,608,17220.31,12767.42,,3.0,16,0,0,14.6,,-22
4865,term,North,debt_consolidation,2021-01-19,711,675,15004.55,3667.86,,9.41,4,0,0,48.1,,-36
4866,term,South,auto,2021-02-16,704,677,40692.43,10764.77,,15.06,5,1,0,47.2,,-27
4867,term,West,home_improvement,2024-03-12,686,664,13624.27,11150.34,,9.7,8,0,0,9.8,,-22
4868,revolving,West,personal,2022-04-01,634,624,1979.31,1110.91,2805.68,9.59,10,0,0,33.5,0.396,-10
4869,term,South,personal,2022-09-16,655,627,21725.23,14037.08,,12.52,11,0,1,27.9,,-28
4870,term,East,home_improvement,2023-12-10,684,665,25114.28,19148.72,,9.53,9,0,0,12.9,,-19
4871,term,East,home_improvement,2022-06-13,692,633,29982.15,13781.89,,9.44,4,0,0,31.1,,-59
4872,term,West,home_improvement,2022-06-30,765,763,2747.25,1901.44,,4.89,2,0,0,30.5,,-2
4873,term,South,auto,2024-08-14,723,691,6900.85,6535.39,,8.93,9,0,0,4.7,,-32
4874,term,East,personal,2023-10-03,657,646,17056.68,10785.96,,7.22,10,0,0,15.2,,-11
4875,term,West,auto,2021-10-12,713,689,5618.56,790.71,,8.59,5,0,0,39.2,,-24
4876,term,South,home_improvement,2022-01-07,717,692,8466.65,1747.25,,7.44,7,0,0,36.3,,-25
4877,revolving,East,auto,2021-01-24,640,602,15571.63,1557.16,3260.2,7.46,13,1,0,47.9,0.478,-38
4878,term,East,home_improvement,2024-03-17,714,688,18337.2,13221.13,,8.37,5,0,0,9.7,,-26
4879,revolving,West,auto,2024-09-24,665,645,2396.7,2241.28,4768.21,9.48,14,1,0,3.3,0.47,-20
4880,term,North,auto,2022-12-22,697,669,20431.07,14728.08,,6.12,3,0,0,24.7,,-28
4881,revolving,West,debt_consolidation,2024-04-18,740,717,3099.97,2733.16,4287.69,8.17,0,0,0,8.6,0.637,-23
4882,term,West,home_improvement,2022-08-23,741,721,12727.99,8915.25,,8.68,3,1,0,28.7,,-20
4883,revolving,West,auto,2024-01-20,627,580,9553.51,6746.59,18230.14,9.45,11,0,0,11.6,0.37,-47
4884,term,South,home_improvement,2023-09-01,613,579,10047.45,7155.44,,12.49,13,0,0,16.3,,-34
4885,term,East,debt_consolidation,2022-07-20,786,775,3435.33,1522.3,,12.15,1,0,0,29.9,,-11
4886,term,South,personal,2024-06-24,786,750,22652.15,19860.23,,12.27,0,0,0,6.4,,-36
4887,term,East,personal,2022-06-04,723,687,10419.59,1269.77,,11.25,4,0,1,31.4,,-36
4888,revolving,South,personal,2022-05-20,662,636,9532.46,1899.33,4207.66,17.42,8,0,0,31.9,0.451,-26
4889,term,North,personal,2021-09-25,662,649,1473.75,396.86,,9.47,10,0,0,39.8,,-13
4890,revolving,North,personal,2024-10-26,621,557,3067.38,2899.75,8244.11,5.97,18,0,0,2.2,0.352,-64
4891,term,North,auto,2021-07-15,693,691,28791.53,2879.15,,14.45,7,0,0,42.2,,-2
4892,revolving,West,personal,2024-10-12,672,677,21898.75,20186.18,37219.3,9.48,13,1,0,2.7,0.542,5
4893,term,South,personal,2021-09-17,674,665,25519.33,2551.93,,14.1,9,0,0,40.1,,-9
4894,term,South,debt_consolidation,2023-08-16,610,566,19517.61,11172.63,,8.51,11,0,0,16.8,,-44
4895,term,East,debt_consolidation,2023-04-25,737,733,1601.56,1119.42,,13.75,0,0,0,20.6,,-4
4896,term,North,auto,2022-02-19,706,681,28579.73,4144.31,,16.28,5,0,0,34.9,,-25
4897,revolving,South,personal,2024-03-29,707,679,8899.28,7032.08,16940.36,4.72,3,0,0,9.3,0.415,-28
4898,term,South,personal,2024-12-18,572,530,2940.7,2901.79,,6.42,13,0,0,0.5,,-42
4899,revolving,North,debt_consolidation,2023-02-11,588,551,16958.23,5459.89,13275.47,11.32,9,0,1,23.0,0.411,-37
4900,term,West,debt_consolidation,2021-12-25,614,577,37800.12,3780.01,,11.93,14,0,0,36.8,,-37
4901,revolving,South,auto,2023-08-10,726,698,30974.22,24759.45,51256.25,9.41,3,0,0,17.0,0.483,-28
4902,revolving,East,auto,2024-08-29,650,638,1000.0,887.4,1476.14,9.57,12,0,0,4.2,0.601,-12
4903,term,North,debt_consolidation,2021-04-28,617,594,9132.85,913.28,,6.7,12,0,0,44.8,,-23
4904,revolving,West,home_improvement,2022-03-09,719,701,7725.71,989.27,2008.49,12.73,5,0,0,34.3,0.493,-18
4905,revolving,North,debt_consolidation,2023-06-11,660,624,5985.69,3233.52,8499.49,12.74,12,1,0,19.0,0.38,-36
4906,revolving,North,home_improvement,2021-09-11,702,682,4044.54,1515.45,3455.32,11.05,9,0,0,40.3,0.439,-20
4907,term,North,home_improvement,2022-08-15,618,570,6549.09,928.22,,4.92,6,0,0,29.0,,-48
4908,revolving,South,auto,2023-01-12,678,671,18706.28,13613.23,36641.86,9.71,8,1,0,24.0,0.372,-7
4909,term,North,debt_consolidation,2022-03-03,760,755,6750.49,675.05,,8.65,2,0,0,34.5,,-5
4910,term,East,home_improvement,2023-05-04,754,744,8171.74,4687.24,,8.8,3,0,0,20.3,,-10
4911,term,West,auto,2024-08-02,632,576,4230.65,3691.27,,4.28,15,0,0,5.1,,-56
4912,term,West,debt_consolidation,2023-04-20,663,630,32772.24,19204.12,,7.34,13,0,0,20.7,,-33
4913,revolving,North,debt_consolidation,2022-05-07,728,701,16780.27,10027.36,20008.79,9.51,2,0,0,32.3,0.501,-27
4914,term,South,personal,2022-03-14,685,659,6405.39,652.02,,9.48,7,0,0,34.1,,-26
4915,revolving,East,debt_consolidation,2024-05-10,701,682,9614.01,8169.46,18454.32,8.81,5,0,0,7.9,0.443,-19
4916,term,East,home_improvement,2021-10-08,763,721,37556.31,16508.66,,7.38,0,0,0,39.4,,-42
4917,term,East,personal,2024-11-04,693,682,14664.01,14132.38,,9.43,5,0,0,1.9,,-11
4918,term,West,debt_consolidation,2024-09-13,644,626,24138.84,22036.52,,6.2,12,0,0,3.7,,-18
4919,term,East,auto,2022-03-21,755,757,31561.14,20143.25,,10.35,1,0,0,33.9,,2
4920,term,North,debt_consolidation,2022-11-09,630,589,33442.37,24592.24,,10.61,18,0,0,26.1,,-41
4921,revolving,West,auto,2023-11-26,678,657,17251.79,13870.55,24073.95,6.6,9,0,1,13.4,0.576,-21
4922,term,North,debt_consolidation,2022-07-07,645,634,52397.29,10382.73,,11.67,15,1,0,30.3,,-11
4923,term,East,auto,2023-03-26,608,566,26309.29,19326.64,,6.79,18,0,0,21.6,,-42
4924,term,South,debt_consolidation,2023-01-22,673,639,7223.61,4284.09,,9.64,7,0,0,23.7,,-34
4925,term,South,personal,2023-09-10,683,632,7844.75,4929.88,,11.5,5,1,0,16.0,,-51
4926,revolving,East,personal,2023-02-09,664,622,23365.52,16877.71,45108.07,8.9,9,0,0,23.1,0.374,-42
4927,term,West,personal,2024-03-31,740,677,2091.38,1660.25,,7.42,2,0,0,9.2,,-63
4928,revolving,West,debt_consolidation,2022-06-04,634,593,10258.81,5491.5,9656.31,9.04,18,0,0,31.4,0.569,-41
4929,term,South,home_improvement,2022-07-22,701,678,7981.6,5321.56,,11.18,7,0,0,29.8,,-23
4930,term,East,auto,2021-09-24,607,554,7733.49,2157.6,,10.16,15,0,0,39.8,,-53
4931,revolving,East,personal,2022-04-16,823,822,15419.5,3427.08,9151.14,7.65,0,1,0,33.0,0.374,-1
4932,term,North,home_improvement,2023-12-30,640,605,13675.02,8695.86,,7.81,9,0,0,12.3,,-35
4933,term,North,personal,2022-08-09,582,546,10891.39,4207.71,,8.93,17,0,0,29.2,,-36
4934,term,East,auto,2023-01-29,666,654,19649.29,7297.56,,11.64,12,1,0,23.4,,-12
4935,term,West,home_improvement,2023-12-27,693,673,7868.8,5990.75,,10.08,7,0,0,12.4,,-20
4936,revolving,North,home_improvement,2024-03-09,732,704,12422.68,11130.71,21308.46,8.43,7,0,0,9.9,0.522,-28
4937,term,West,home_improvement,2022-12-19,744,718,7290.88,5161.69,,7.98,3,0,0,24.8,,-26
4938,term,West,home_improvement,2024-06-14,717,678,11156.81,9398.82,,4.99,6,0,0,6.7,,-39
4939,term,South,home_improvement,2022-10-04,730,712,7100.43,4986.52,,15.76,8,0,0,27.3,,-18
4940,revolving,North,home_improvement,2024-06-29,746,696,10529.57,9114.7,21489.53,8.08,1,0,0,6.2,0.424,-50
4941,revolving,West,debt_consolidation,2021-05-14,694,658,23857.28,7432.51,14376.38,7.04,9,0,0,44.3,0.517,-36
4942,term,West,auto,2021-06-01,634,588,21795.28,2179.53,,12.97,11,0,0,43.7,,-46
4943,revolving,East,auto,2024-05-14,685,649,16125.11,13564.77,24428.43,7.65,2,0,0,7.7,0.555,-36
4944,term,East,home_improvement,2022-10-04,637,598,7070.29,1700.23,,9.92,13,0,0,27.3,,-39
4945,revolving,East,auto,2022-05-26,742,714,12731.29,4214.08,11904.15,8.63,1,1,0,31.7,0.354,-28
4946,term,West,auto,2021-06-06,752,711,8027.56,1500.2,,8.18,2,0,0,43.5,,-41
4947,revolving,West,personal,2024-05-23,755,746,16816.85,15252.39,33404.27,10.54,0,0,0,7.4,0.457,-9
4948,term,West,personal,2024-10-27,610,556,37734.38,36412.66,,10.17,13,0,0,2.2,,-54
4949,term,South,debt_consolidation,2021-05-08,743,734,47092.52,17779.47,,6.05,1,0,0,44.5,,-9
4950,term,North,personal,2024-08-22,645,594,25906.14,22792.37,,8.29,11,0,1,4.4,,-51
4951,term,North,home_improvement,2023-02-14,702,643,30642.29,16155.65,,11.02,4,0,0,22.9,,-59
4952,term,North,personal,2024-09-09,729,744,18102.44,17137.33,,10.46,2,0,0,3.8,,15
4953,term,East,auto,2021-12-01,593,572,35716.43,13068.75,,8.46,19,0,0,37.6,,-21
4954,revolving,South,debt_consolidation,2024-03-20,731,701,5541.17,4957.31,14660.26,6.18,2,0,0,9.6,0.338,-30
4955,revolving,East,debt_consolidation,2024-02-06,587,579,15574.82,11897.0,30797.5,12.85,20,0,1,11.0,0.386,-8
4956,revolving,West,personal,2024-06-09,668,635,24727.75,22795.75,44310.56,11.16,13,0,0,6.9,0.514,-33
4957,revolving,North,home_improvement,2024-08-22,738,734,33974.97,30821.45,59399.7,16.81,8,0,0,4.4,0.519,-4
4958,term,South,home_improvement,2023-10-19,759,740,11040.5,7329.79,,9.22,3,1,0,14.7,,-19
4959,term,North,debt_consolidation,2021-12-24,728,678,4708.87,796.55,,10.84,5,0,0,36.8,,-50
4960,revolving,East,debt_consolidation,2023-12-08,646,618,12392.38,9786.61,22842.3,9.93,13,0,0,13.0,0.428,-28
4961,term,West,auto,2021-09-13,643,597,41458.26,24089.53,,4.62,13,0,0,40.2,,-46
4962,revolving,East,debt_consolidation,2021-09-28,671,643,19363.69,11323.61,19856.54,9.86,3,0,0,39.7,0.57,-28
4963,term,South,auto,2022-05-21,683,671,1684.62,1087.74,,3.48,12,0,0,31.9,,-12
4964,term,South,personal,2024-11-14,732,698,11604.84,11338.24,,6.61,3,0,0,1.6,,-34
4965,term,South,debt_consolidation,2023-10-02,676,662,11216.78,8211.62,,9.89,10,0,0,15.2,,-14
4966,term,West,personal,2023-12-19,652,631,17916.29,11406.25,,8.94,16,0,0,12.6,,-21
4967,term,North,personal,2021-08-21,658,627,38374.93,3837.49,,3.0,13,0,0,41.0,,-31
4968,term,North,home_improvement,2023-08-30,748,699,12277.72,7429.84,,9.61,5,0,0,16.3,,-49
4969,term,South,personal,2022-02-14,683,635,10513.16,1051.32,,5.55,7,0,0,35.1,,-48
4970,term,East,personal,2023-07-24,771,770,6895.94,3738.01,,11.05,0,0,0,17.6,,-1
4971,term,East,auto,2021-11-24,737,698,3898.04,389.8,,8.75,8,0,0,37.8,,-39
4972,term,South,debt_consolidation,2024-03-24,648,609,9854.88,8641.38,,12.61,9,1,1,9.4,,-39
4973,term,East,home_improvement,2024-05-27,653,636,4048.01,3369.15,,4.23,8,0,0,7.3,,-17
4974,term,East,debt_consolidation,2023-10-09,673,646,13648.94,10169.21,,3.51,8,0,0,15.0,,-27
4975,term,West,home_improvement,2023-08-19,671,640,12088.99,6356.14,,12.34,9,0,0,16.7,,-31
4976,term,East,debt_consolidation,2023-07-28,749,741,2879.06,2369.36,,12.88,2,0,0,17.4,,-8
4977,term,South,auto,2024-12-19,647,619,14412.32,14099.46,,16.63,6,0,0,0.4,,-28
4978,term,North,home_improvement,2023-01-19,686,668,1852.8,729.64,,9.95,9,0,0,23.8,,-18
4979,term,West,auto,2021-10-15,700,659,32375.72,5856.6,,9.81,4,0,0,39.1,,-41
4980,term,North,auto,2023-02-10,722,716,4578.45,1819.91,,9.97,2,0,0,23.0,,-6
4981,term,West,auto,2024-05-30,708,679,31797.71,25167.4,,11.28,3,0,0,7.2,,-29
4982,term,West,personal,2021-09-08,703,684,25811.03,2581.1,,9.11,8,0,0,40.4,,-19
4983,term,West,debt_consolidation,2024-04-27,651,610,10294.48,8135.17,,3.3,13,0,0,8.3,,-41
4984,term,North,personal,2021-05-25,657,635,11085.51,1901.37,,7.82,9,1,0,43.9,,-22
4985,term,South,home_improvement,2022-03-17,694,671,8113.75,1464.89,,7.64,11,0,0,34.0,,-23
4986,revolving,East,auto,2023-06-01,668,638,18643.83,9872.94,19479.23,7.32,10,0,0,19.3,0.507,-30
4987,term,North,personal,2022-06-03,624,606,7511.12,2079.2,,11.33,15,0,0,31.4,,-18
4988,revolving,East,debt_consolidation,2024-08-04,653,633,18866.28,16303.69,43104.91,14.37,18,1,0,5.0,0.378,-20
4989,revolving,West,home_improvement,2022-08-28,690,686,15312.77,7786.69,13002.5,8.8,7,0,0,28.6,0.599,-4
4990,revolving,West,home_improvement,2023-09-05,751,723,2518.48,1807.08,3982.34,5.71,2,0,0,16.1,0.454,-28
4991,term,West,auto,2022-09-15,623,606,3522.32,590.68,,8.09,11,0,0,28.0,,-17
4992,term,East,auto,2024-01-27,613,594,4426.79,3637.08,,5.67,13,0,0,11.3,,-19
4993,term,West,home_improvement,2024-08-11,725,684,16338.25,15333.24,,8.78,4,0,0,4.8,,-41
4994,term,South,home_improvement,2022-10-17,655,614,16376.0,8278.76,,4.11,11,0,0,26.9,,-41
4995,term,South,home_improvement,2024-02-12,629,594,42159.26,29688.71,,7.75,9,1,0,10.8,,-35
4996,revolving,West,personal,2021-11-22,678,665,35758.77,17899.17,50078.99,11.25,8,0,0,37.9,0.357,-13
4997,term,South,debt_consolidation,2021-08-20,626,604,19354.35,1935.43,,9.0,18,0,0,41.0,,-22
4998,revolving,South,debt_consolidation,2023-05-26,812,811,17838.85,10191.47,16700.45,10.42,0,0,0,19.5,0.61,-1
4999,revolving,North,personal,2023-11-22,633,596,13884.88,11682.65,18389.23,10.53,14,0,0,13.5,0.635,-37
5000,term,East,home_improvement,2022-03-13,691,659,22595.15,8616.7,,6.02,4,0,0,34.2,,-32
5001,term,West,home_improvement,2023-08-13,711,696,11266.36,7559.71,,8.81,9,0,0,16.9,,-15
5002,revolving,North,home_improvement,2023-06-18,736,710,6266.22,3946.03,11470.24,12.33,8,0,0,18.8,0.344,-26
5003,term,East,personal,2024-03-22,615,577,3497.07,2630.28,,9.75,8,0,0,9.5,,-38
5004,term,West,debt_consolidation,2021-02-26,707,674,8424.89,842.49,,10.08,6,0,0,46.8,,-33
5005,term,North,auto,2023-02-01,581,555,16488.41,12163.66,,8.21,19,0,0,23.3,,-26
5006,term,East,debt_consolidation,2021-06-24,698,682,36284.18,3628.42,,6.32,4,0,0,42.9,,-16
5007,revolving,West,auto,2023-06-13,676,676,29446.5,23779.57,46499.23,8.58,12,0,0,18.9,0.511,0
5008,term,South,home_improvement,2024-12-13,725,692,13188.59,13049.88,,9.78,5,0,0,0.6,,-33
5009,term,South,personal,2022-02-13,695,675,19058.19,2049.73,,8.92,9,0,0,35.1,,-20
5010,term,East,personal,2023-07-15,673,655,2019.88,997.31,,8.47,13,0,0,17.9,,-18
5011,term,North,home_improvement,2023-10-31,677,640,12514.43,7263.08,,8.66,7,0,0,14.3,,-37
5012,revolving,East,debt_consolidation,2022-12-08,592,562,35203.82,18616.0,49996.28,10.96,11,0,0,25.2,0.372,-30
5013,term,West,home_improvement,2024-05-18,631,590,8950.89,7701.33,,8.43,12,0,0,7.6,,-41
5014,term,South,home_improvement,2022-08-15,771,770,11477.02,6559.13,,6.23,0,0,0,29.0,,-1
5015,term,South,personal,2024-02-26,692,664,38968.84,33756.17,,7.43,3,0,0,10.3,,-28
5016,term,South,debt_consolidation,2024-03-23,720,710,6221.2,4563.04,,12.03,6,1,0,9.5,,-10
5017,revolving,West,auto,2024-09-22,642,603,26068.69,23865.4,49650.58,9.56,15,0,1,3.4,0.481,-39
5018,term,North,personal,2021-10-24,732,695,16004.85,1600.48,,5.69,3,0,0,38.8,,-37
5019,term,West,personal,2021-03-02,663,665,4138.41,413.84,,10.09,3,0,0,46.7,,2
5020,term,East,personal,2023-06-08,593,569,8918.94,5849.26,,6.65,24,0,1,19.1,,-24
5021,term,North,auto,2022-11-28,675,647,7308.56,4122.43,,9.19,4,0,0,25.5,,-28
5022,term,South,auto,2024-08-17,757,724,31953.32,30088.87,,12.08,2,0,0,4.6,,-33
5023,term,South,auto,2021-01-28,556,522,43172.53,4317.25,,6.77,17,0,0,47.8,,-34
5024,revolving,North,debt_consolidation,2022-02-08,724,733,8499.3,1825.91,5113.46,5.77,4,0,0,35.3,0.357,9
5025,term,East,home_improvement,2021-02-07,689,662,10734.82,2115.12,,10.31,6,0,0,47.5,,-27
5026,term,North,debt_consolidation,2021-12-16,835,812,36353.3,6881.02,,8.66,0,0,0,37.1,,-23
5027,revolving,West,debt_consolidation,2021-05-21,817,790,24021.65,9339.16,15457.36,9.43,1,0,0,44.0,0.604,-27
5028,term,West,auto,2023-06-28,574,516,8811.58,5774.27,,12.37,20,0,0,18.4,,-58
5029,revolving,South,home_improvement,2021-02-01,762,727,17588.63,1758.86,2800.29,7.08,1,0,0,47.7,0.628,-35
5030,revolving,East,debt_consolidation,2023-12-15,656,612,50716.83,32474.2,95008.53,9.87,10,1,0,12.8,0.342,-44
5031,term,West,debt_consolidation,2022-11-08,668,629,22289.75,13648.98,,9.63,9,0,0,26.2,,-39
5032,term,East,home_improvement,2022-08-31,645,627,17000.29,10334.0,,5.06,6,0,0,28.5,,-18
5033,term,East,auto,2024-07-14,638,601,2225.83,1850.87,,10.99,12,1,0,5.7,,-37
5034,term,South,home_improvement,2022-06-07,759,738,5783.51,2646.04,,10.37,2,0,0,31.3,,-21
5035,term,South,personal,2023-07-10,538,470,20089.84,10930.0,,8.45,16,1,0,18.0,,-68
5036,term,West,home_improvement,2024-02-07,640,596,10498.33,7880.95,,11.9,19,0,0,11.0,,-44
5037,revolving,South,personal,2021-02-05,720,705,2294.2,229.42,484.51,3.43,7,0,1,47.5,0.474,-15
5038,term,West,debt_consolidation,2021-08-26,557,506,8410.06,841.01,,7.52,26,0,0,40.8,,-51
5039,revolving,South,home_improvement,2023-03-31,666,628,56140.41,38517.84,102365.63,10.98,10,0,0,21.4,0.376,-38
5040,term,North,home_improvement,2022-11-06,607,557,1977.96,1285.54,,7.09,9,0,0,26.2,,-50
5041,revolving,West,auto,2021-01-25,694,690,8159.77,1023.27,2858.36,6.14,9,0,0,47.9,0.358,-4
5042,term,East,debt_consolidation,2022-10-04,682,688,13231.07,4472.27,,10.1,13,0,0,27.3,,6
5043,term,West,personal,2024-12-28,735,735,8480.37,8245.32,,6.2,4,0,0,0.1,,0
5044,revolving,North,personal,2022-06-23,540,495,5626.02,1703.42,2867.41,10.84,26,0,0,30.8,0.594,-45
5045,term,South,auto,2023-08-04,705,692,29802.72,14771.88,,11.74,2,0,0,17.2,,-13
5046,term,South,personal,2022-07-02,635,599,15180.24,9922.86,,8.39,11,0,0,30.5,,-36
5047,term,East,personal,2023-03-05,767,732,12910.5,5634.11,,8.47,0,0,0,22.3,,-35
5048,revolving,West,personal,2024-12-11,653,622,2993.21,2931.66,7502.69,7.21,10,0,0,0.7,0.391,-31
5049,revolving,West,personal,2023-06-19,630,586,10240.6,5573.23,15446.56,8.86,10,0,1,18.7,0.361,-44
5050,term,West,auto,2024-03-27,647,606,4528.63,3913.56,,7.79,11,1,0,9.3,,-41
5051,term,West,debt_consolidation,2022-12-14,713,690,24705.11,17601.76,,12.79,5,0,0,25.0,,-23
5052,revolving,East,auto,2023-12-26,721,710,23520.49,19658.85,39284.95,12.99,2,0,0,12.4,0.5,-11
5053,term,South,home_improvement,2021-07-03,678,661,11405.63,1140.56,,8.63,10,0,0,42.6,,-17
5054,revolving,South,auto,2023-01-03,621,594,2503.48,1339.93,2295.44,11.63,16,0,0,24.3,0.584,-27
5055,revolving,East,home_improvement,2024-06-23,608,566,13375.35,12156.82,34578.18,10.43,16,0,0,6.4,0.352,-42
5056,term,South,personal,2021-09-23,720,698,7706.3,770.63,,6.31,6,1,0,39.9,,-22
5057,term,West,auto,2022-02-28,711,669,14398.96,3650.61,,5.56,5,0,0,34.6,,-42
5058,revolving,North,debt_consolidation,2024-08-29,704,670,11924.38,10660.24,30654.11,7.79,11,0,0,4.2,0.348,-34
5059,revolving,North,debt_consolidation,2023-05-11,774,753,15605.5,9473.36,19835.36,6.4,0,0,0,20.0,0.478,-21
5060,revolving,East,debt_consolidation,2023-02-26,632,590,20962.44,13707.59,28142.67,9.86,14,0,0,22.5,0.487,-42
5061,term,North,home_improvement,2024-11-29,798,787,9560.01,9390.73,,10.47,0,0,0,1.1,,-11
5062,term,South,debt_consolidation,2021-11-08,700,683,15992.41,1599.24,,6.85,5,0,0,38.3,,-17
5063,term,West,home_improvement,2024-06-14,649,641,13146.71,11547.52,,11.57,13,0,0,6.7,,-8
5064,revolving,East,personal,2022-04-25,676,654,1942.96,900.23,1450.57,13.9,12,0,0,32.7,0.621,-22
5065,term,West,home_improvement,2022-06-02,608,583,27124.92,15207.86,,7.53,20,1,0,31.5,,-25
5066,term,South,personal,2021-07-29,618,582,21265.02,2126.5,,10.21,11,0,0,41.7,,-36
5067,term,South,auto,2021-02-13,673,689,11090.99,1109.1,,10.51,7,0,0,47.3,,16
5068,term,East,personal,2021-04-19,726,734,7450.8,745.08,,9.05,3,0,0,45.1,,8
5069,term,South,auto,2021-05-08,637,619,16298.6,1629.86,,13.83,15,0,0,44.5,,-18
5070,revolving,North,debt_consolidation,2024-01-09,808,763,11862.83,7872.32,19922.41,11.14,0,0,0,11.9,0.395,-45
5071,revolving,West,debt_consolidation,2021-01-20,677,679,16152.92,1615.29,3830.59,11.18,5,0,0,48.1,0.422,2
5072,revolving,West,debt_consolidation,2023-06-20,643,594,18294.04,13111.98,26574.48,7.79,7,0,0,18.7,0.493,-49
5073,term,South,auto,2023-05-21,602,585,8158.25,4185.49,,11.79,13,0,0,19.7,,-17
5074,term,North,home_improvement,2022-11-12,648,606,10639.53,4381.73,,8.16,5,0,0,26.0,,-42
5075,term,West,debt_consolidation,2024-12-09,766,753,6516.34,6399.15,,11.04,2,0,0,0.8,,-13
5076,term,South,personal,2022-08-29,783,754,8730.66,4559.58,,4.18,0,0,0,28.5,,-29
5077,term,East,debt_consolidation,2023-09-01,716,689,10838.58,5965.34,,11.0,2,0,0,16.3,,-27
5078,revolving,South,personal,2024-04-13,683,656,12385.36,9718.68,20273.75,10.99,8,0,0,8.8,0.479,-27
5079,revolving,East,debt_consolidation,2022-08-28,593,547,38138.68,18275.71,44752.47,9.85,13,0,0,28.6,0.408,-46
5080,term,East,home_improvement,2021-07-16,525,484,23438.99,2343.9,,3.0,26,1,0,42.2,,-41
5081,term,South,personal,2023-10-25,691,660,4555.72,2754.39,,11.74,6,0,0,14.5,,-31
5082,term,North,personal,2023-05-14,656,628,15374.1,9660.61,,12.52,15,0,0,19.9,,-28
5083,revolving,South,home_improvement,2021-06-04,647,586,24620.26,2462.03,4030.39,5.42,7,1,0,43.6,0.611,-61
5084,revolving,West,auto,2022-09-01,703,678,12118.94,2317.88,5744.89,11.87,9,0,0,28.4,0.403,-25
5085,term,North,personal,2022-12-21,599,556,9332.1,5777.5,,5.69,17,0,0,24.7,,-43
5086,revolving,South,debt_consolidation,2022-12-18,767,735,2201.2,865.04,1312.99,7.17,0,0,0,24.8,0.659,-32
5087,term,North,auto,2024-02-12,791,781,2418.04,2034.3,,8.37,0,0,0,10.8,,-10
5088,term,East,home_improvement,2023-09-10,721,692,15416.86,11342.73,,11.94,6,0,0,16.0,,-29
5089,term,North,home_improvement,2023-03-17,661,617,19179.35,6791.71,,10.75,15,0,0,21.9,,-44
5090,term,East,auto,2023-09-28,643,634,1239.26,934.91,,8.88,9,0,0,15.4,,-9
5091,term,East,personal,2021-07-27,661,640,4583.75,458.37,,8.32,10,0,0,41.8,,-21
5092,term,West,auto,2024-06-09,699,673,9995.75,9217.34,,10.29,4,0,0,6.9,,-26
5093,term,South,personal,2024-09-25,740,741,26956.08,25012.8,,9.37,0,0,0,3.3,,1
5094,term,West,auto,2024-12-01,707,673,34031.12,33180.01,,11.95,5,0,0,1.0,,-34
5095,term,West,home_improvement,2023-03-15,755,739,5034.33,2675.23,,6.4,1,0,0,21.9,,-16
5096,term,East,personal,2023-12-06,713,706,20601.08,13060.11,,14.67,6,0,0,13.1,,-7
5097,term,West,personal,2021-09-17,741,722,11834.46,1183.45,,11.7,3,1,0,40.1,,-19
5098,term,East,personal,2021-11-15,678,689,12204.56,1220.46,,3.29,14,0,1,38.1,,11
5099,revolving,South,home_improvement,2021-06-11,611,583,7170.03,3007.34,5256.76,9.51,11,0,0,43.3,0.572,-28
5100,term,North,home_improvement,2024-09-23,757,742,24883.31,23152.03,,5.37,0,0,0,3.3,,-15
5101,term,South,personal,2023-09-08,811,815,33369.2,18558.41,,8.7,0,0,0,16.0,,4
5102,term,North,home_improvement,2023-07-14,697,680,8575.98,6611.93,,3.0,9,0,1,17.9,,-17
5103,term,West,auto,2021-08-03,647,621,17384.02,2623.64,,4.88,15,0,0,41.6,,-26
5104,term,West,auto,2022-07-20,708,685,29319.64,10786.02,,8.81,3,0,0,29.9,,-23
5105,term,North,debt_consolidation,2022-05-20,658,625,30359.74,19016.62,,7.48,14,0,0,31.9,,-33
5106,term,West,debt_consolidation,2023-08-16,681,627,11264.49,8578.21,,12.11,9,0,0,16.8,,-54
5107,revolving,South,debt_consolidation,2023-06-01,685,667,2159.01,1608.63,3259.32,7.77,8,0,0,19.3,0.494,-18
5108,term,East,home_improvement,2023-02-26,634,603,9095.71,3117.7,,10.36,16,0,0,22.5,,-31
5109,term,North,home_improvement,2024-05-20,636,588,37747.84,33553.31,,12.73,15,0,0,7.5,,-48
5110,term,East,personal,2024-12-07,675,638,15309.02,15151.55,,4.88,12,0,0,0.8,,-37
5111,term,North,home_improvement,2024-09-02,668,628,23917.89,21870.07,,5.66,9,0,0,4.0,,-40
5112,term,South,personal,2021-05-03,714,710,17263.05,4069.6,,7.04,5,0,0,44.6,,-4
5113,term,West,debt_consolidation,2022-08-22,696,684,17131.56,12200.61,,8.77,10,0,0,28.8,,-12
5114,term,West,debt_consolidation,2021-10-10,716,716,16161.09,1616.11,,11.06,6,0,0,39.3,,0
5115,term,North,auto,2021-01-18,671,647,14672.97,1467.3,,4.7,5,0,0,48.1,,-24
5116,term,West,personal,2022-08-27,631,613,1896.05,1074.75,,5.27,7,0,0,28.6,,-18
5117,revolving,East,home_improvement,2022-06-05,617,592,76295.5,23509.55,44701.12,9.17,17,0,0,31.4,0.526,-25
5118,term,East,debt_consolidation,2023-05-07,739,699,13389.69,5778.19,,4.6,1,0,0,20.2,,-40
5119,term,East,auto,2021-07-30,650,617,19812.29,4743.79,,6.92,16,0,1,41.7,,-33
5120,revolving,West,personal,2024-10-15,642,613,2658.22,2518.14,4245.54,6.66,12,1,0,2.6,0.593,-29
5121,revolving,South,home_improvement,2021-09-30,756,754,39044.19,5895.17,17507.25,7.87,2,0,0,39.6,0.337,-2
5122,term,South,home_improvement,2022-10-02,656,617,8012.42,5061.18,,13.65,16,0,0,27.4,,-39
5123,revolving,East,debt_consolidation,2023-04-17,549,499,11583.96,8803.46,14558.51,6.92,17,0,0,20.8,0.605,-50
5124,term,South,home_improvement,2021-07-16,693,660,21848.75,7698.54,,6.06,6,0,0,42.2,,-33
5125,revolving,West,auto,2024-08-01,647,635,16015.37,14617.99,38949.58,7.18,8,0,0,5.1,0.375,-12
5126,term,South,home_improvement,2024-08-12,636,605,33284.47,31090.58,,6.86,8,0,0,4.7,,-31
5127,revolving,West,auto,2022-12-27,671,653,24135.22,7609.96,15696.46,10.89,11,0,0,24.5,0.485,-18
5128,term,South,home_improvement,2024-03-27,557,537,6235.67,4503.23,,10.32,20,0,0,9.3,,-20
5129,term,West,home_improvement,2024-08-16,568,532,8498.63,8013.81,,6.96,20,1,0,4.6,,-36
5130,revolving,West,auto,2021-10-20,652,622,16185.43,4291.98,9529.41,8.56,14,0,0,39.0,0.45,-30
5131,revolving,South,auto,2021-02-18,713,689,18825.71,6413.28,16127.38,6.97,6,0,0,47.1,0.398,-24
5132,term,West,auto,2024-05-30,664,629,38470.79,30483.64,,9.49,7,0,0,7.2,,-35
5133,term,South,debt_consolidation,2021-08-14,661,641,12777.27,1277.73,,12.25,8,1,0,41.2,,-20
5134,term,West,debt_consolidation,2022-02-20,679,653,13349.46,5260.77,,12.14,8,0,0,34.9,,-26
5135,revolving,South,personal,2021-07-07,733,721,33162.5,3316.25,7954.22,10.29,3,0,0,42.5,0.417,-12
5136,term,South,home_improvement,2024-12-15,682,661,21625.98,21000.94,,7.26,6,0,0,0.6,,-21
5137,term,South,auto,2023-02-15,676,646,7830.45,3261.2,,6.86,7,0,0,22.9,,-30
5138,revolving,South,personal,2021-03-30,646,602,13867.57,3096.15,5582.42,4.74,13,0,0,45.8,0.555,-44
5139,term,North,debt_consolidation,2021-02-13,656,616,4506.99,450.7,,8.68,10,0,0,47.3,,-40
5140,revolving,East,personal,2021-04-29,690,667,16239.98,1624.0,4062.89,6.96,11,0,0,44.8,0.4,-23
5141,revolving,South,auto,2024-10-09,758,735,2732.72,2561.54,4458.55,11.96,0,0,0,2.8,0.575,-23
5142,term,North,debt_consolidation,2022-06-15,694,658,24624.44,11668.24,,4.8,8,0,0,31.0,,-36
5143,term,West,debt_consolidation,2023-06-14,631,602,13758.87,7060.75,,11.22,14,0,0,18.9,,-29
5144,term,North,home_improvement,2021-01-24,661,654,8381.29,838.13,,4.68,6,0,0,47.9,,-7
5145,term,North,auto,2024-10-18,746,744,32356.12,31343.85,,5.92,1,0,0,2.5,,-2
5146,term,North,debt_consolidation,2024-07-25,684,652,9862.68,9103.47,,6.68,5,0,0,5.3,,-32
5147,term,North,auto,2023-12-27,597,564,21441.02,15600.64,,6.42,14,0,0,12.4,,-33
5148,revolving,East,home_improvement,2021-07-12,706,669,8860.07,886.01,1597.93,12.27,3,0,0,42.3,0.554,-37
5149,term,North,personal,2022-08-09,641,632,16466.41,8362.29,,8.8,11,0,0,29.2,,-9
5150,term,East,personal,2021-07-17,611,607,22798.8,12528.26,,12.47,15,0,0,42.1,,-4
5151,term,West,home_improvement,2024-08-14,685,668,1033.44,939.72,,9.18,9,0,0,4.7,,-17
5152,term,West,home_improvement,2024-10-29,629,596,18572.51,17401.95,,6.62,18,0,1,2.1,,-33
5153,revolving,North,debt_consolidation,2022-03-07,728,697,25400.26,9662.46,16087.53,4.8,4,0,0,34.4,0.601,-31
5154,term,West,home_improvement,2021-03-02,685,647,6108.17,1920.53,,7.88,8,0,0,46.7,,-38
5155,term,East,personal,2022-08-12,760,739,8493.26,5768.96,,7.12,2,0,0,29.1,,-21
5156,term,East,debt_consolidation,2022-11-21,700,664,33194.2,22931.03,,10.48,8,0,0,25.7,,-36
5157,term,North,debt_consolidation,2024-08-11,650,585,32529.59,30226.7,,11.98,15,0,0,4.8,,-65
5158,revolving,South,debt_consolidation,2023-01-04,649,608,18473.09,6358.93,10640.77,13.18,8,0,1,24.3,0.598,-41
5159,revolving,East,home_improvement,2024-04-07,658,645,22529.01,20027.72,50859.34,10.4,15,0,0,9.0,0.394,-13
5160,term,West,auto,2024-10-24,709,693,8115.08,7575.67,,6.12,8,0,0,2.3,,-16
5161,revolving,South,debt_consolidation,2022-09-24,593,582,11248.83,6284.68,12766.94,11.03,15,0,0,27.7,0.492,-11
5162,term,South,auto,2023-03-22,696,685,15670.28,8499.85,,11.07,7,0,0,21.7,,-11
5163,term,North,home_improvement,2024-08-22,624,568,8271.97,7669.46,,6.52,10,0,0,4.4,,-56
5164,revolving,West,auto,2021-06-08,814,809,18021.59,6523.56,13039.91,9.64,0,0,0,43.4,0.5,-5
5165,term,South,home_improvement,2022-05-06,713,688,27060.83,15033.46,,7.4,5,0,0,32.4,,-25
5166,revolving,East,debt_consolidation,2022-04-27,719,710,4606.51,930.73,2555.5,6.4,5,0,0,32.7,0.364,-9
5167,revolving,North,personal,2022-12-02,684,644,10229.72,3876.15,9735.81,11.88,7,0,0,25.4,0.398,-40
5168,revolving,South,personal,2022-03-09,584,549,13831.06,6845.68,20330.69,9.36,14,0,1,34.3,0.337,-35
5169,term,South,auto,2024-01-10,681,668,33301.92,27305.5,,12.01,10,0,0,11.9,,-13
5170,term,North,personal,2021-12-12,703,684,28816.2,14610.83,,8.51,10,0,0,37.2,,-19
5171,revolving,West,debt_consolidation,2021-04-20,645,612,9633.28,3288.33,5984.99,7.15,7,0,0,45.1,0.549,-33
5172,term,North,home_improvement,2021-08-18,675,636,5544.34,1923.17,,3.33,5,0,0,41.1,,-39
5173,term,North,auto,2021-05-27,717,707,20664.61,2066.46,,14.13,2,0,0,43.8,,-10
5174,term,South,home_improvement,2021-03-14,686,683,7313.96,731.4,,12.26,5,0,0,46.3,,-3
5175,term,West,home_improvement,2022-12-07,696,687,12063.68,7279.26,,6.46,3,0,0,25.2,,-9
5176,revolving,West,home_improvement,2021-08-17,711,688,16927.37,1692.74,3061.64,3.0,4,0,0,41.1,0.553,-23
5177,term,North,personal,2022-02-18,754,731,26708.15,7149.27,,12.15,3,0,0,34.9,,-23
5178,term,West,debt_consolidation,2021-06-10,629,576,8908.3,3967.63,,10.01,12,0,0,43.4,,-53
5179,term,North,debt_consolidation,2024-03-23,796,773,13226.19,11152.56,,11.49,0,0,0,9.5,,-23
5180,revolving,North,home_improvement,2022-07-28,796,764,1429.69,526.14,1187.58,3.01,0,0,0,29.6,0.443,-32
5181,revolving,East,personal,2024-08-20,646,587,25855.43,22770.53,54201.33,5.19,16,0,0,4.5,0.42,-59
5182,term,East,home_improvement,2024-02-19,720,677,19028.24,16811.84,,9.34,4,0,0,10.6,,-43
5183,term,North,home_improvement,2021-05-23,789,743,18522.98,6337.03,,7.0,0,0,0,44.0,,-46
5184,term,East,personal,2024-10-18,766,763,13735.36,13242.49,,7.5,1,0,0,2.5,,-3
5185,term,South,auto,2024-11-23,576,560,12872.82,12519.96,,3.0,16,0,0,1.3,,-16
5186,term,North,auto,2023-08-31,670,648,9253.18,5572.1,,7.69,10,0,0,16.3,,-22
5187,term,South,personal,2021-08-05,649,622,35073.13,3507.31,,9.62,12,0,0,41.5,,-27
5188,term,North,auto,2023-08-09,731,713,4879.78,3160.2,,11.01,4,0,0,17.0,,-18
5189,revolving,South,personal,2022-12-21,736,722,2315.75,1621.36,4037.22,10.2,0,0,0,24.7,0.402,-14
5190,term,East,home_improvement,2023-01-29,609,570,20657.28,13241.38,,7.7,14,0,0,23.4,,-39
5191,term,North,home_improvement,2021-07-11,637,598,46402.15,12030.97,,11.39,11,0,0,42.3,,-39
5192,revolving,North,debt_consolidation,2023-07-24,585,562,25609.61,17255.85,47542.75,7.75,14,0,0,17.6,0.363,-23
5193,term,East,personal,2024-06-15,674,644,5861.32,4856.34,,14.71,9,0,0,6.7,,-30
5194,revolving,South,auto,2021-01-03,662,618,21091.96,5670.69,16441.21,10.05,9,1,0,48.6,0.345,-44
5195,term,North,auto,2022-08-10,707,672,5928.93,1947.43,,8.83,4,0,0,29.2,,-35
5196,term,East,auto,2022-02-19,788,801,6185.85,1780.75,,9.08,0,0,0,34.9,,13
5197,term,East,home_improvement,2022-10-09,696,697,3116.45,719.79,,6.4,6,1,0,27.2,,1
5198,term,West,auto,2022-10-24,662,661,8777.68,4079.87,,11.29,8,0,0,26.7,,-1
5199,term,East,home_improvement,2024-08-14,728,743,13660.28,12815.31,,6.69,4,0,0,4.7,,15
5200,revolving,East,home_improvement,2022-03-20,658,622,10375.33,3109.29,4926.48,12.18,14,0,0,33.9,0.631,-36
5201,revolving,South,debt_consolidation,2021-01-14,669,662,31340.24,3134.02,8566.28,9.63,8,0,0,48.3,0.366,-7
5202,term,North,home_improvement,2023-08-07,690,659,16904.88,13238.61,,6.57,10,0,0,17.1,,-31
5203,revolving,North,debt_consolidation,2022-02-17,608,567,49032.22,8600.82,15367.72,10.24,11,0,0,35.0,0.56,-41
5204,term,East,home_improvement,2023-09-01,661,651,12566.11,6697.21,,7.02,9,0,0,16.3,,-10
5205,revolving,East,home_improvement,2022-02-07,632,601,22221.07,10886.43,19591.32,6.74,17,0,0,35.3,0.556,-31
5206,revolving,West,personal,2021-03-12,728,684,3470.72,436.91,690.08,9.56,2,0,0,46.4,0.633,-44
5207,term,East,home_improvement,2024-06-29,618,578,11465.7,10146.54,,9.92,8,0,1,6.2,,-40
5208,term,North,home_improvement,2022-10-24,623,557,5041.67,2301.9,,7.65,13,0,0,26.7,,-66
5209,term,North,debt_consolidation,2022-02-15,637,609,29145.7,2914.57,,7.58,9,0,0,35.0,,-28
5210,revolving,West,home_improvement,2023-10-14,633,613,20385.92,12709.55,20304.85,7.85,11,0,0,14.8,0.626,-20
5211,term,North,personal,2024-11-02,780,786,8228.3,7885.2,,10.75,0,0,0,2.0,,6
5212,term,West,auto,2024-12-11,745,742,26425.47,25785.62,,10.96,3,0,0,0.7,,-3
5213,term,East,personal,2023-11-04,709,715,17415.98,11355.68,,10.68,5,0,0,14.1,,6
5214,term,South,personal,2022-04-11,655,623,30203.39,13621.97,,7.05,8,0,0,33.2,,-32
5215,term,West,home_improvement,2022-03-10,676,621,31926.69,11921.39,,15.4,5,0,0,34.3,,-55
5216,revolving,North,auto,2023-08-27,774,782,38302.63,21141.88,42616.33,3.0,0,1,0,16.4,0.496,8
5217,revolving,West,home_improvement,2024-06-12,661,615,15287.18,13403.88,22219.31,6.23,12,1,0,6.8,0.603,-46
5218,term,South,personal,2021-04-17,615,604,9248.23,924.82,,10.53,13,1,0,45.2,,-11
5219,revolving,West,auto,2023-09-20,729,682,11629.78,7507.76,19875.27,13.57,2,0,0,15.6,0.378,-47
5220,term,West,personal,2022-11-13,665,641,5970.89,4076.69,,9.97,14,0,0,26.0,,-24
5221,term,West,personal,2023-03-12,669,626,5000.07,2392.49,,8.05,13,0,0,22.0,,-43
5222,term,North,personal,2023-02-01,666,646,15706.13,9437.94,,12.54,6,0,0,23.3,,-20
5223,term,East,auto,2021-11-17,670,635,11073.29,1107.33,,7.52,6,0,0,38.0,,-35
5224,revolving,East,home_improvement,2022-04-04,709,690,23219.62,4484.18,12787.87,6.55,7,0,0,33.4,0.351,-19
5225,term,North,home_improvement,2024-09-12,661,616,35265.59,33744.76,,11.41,3,0,0,3.7,,-45
5226,term,East,auto,2021-06-11,698,659,10232.33,1023.23,,13.37,6,0,0,43.3,,-39
5227,term,East,auto,2024-03-05,742,694,3622.13,3014.95,,4.28,4,0,0,10.1,,-48
5228,term,North,auto,2021-11-16,768,772,60734.04,20347.7,,13.96,0,1,0,38.1,,4
5229,revolving,South,personal,2021-04-03,625,573,10809.91,1080.99,2051.85,11.72,13,1,0,45.6,0.527,-52
5230,revolving,South,home_improvement,2024-11-02,741,726,3556.58,3354.64,6662.29,11.47,4,0,0,2.0,0.504,-15
5231,revolving,East,personal,2024-05-08,747,720,15113.43,11860.65,19401.3,11.59,2,0,0,7.9,0.611,-27
5232,term,East,auto,2023-11-25,755,709,17147.85,14045.25,,10.95,2,0,0,13.4,,-46
5233,term,West,debt_consolidation,2024-10-27,682,636,10536.53,9903.2,,10.35,7,0,0,2.2,,-46
5234,term,South,personal,2024-03-16,665,630,27460.41,24028.71,,8.26,8,0,0,9.7,,-35
5235,term,North,personal,2024-04-29,587,552,24604.51,19866.56,,5.23,21,0,0,8.2,,-35
5236,revolving,North,auto,2024-05-27,685,655,6825.37,5593.56,13562.06,6.29,9,0,0,7.3,0.412,-30
5237,term,South,auto,2024-02-21,786,785,28381.95,20239.85,,9.82,0,0,0,10.5,,-1
5238,term,East,auto,2023-12-02,698,672,8225.43,6365.07,,9.28,12,0,0,13.2,,-26
5239,term,North,home_improvement,2022-05-27,667,643,32576.23,18840.62,,6.7,8,0,0,31.7,,-24
5240,revolving,West,auto,2022-07-10,714,683,9855.57,1739.69,2750.77,7.19,4,0,0,30.2,0.632,-31
5241,term,South,home_improvement,2024-12-24,608,568,15957.97,15631.29,,8.87,16,0,0,0.3,,-40
5242,term,South,debt_consolidation,2023-05-02,663,630,20476.3,14312.17,,7.05,2,0,0,20.3,,-33
5243,term,East,debt_consolidation,2021-06-18,728,714,10836.22,1083.62,,6.77,4,0,0,43.1,,-14
5244,revolving,West,auto,2022-10-17,713,687,21742.52,12527.96,25607.8,11.44,5,0,1,26.9,0.489,-26
5245,revolving,South,personal,2022-02-05,649,643,7144.98,4179.35,10295.92,5.92,9,0,0,35.4,0.406,-6
5246,term,South,debt_consolidation,2021-11-04,787,750,9270.96,3612.78,,8.9,0,0,0,38.5,,-37
5247,term,East,auto,2022-01-26,592,571,4323.81,432.38,,10.5,18,1,0,35.7,,-21
5248,term,North,personal,2024-04-20,698,662,12716.75,9899.55,,9.25,7,0,0,8.5,,-36
5249,term,South,personal,2022-08-11,730,723,18778.94,2511.01,,7.87,4,0,0,29.1,,-7
5250,revolving,East,home_improvement,2022-01-17,754,728,6867.85,1498.61,3659.41,13.75,1,0,0,36.0,0.41,-26
5251,revolving,East,debt_consolidation,2021-01-05,687,653,40480.72,11527.96,28495.21,11.62,8,1,0,48.6,0.405,-34
5252,term,West,personal,2021-07-21,725,707,6883.93,3333.64,,14.56,2,0,0,42.0,,-18
5253,term,West,auto,2022-02-08,680,641,14903.78,1490.38,,7.55,11,0,0,35.3,,-39
5254,revolving,North,personal,2024-06-22,780,748,32624.71,30460.5,50581.23,9.51,0,0,0,6.4,0.602,-32
5255,term,South,debt_consolidation,2024-07-15,699,689,15308.32,13030.52,,12.04,7,0,0,5.7,,-10
5256,term,West,personal,2023-03-03,749,717,18572.26,6279.62,,14.85,2,0,0,22.3,,-32
5257,term,South,personal,2023-01-28,610,586,8556.07,2785.64,,12.07,9,0,0,23.5,,-24
5258,term,South,auto,2022-05-28,673,616,7100.82,710.08,,7.86,10,0,0,31.6,,-57
5259,revolving,South,auto,2022-06-19,712,692,6264.48,1175.07,2558.6,9.13,9,0,0,30.9,0.459,-20
5260,term,South,debt_consolidation,2022-01-05,711,692,5387.11,887.1,,8.98,5,0,0,36.4,,-19
5261,term,North,personal,2021-05-20,645,623,34510.83,3451.08,,9.38,11,0,0,44.1,,-22
5262,term,South,personal,2022-08-03,568,524,22800.66,4270.74,,8.13,27,0,0,29.4,,-44
5263,term,East,home_improvement,2023-09-29,574,540,26966.76,15504.29,,9.52,16,0,0,15.3,,-34
5264,revolving,South,personal,2023-05-22,623,597,21759.25,10834.89,17500.57,3.0,12,0,0,19.7,0.619,-26
5265,term,North,personal,2024-07-07,847,793,7934.27,6938.37,,6.08,1,0,0,5.9,,-54
5266,term,North,home_improvement,2021-02-24,497,451,35359.44,4450.48,,11.21,29,0,0,46.9,,-46
5267,term,South,personal,2021-11-11,669,636,4246.0,515.93,,15.09,8,0,0,38.2,,-33
5268,term,West,debt_consolidation,2023-02-01,662,647,27394.16,16232.84,,9.72,10,0,1,23.3,,-15
5269,term,West,auto,2021-07-04,682,651,16315.79,1631.58,,7.85,6,0,0,42.6,,-31
5270,term,South,personal,2022-12-02,675,643,2263.97,923.48,,5.51,12,0,0,25.4,,-32
5271,revolving,West,personal,2022-10-08,621,583,10053.52,7172.18,11342.95,6.72,18,1,0,27.2,0.632,-38
5272,term,East,auto,2021-10-27,741,696,1000.0,100.0,,8.85,1,0,0,38.7,,-45
5273,revolving,East,auto,2023-08-15,582,542,15890.07,8248.71,17865.02,9.93,18,0,0,16.8,0.462,-40
5274,term,South,home_improvement,2022-07-31,792,772,10434.7,2210.7,,6.82,0,0,0,29.5,,-20
5275,revolving,West,home_improvement,2024-05-15,707,678,13699.21,11393.98,25317.15,8.93,9,0,0,7.7,0.45,-29
5276,term,North,home_improvement,2024-01-01,625,589,12750.59,9720.08,,10.6,21,0,0,12.2,,-36
5277,term,East,personal,2022-08-12,638,605,18927.35,8951.41,,11.9,13,0,0,29.1,,-33
5278,revolving,South,personal,2021-01-23,748,735,20180.0,7674.73,18017.58,9.64,2,0,0,48.0,0.426,-13
5279,term,North,home_improvement,2024-02-09,599,585,12587.87,10583.02,,7.7,8,0,0,10.9,,-14
5280,term,North,auto,2023-07-10,682,653,7592.43,4404.46,,4.67,13,0,0,18.0,,-29
5281,term,East,home_improvement,2023-12-18,678,633,18690.88,14194.91,,8.09,12,1,0,12.7,,-45
5282,term,West,auto,2021-06-27,676,650,9402.4,1170.13,,11.48,11,0,0,42.8,,-26
5283,term,North,home_improvement,2023-01-03,712,698,9531.57,6500.04,,9.63,2,0,0,24.3,,-14
5284,revolving,South,home_improvement,2023-04-23,718,710,6552.96,3874.76,8510.59,10.46,6,0,0,20.6,0.455,-8
5285,term,South,personal,2024-05-26,704,686,34838.48,30522.47,,11.43,5,0,0,7.3,,-18
5286,term,West,debt_consolidation,2022-11-21,747,711,8200.01,2809.73,,12.76,5,0,0,25.7,,-36
5287,term,West,auto,2024-05-09,695,675,16568.41,13200.72,,10.78,7,0,0,7.9,,-20
5288,term,West,home_improvement,2021-11-06,649,613,3864.9,386.49,,10.27,11,0,0,38.4,,-36
5289,term,West,home_improvement,2024-07-18,612,586,6441.22,5716.61,,3.0,12,1,0,5.6,,-26
5290,term,South,auto,2023-10-08,683,656,7699.12,4491.26,,10.72,15,0,0,15.0,,-27
5291,term,South,debt_consolidation,2024-06-29,703,686,9072.76,7976.72,,14.6,7,0,0,6.2,,-17
5292,term,North,debt_consolidation,2022-11-21,573,527,4509.8,2862.45,,4.88,23,1,0,25.7,,-46
5293,term,North,personal,2022-02-21,706,671,1282.95,545.37,,12.14,11,0,0,34.8,,-35
5294,term,South,debt_consolidation,2022-01-10,627,577,6357.43,2726.71,,12.4,14,0,0,36.2,,-50
5295,revolving,West,auto,2022-10-21,625,567,16318.13,7536.97,19269.41,9.93,18,0,1,26.8,0.391,-58
5296,revolving,North,home_improvement,2024-04-15,689,658,6102.11,5239.62,12086.5,4.45,6,0,0,8.7,0.434,-31
5297,term,South,auto,2021-02-21,554,505,28502.1,2850.21,,4.73,17,0,0,47.0,,-49
5298,term,South,debt_consolidation,2022-03-21,766,766,18609.24,11264.39,,9.53,1,0,0,33.9,,0
5299,term,East,auto,2023-05-19,734,732,3956.73,1621.24,,13.63,5,0,0,19.8,,-2
5300,revolving,South,debt_consolidation,2024-01-17,608,543,8207.54,6529.27,13541.63,4.0,13,0,0,11.7,0.482,-65
5301,term,North,auto,2021-12-28,668,665,16633.07,7968.2,,8.14,6,0,1,36.7,,-3
5302,term,West,home_improvement,2022-08-26,689,683,9754.86,3220.41,,11.21,10,0,0,28.6,,-6
5303,revolving,West,auto,2024-10-04,635,615,18342.91,17628.57,44217.17,7.84,12,0,0,3.0,0.399,-20
5304,revolving,North,personal,2024-05-31,650,651,36678.0,31053.99,89216.42,8.29,17,0,1,7.2,0.348,1
5305,term,West,home_improvement,2022-04-26,672,675,20282.31,2028.23,,13.37,10,0,0,32.7,,3
5306,term,North,home_improvement,2022-03-12,679,676,12670.5,4240.6,,10.92,15,0,0,34.2,,-3
5307,term,West,personal,2024-12-17,672,645,13767.51,13381.43,,10.44,9,0,0,0.5,,-27
5308,revolving,South,personal,2021-07-30,683,657,2750.66,1271.92,2889.31,5.31,9,0,0,41.7,0.44,-26
5309,term,East,home_improvement,2021-06-06,702,692,18715.88,1871.59,,7.08,6,0,0,43.5,,-10
5310,revolving,East,home_improvement,2023-06-25,659,620,9333.6,7176.76,18052.75,9.44,10,0,0,18.5,0.398,-39
5311,revolving,South,personal,2022-02-05,705,678,56365.79,10175.6,17639.27,8.94,9,0,0,35.4,0.577,-27
5312,revolving,East,home_improvement,2024-12-11,750,706,23211.66,22634.83,41538.96,9.97,4,0,0,0.7,0.545,-44
5313,term,South,personal,2023-12-03,707,675,16051.08,9845.83,,13.34,6,0,0,13.2,,-32
5314,revolving,South,home_improvement,2022-04-13,784,770,3284.69,1709.88,3802.01,9.03,0,0,0,33.1,0.45,-14
5315,term,North,debt_consolidation,2022-01-24,595,558,12391.96,1239.2,,10.53,15,0,0,35.8,,-37
5316,revolving,West,debt_consolidation,2021-10-29,645,622,12002.02,3866.97,7140.87,3.0,10,0,0,38.7,0.542,-23
5317,term,North,home_improvement,2022-01-19,701,712,4140.77,414.08,,7.47,5,0,0,35.9,,11
5318,revolving,East,home_improvement,2024-11-09,694,673,51009.78,48352.84,85274.9,10.72,6,0,0,1.8,0.567,-21
5319,term,South,auto,2023-01-10,656,616,16127.79,12094.35,,7.18,9,0,0,24.1,,-40
5320,term,South,home_improvement,2024-04-02,716,678,1376.9,1209.31,,6.14,5,0,0,9.1,,-38
5321,revolving,East,auto,2021-11-14,692,686,3053.59,1673.85,4907.74,15.49,7,0,0,38.1,0.341,-6
5322,term,West,debt_consolidation,2024-02-13,750,717,10266.37,8084.52,,11.14,1,0,0,10.8,,-33
5323,term,South,personal,2021-10-04,616,593,26551.49,2655.15,,7.36,11,0,0,39.5,,-23
5324,term,West,debt_consolidation,2023-07-06,683,668,36144.94,27976.79,,12.38,8,1,0,18.2,,-15
5325,term,South,home_improvement,2022-06-11,653,636,4364.42,1314.03,,7.76,14,0,1,31.2,,-17
5326,term,South,home_improvement,2023-12-10,731,694,9087.8,6869.73,,4.91,4,0,0,12.9,,-37
5327,revolving,North,auto,2022-07-19,712,695,14060.34,7452.82,20861.79,7.36,8,0,0,29.9,0.357,-17
5328,term,West,personal,2024-02-21,651,623,14903.08,10926.18,,6.67,11,0,0,10.5,,-28
5329,term,South,personal,2021-07-17,740,702,6343.37,634.34,,7.11,5,1,0,42.1,,-38
5330,term,East,debt_consolidation,2024-12-06,678,636,20488.45,20156.89,,5.72,11,0,0,0.9,,-42
5331,term,South,auto,2021-05-25,605,581,27757.1,2775.71,,8.93,16,0,0,43.9,,-24
5332,revolving,West,personal,2023-04-16,664,667,6668.16,3497.03,7082.12,11.07,10,0,0,20.9,0.494,3
5333,term,South,debt_consolidation,2024-11-01,819,811,13146.74,12603.51,,8.41,1,0,0,2.0,,-8
5334,term,West,debt_consolidation,2023-03-21,668,633,32584.59,17644.27,,8.3,8,0,0,21.7,,-35
5335,term,East,auto,2024-07-02,694,637,15748.8,14296.68,,10.26,12,0,0,6.1,,-57
5336,revolving,North,home_improvement,2021-02-27,697,685,5265.6,526.56,816.85,8.25,7,1,0,46.8,0.645,-12
5337,term,East,auto,2024-08-10,677,661,15140.47,12961.48,,10.75,8,0,0,4.8,,-16
5338,revolving,East,auto,2021-07-11,771,763,10352.6,1035.26,2143.84,8.45,0,0,0,42.3,0.483,-8
5339,revolving,South,personal,2022-11-17,723,705,3462.89,1388.22,3980.09,11.87,8,0,0,25.9,0.349,-18
5340,revolving,West,debt_consolidation,2021-11-15,719,706,12568.92,6365.01,12138.28,8.68,3,0,0,38.1,0.524,-13
5341,revolving,East,debt_consolidation,2022-07-10,663,625,5771.06,1124.07,1722.04,6.41,7,0,0,30.2,0.653,-38
5342,term,North,home_improvement,2021-01-11,721,729,2442.77,244.28,,11.65,6,0,0,48.4,,8
5343,term,East,home_improvement,2022-01-18,661,642,10355.46,5214.15,,13.57,9,0,0,36.0,,-19
5344,term,South,debt_consolidation,2022-04-23,705,712,12650.58,2481.45,,6.62,6,0,0,32.8,,7
5345,term,South,auto,2021-01-14,803,789,7229.17,2102.99,,11.23,1,0,0,48.3,,-14
5346,term,East,personal,2024-05-22,773,733,12200.64,11097.05,,5.71,0,0,0,7.5,,-40
5347,term,North,auto,2024-09-29,673,640,13090.49,12074.86,,3.33,7,0,0,3.1,,-33
5348,term,East,home_improvement,2021-03-06,693,671,5269.03,2051.16,,11.42,5,0,0,46.6,,-22
5349,term,South,debt_consolidation,2024-05-19,614,599,29482.99,23182.0,,10.42,11,0,0,7.6,,-15
5350,revolving,West,home_improvement,2023-10-05,665,642,19762.01,15068.74,27676.49,9.63,13,1,0,15.1,0.544,-23
5351,term,East,personal,2024-03-11,546,493,15504.31,13589.57,,9.24,24,0,0,9.9,,-53
5352,term,West,home_improvement,2024-07-08,734,691,30488.53,27117.66,,11.7,3,0,0,5.9,,-43
5353,term,West,home_improvement,2023-04-19,635,590,12521.71,5044.26,,6.85,8,0,0,20.8,,-45
5354,revolving,North,auto,2024-10-16,674,664,22873.64,21173.61,33394.12,13.51,8,0,0,2.6,0.634,-10
5355,term,North,auto,2022-01-18,652,615,27597.07,2759.71,,11.09,9,0,0,36.0,,-37
5356,term,East,debt_consolidation,2022-03-16,741,713,13979.35,7087.52,,5.37,5,0,0,34.1,,-28
5357,term,West,home_improvement,2021-03-09,762,724,6350.63,3336.77,,6.08,1,0,0,46.5,,-38
5358,term,East,debt_consolidation,2021-11-21,764,758,5425.0,2856.15,,6.1,0,1,0,37.9,,-6
5359,term,North,debt_consolidation,2024-09-08,603,588,9139.21,8501.04,,10.75,12,0,0,3.8,,-15
5360,revolving,West,personal,2024-08-21,719,695,6888.5,6433.87,13484.6,10.07,4,0,0,4.4,0.477,-24
5361,term,West,personal,2024-01-22,627,616,23110.62,17544.24,,7.17,11,0,0,11.5,,-11
5362,term,East,home_improvement,2024-08-10,688,674,17566.49,15862.33,,9.05,5,1,0,4.8,,-14
5363,term,South,personal,2024-08-20,737,721,13401.63,12214.61,,11.94,1,0,0,4.5,,-16
5364,term,South,home_improvement,2023-11-20,664,645,33455.46,27599.79,,11.47,6,0,0,13.6,,-19
5365,revolving,West,home_improvement,2022-09-19,693,650,37777.35,23409.72,54481.21,9.24,3,0,0,27.8,0.43,-43
5366,revolving,West,auto,2022-02-10,642,623,7420.53,772.04,2179.73,11.12,6,0,0,35.2,0.354,-19
5367,term,East,auto,2024-03-21,745,746,10000.74,7997.78,,13.98,3,0,0,9.5,,1
5368,term,South,debt_consolidation,2023-11-01,666,638,12920.88,11010.14,,10.84,10,0,0,14.2,,-28
5369,term,West,personal,2024-10-24,647,607,6335.83,6122.64,,4.62,10,0,0,2.3,,-40
5370,revolving,West,debt_consolidation,2023-10-08,700,668,32211.39,20140.93,39620.05,9.09,7,0,0,15.0,0.508,-32
5371,term,West,personal,2023-02-14,735,730,2538.53,1624.32,,10.46,2,0,0,22.9,,-5
5372,term,South,home_improvement,2023-03-01,596,562,17406.24,12300.69,,12.41,12,0,0,22.4,,-34
5373,term,West,auto,2021-12-08,707,676,43288.72,4328.87,,7.57,9,0,0,37.3,,-31
5374,term,South,auto,2022-11-02,650,626,4110.17,1588.25,,12.08,8,0,0,26.4,,-24
5375,term,East,debt_consolidation,2022-03-19,720,699,5723.08,572.31,,8.08,2,0,0,34.0,,-21
5376,revolving,South,auto,2024-04-06,648,617,7891.01,6931.38,10631.77,6.86,8,0,0,9.0,0.652,-31
5377,term,South,home_improvement,2021-08-18,628,606,19412.99,2050.05,,5.31,13,0,0,41.1,,-22
5378,revolving,North,debt_consolidation,2021-03-30,637,586,2102.12,973.37,2700.55,6.3,13,0,0,45.8,0.36,-51
5379,revolving,West,auto,2024-08-14,689,692,21103.76,19152.44,37505.73,9.46,9,0,0,4.7,0.511,3
5380,term,South,auto,2023-05-10,712,681,12914.38,10185.19,,8.96,5,0,0,20.1,,-31
5381,term,South,personal,2023-02-24,642,603,10581.06,5094.18,,7.52,18,0,0,22.6,,-39
5382,revolving,East,auto,2022-04-01,683,672,17879.75,2217.44,5278.34,9.07,8,0,0,33.5,0.42,-11
5383,term,South,personal,2021-09-08,641,618,21961.55,12777.68,,11.41,15,0,0,40.4,,-23
5384,term,East,personal,2022-02-12,657,640,19376.1,8916.15,,15.38,10,0,0,35.1,,-17
5385,revolving,North,personal,2021-10-24,650,630,15194.36,1519.44,3310.91,8.56,12,0,0,38.8,0.459,-20
5386,term,South,home_improvement,2023-08-10,637,572,9202.7,4737.67,,14.09,9,0,0,17.0,,-65
5387,term,North,debt_consolidation,2021-04-23,606,559,10751.57,1895.6,,9.18,22,1,0,45.0,,-47
5388,term,West,debt_consolidation,2024-01-19,675,649,16806.93,13557.33,,7.0,11,0,0,11.6,,-26
5389,revolving,North,personal,2021-11-24,747,710,6369.04,2117.81,3944.27,13.42,5,0,0,37.8,0.537,-37
5390,term,South,auto,2023-05-29,685,659,19084.31,8869.02,,7.01,6,0,0,19.4,,-26
5391,revolving,North,debt_consolidation,2023-02-11,662,637,14642.61,8428.12,19529.28,8.61,9,0,0,23.0,0.432,-25
5392,term,South,auto,2024-11-26,728,704,11884.12,11513.27,,7.8,4,0,0,1.2,,-24
5393,term,North,debt_consolidation,2024-08-06,650,611,20265.63,18292.66,,17.76,11,0,0,4.9,,-39
5394,revolving,East,debt_consolidation,2024-06-15,691,652,29314.19,26474.47,40264.9,7.12,2,0,0,6.7,0.658,-39
5395,revolving,West,personal,2022-05-11,586,556,15986.2,9442.36,18939.77,6.3,15,0,0,32.2,0.499,-30
5396,term,East,home_improvement,2024-12-16,679,632,11116.19,10939.49,,13.33,11,0,0,0.5,,-47
5397,term,East,auto,2022-01-05,660,637,13838.73,6499.52,,7.78,13,0,0,36.4,,-23
5398,term,West,auto,2021-03-10,568,539,11908.04,2903.05,,4.81,21,0,1,46.4,,-29
5399,term,East,personal,2022-01-12,653,618,3723.58,372.36,,11.95,15,0,0,36.2,,-35
5400,term,North,personal,2024-03-26,539,505,7421.01,5922.73,,5.98,15,0,0,9.4,,-34
5401,revolving,North,home_improvement,2021-06-13,644,607,12591.16,1259.12,2788.57,7.98,8,0,0,43.3,0.452,-37
5402,revolving,North,personal,2022-07-09,709,690,6983.32,4361.47,10008.0,11.23,5,0,0,30.2,0.436,-19
5403,revolving,North,personal,2023-10-27,625,580,15930.64,10771.95,27832.38,9.9,17,0,0,14.4,0.387,-45
5404,term,North,auto,2023-12-12,637,601,7821.06,6775.63,,6.76,9,0,0,12.9,,-36
5405,term,South,debt_consolidation,2021-04-30,588,557,27458.4,2745.84,,8.51,11,1,0,44.7,,-31
5406,term,East,personal,2022-09-14,697,670,78030.79,14956.81,,6.42,7,0,0,28.0,,-27
5407,revolving,East,debt_consolidation,2024-03-11,653,622,6758.86,5740.78,15894.69,12.53,4,0,0,9.9,0.361,-31
5408,term,South,auto,2022-01-04,677,669,14030.85,2914.51,,9.98,11,0,0,36.4,,-8
5409,term,East,debt_consolidation,2022-12-31,748,713,9226.64,2926.39,,3.0,1,0,0,24.4,,-35
5410,revolving,West,personal,2022-08-25,620,572,18073.36,12340.11,24887.26,3.0,18,0,0,28.7,0.496,-48
5411,term,East,home_improvement,2023-02-02,755,741,5849.49,3313.92,,10.74,2,0,0,23.3,,-14
5412,term,East,auto,2024-12-23,664,616,45647.54,44630.34,,9.28,7,0,0,0.3,,-48
5413,revolving,South,home_improvement,2024-02-22,743,719,11403.43,9491.95,27364.99,11.53,1,0,0,10.5,0.347,-24
5414,term,North,auto,2024-11-18,673,647,35320.76,34010.2,,5.05,9,0,0,1.5,,-26
5415,revolving,North,auto,2023-06-22,581,551,3848.67,2007.34,4581.26,8.84,19,0,0,18.6,0.438,-30
5416,term,North,home_improvement,2023-02-23,605,560,7484.42,4056.5,,10.6,16,0,0,22.6,,-45
5417,term,West,personal,2021-09-27,664,630,3973.93,397.39,,5.43,8,0,0,39.7,,-34
5418,term,North,personal,2024-02-03,580,552,49508.36,38174.78,,5.98,29,0,0,11.1,,-28
5419,revolving,East,auto,2024-11-05,711,686,44313.7,42026.88,121012.43,7.75,5,0,0,1.9,0.347,-25
5420,revolving,South,home_improvement,2023-03-05,729,708,8630.58,6458.34,11883.75,15.36,6,0,0,22.3,0.543,-21
5421,term,West,personal,2024-04-08,591,567,12471.45,10957.37,,7.55,22,1,1,8.9,,-24
5422,revolving,North,personal,2022-07-31,662,644,14143.52,6215.41,9764.68,11.04,5,0,0,29.5,0.637,-18
5423,term,South,personal,2024-02-25,674,639,26167.76,18785.04,,11.88,8,0,0,10.4,,-35
5424,term,West,home_improvement,2024-06-11,721,697,22231.54,19436.35,,7.89,4,0,0,6.8,,-24
5425,term,East,debt_consolidation,2023-12-11,704,655,10282.39,7749.85,,9.59,6,0,0,12.9,,-49
5426,revolving,North,debt_consolidation,2022-05-16,655,636,13250.66,4504.94,13448.45,3.05,11,0,0,32.0,0.335,-19
5427,term,East,personal,2021-08-03,595,562,54279.33,22781.77,,14.78,18,0,0,41.6,,-33
5428,revolving,West,personal,2024-02-28,680,685,16229.29,11867.97,33669.54,9.24,7,0,0,10.3,0.352,5
5429,term,East,debt_consolidation,2022-08-25,672,634,8460.65,5526.1,,8.49,9,0,0,28.7,,-38
5430,term,West,auto,2021-03-03,630,573,6123.16,612.32,,4.85,6,1,0,46.7,,-57
5431,term,North,auto,2023-12-03,807,769,19946.18,14260.34,,7.07,0,0,0,13.2,,-38
5432,revolving,South,home_improvement,2021-04-18,690,663,20660.93,10973.86,27612.52,16.36,7,0,0,45.1,0.397,-27
5433,term,West,auto,2022-08-13,641,619,8388.92,2356.93,,8.43,5,0,0,29.1,,-22
5434,term,North,personal,2022-07-09,646,616,14645.59,8528.07,,7.13,20,0,0,30.2,,-30
5435,revolving,East,auto,2022-01-20,729,717,4092.19,2000.42,5875.69,7.35,0,0,0,35.9,0.34,-12
5436,term,South,debt_consolidation,2024-07-31,751,739,22105.36,18879.01,,3.0,2,0,0,5.1,,-12
5437,term,South,auto,2021-03-25,717,694,7894.75,789.47,,8.81,4,0,0,45.9,,-23
5438,term,West,personal,2021-01-19,740,715,34095.9,3409.59,,10.14,4,0,0,48.1,,-25
5439,revolving,North,personal,2024-09-08,605,588,24670.73,22615.69,67271.48,6.27,6,1,1,3.8,0.336,-17
5440,term,West,debt_consolidation,2022-12-03,677,635,20729.43,14540.45,,9.79,6,0,0,25.3,,-42
5441,term,West,home_improvement,2024-01-07,610,599,13709.88,12016.0,,9.8,13,0,0,12.0,,-11
5442,term,West,home_improvement,2023-10-29,728,710,8476.54,6591.38,,3.0,5,0,0,14.3,,-18
5443,term,North,personal,2022-09-07,733,692,8459.17,2324.79,,9.69,2,0,0,28.2,,-41
5444,term,West,auto,2022-05-25,620,587,3768.34,535.18,,10.56,22,0,0,31.7,,-33
5445,revolving,North,debt_consolidation,2023-12-20,644,628,4003.33,3243.6,5050.88,6.13,9,0,1,12.6,0.642,-16
5446,term,South,home_improvement,2023-05-31,622,597,26388.87,20536.41,,11.24,22,0,0,19.4,,-25
5447,term,South,auto,2023-12-04,693,666,16302.56,13868.4,,5.49,12,0,0,13.1,,-27
5448,revolving,North,debt_consolidation,2022-11-20,673,664,3874.72,2625.03,7609.71,9.46,9,0,0,25.8,0.345,-9
5449,revolving,East,auto,2021-08-06,682,668,11085.39,1108.54,2952.92,9.45,9,0,0,41.5,0.375,-14
5450,term,West,personal,2024-12-26,660,642,22082.11,21512.24,,11.99,16,0,1,0.2,,-18
5451,revolving,South,home_improvement,2022-12-19,789,766,13716.25,7524.53,16287.8,10.69,0,0,0,24.8,0.462,-23
5452,term,West,home_improvement,2024-07-26,737,711,9746.16,8700.01,,8.18,4,0,0,5.3,,-26
5453,revolving,West,personal,2022-07-16,671,646,27963.2,14639.11,30746.24,17.01,9,0,1,30.0,0.476,-25
5454,revolving,East,home_improvement,2021-06-28,588,555,4225.13,422.51,1219.91,13.33,12,0,0,42.8,0.346,-33
5455,term,North,personal,2022-08-04,578,575,10617.83,1457.9,,6.1,18,1,0,29.4,,-3
5456,term,North,personal,2024-01-19,582,526,4817.44,3880.19,,8.2,15,0,0,11.6,,-56
5457,revolving,West,personal,2024-07-18,706,680,8467.35,7730.03,19242.57,8.58,7,0,0,5.6,0.402,-26
5458,term,East,auto,2022-11-22,670,631,12547.98,9245.69,,4.5,7,0,0,25.7,,-39
5459,term,West,personal,2021-12-07,753,744,20323.22,2032.32,,6.24,3,0,0,37.4,,-9
5460,revolving,North,personal,2022-09-05,723,705,8163.96,2449.97,5766.5,10.97,2,0,0,28.3,0.425,-18
5461,term,East,personal,2024-07-20,546,514,9670.48,8366.07,,9.22,24,0,0,5.5,,-32
5462,term,East,debt_consolidation,2023-08-27,630,569,16143.05,8838.95,,5.35,7,0,0,16.4,,-61
5463,revolving,South,personal,2024-07-03,579,549,1708.73,1435.63,4028.75,8.46,19,1,0,6.1,0.356,-30
5464,term,East,personal,2021-04-05,655,613,21417.61,10148.34,,5.85,13,0,0,45.6,,-42
5465,revolving,North,personal,2022-12-22,698,648,11281.0,6329.03,10010.99,7.35,2,0,0,24.7,0.632,-50
5466,term,North,home_improvement,2024-01-13,684,675,33916.09,24537.53,,17.57,6,0,0,11.8,,-9
5467,revolving,West,debt_consolidation,2023-12-13,678,676,10114.63,7167.55,14238.75,9.74,11,0,1,12.8,0.503,-2
5468,revolving,North,home_improvement,2024-12-03,609,581,4567.0,4455.9,10692.52,11.36,10,0,0,1.0,0.417,-28
5469,term,North,auto,2022-09-02,818,810,11065.23,7294.11,,11.98,1,0,0,28.4,,-8
5470,revolving,North,personal,2022-01-26,689,648,5282.14,528.21,1561.98,9.63,8,0,0,35.7,0.338,-41
5471,term,West,home_improvement,2022-12-04,774,746,11112.99,5492.57,,9.53,0,0,0,25.3,,-28
5472,term,South,personal,2021-04-01,729,697,7942.46,3937.18,,10.93,7,0,0,45.7,,-32
5473,term,South,debt_consolidation,2022-01-21,716,694,22300.58,10794.5,,9.26,7,0,0,35.9,,-22
5474,term,South,personal,2021-10-28,716,672,2313.41,1403.3,,9.75,4,0,0,38.7,,-44
5475,revolving,East,home_improvement,2021-05-13,646,627,3547.44,354.74,789.25,8.7,10,0,1,44.3,0.449,-19
5476,term,South,home_improvement,2022-12-09,644,623,29047.02,16915.89,,7.54,9,0,0,25.1,,-21
5477,term,East,debt_consolidation,2021-07-14,673,646,1011.04,101.1,,3.98,15,1,0,42.2,,-27
5478,revolving,East,debt_consolidation,2023-03-28,670,645,21830.17,8256.37,24435.86,6.2,10,0,0,21.5,0.338,-25
5479,term,South,home_improvement,2023-01-30,532,512,28726.38,9835.3,,8.0,25,0,1,23.4,,-20
5480,term,North,auto,2023-02-06,679,665,8092.79,2481.19,,8.36,16,0,0,23.2,,-14
5481,term,South,home_improvement,2023-05-09,714,707,15377.19,6398.48,,12.61,2,0,0,20.1,,-7
5482,term,East,personal,2023-03-23,601,581,8984.3,6970.56,,9.78,16,0,0,21.7,,-20
5483,term,East,auto,2023-05-22,615,585,30104.7,19890.22,,10.02,15,1,1,19.7,,-30
5484,revolving,East,debt_consolidation,2022-11-04,683,669,9709.89,4187.58,7033.63,4.6,11,0,0,26.3,0.595,-14
5485,term,West,home_improvement,2021-09-22,704,694,12142.12,1229.44,,8.38,3,0,0,39.9,,-10
5486,term,West,debt_consolidation,2022-11-06,669,648,51266.91,13534.98,,6.03,7,0,0,26.2,,-21
5487,term,South,auto,2022-06-04,700,644,29971.78,7095.7,,14.27,12,0,0,31.4,,-56
5488,term,South,home_improvement,2023-06-28,687,641,2836.77,1605.27,,6.18,6,0,0,18.4,,-46
5489,term,East,personal,2022-12-09,656,643,16740.68,11521.55,,10.3,4,0,0,25.1,,-13
5490,revolving,South,debt_consolidation,2022-03-01,677,620,8398.32,2543.94,7007.74,17.17,8,0,0,34.6,0.363,-57
5491,term,South,home_improvement,2022-01-24,678,637,1756.05,784.69,,10.36,7,0,0,35.8,,-41
5492,revolving,East,home_improvement,2021-04-18,681,635,12206.64,3950.3,11411.75,3.0,9,0,0,45.1,0.346,-46
5493,revolving,West,auto,2021-08-23,671,609,7355.62,3324.57,6470.05,12.16,12,0,1,40.9,0.514,-62
5494,term,South,home_improvement,2023-04-24,700,681,21485.34,16733.9,,8.72,2,0,0,20.6,,-19
5495,revolving,South,home_improvement,2023-11-10,736,719,13042.07,10561.15,26912.44,4.42,7,0,0,13.9,0.392,-17
5496,revolving,North,debt_consolidation,2022-06-01,706,673,26051.98,6373.14,10869.35,9.36,6,1,0,31.5,0.586,-33
5497,revolving,North,home_improvement,2022-10-15,541,521,10704.76,7781.05,14061.55,10.99,16,1,1,27.0,0.553,-20
5498,term,West,auto,2021-02-11,596,533,6744.37,674.44,,5.17,13,0,0,47.3,,-63
5499,term,South,home_improvement,2022-03-05,715,684,47729.19,13986.92,,10.37,1,0,0,34.4,,-31
5500,term,South,home_improvement,2022-07-03,631,590,5669.07,2374.36,,10.13,20,0,0,30.4,,-41
5501,term,South,auto,2021-03-04,750,756,35019.02,3501.9,,12.96,5,0,0,46.6,,6
5502,term,East,personal,2021-04-23,591,557,56420.65,5642.06,,9.09,19,1,1,45.0,,-34
5503,term,South,auto,2023-11-21,729,712,5362.93,3631.27,,10.37,3,0,0,13.6,,-17
5504,term,South,personal,2024-08-10,627,593,10081.22,9119.16,,4.29,12,0,0,4.8,,-34
5505,term,North,personal,2024-05-10,747,716,11646.91,9957.46,,10.27,1,0,0,7.9,,-31
5506,term,South,personal,2023-05-23,635,614,22233.03,9763.76,,9.98,16,0,1,19.6,,-21
5507,term,North,debt_consolidation,2021-06-23,621,600,22812.29,2281.23,,8.01,15,0,0,42.9,,-21
5508,term,West,personal,2022-01-10,684,685,8243.66,3581.16,,10.66,6,0,0,36.2,,1
5509,term,South,personal,2022-03-20,591,532,14636.18,3127.27,,12.1,14,0,0,33.9,,-59
5510,term,East,home_improvement,2022-05-11,623,573,16642.58,9263.72,,7.19,15,0,1,32.2,,-50
5511,term,West,debt_consolidation,2024-09-25,732,700,5906.2,5646.87,,7.92,2,0,0,3.3,,-32
5512,term,West,auto,2022-10-30,767,770,20472.95,13243.83,,15.75,0,0,0,26.5,,3
5513,term,South,auto,2023-06-08,666,627,8590.52,4320.7,,3.73,13,0,0,19.1,,-39
5514,term,South,home_improvement,2022-12-20,650,640,13430.92,6228.54,,12.53,15,0,0,24.8,,-10
5515,term,North,auto,2023-10-22,588,530,19685.69,16601.65,,16.43,21,0,0,14.6,,-58
5516,term,West,auto,2022-01-02,718,700,8505.83,1307.01,,4.38,9,0,0,36.5,,-18
5517,term,North,auto,2023-09-11,653,625,12370.74,8261.99,,13.69,13,0,0,15.9,,-28
5518,term,North,debt_consolidation,2024-12-07,607,556,40602.24,39772.22,,11.44,15,0,1,0.8,,-51
5519,revolving,South,auto,2023-12-03,696,677,15344.17,9919.84,27468.49,12.01,4,0,0,13.2,0.361,-19
5520,term,West,debt_consolidation,2021-03-31,600,560,26526.34,8050.8,,9.75,19,0,0,45.7,,-40
5521,term,East,debt_consolidation,2024-01-12,689,673,22127.24,15079.51,,7.14,10,1,0,11.8,,-16
5522,term,North,debt_consolidation,2023-03-13,656,638,24223.23,15828.98,,6.41,8,1,0,22.0,,-18
5523,revolving,West,auto,2023-07-05,691,661,8744.93,4528.26,8514.53,8.12,14,0,0,18.2,0.532,-30
5524,term,West,auto,2021-11-17,592,558,17841.91,2911.65,,12.45,15,1,0,38.0,,-34
5525,term,West,auto,2022-04-09,691,687,9950.4,1957.97,,13.73,8,0,0,33.3,,-4
5526,revolving,South,personal,2023-12-01,573,525,13135.17,9556.0,20776.37,14.05,23,0,0,13.2,0.46,-48
5527,term,South,auto,2022-08-12,696,664,7712.44,3213.83,,8.19,8,0,0,29.1,,-32
5528,term,South,auto,2021-03-29,674,653,13982.43,7457.09,,5.98,11,0,0,45.8,,-21
5529,term,North,home_improvement,2023-05-06,567,537,18973.42,12145.38,,8.91,17,0,0,20.2,,-30
5530,term,South,personal,2023-03-04,679,625,22357.14,13621.75,,14.68,9,0,1,22.3,,-54
5531,revolving,West,auto,2024-01-28,721,689,28440.28,24681.03,55134.25,8.94,4,1,0,11.3,0.448,-32
5532,term,West,home_improvement,2023-07-16,653,616,9433.42,7013.34,,7.61,10,0,1,17.8,,-37
5533,revolving,South,home_improvement,2022-02-27,601,586,41683.32,4168.33,8049.89,13.77,22,1,0,34.6,0.518,-15
5534,term,North,home_improvement,2023-08-03,654,627,13844.02,9773.11,,5.13,10,0,0,17.2,,-27
5535,term,South,home_improvement,2022-03-23,543,480,36496.85,17770.05,,7.34,25,1,0,33.8,,-63
5536,term,South,auto,2021-08-20,698,690,11884.17,4334.31,,5.47,6,0,0,41.0,,-8
5537,revolving,West,debt_consolidation,2023-05-21,725,715,1007.34,635.05,1799.27,13.35,6,0,0,19.7,0.353,-10
5538,term,West,home_improvement,2024-04-23,651,607,15197.16,13777.24,,10.62,14,0,0,8.4,,-44
5539,revolving,East,home_improvement,2024-05-14,664,646,7466.91,6619.69,10742.46,11.97,14,0,0,7.7,0.616,-18
5540,term,South,debt_consolidation,2023-01-02,746,722,10298.36,3461.65,,6.05,1,0,0,24.3,,-24
5541,term,East,auto,2024-07-25,772,763,13247.96,11163.83,,13.0,0,0,0,5.3,,-9
5542,revolving,West,debt_consolidation,2022-06-04,723,727,22186.68,10606.73,29878.39,3.0,2,0,0,31.4,0.355,4
5543,term,North,home_improvement,2024-11-19,619,589,16868.33,16299.82,,5.15,14,0,0,1.4,,-30
5544,revolving,North,debt_consolidation,2022-09-26,754,709,11507.15,6838.96,15670.01,9.49,3,0,0,27.6,0.436,-45
5545,term,East,home_improvement,2024-04-25,717,680,17428.96,13736.75,,11.72,3,0,0,8.4,,-37
5546,term,West,personal,2021-08-28,694,663,23743.72,2374.37,,6.96,5,0,0,40.7,,-31
5547,term,East,debt_consolidation,2021-12-01,698,672,14541.38,1454.14,,3.08,9,0,0,37.6,,-26
5548,term,East,auto,2022-01-08,744,711,7034.39,4052.81,,6.31,2,1,0,36.3,,-33
5549,term,West,home_improvement,2022-12-14,568,530,17098.39,8133.83,,5.63,21,0,0,25.0,,-38
5550,term,South,auto,2024-10-19,670,623,9389.76,9116.57,,17.39,8,0,0,2.5,,-47
5551,revolving,South,personal,2022-10-19,611,570,1625.26,845.05,2017.01,11.07,9,0,0,26.8,0.419,-41
5552,term,West,personal,2021-10-10,704,676,1284.47,128.45,,5.94,9,0,0,39.3,,-28
5553,term,East,personal,2021-03-24,630,609,10681.82,1266.79,,4.27,13,0,0,46.0,,-21
5554,term,West,auto,2024-09-08,850,810,4982.22,4452.87,,6.54,0,0,0,3.8,,-40
5555,term,East,home_improvement,2021-07-01,725,685,10917.81,1205.34,,9.48,6,0,0,42.7,,-40
5556,term,West,auto,2023-11-30,610,572,9883.53,8142.14,,7.55,15,0,0,13.3,,-38
5557,revolving,East,auto,2024-02-13,737,702,23593.84,20724.35,36400.19,15.46,3,0,0,10.8,0.569,-35
5558,term,West,auto,2024-01-12,655,628,29733.62,23652.38,,6.77,14,0,0,11.8,,-27
5559,term,West,debt_consolidation,2021-09-10,685,682,11514.56,1151.46,,10.86,11,0,0,40.3,,-3
5560,revolving,West,personal,2024-02-08,671,625,3798.76,2908.07,8012.21,6.88,11,0,0,10.9,0.363,-46
5561,term,West,auto,2021-08-03,570,512,13433.15,3804.71,,11.51,19,0,1,41.6,,-58
5562,term,North,home_improvement,2021-11-15,643,612,10404.31,2469.68,,7.68,8,0,0,38.1,,-31
5563,revolving,West,home_improvement,2024-03-05,612,569,8105.82,7085.79,18194.16,12.13,15,0,0,10.1,0.389,-43
5564,revolving,South,personal,2023-12-29,535,494,8171.89,6057.48,9969.79,10.29,22,1,1,12.3,0.608,-41
5565,revolving,South,debt_consolidation,2024-01-22,648,634,14884.35,11615.01,20897.27,14.44,12,0,0,11.5,0.556,-14
5566,term,North,debt_consolidation,2024-06-23,664,646,6629.5,5918.03,,9.63,7,0,0,6.4,,-18
5567,term,West,auto,2024-04-23,591,543,20830.67,16719.16,,10.69,20,1,0,8.4,,-48
5568,revolving,South,debt_consolidation,2023-01-15,744,717,15361.1,9576.25,18780.09,5.2,3,0,0,23.9,0.51,-27
5569,revolving,West,home_improvement,2022-07-01,702,656,45584.38,15749.88,39265.27,4.47,3,0,0,30.5,0.401,-46
5570,term,West,debt_consolidation,2024-03-09,686,633,4123.89,3270.27,,11.07,11,0,0,9.9,,-53
5571,term,East,personal,2021-11-11,710,658,16959.74,1695.97,,8.61,1,1,0,38.2,,-52
5572,revolving,South,auto,2022-04-08,712,659,8149.69,1553.06,3676.49,11.3,6,0,0,33.3,0.422,-53
5573,term,East,personal,2023-05-01,696,661,11095.66,8743.47,,7.48,7,0,1,20.4,,-35
5574,term,North,debt_consolidation,2021-08-03,772,756,11228.81,1540.58,,9.75,0,0,0,41.6,,-16
5575,term,West,home_improvement,2021-07-01,554,520,8979.13,4314.46,,6.73,18,0,0,42.7,,-34
5576,term,North,personal,2024-08-01,711,685,20803.28,18599.16,,10.41,5,0,0,5.1,,-26
5577,revolving,South,debt_consolidation,2023-01-30,657,635,5775.57,3524.84,5455.17,6.21,14,0,1,23.4,0.646,-22
5578,term,East,personal,2023-01-14,764,718,14624.11,8353.34,,9.35,1,0,0,23.9,,-46
5579,term,East,personal,2024-10-31,702,684,15322.12,14506.41,,7.25,11,0,0,2.1,,-18
5580,term,South,home_improvement,2024-10-26,673,652,22524.91,21555.36,,12.82,12,0,0,2.2,,-21
5581,term,North,auto,2024-08-10,766,761,19772.33,17894.42,,6.86,0,0,0,4.8,,-5
5582,term,East,personal,2022-10-13,669,640,19922.03,9128.52,,7.24,10,0,0,27.0,,-29
5583,term,South,home_improvement,2021-05-30,705,682,5482.42,548.24,,8.16,6,0,0,43.7,,-23
5584,revolving,West,debt_consolidation,2023-08-20,642,621,30821.3,16878.03,38321.25,11.75,13,0,0,16.7,0.44,-21
5585,revolving,East,debt_consolidation,2023-06-28,687,631,12212.74,6588.32,17567.53,8.88,6,0,0,18.4,0.375,-56
5586,term,East,personal,2022-05-17,803,790,4412.58,2036.88,,8.48,1,0,0,32.0,,-13
5587,term,East,personal,2022-09-10,731,698,22919.77,5333.99,,7.95,1,0,0,28.1,,-33
5588,term,South,home_improvement,2021-04-22,705,674,5858.87,892.55,,9.7,2,0,0,45.0,,-31
5589,term,North,personal,2023-06-14,597,556,17970.82,10522.09,,7.2,16,0,0,18.9,,-41
5590,term,North,auto,2022-02-25,821,809,16849.97,10106.74,,6.61,1,0,0,34.7,,-12
5591,term,North,home_improvement,2023-02-02,606,587,9247.06,5699.39,,8.42,10,0,1,23.3,,-19
5592,term,South,debt_consolidation,2023-04-04,684,667,32071.15,24177.2,,7.25,6,1,0,21.3,,-17
5593,term,South,auto,2023-12-21,707,699,27575.0,18389.4,,7.57,9,0,0,12.6,,-8
5594,term,North,personal,2021-09-20,717,688,13025.29,1302.53,,3.0,5,0,0,40.0,,-29
5595,term,West,debt_consolidation,2024-07-31,637,638,19650.32,18514.39,,12.94,8,0,0,5.1,,1
5596,term,South,home_improvement,2023-01-24,720,719,14295.17,6628.37,,9.06,5,0,0,23.6,,-1
5597,term,North,auto,2021-12-24,606,575,10484.43,1048.44,,8.96,18,0,0,36.8,,-31
5598,term,North,debt_consolidation,2023-03-12,779,754,26574.21,10443.37,,6.55,0,0,0,22.0,,-25
5599,term,West,debt_consolidation,2024-02-03,602,561,15738.2,11203.22,,7.62,13,0,0,11.1,,-41
5600,term,South,auto,2024-06-08,648,593,25296.88,22182.15,,5.6,11,0,0,6.9,,-55
5601,revolving,East,personal,2023-10-14,714,686,35171.47,19598.43,50031.29,6.36,3,0,0,14.8,0.392,-28
5602,revolving,East,personal,2022-04-16,669,637,33591.77,18740.27,50047.27,8.26,15,0,0,33.0,0.374,-32
5603,term,South,personal,2023-09-10,770,763,7979.35,6612.37,,9.38,0,0,0,16.0,,-7
5604,term,South,home_improvement,2021-06-14,755,708,23342.81,2334.28,,10.47,2,0,0,43.2,,-47
5605,revolving,West,personal,2022-05-16,709,699,16553.02,5673.98,14357.56,11.39,2,0,0,32.0,0.395,-10
5606,term,North,debt_consolidation,2021-08-15,636,633,27393.23,2739.32,,12.59,12,1,0,41.2,,-3
5607,term,East,debt_consolidation,2021-05-14,672,647,20582.5,3771.56,,10.9,4,0,0,44.3,,-25
5608,revolving,West,personal,2024-08-16,592,545,6257.74,5703.97,16996.93,8.77,14,0,0,4.6,0.336,-47
5609,term,West,home_improvement,2021-03-11,629,620,23596.94,2359.69,,10.3,15,0,1,46.4,,-9
5610,term,West,home_improvement,2023-05-10,665,635,27119.96,18759.47,,8.52,11,0,0,20.1,,-30
5611,revolving,East,auto,2022-08-12,732,689,3932.77,861.43,2356.04,6.16,3,0,0,29.1,0.366,-43
5612,term,North,home_improvement,2023-03-17,705,678,14371.24,5799.04,,15.16,4,0,0,21.9,,-27
5613,term,North,personal,2022-08-31,663,624,3527.52,1259.53,,11.83,11,0,0,28.5,,-39
5614,revolving,East,debt_consolidation,2024-10-29,634,617,12710.92,12411.63,37189.02,10.51,14,0,1,2.1,0.334,-17
5615,revolving,West,auto,2023-09-24,725,696,16479.46,13454.91,30469.77,9.55,5,0,0,15.5,0.442,-29
5616,term,North,debt_consolidation,2023-10-05,645,604,1000.0,659.78,,11.04,15,0,0,15.1,,-41
5617,term,East,personal,2024-01-28,720,678,10752.08,7745.49,,9.91,2,0,0,11.3,,-42
5618,term,South,auto,2024-06-17,711,677,3078.25,2773.54,,9.36,4,1,0,6.6,,-34
5619,revolving,West,home_improvement,2024-08-12,744,719,10006.01,8752.26,25107.39,12.18,2,0,0,4.7,0.349,-25
5620,term,South,auto,2024-04-20,628,606,32028.72,24859.84,,9.12,14,0,0,8.5,,-22
5621,revolving,East,personal,2023-07-04,653,601,12572.63,8262.18,21784.9,12.73,7,0,0,18.2,0.379,-52
5622,revolving,East,home_improvement,2024-12-02,679,620,13889.01,13653.35,30058.53,9.43,3,0,0,1.0,0.454,-59
5623,revolving,North,debt_consolidation,2022-09-01,661,642,21856.78,7472.15,20611.67,4.63,12,0,0,28.4,0.363,-19
5624,term,South,home_improvement,2023-10-22,639,598,50178.9,37500.82,,10.44,11,1,0,14.6,,-41
5625,revolving,East,debt_consolidation,2023-12-07,639,630,17985.93,13348.97,24742.38,7.22,12,0,0,13.0,0.54,-9
5626,term,North,debt_consolidation,2023-12-03,603,558,6562.11,5116.32,,6.01,14,0,0,13.2,,-45
5627,term,East,personal,2022-10-04,633,605,15740.44,3432.95,,7.06,9,0,1,27.3,,-28
5628,term,South,personal,2023-03-17,721,689,19675.96,11127.77,,4.4,9,0,0,21.9,,-32
5629,term,East,personal,2023-01-24,733,704,2318.82,1087.43,,11.32,3,0,0,23.6,,-29
5630,term,East,personal,2021-10-15,697,652,16378.68,3102.91,,10.26,7,0,0,39.1,,-45
5631,revolving,West,debt_consolidation,2024-09-10,665,658,18659.68,17003.82,46434.14,9.71,2,0,0,3.8,0.366,-7
5632,revolving,East,personal,2021-06-17,673,647,28725.52,2872.55,4906.67,5.43,8,0,0,43.1,0.585,-26
5633,term,East,home_improvement,2021-10-24,764,750,11046.88,1597.96,,10.52,0,0,0,38.8,,-14
5634,term,East,home_improvement,2023-06-02,731,730,4556.61,2324.57,,15.1,8,0,0,19.3,,-1
5635,term,West,auto,2023-02-10,523,497,36111.41,24724.43,,9.56,23,0,0,23.0,,-26
5636,term,South,auto,2024-10-25,628,598,7924.16,7656.72,,7.26,10,1,0,2.3,,-30
5637,term,West,personal,2023-09-20,648,604,10411.16,8418.34,,5.6,12,1,0,15.6,,-44
5638,revolving,North,debt_consolidation,2024-12-14,771,725,19966.08,19472.44,42283.88,6.75,0,0,0,0.6,0.461,-46
5639,term,South,auto,2024-09-23,717,709,17200.57,16041.09,,14.25,4,0,0,3.3,,-8
5640,revolving,North,auto,2022-04-01,593,567,19772.92,1977.29,3632.85,7.64,21,0,1,33.5,0.544,-26
5641,term,North,personal,2022-08-30,721,693,9615.71,2635.42,,4.12,6,0,0,28.5,,-28
5642,term,South,auto,2024-06-29,850,850,8483.42,7515.19,,9.95,1,0,0,6.2,,0
5643,revolving,East,home_improvement,2023-11-18,729,678,14743.31,9920.91,24346.66,7.63,2,0,0,13.7,0.407,-51
5644,term,North,home_improvement,2023-10-03,627,601,33110.44,21509.14,,5.97,14,0,1,15.2,,-26
5645,revolving,East,debt_consolidation,2022-01-11,770,735,36860.6,9742.98,15662.08,10.9,0,1,0,36.2,0.622,-35
5646,term,South,home_improvement,2021-02-13,700,682,11011.32,1101.13,,7.97,7,0,0,47.3,,-18
5647,revolving,North,debt_consolidation,2022-07-02,639,616,6905.17,1652.12,4424.54,9.56,12,0,0,30.5,0.373,-23
5648,revolving,North,personal,2023-08-02,682,667,12953.78,6446.49,9771.83,9.28,12,0,0,17.3,0.66,-15
5649,term,South,debt_consolidation,2024-04-05,665,612,23086.79,17192.7,,13.44,13,0,0,9.0,,-53
5650,revolving,South,home_improvement,2023-08-09,637,620,24450.68,18792.5,52738.65,10.31,9,0,0,17.0,0.356,-17
5651,term,East,home_improvement,2021-07-05,606,568,7341.16,734.12,,10.52,22,0,0,42.5,,-38
5652,term,South,auto,2021-06-16,643,609,1000.0,437.9,,6.05,14,0,0,43.2,,-34
5653,revolving,West,auto,2024-06-10,676,664,13443.31,11086.01,20494.52,4.12,5,0,0,6.8,0.541,-12
5654,term,West,home_improvement,2024-05-17,727,727,34424.35,31034.1,,16.77,6,1,0,7.6,,0
5655,term,East,personal,2023-01-25,603,568,28413.76,16322.23,,11.2,20,0,0,23.6,,-35
5656,term,North,auto,2024-09-22,597,552,39556.25,36162.25,,5.83,13,0,0,3.4,,-45
5657,term,East,personal,2024-03-13,686,643,18464.54,15024.55,,12.39,7,0,0,9.8,,-43
5658,term,North,auto,2021-04-06,660,618,7701.4,2404.15,,9.17,18,0,0,45.5,,-42
5659,revolving,North,debt_consolidation,2023-11-11,656,628,14646.64,9424.3,22359.23,8.09,9,0,0,13.9,0.421,-28
5660,term,North,debt_consolidation,2021-03-18,624,582,15015.55,6197.84,,7.01,13,0,0,46.2,,-42
5661,term,South,auto,2021-12-23,627,611,11478.01,6538.37,,9.8,10,0,0,36.8,,-16
5662,revolving,East,personal,2024-06-28,612,587,31570.83,26426.16,42051.77,13.01,16,0,0,6.2,0.628,-25
5663,term,East,auto,2021-05-25,572,540,4078.5,407.85,,12.13,24,1,0,43.9,,-32
5664,revolving,East,home_improvement,2024-02-14,700,674,8544.03,6961.48,11042.35,15.46,8,0,0,10.7,0.63,-26
5665,term,East,home_improvement,2024-07-25,709,678,13319.7,11233.73,,8.37,6,1,0,5.3,,-31
5666,term,West,home_improvement,2022-07-03,779,750,11574.03,7901.67,,9.12,0,0,0,30.4,,-29
5667,term,North,home_improvement,2023-07-05,715,673,3488.17,1926.72,,11.86,2,0,0,18.2,,-42
5668,term,North,debt_consolidation,2024-11-05,677,629,5635.82,5512.27,,11.02,11,0,0,1.9,,-48
5669,revolving,East,debt_consolidation,2024-02-23,708,679,17980.63,14864.82,24350.96,15.72,7,0,0,10.4,0.61,-29
5670,term,South,home_improvement,2023-07-06,657,620,9633.13,5276.58,,15.82,6,0,0,18.2,,-37
5671,term,South,personal,2024-08-17,628,598,16567.15,15141.82,,8.05,12,0,0,4.6,,-30
5672,revolving,West,home_improvement,2023-06-26,718,686,16166.8,12312.17,30790.91,3.0,3,0,0,18.5,0.4,-32
5673,term,South,auto,2021-08-23,698,671,56820.82,5682.08,,3.0,9,0,0,40.9,,-27
5674,term,East,debt_consolidation,2024-07-07,603,566,8089.12,7015.46,,10.33,12,0,0,5.9,,-37
5675,term,West,home_improvement,2022-04-29,677,640,36900.22,14521.37,,7.85,5,0,0,32.6,,-37
5676,term,West,personal,2021-06-17,630,628,10908.01,1090.8,,11.21,10,0,0,43.1,,-2
5677,term,North,auto,2024-04-16,735,724,17345.89,14420.98,,7.26,1,0,0,8.7,,-11
5678,term,South,auto,2022-11-30,654,616,63504.33,19478.45,,13.96,11,0,0,25.4,,-38
5679,term,South,personal,2024-07-05,782,751,7480.75,6639.05,,5.19,0,0,0,6.0,,-31
5680,revolving,South,auto,2021-06-28,750,719,25194.87,8688.29,16611.15,7.45,0,0,0,42.8,0.523,-31
5681,revolving,East,personal,2024-06-06,614,594,16188.35,14765.3,36552.93,7.46,13,1,0,7.0,0.404,-20
5682,term,North,personal,2021-08-16,639,617,14160.02,1416.0,,10.6,10,0,0,41.1,,-22
5683,term,North,auto,2022-09-25,720,688,19470.17,11856.78,,7.55,6,0,0,27.6,,-32
5684,revolving,East,debt_consolidation,2024-09-12,683,650,18704.22,17138.0,38970.41,7.8,9,0,0,3.7,0.44,-33
5685,revolving,West,personal,2022-09-09,663,600,6447.86,4277.91,8044.37,12.64,9,0,0,28.2,0.532,-63
5686,revolving,North,debt_consolidation,2021-08-11,683,673,5711.48,2531.07,6610.11,12.28,6,0,0,41.3,0.383,-10
5687,revolving,North,personal,2021-04-07,672,640,32490.73,3249.07,5598.27,10.05,6,0,0,45.5,0.58,-32
5688,term,West,home_improvement,2023-10-15,740,728,21351.88,11925.24,,5.81,4,0,0,14.8,,-12
5689,term,South,debt_consolidation,2022-08-10,662,612,32631.12,7623.32,,10.23,8,0,0,29.2,,-50
5690,revolving,North,auto,2021-11-28,708,690,23148.05,2314.8,6686.93,11.48,9,0,0,37.7,0.346,-18
5691,revolving,East,home_improvement,2022-11-26,707,704,4291.19,1046.63,2877.95,8.63,3,0,0,25.6,0.364,-3
5692,revolving,North,debt_consolidation,2022-10-29,754,733,18688.07,5936.6,13792.51,6.67,2,1,0,26.5,0.43,-21
5693,revolving,South,personal,2021-08-27,675,658,10261.91,5306.54,12654.66,7.44,9,0,0,40.8,0.419,-17
5694,term,South,auto,2023-02-20,689,694,9082.14,4085.0,,9.81,8,1,0,22.7,,5
5695,term,East,debt_consolidation,2023-07-05,702,670,4131.03,3346.01,,13.11,3,0,0,18.2,,-32
5696,term,North,auto,2021-07-15,641,619,8419.8,841.98,,6.3,11,0,1,42.2,,-22
5697,term,North,auto,2021-09-30,670,621,8157.04,815.7,,10.28,10,0,0,39.6,,-49
5698,term,South,auto,2022-11-11,625,604,52375.7,15970.33,,12.12,13,0,0,26.1,,-21
5699,term,North,auto,2022-01-14,721,718,32969.42,3296.94,,10.36,2,0,0,36.1,,-3
5700,revolving,South,home_improvement,2023-10-07,774,765,27412.55,21071.56,40636.51,11.97,0,0,0,15.1,0.519,-9
5701,term,East,home_improvement,2022-02-02,565,521,13189.99,2027.62,,7.38,21,0,0,35.5,,-44
5702,revolving,North,debt_consolidation,2023-06-29,739,736,11895.1,9438.25,21426.81,8.44,2,0,0,18.4,0.44,-3
5703,term,South,home_improvement,2022-04-22,677,670,4804.51,480.45,,4.88,14,0,0,32.8,,-7
5704,revolving,East,personal,2021-12-13,755,746,29034.72,14449.25,28910.07,7.03,1,0,0,37.2,0.5,-9
5705,term,West,auto,2023-05-06,695,659,10797.82,6135.65,,6.53,11,0,0,20.2,,-36
5706,term,North,auto,2023-09-23,738,709,31013.42,21873.96,,6.04,2,0,0,15.5,,-29
5707,term,South,debt_consolidation,2023-01-16,673,648,27890.26,20818.08,,10.92,13,0,0,23.9,,-25
5708,term,South,home_improvement,2023-10-24,682,682,18803.95,15994.86,,4.01,4,0,0,14.5,,0
5709,term,West,personal,2021-01-05,737,714,30563.48,5753.28,,5.16,2,0,0,48.6,,-23
5710,term,North,home_improvement,2022-04-06,827,815,7700.26,4409.07,,11.38,0,0,0,33.4,,-12
5711,term,East,auto,2022-03-14,648,604,14087.14,1408.71,,8.25,8,0,0,34.1,,-44
5712,revolving,North,personal,2024-03-02,686,656,44556.61,31556.82,68430.36,5.76,4,0,0,10.2,0.461,-30
5713,revolving,West,home_improvement,2021-12-20,636,593,19274.53,5465.62,14911.82,10.44,11,1,0,36.9,0.367,-43
5714,term,West,home_improvement,2022-05-11,665,650,24971.89,5927.49,,8.3,9,0,0,32.2,,-15
5715,term,South,debt_consolidation,2023-04-19,649,618,9018.61,6108.58,,9.77,13,1,1,20.8,,-31
5716,term,South,debt_consolidation,2021-10-11,620,595,23048.13,2304.81,,9.6,14,1,0,39.3,,-25
5717,term,East,personal,2022-08-01,710,684,13724.6,5566.1,,8.26,4,0,0,29.5,,-26
5718,term,East,personal,2022-10-30,692,659,8680.78,3796.57,,6.49,7,0,0,26.5,,-33
5719,term,West,personal,2024-06-24,626,538,10574.37,9495.32,,8.1,13,0,0,6.4,,-88
5720,term,East,auto,2021-04-12,610,589,27164.92,11051.0,,9.96,14,1,0,45.3,,-21
5721,term,East,debt_consolidation,2023-02-11,732,708,15221.72,4849.23,,10.25,5,0,0,23.0,,-24
5722,term,East,home_improvement,2024-02-23,650,624,4352.7,3178.86,,9.94,11,0,0,10.4,,-26
5723,revolving,South,personal,2021-05-08,814,827,34562.28,14817.35,39594.41,8.0,0,0,0,44.5,0.374,13
5724,term,West,auto,2021-08-04,674,641,33044.8,3304.48,,10.02,9,0,0,41.5,,-33
5725,term,South,personal,2021-11-18,682,674,23753.45,14574.35,,4.59,3,0,0,38.0,,-8
5726,term,East,debt_consolidation,2023-12-22,666,619,6806.53,4360.04,,10.21,12,0,0,12.5,,-47
5727,revolving,South,auto,2021-07-09,595,585,9728.7,972.87,2268.74,11.43,20,0,0,42.4,0.429,-10
5728,term,West,auto,2023-07-23,595,561,33352.74,23166.17,,3.0,17,0,0,17.6,,-34
5729,revolving,North,personal,2024-06-14,763,753,9176.45,8459.59,16168.16,12.15,2,0,0,6.7,0.523,-10
5730,term,East,debt_consolidation,2023-12-19,760,744,39045.16,26030.83,,13.69,0,0,0,12.6,,-16
5731,revolving,North,personal,2022-06-29,620,590,3243.82,324.38,841.34,10.42,9,0,0,30.6,0.386,-30
5732,term,East,debt_consolidation,2024-04-19,709,696,17817.06,14244.5,,3.0,6,0,0,8.6,,-13
5733,term,South,debt_consolidation,2022-06-20,759,729,20078.61,11535.55,,9.34,1,0,0,30.9,,-30
5734,revolving,East,debt_consolidation,2021-04-07,600,561,18493.17,4853.13,9146.78,6.62,14,0,0,45.5,0.531,-39
5735,term,South,auto,2022-04-27,679,673,20778.33,8284.72,,9.16,11,0,0,32.7,,-6
5736,term,West,debt_consolidation,2022-04-10,648,603,9100.2,4290.4,,10.15,14,0,0,33.2,,-45
5737,term,West,auto,2022-05-22,689,659,33171.89,10442.84,,11.01,5,0,0,31.8,,-30
5738,term,South,personal,2021-02-15,753,732,16643.48,1664.35,,9.68,1,0,0,47.2,,-21
5739,term,West,auto,2022-04-13,703,655,22282.2,4468.58,,8.23,6,0,0,33.1,,-48
5740,revolving,South,debt_consolidation,2023-01-15,715,717,22072.83,11548.99,24897.41,13.29,5,0,0,23.9,0.464,2
5741,term,South,home_improvement,2021-12-06,546,496,4273.32,427.33,,6.44,26,0,0,37.4,,-50
5742,revolving,West,debt_consolidation,2023-12-04,721,679,11776.33,7330.19,15580.32,5.17,4,0,0,13.1,0.47,-42
5743,term,East,auto,2022-12-04,677,639,10913.8,7761.71,,8.19,11,0,0,25.3,,-38
5744,revolving,North,home_improvement,2023-08-23,809,791,3583.69,2802.73,5762.8,7.94,0,0,0,16.6,0.486,-18
5745,revolving,East,auto,2023-10-14,715,706,1000.0,655.02,1178.11,6.49,5,0,0,14.8,0.556,-9
5746,term,West,home_improvement,2024-11-29,660,626,6605.66,6412.22,,10.64,11,0,0,1.1,,-34
5747,term,South,home_improvement,2021-08-18,793,782,5735.11,573.51,,7.45,0,0,0,41.1,,-11
5748,term,East,auto,2022-06-13,675,658,60097.71,33168.79,,11.1,11,0,0,31.1,,-17
5749,revolving,West,debt_consolidation,2023-09-02,696,676,6732.96,4481.07,11643.91,4.07,11,0,0,16.2,0.385,-20
5750,revolving,North,home_improvement,2021-10-02,597,555,17700.19,9037.27,20701.29,6.73,22,0,0,39.6,0.437,-42
5751,term,East,auto,2023-03-06,642,635,19938.65,10924.08,,12.05,14,0,0,22.2,,-7
5752,term,South,personal,2021-03-02,636,598,12378.73,4429.55,,7.3,10,1,0,46.7,,-38
5753,term,South,auto,2022-10-20,669,647,19907.34,12206.94,,6.72,7,0,0,26.8,,-22
5754,term,South,auto,2023-05-05,606,570,12064.12,6915.51,,13.46,15,0,1,20.2,,-36
5755,term,West,personal,2023-12-12,576,524,6711.25,4799.17,,13.19,18,1,0,12.9,,-52
5756,term,East,home_improvement,2023-07-29,686,651,11367.07,8726.49,,5.56,7,0,0,17.4,,-35
5757,revolving,West,debt_consolidation,2021-01-09,591,566,23642.4,2364.24,6741.3,8.31,17,0,0,48.4,0.351,-25
5758,term,East,auto,2021-10-22,723,737,6171.52,617.15,,9.29,4,0,0,38.9,,14
5759,term,North,debt_consolidation,2021-02-16,798,786,20560.71,6977.44,,10.21,1,0,0,47.2,,-12
5760,term,North,debt_consolidation,2024-08-09,693,673,13085.78,11993.54,,4.83,10,0,0,4.8,,-20
5761,term,North,debt_consolidation,2022-01-21,695,654,32575.52,10086.83,,5.13,9,0,0,35.9,,-41
5762,term,South,auto,2023-05-13,546,544,16670.61,12202.31,,10.11,22,0,0,20.0,,-2
5763,term,East,home_improvement,2024-10-07,717,685,12497.14,12041.06,,11.85,5,0,0,2.9,,-32
5764,term,East,personal,2021-12-03,675,663,12722.05,1272.2,,7.79,4,0,1,37.5,,-12
5765,revolving,West,home_improvement,2023-01-17,708,674,21006.22,8438.12,13935.4,7.51,3,0,0,23.8,0.606,-34
5766,revolving,South,personal,2024-07-29,609,576,25083.32,23597.16,36164.59,9.42,11,0,0,5.2,0.652,-33
5767,term,South,debt_consolidation,2023-05-24,663,626,3322.87,2515.1,,9.4,10,0,0,19.6,,-37
5768,term,West,home_improvement,2024-11-05,753,720,4328.65,4122.71,,9.62,2,0,0,1.9,,-33
5769,term,North,home_improvement,2023-09-06,634,616,32993.7,21086.35,,16.09,16,0,0,16.1,,-18
5770,revolving,South,personal,2021-12-01,660,651,70927.6,17743.92,43929.72,6.31,12,0,0,37.6,0.404,-9
5771,term,South,personal,2024-10-14,734,685,39800.24,37525.36,,6.36,3,0,0,2.6,,-49
5772,term,South,debt_consolidation,2024-02-03,721,717,28884.88,25456.01,,7.72,2,0,0,11.1,,-4
5773,term,North,home_improvement,2023-12-28,743,748,6498.52,5269.55,,9.19,1,0,0,12.3,,5
5774,revolving,South,home_improvement,2024-03-06,637,581,19784.02,15090.39,23817.93,6.95,11,0,1,10.0,0.634,-56
5775,term,North,debt_consolidation,2022-11-25,670,610,27234.26,15101.52,,7.53,7,0,0,25.6,,-60
5776,term,East,debt_consolidation,2021-08-13,626,597,8797.82,5028.45,,5.76,15,0,0,41.2,,-29
5777,term,South,personal,2023-11-17,622,577,25130.45,15306.2,,6.21,6,1,0,13.7,,-45
5778,revolving,West,auto,2023-10-05,622,606,11472.73,6635.64,18710.51,4.58,15,0,0,15.1,0.355,-16
5779,term,South,home_improvement,2022-01-22,677,660,8961.33,896.13,,10.46,12,0,0,35.8,,-17
5780,revolving,North,home_improvement,2021-07-12,775,770,34538.17,16665.01,25296.71,7.3,0,0,0,42.3,0.659,-5
5781,term,West,auto,2021-09-17,756,741,13761.73,7351.54,,11.34,3,0,0,40.1,,-15
5782,term,East,personal,2023-09-06,712,685,9893.84,6753.92,,10.72,7,0,0,16.1,,-27
5783,term,West,home_improvement,2023-12-25,625,593,18411.59,15922.63,,14.67,17,0,0,12.4,,-32
5784,revolving,East,personal,2023-06-13,618,571,1420.57,1132.89,3162.45,8.65,9,0,0,18.9,0.358,-47
5785,term,South,auto,2021-04-10,662,652,5537.57,2179.09,,9.77,12,0,0,45.4,,-10
5786,revolving,East,debt_consolidation,2023-02-22,704,688,20310.3,9440.69,16478.97,5.9,9,0,0,22.6,0.573,-16
5787,term,West,personal,2024-08-14,713,693,16089.22,14814.38,,8.45,8,0,1,4.7,,-20
5788,revolving,North,personal,2023-08-19,694,659,12720.43,7716.48,18722.92,10.24,6,0,0,16.7,0.412,-35
5789,term,North,auto,2021-02-25,674,657,21103.78,4085.04,,5.04,5,0,0,46.9,,-17
5790,term,West,debt_consolidation,2023-10-23,692,674,9295.41,6430.9,,10.6,8,0,0,14.5,,-18
5791,term,North,home_improvement,2022-03-05,646,620,7730.04,1631.11,,9.49,12,0,0,34.4,,-26
5792,revolving,West,personal,2022-07-29,593,546,10767.88,5354.77,9520.2,8.78,21,0,0,29.6,0.562,-47
5793,revolving,North,home_improvement,2024-04-13,662,649,6444.07,5649.13,11335.75,9.42,10,0,0,8.8,0.498,-13
5794,term,North,auto,2023-12-31,690,653,37071.45,31091.19,,8.37,10,1,0,12.2,,-37
5795,term,West,auto,2021-12-05,672,646,25813.75,12505.26,,9.77,7,0,0,37.4,,-26
5796,term,West,debt_consolidation,2024-02-27,588,532,4710.77,3564.84,,11.93,17,0,0,10.3,,-56
5797,term,East,debt_consolidation,2024-08-31,667,658,24004.82,22190.02,,13.2,13,0,0,4.1,,-9
5798,term,West,home_improvement,2024-02-08,643,622,12360.72,10488.83,,7.42,15,0,0,10.9,,-21
5799,term,West,debt_consolidation,2022-11-18,760,713,13736.15,5421.9,,9.91,1,1,0,25.8,,-47
5800,term,East,auto,2023-06-11,713,667,28350.56,21673.93,,6.15,5,0,0,19.0,,-46
5801,revolving,South,debt_consolidation,2022-12-19,499,452,11782.37,5531.3,16282.66,16.27,26,0,0,24.8,0.34,-47
5802,term,South,debt_consolidation,2024-12-07,683,662,26001.04,25577.16,,11.44,8,0,0,0.8,,-21
5803,revolving,East,debt_consolidation,2021-06-30,611,561,14401.96,5767.62,16133.69,6.27,11,1,0,42.7,0.357,-50
5804,term,East,home_improvement,2024-06-23,592,557,7740.7,6684.92,,13.47,15,0,0,6.4,,-35
5805,revolving,South,personal,2024-02-25,542,513,3536.74,2591.0,7665.2,4.15,17,0,0,10.4,0.338,-29
5806,term,South,auto,2024-05-24,732,730,32712.49,27083.83,,6.43,6,0,0,7.4,,-2
5807,term,North,debt_consolidation,2021-01-11,740,733,20384.47,2038.45,,7.18,1,0,0,48.4,,-7
5808,term,East,home_improvement,2024-01-20,590,549,19331.63,14061.7,,8.32,17,0,0,11.6,,-41
5809,term,East,auto,2024-07-25,747,721,1017.61,947.23,,10.82,2,0,0,5.3,,-26
5810,revolving,East,auto,2023-03-24,806,771,3533.27,2713.25,4917.66,6.33,1,0,0,21.6,0.552,-35
5811,revolving,East,home_improvement,2021-11-27,667,647,2517.63,1457.09,2590.83,7.62,11,0,0,37.7,0.562,-20
5812,revolving,North,home_improvement,2022-09-25,625,587,6693.11,2259.72,5272.35,8.54,17,0,0,27.6,0.429,-38
5813,term,West,home_improvement,2024-04-28,675,642,16379.87,12573.5,,10.96,8,0,0,8.3,,-33
5814,term,East,home_improvement,2024-07-24,750,747,10687.64,10039.99,,7.97,0,0,0,5.4,,-3
5815,term,North,debt_consolidation,2024-12-14,758,742,27791.66,27221.89,,9.8,1,0,0,0.6,,-16
5816,revolving,East,auto,2021-09-02,677,642,10325.75,3960.28,6924.1,10.24,11,0,0,40.6,0.572,-35
5817,term,South,debt_consolidation,2024-11-25,624,569,50154.54,48636.97,,10.44,9,0,1,1.2,,-55
5818,revolving,East,home_improvement,2023-02-09,694,672,18154.81,13387.31,33222.93,3.0,6,0,1,23.1,0.403,-22
5819,term,South,home_improvement,2023-06-12,674,627,15391.88,8474.0,,9.83,9,0,0,19.0,,-47
5820,term,South,home_improvement,2024-03-17,687,642,3652.68,2654.38,,3.71,8,0,0,9.7,,-45
5821,revolving,East,debt_consolidation,2022-06-07,656,626,11449.9,5691.1,15370.21,8.94,10,0,0,31.3,0.37,-30
5822,revolving,North,personal,2021-04-08,691,673,18319.44,3591.77,9665.47,8.44,6,0,0,45.5,0.372,-18
5823,term,West,auto,2022-08-01,568,528,8566.51,5916.45,,10.94,20,0,0,29.5,,-40
5824,revolving,East,personal,2024-11-03,701,679,20987.39,20004.91,49731.34,3.24,6,0,0,2.0,0.402,-22
5825,revolving,East,home_improvement,2022-11-16,748,748,8049.29,4580.69,10305.53,5.65,2,0,0,25.9,0.444,0
5826,revolving,East,auto,2024-08-24,668,639,22130.59,19687.03,51720.65,7.7,11,0,0,4.3,0.381,-29
5827,revolving,East,home_improvement,2022-06-21,687,660,7918.96,2240.83,3654.87,7.83,15,0,0,30.8,0.613,-27
5828,term,West,personal,2024-03-10,583,553,10294.58,7977.8,,9.79,21,0,0,9.9,,-30
5829,term,West,auto,2022-02-05,711,713,11681.02,6757.43,,5.44,6,0,0,35.4,,2
5830,revolving,East,home_improvement,2024-08-04,735,731,3978.5,3476.57,9777.38,9.69,1,0,0,5.0,0.356,-4
5831,term,South,auto,2024-08-19,778,772,4418.31,4193.67,,8.6,0,0,0,4.5,,-6
5832,term,East,debt_consolidation,2022-11-30,537,480,9345.76,6292.99,,13.24,22,0,0,25.4,,-57
5833,revolving,East,personal,2022-02-09,711,702,18816.45,1881.64,4040.47,5.76,4,0,0,35.2,0.466,-9
5834,term,East,auto,2024-03-30,575,536,3223.28,2673.26,,11.63,21,1,1,9.2,,-39
5835,term,West,personal,2021-04-22,703,687,49551.0,4955.1,,8.3,6,0,0,45.0,,-16
5836,term,North,debt_consolidation,2021-03-27,646,641,3183.0,1000.59,,7.03,16,0,0,45.9,,-5
5837,term,West,personal,2022-04-22,710,690,12392.56,2744.96,,13.57,6,0,0,32.8,,-20
5838,term,South,debt_consolidation,2024-02-21,705,676,1000.0,790.19,,7.7,11,0,0,10.5,,-29
5839,revolving,West,personal,2024-06-17,684,655,33961.48,31674.75,91093.26,10.19,9,1,0,6.6,0.348,-29
5840,revolving,North,debt_consolidation,2021-06-16,652,630,14611.81,1461.18,3156.99,8.35,11,0,0,43.2,0.463,-22
5841,term,West,debt_consolidation,2023-11-05,689,647,9607.61,7785.38,,8.32,6,0,0,14.1,,-42
5842,term,North,auto,2022-06-27,736,718,7803.43,1550.28,,10.8,1,0,0,30.6,,-18
5843,revolving,West,auto,2021-05-03,696,685,19779.01,9084.82,24105.74,11.23,8,0,0,44.6,0.377,-11
5844,revolving,West,auto,2024-04-08,727,669,16222.2,12849.16,29196.08,6.73,3,0,0,8.9,0.44,-58
5845,term,West,auto,2021-11-14,596,556,25918.03,2591.8,,6.95,9,1,0,38.1,,-40
5846,term,South,home_improvement,2021-07-06,683,662,45825.08,13244.08,,3.0,5,0,0,42.5,,-21
5847,term,East,debt_consolidation,2023-08-03,650,623,33122.97,24317.83,,7.99,10,0,0,17.2,,-27
5848,term,South,home_improvement,2024-12-09,726,695,9338.5,9070.15,,13.18,2,0,0,0.8,,-31
5849,term,South,home_improvement,2023-12-10,711,685,27466.58,22372.88,,13.64,4,0,0,12.9,,-26
5850,revolving,East,auto,2024-07-30,649,625,11862.16,11116.91,25334.51,8.99,18,1,0,5.2,0.439,-24
5851,term,West,personal,2021-01-07,689,657,7966.91,3586.85,,13.64,7,0,0,48.5,,-32
5852,term,West,personal,2023-08-27,671,656,27567.53,18678.66,,12.46,12,0,0,16.4,,-15
5853,term,South,home_improvement,2024-09-19,703,686,3572.66,3206.1,,10.94,8,0,0,3.5,,-17
5854,revolving,East,home_improvement,2021-08-10,700,697,57846.13,8297.71,21334.99,5.17,10,1,0,41.3,0.389,-3
5855,term,East,debt_consolidation,2022-12-04,684,655,12656.8,5048.18,,8.2,10,0,0,25.3,,-29
5856,term,West,auto,2022-05-28,599,568,2318.79,1281.42,,6.05,9,0,0,31.6,,-31
5857,term,West,auto,2024-11-25,769,764,13701.51,13498.14,,5.81,2,0,0,1.2,,-5
5858,term,West,debt_consolidation,2021-11-13,743,723,14056.79,4129.97,,9.98,2,0,0,38.2,,-20
5859,revolving,East,home_improvement,2022-10-20,685,656,15041.37,6977.91,13196.18,10.78,9,0,1,26.8,0.529,-29
5860,revolving,South,auto,2021-02-14,711,698,13643.92,4901.68,12553.72,3.0,5,0,0,47.2,0.39,-13
5861,term,West,home_improvement,2023-07-30,716,720,13040.22,6595.23,,7.62,4,0,0,17.4,,4
5862,term,East,home_improvement,2022-08-17,638,626,9740.0,3747.17,,5.81,16,0,0,28.9,,-12
5863,term,North,auto,2022-06-16,754,760,20633.17,5025.87,,9.05,1,0,0,31.0,,6
5864,term,West,auto,2021-07-05,558,531,11891.56,1189.16,,6.8,17,0,0,42.5,,-27
5865,term,South,debt_consolidation,2022-04-21,577,541,10621.27,6489.99,,9.88,19,1,0,32.9,,-36
5866,term,North,debt_consolidation,2023-12-10,637,601,20011.03,16112.55,,12.53,10,0,0,12.9,,-36
5867,term,West,home_improvement,2021-06-15,700,700,12107.58,1210.76,,9.2,10,1,0,43.2,,0
5868,revolving,North,home_improvement,2024-02-23,687,671,2681.04,2312.36,6465.58,11.35,7,0,0,10.4,0.358,-16
5869,revolving,West,personal,2021-06-17,684,641,28737.87,5195.55,7999.28,12.93,9,0,0,43.1,0.65,-43
5870,revolving,North,home_improvement,2024-04-16,675,655,13449.07,10794.39,20615.33,9.44,13,0,0,8.7,0.524,-20
5871,term,South,auto,2023-08-19,660,614,6943.57,5512.64,,4.93,9,0,0,16.7,,-46
5872,term,East,auto,2022-06-29,603,542,31573.42,19941.47,,5.43,24,1,0,30.6,,-61
5873,term,West,auto,2023-02-06,597,581,4726.06,2179.04,,8.67,16,1,0,23.2,,-16
5874,revolving,North,personal,2021-03-05,602,587,3529.4,352.94,616.95,14.43,14,0,1,46.6,0.572,-15
5875,revolving,North,personal,2021-04-20,614,593,6409.63,640.96,1019.83,3.57,19,0,0,45.1,0.628,-21
5876,term,East,debt_consolidation,2022-02-25,595,583,20469.89,12037.7,,10.28,20,0,0,34.7,,-12
5877,revolving,East,auto,2021-01-12,593,536,13687.15,1368.71,3725.48,9.72,15,0,0,48.3,0.367,-57
5878,term,North,home_improvement,2024-09-07,663,625,4593.99,4258.32,,10.72,8,0,0,3.9,,-38
5879,term,North,home_improvement,2023-10-27,743,715,31612.33,25844.18,,8.66,0,0,0,14.4,,-28
5880,term,South,home_improvement,2024-09-05,706,666,22474.12,20444.83,,9.02,2,0,0,3.9,,-40
5881,revolving,East,debt_consolidation,2022-05-11,624,613,25873.15,12091.04,20388.4,8.88,13,0,0,32.2,0.593,-11
5882,term,West,home_improvement,2023-02-09,638,589,13445.25,7547.37,,5.8,10,1,0,23.1,,-49
5883,term,East,debt_consolidation,2023-02-07,793,765,34163.47,18489.55,,3.0,0,0,0,23.1,,-28
5884,term,South,auto,2024-11-03,650,613,6335.56,6082.36,,15.0,6,0,0,2.0,,-37
5885,term,South,personal,2022-12-28,614,580,11094.04,6601.86,,8.24,19,0,0,24.5,,-34
5886,revolving,South,debt_consolidation,2023-10-04,662,644,32093.25,21416.64,47728.36,5.73,14,0,0,15.2,0.449,-18
5887,term,North,debt_consolidation,2022-03-10,645,636,15595.94,7234.84,,12.28,9,0,1,34.3,,-9
5888,revolving,South,home_improvement,2021-04-12,628,601,28936.94,2893.69,7365.86,7.51,15,0,0,45.3,0.393,-27
5889,term,South,auto,2021-01-10,682,676,9674.44,967.44,,9.81,11,0,0,48.4,,-6
5890,term,North,auto,2021-11-27,756,757,7548.98,4037.91,,10.41,2,0,0,37.7,,1
5891,revolving,North,home_improvement,2023-07-25,600,566,19913.51,13007.8,37422.14,6.92,12,0,0,17.5,0.348,-34
5892,revolving,West,debt_consolidation,2021-06-08,703,659,1000.0,100.0,228.14,10.87,9,0,0,43.4,0.438,-44
5893,term,East,home_improvement,2022-12-08,739,713,21891.5,12624.98,,8.27,5,0,0,25.2,,-26
5894,term,North,home_improvement,2024-03-28,707,702,4982.53,4473.05,,11.78,4,0,0,9.3,,-5
5895,term,East,personal,2022-05-01,742,729,20744.24,12380.1,,12.18,3,0,0,32.5,,-13
5896,revolving,South,home_improvement,2023-01-07,712,686,7930.59,5148.35,11581.94,11.18,2,0,0,24.2,0.445,-26
5897,revolving,East,home_improvement,2022-02-11,638,600,15598.69,3961.74,8727.17,3.0,13,0,0,35.2,0.454,-38
5898,term,North,auto,2022-05-10,787,768,15489.27,4460.78,,10.1,0,0,0,32.2,,-19
5899,term,East,personal,2023-04-02,711,701,1000.0,466.38,,12.1,2,1,0,21.3,,-10
5900,revolving,West,auto,2023-04-20,817,804,24441.41,13000.23,31403.51,8.33,0,0,0,20.7,0.414,-13
5901,term,West,auto,2021-04-08,568,517,31043.11,16833.34,,4.29,24,1,0,45.5,,-51
5902,term,East,debt_consolidation,2021-03-02,823,814,14692.49,1469.25,,8.37,1,0,0,46.7,,-9
5903,term,West,debt_consolidation,2022-01-12,731,707,4543.33,454.33,,5.65,2,0,0,36.2,,-24
5904,term,West,auto,2023-11-05,708,665,13906.06,9450.15,,9.06,7,0,0,14.1,,-43
5905,term,East,home_improvement,2024-05-27,624,558,14803.73,12821.68,,7.78,21,0,0,7.3,,-66
5906,term,North,debt_consolidation,2021-08-07,724,650,28794.23,13583.39,,9.89,3,0,0,41.4,,-74
5907,term,East,debt_consolidation,2024-03-14,751,731,33741.06,28241.13,,3.0,3,0,0,9.8,,-20
5908,term,West,debt_consolidation,2024-09-27,574,548,60534.51,56147.44,,12.76,5,0,0,3.2,,-26
5909,term,South,home_improvement,2024-05-21,714,704,13170.13,11228.77,,11.1,1,0,0,7.5,,-10
5910,term,West,home_improvement,2023-02-12,641,617,7511.35,2756.54,,5.51,17,0,0,23.0,,-24
5911,term,South,debt_consolidation,2021-06-15,714,698,54218.88,28688.66,,9.45,7,0,0,43.2,,-16
5912,term,South,home_improvement,2022-12-11,618,600,20956.98,11606.97,,11.54,14,0,0,25.1,,-18
5913,revolving,South,debt_consolidation,2021-02-26,756,735,6546.46,1312.73,2381.73,7.22,1,0,0,46.8,0.551,-21
5914,term,East,home_improvement,2022-08-07,675,651,21581.78,12155.58,,8.67,8,0,0,29.3,,-24
5915,revolving,South,debt_consolidation,2024-03-30,724,696,6231.04,5041.94,7875.63,3.11,5,0,0,9.2,0.64,-28
5916,term,East,auto,2022-07-14,737,726,27916.11,12031.09,,3.0,3,0,0,30.1,,-11
5917,term,North,debt_consolidation,2021-08-04,697,653,16414.48,1641.45,,5.12,11,0,0,41.5,,-44
5918,revolving,East,debt_consolidation,2024-12-10,627,599,24292.24,23777.1,63226.49,7.29,16,0,0,0.7,0.376,-28
5919,term,North,personal,2022-09-20,717,704,41334.68,15106.42,,13.87,3,0,0,27.8,,-13
5920,revolving,North,personal,2021-06-01,674,667,27090.11,2709.01,7241.06,8.86,13,0,0,43.7,0.374,-7
5921,term,West,debt_consolidation,2022-08-18,691,663,18268.44,10555.34,,3.0,8,0,0,28.9,,-28
5922,revolving,South,personal,2022-02-23,658,640,6153.92,1452.63,4076.17,9.44,14,1,0,34.8,0.356,-18
5923,term,South,home_improvement,2022-08-31,572,524,40247.97,5979.59,,10.15,16,0,0,28.5,,-48
5924,term,North,auto,2021-02-16,683,656,5835.06,583.51,,6.54,8,0,0,47.2,,-27
5925,revolving,South,debt_consolidation,2022-05-13,644,621,5297.76,1323.64,2059.05,9.05,13,0,0,32.1,0.643,-23
5926,term,East,personal,2022-09-30,698,686,32436.59,8930.23,,12.35,13,0,0,27.5,,-12
5927,revolving,West,personal,2023-05-07,677,644,19042.08,15122.88,29396.07,7.93,10,1,0,20.2,0.514,-33
5928,revolving,South,personal,2024-03-14,648,631,11908.66,9810.22,21025.67,7.55,13,0,0,9.8,0.467,-17
5929,term,East,home_improvement,2021-04-30,808,778,9729.65,972.96,,6.83,0,0,0,44.7,,-30
5930,term,South,home_improvement,2022-01-06,661,634,16138.82,8538.13,,10.25,10,0,0,36.4,,-27
5931,term,East,debt_consolidation,2022-03-01,684,637,16190.97,1619.1,,7.49,15,0,0,34.6,,-47
5932,term,West,personal,2024-12-20,792,766,12226.7,11928.57,,9.03,0,0,0,0.4,,-26
5933,term,North,home_improvement,2021-09-30,619,582,28933.42,2893.34,,6.33,18,0,1,39.6,,-37
5934,revolving,South,debt_consolidation,2024-04-10,730,734,25765.42,19725.89,49874.29,7.33,3,0,0,8.9,0.396,4
5935,term,East,home_improvement,2022-02-05,635,629,3760.71,376.07,,14.74,11,0,0,35.4,,-6
5936,term,East,debt_consolidation,2021-04-29,666,624,21938.4,2193.84,,6.6,12,0,0,44.8,,-42
5937,term,West,personal,2024-12-06,703,666,20588.19,20035.65,,13.49,7,0,0,0.9,,-37
5938,term,West,debt_consolidation,2021-10-08,748,714,24623.6,11203.18,,5.67,5,0,0,39.4,,-34
5939,term,East,home_improvement,2022-02-27,618,584,20478.71,13213.18,,13.75,14,0,0,34.6,,-34
5940,revolving,North,auto,2024-10-06,695,658,25951.51,24995.18,41087.21,8.56,9,0,0,2.9,0.608,-37
5941,term,North,debt_consolidation,2024-10-15,635,579,8827.5,8316.97,,10.08,14,1,0,2.6,,-56
5942,revolving,West,auto,2024-10-22,718,670,12414.06,11565.36,30545.53,6.2,2,0,0,2.4,0.379,-48
5943,revolving,East,debt_consolidation,2021-07-23,738,687,21965.41,6225.83,16448.64,9.78,1,0,0,41.9,0.379,-51
5944,term,South,personal,2023-11-29,720,691,19084.89,11873.77,,10.1,5,0,0,13.3,,-29
5945,term,South,home_improvement,2023-08-03,631,600,15896.43,11299.83,,9.03,15,1,0,17.2,,-31
5946,term,North,personal,2023-09-21,613,580,10073.56,7111.81,,4.74,14,0,0,15.6,,-33
5947,term,East,home_improvement,2024-12-15,669,626,11287.13,11025.62,,6.38,6,0,1,0.6,,-43
5948,term,West,auto,2023-11-04,606,563,12665.73,8924.98,,5.2,11,0,0,14.1,,-43
5949,term,East,home_improvement,2024-09-08,710,703,16624.5,15898.87,,8.85,7,0,0,3.8,,-7
5950,term,West,auto,2021-11-05,764,765,13806.04,5937.77,,6.04,1,0,0,38.4,,1
5951,term,South,home_improvement,2024-07-02,632,626,5189.15,4768.31,,5.4,12,1,0,6.1,,-6
5952,term,North,auto,2024-11-16,711,680,9359.55,9146.57,,5.46,6,0,0,1.5,,-31
5953,term,East,personal,2022-06-26,632,586,15573.97,4498.7,,6.3,20,0,0,30.7,,-46
5954,revolving,North,debt_consolidation,2024-06-16,755,729,21528.69,19606.72,31585.65,16.57,1,0,0,6.6,0.621,-26
5955,term,North,debt_consolidation,2021-04-11,740,738,10029.95,3453.12,,10.24,1,0,0,45.4,,-2
5956,term,East,home_improvement,2023-12-27,675,650,17550.37,14714.97,,9.19,6,1,0,12.4,,-25
5957,revolving,West,personal,2021-07-29,725,678,29827.41,2982.74,8460.03,9.78,5,0,0,41.7,0.353,-47
5958,term,East,home_improvement,2024-11-05,730,724,8337.25,8079.58,,3.0,2,0,0,1.9,,-6
5959,term,North,debt_consolidation,2022-03-29,608,592,16092.1,4723.79,,11.5,13,0,0,33.6,,-16
5960,revolving,North,personal,2021-12-08,709,686,34857.18,10628.59,23333.66,11.2,1,1,1,37.3,0.456,-23
5961,revolving,East,debt_consolidation,2022-01-18,642,618,9966.24,1575.35,2732.26,10.24,17,0,0,36.0,0.577,-24
5962,term,West,auto,2023-07-21,687,677,18929.34,10740.98,,10.83,8,0,0,17.7,,-10
5963,term,South,personal,2021-08-17,659,623,11041.57,5831.34,,9.23,5,0,0,41.1,,-36
5964,term,West,auto,2024-04-23,681,687,21443.44,17379.88,,8.55,6,0,0,8.4,,6
5965,revolving,West,debt_consolidation,2024-12-24,735,727,6275.73,6132.82,16959.51,9.16,2,0,0,0.3,0.362,-8
5966,term,North,personal,2022-09-30,611,579,16536.42,7678.85,,3.0,13,1,1,27.5,,-32
5967,term,West,debt_consolidation,2023-08-30,575,541,25824.36,13905.7,,14.75,14,0,0,16.3,,-34
5968,term,South,debt_consolidation,2022-04-28,653,617,20526.53,4447.44,,3.89,6,0,0,32.6,,-36
5969,term,West,personal,2024-11-25,746,725,3623.65,3550.52,,12.42,3,0,0,1.2,,-21
5970,term,North,auto,2022-07-22,626,611,9136.07,3455.1,,11.59,18,0,0,29.8,,-15
5971,term,West,auto,2024-06-17,649,632,6545.47,6017.18,,9.59,15,0,1,6.6,,-17
5972,term,North,home_improvement,2024-08-25,750,718,2494.52,2377.45,,3.0,0,0,0,4.3,,-32
5973,term,North,home_improvement,2021-09-24,763,757,9632.48,4444.37,,9.79,1,0,0,39.8,,-6
5974,revolving,West,home_improvement,2023-09-08,721,711,5715.28,4355.1,8821.05,14.08,5,0,0,16.0,0.494,-10
5975,term,East,personal,2023-07-11,704,657,16016.31,10447.17,,9.27,6,0,0,18.0,,-47
5976,term,East,home_improvement,2021-11-08,740,733,13797.62,2161.85,,8.02,3,0,0,38.3,,-7
5977,revolving,West,auto,2024-01-25,655,637,37092.31,28856.57,68347.96,8.43,11,0,0,11.4,0.422,-18
5978,term,East,debt_consolidation,2023-04-29,721,719,3657.49,2418.69,,9.78,1,1,0,20.4,,-2
5979,term,South,home_improvement,2021-09-06,632,585,3116.61,668.33,,3.0,10,0,0,40.4,,-47
5980,term,South,debt_consolidation,2024-10-07,777,747,1227.77,1175.42,,10.7,0,0,0,2.9,,-30
5981,term,South,debt_consolidation,2021-07-21,742,716,1845.21,900.88,,6.11,2,0,0,42.0,,-26
5982,term,East,home_improvement,2022-04-12,719,696,9122.93,1023.25,,10.14,2,0,0,33.2,,-23
5983,revolving,North,auto,2024-05-09,659,581,10824.5,9289.25,20545.21,14.41,9,0,0,7.9,0.452,-78
5984,term,West,debt_consolidation,2022-09-07,721,710,25857.19,11225.83,,7.29,9,0,0,28.2,,-11
5985,term,West,debt_consolidation,2022-06-09,678,632,16138.01,6504.93,,5.82,5,0,0,31.2,,-46
5986,term,North,auto,2022-05-20,646,604,19455.29,4163.31,,9.23,12,0,0,31.9,,-42
5987,term,South,home_improvement,2024-01-08,715,681,39256.81,29377.03,,14.1,4,0,0,12.0,,-34
5988,term,East,auto,2023-09-15,565,513,17879.23,10464.2,,9.82,17,1,0,15.8,,-52
5989,term,East,auto,2024-10-30,733,720,20041.24,18929.36,,12.35,3,0,0,2.1,,-13
5990,revolving,North,home_improvement,2024-05-09,618,551,9976.27,7722.57,18598.29,10.92,17,0,0,7.9,0.415,-67
5991,term,West,home_improvement,2024-08-24,723,696,4681.65,4161.66,,12.52,5,0,0,4.3,,-27
5992,term,East,debt_consolidation,2024-04-16,590,557,1000.0,911.27,,7.08,18,0,0,8.7,,-33
5993,revolving,South,debt_consolidation,2021-03-20,655,640,19430.82,1943.08,4831.06,13.5,10,0,0,46.1,0.402,-15
5994,term,East,personal,2022-02-14,707,698,32684.01,13192.82,,10.87,5,0,0,35.1,,-9
5995,term,South,personal,2022-04-03,732,728,13422.6,1342.26,,4.88,5,0,0,33.5,,-4
5996,term,South,debt_consolidation,2024-12-10,638,603,15064.9,14906.46,,8.41,22,0,0,0.7,,-35
5997,revolving,West,auto,2021-09-09,624,577,11155.11,1520.8,2739.48,9.52,14,0,0,40.3,0.555,-47
5998,revolving,West,personal,2022-02-25,741,715,5954.31,2384.81,3932.69,9.33,5,0,0,34.7,0.606,-26
5999,term,South,auto,2021-06-24,794,766,20937.23,2093.72,,8.79,0,0,0,42.9,,-28
6000,revolving,South,auto,2023-03-24,625,582,2046.91,1393.56,2223.66,9.77,11,0,0,21.6,0.627,-43
6001,term,North,home_improvement,2024-04-27,523,494,10558.5,8956.85,,9.77,26,0,0,8.3,,-29
6002,revolving,East,personal,2021-11-23,771,764,29515.33,2951.53,7412.16,7.4,0,0,0,37.8,0.398,-7
6003,revolving,East,auto,2023-09-24,671,678,11394.02,6474.4,19263.62,10.24,6,1,0,15.5,0.336,7
6004,term,West,personal,2021-04-26,625,599,10250.13,4025.13,,11.35,15,0,0,44.9,,-26
6005,revolving,North,personal,2022-11-08,683,637,8897.61,4503.02,9322.44,14.33,4,0,0,26.2,0.483,-46
6006,term,North,auto,2023-06-05,796,776,28229.7,22469.66,,15.43,0,0,0,19.2,,-20
6007,term,West,personal,2022-12-04,719,677,8101.16,2704.79,,7.93,5,1,0,25.3,,-42
6008,term,East,home_improvement,2024-01-16,726,699,9964.46,8002.48,,7.66,5,0,0,11.7,,-27
6009,term,North,personal,2023-02-27,689,672,11459.95,3857.77,,8.02,5,0,0,22.5,,-17
6010,revolving,East,home_improvement,2021-02-08,708,687,12854.98,1285.5,3711.03,5.47,6,0,0,47.4,0.346,-21
6011,revolving,North,debt_consolidation,2022-06-13,781,752,27223.12,6106.12,13336.2,9.5,0,0,0,31.1,0.458,-29
6012,term,West,auto,2024-04-20,625,569,26025.67,21913.59,,19.13,21,0,0,8.5,,-56
6013,term,North,debt_consolidation,2022-04-22,725,688,5255.25,1271.61,,6.37,11,1,0,32.8,,-37
6014,term,East,debt_consolidation,2022-02-14,677,640,9090.78,5562.52,,7.15,6,0,0,35.1,,-37
6015,term,South,personal,2024-11-10,676,659,18247.31,17709.21,,3.99,14,0,0,1.7,,-17
6016,revolving,North,debt_consolidation,2024-12-23,611,569,4898.09,4763.91,9560.85,11.86,16,1,1,0.3,0.498,-42
6017,term,West,auto,2021-09-25,705,694,20791.76,2079.18,,9.59,3,0,0,39.8,,-11
6018,term,South,auto,2021-01-10,714,679,5435.33,543.53,,6.53,2,0,0,48.4,,-35
6019,term,South,auto,2023-11-03,668,653,29578.82,18335.06,,5.83,9,0,0,14.2,,-15
6020,term,North,auto,2024-07-28,766,751,15229.65,13123.17,,7.28,2,0,0,5.2,,-15
6021,term,South,debt_consolidation,2022-01-05,684,662,16457.47,2509.21,,11.09,9,0,0,36.4,,-22
6022,term,East,debt_consolidation,2023-11-27,552,526,60705.88,40134.73,,10.07,21,0,1,13.4,,-26
6023,revolving,West,home_improvement,2023-08-08,712,679,20996.32,17167.17,29192.63,6.41,1,0,0,17.1,0.588,-33
6024,term,East,personal,2023-08-10,610,585,4094.58,2488.78,,7.17,13,0,0,17.0,,-25
6025,revolving,West,auto,2024-09-05,765,774,22333.75,20342.6,33466.92,11.84,0,1,0,3.9,0.608,9
6026,term,South,debt_consolidation,2022-08-05,792,758,9623.62,2609.25,,3.28,0,0,0,29.3,,-34
6027,term,East,debt_consolidation,2021-10-10,740,720,5858.55,1448.01,,5.67,3,0,0,39.3,,-20
6028,term,North,debt_consolidation,2022-11-25,679,635,7038.31,2419.96,,9.41,4,0,0,25.6,,-44
6029,revolving,South,home_improvement,2024-11-03,716,676,3748.78,3625.89,7672.65,9.33,8,0,0,2.0,0.473,-40
6030,term,North,personal,2023-07-12,635,606,27408.44,15755.01,,11.01,13,0,0,18.0,,-29
6031,term,North,personal,2024-01-29,716,702,24596.21,17095.52,,11.49,3,1,0,11.3,,-14
6032,revolving,East,auto,2024-07-10,632,622,2996.69,2582.41,5299.77,10.97,7,0,0,5.8,0.487,-10
6033,term,West,personal,2024-12-23,792,788,5201.24,5079.63,,3.33,0,0,0,0.3,,-4
6034,term,South,debt_consolidation,2024-10-20,620,592,3978.45,3785.67,,11.41,10,0,0,2.4,,-28
6035,term,East,auto,2022-03-30,581,551,8939.98,2390.92,,10.21,17,0,0,33.6,,-30
6036,term,East,debt_consolidation,2022-11-02,670,643,6967.39,2057.58,,9.1,10,0,0,26.4,,-27
6037,term,South,home_improvement,2022-04-10,715,693,28317.63,2831.76,,11.98,5,0,0,33.2,,-22
6038,term,West,personal,2022-03-31,819,778,19597.06,7627.07,,12.75,0,0,0,33.6,,-41
6039,term,North,auto,2023-02-20,636,600,21135.6,10029.26,,7.04,7,0,0,22.7,,-36
6040,revolving,West,home_improvement,2022-01-04,683,682,2665.7,1076.39,2525.15,3.49,13,0,1,36.4,0.426,-1
6041,term,South,auto,2021-01-15,679,650,20440.95,2044.09,,7.65,8,0,0,48.2,,-29
6042,term,North,personal,2021-04-24,616,591,7098.68,709.87,,5.55,11,0,0,44.9,,-25
6043,revolving,South,home_improvement,2023-05-13,619,571,7758.71,3695.33,6800.61,8.41,9,0,0,20.0,0.543,-48
6044,term,East,debt_consolidation,2024-01-14,566,531,22412.68,14516.64,,10.85,16,0,0,11.8,,-35
6045,revolving,South,auto,2021-05-09,771,733,5936.27,593.63,1483.89,6.99,0,0,0,44.4,0.4,-38
6046,revolving,East,home_improvement,2022-04-16,632,601,8566.63,856.66,2366.31,6.51,18,1,0,33.0,0.362,-31
6047,term,North,home_improvement,2021-03-04,554,529,5387.65,685.24,,3.0,21,0,0,46.6,,-25
6048,revolving,East,home_improvement,2023-10-18,656,638,9834.24,7307.36,17058.25,10.33,16,0,1,14.7,0.428,-18
6049,term,South,personal,2023-03-08,753,714,19476.26,10909.15,,11.39,1,0,0,22.2,,-39
6050,term,West,personal,2022-09-30,710,675,17007.51,10545.31,,6.31,7,0,0,27.5,,-35
6051,term,South,personal,2021-12-14,710,683,11989.92,4295.41,,5.94,3,0,0,37.1,,-27
6052,revolving,South,personal,2023-10-29,777,745,8304.87,5330.1,8297.16,8.6,0,0,0,14.3,0.642,-32
6053,term,West,personal,2023-12-12,742,706,5966.45,4680.91,,3.87,1,0,0,12.9,,-36
6054,revolving,East,home_improvement,2023-01-18,522,465,16492.13,10661.0,27005.02,12.19,26,0,0,23.8,0.395,-57
6055,term,East,home_improvement,2024-04-15,651,621,3297.18,2777.82,,6.49,11,0,0,8.7,,-30
6056,term,North,debt_consolidation,2021-07-29,706,686,8155.08,3088.0,,11.46,4,1,0,41.7,,-20
6057,term,South,personal,2024-04-18,691,649,5898.29,5206.27,,8.7,3,0,0,8.6,,-42
6058,term,West,auto,2024-11-08,713,684,12675.46,12331.18,,3.69,4,0,0,1.8,,-29
6059,term,West,debt_consolidation,2022-12-25,841,804,6237.3,3133.14,,6.15,0,0,0,24.6,,-37
6060,term,North,debt_consolidation,2021-06-11,621,598,13691.61,1369.16,,3.0,12,0,0,43.3,,-23
6061,revolving,West,auto,2022-04-12,545,507,10325.69,1032.57,2051.96,9.31,24,0,0,33.2,0.503,-38
6062,term,South,debt_consolidation,2023-09-26,534,483,1000.0,822.11,,6.71,24,0,0,15.4,,-51
6063,term,East,debt_consolidation,2023-08-10,735,716,36891.24,26718.84,,7.94,3,0,0,17.0,,-19
6064,term,West,debt_consolidation,2022-01-05,670,650,20383.97,2038.4,,13.04,11,0,0,36.4,,-20
6065,term,East,personal,2021-12-13,590,548,18184.17,1818.42,,11.73,18,0,1,37.2,,-42
6066,term,West,personal,2022-10-03,665,616,11424.29,2058.73,,7.85,5,0,0,27.4,,-49
6067,revolving,West,home_improvement,2024-01-25,651,612,6717.34,5222.51,14304.14,8.68,7,0,0,11.4,0.365,-39
6068,revolving,West,home_improvement,2022-08-03,658,631,30182.8,21197.33,44553.54,6.54,9,0,0,29.4,0.476,-27
6069,revolving,North,personal,2021-06-17,565,517,9660.52,1239.35,3250.04,10.93,22,0,0,43.1,0.381,-48
6070,term,South,personal,2022-01-24,715,702,11473.19,1147.32,,15.22,9,0,0,35.8,,-13
6071,term,North,debt_consolidation,2021-06-13,723,719,21902.15,2558.14,,6.42,2,0,0,43.3,,-4
6072,term,West,auto,2022-04-06,687,664,12404.94,2927.03,,10.07,8,0,0,33.4,,-23
6073,term,South,debt_consolidation,2022-08-16,675,668,12581.31,4015.11,,6.48,9,0,0,29.0,,-7
6074,revolving,West,auto,2021-06-07,690,657,6987.12,698.71,1451.93,11.64,5,0,0,43.5,0.481,-33
6075,term,West,home_improvement,2021-02-08,682,667,29177.15,2917.71,,10.8,8,0,0,47.4,,-15
6076,term,East,auto,2022-04-05,573,546,12607.03,1260.7,,10.53,17,0,0,33.4,,-27
6077,revolving,North,home_improvement,2022-06-20,629,612,3361.46,615.74,974.22,4.42,20,0,0,30.9,0.632,-17
6078,term,East,debt_consolidation,2023-10-25,692,686,11732.82,9146.84,,3.0,7,1,0,14.5,,-6
6079,term,West,auto,2023-09-01,635,582,26204.03,15672.6,,10.23,19,0,0,16.3,,-53
6080,revolving,South,personal,2023-08-13,733,710,7321.95,5179.44,12617.94,4.85,5,1,0,16.9,0.41,-23
6081,revolving,East,debt_consolidation,2021-07-10,598,546,12466.36,4745.03,7152.76,8.28,20,0,0,42.4,0.663,-52
6082,term,East,auto,2024-11-16,820,795,8635.05,8459.54,,7.57,0,0,0,1.5,,-25
6083,term,North,home_improvement,2024-06-27,804,787,6037.89,5438.41,,12.1,0,0,0,6.3,,-17
6084,term,East,debt_consolidation,2021-06-02,663,661,29807.53,2980.75,,11.48,15,0,0,43.6,,-2
6085,term,South,auto,2024-11-19,590,576,36983.41,36242.18,,7.76,12,0,0,1.4,,-14
6086,revolving,South,home_improvement,2023-07-11,647,605,8636.08,4844.72,11797.32,9.99,9,0,0,18.0,0.411,-42
6087,revolving,West,home_improvement,2022-05-07,752,740,53152.46,12104.59,26476.5,10.04,1,0,0,32.3,0.457,-12
6088,revolving,West,home_improvement,2023-07-15,659,665,41919.5,28060.29,44736.16,11.59,7,0,0,17.9,0.627,6
6089,revolving,East,home_improvement,2023-09-13,703,660,11085.48,6724.69,18248.96,3.03,6,0,1,15.9,0.368,-43
6090,term,North,personal,2023-05-19,683,677,32646.74,21341.14,,6.38,10,0,0,19.8,,-6
6091,revolving,South,auto,2024-02-16,714,680,4651.96,3785.4,8282.03,11.67,6,0,0,10.7,0.457,-34
6092,revolving,North,debt_consolidation,2023-11-06,710,690,9351.03,7993.82,14900.65,4.92,6,0,0,14.1,0.536,-20
6093,term,South,auto,2021-11-29,662,641,10217.36,6315.65,,5.18,7,0,1,37.6,,-21
6094,term,East,auto,2023-02-09,767,760,13327.15,4911.85,,8.43,0,0,0,23.1,,-7
6095,term,South,personal,2023-02-25,710,695,18645.78,7855.65,,7.25,4,0,0,22.5,,-15
6096,term,West,auto,2023-09-14,750,714,5554.52,3748.04,,10.38,3,0,0,15.8,,-36
6097,term,West,personal,2021-10-20,665,636,12325.58,3811.27,,12.72,12,0,0,39.0,,-29
6098,term,North,home_improvement,2021-11-01,670,630,30749.0,10037.55,,3.03,12,0,0,38.6,,-40
6099,term,East,debt_consolidation,2023-02-16,840,830,20733.57,9871.07,,9.22,0,0,0,22.8,,-10
6100,term,West,debt_consolidation,2021-07-13,677,657,14140.88,1414.09,,8.51,11,0,0,42.3,,-20
6101,revolving,North,debt_consolidation,2022-11-01,755,752,23204.96,16725.34,45667.99,5.27,2,0,0,26.4,0.366,-3
6102,revolving,North,home_improvement,2023-02-25,592,537,12775.42,7316.74,17592.99,3.0,20,0,0,22.5,0.416,-55
6103,term,South,personal,2021-06-17,701,674,3557.61,1606.1,,6.26,12,0,0,43.1,,-27
6104,revolving,North,personal,2021-04-18,655,652,10620.33,1062.03,2798.87,3.97,8,0,0,45.1,0.379,-3
6105,revolving,East,personal,2023-03-17,772,733,4885.4,3584.62,9172.92,9.63,0,0,0,21.9,0.391,-39
6106,revolving,East,personal,2023-11-03,639,607,54695.39,32358.5,76288.34,6.84,12,0,0,14.2,0.424,-32
6107,term,North,auto,2021-05-05,654,612,7082.17,708.22,,6.62,9,0,0,44.6,,-42
6108,revolving,East,auto,2023-11-16,714,707,19784.63,14842.29,40290.95,11.03,5,0,0,13.7,0.368,-7
6109,revolving,East,home_improvement,2021-01-31,616,590,9486.55,948.65,2600.37,14.78,15,0,0,47.7,0.365,-26
6110,term,East,home_improvement,2021-02-24,687,642,14242.34,1424.23,,8.09,1,0,0,46.9,,-45
6111,revolving,West,personal,2024-07-03,643,606,3080.86,2582.19,4506.44,10.59,13,1,0,6.1,0.573,-37
6112,term,South,debt_consolidation,2021-11-16,688,639,6478.74,3243.61,,11.77,4,0,0,38.1,,-49
6113,term,East,auto,2024-01-04,674,669,4122.71,2746.04,,5.04,9,0,0,12.1,,-5
6114,revolving,East,personal,2022-04-18,790,794,38964.4,17123.48,41626.82,4.22,1,0,0,33.0,0.411,4
6115,term,East,personal,2023-11-21,707,689,21088.72,13520.07,,8.22,4,0,0,13.6,,-18
6116,term,East,home_improvement,2022-12-24,601,541,10810.38,4444.38,,10.41,15,0,0,24.6,,-60
6117,term,North,auto,2021-05-22,624,607,55791.23,20235.84,,6.63,15,0,0,44.0,,-17
6118,term,West,home_improvement,2021-02-26,653,606,71335.84,9587.97,,3.61,7,0,0,46.8,,-47
6119,term,East,personal,2021-08-04,638,592,9792.53,4393.71,,13.21,12,0,0,41.5,,-46
6120,revolving,East,home_improvement,2021-03-17,765,744,1690.41,169.04,468.82,11.05,0,0,0,46.2,0.361,-21
6121,term,North,home_improvement,2021-09-12,646,626,32391.15,3239.11,,8.15,17,0,0,40.2,,-20
6122,term,North,home_improvement,2023-09-18,677,642,8840.4,7004.98,,5.91,14,0,0,15.7,,-35
6123,term,East,debt_consolidation,2022-11-01,716,679,13585.23,5080.02,,4.64,7,0,0,26.4,,-37
6124,term,East,auto,2024-07-25,847,835,18218.63,15716.38,,6.18,0,0,0,5.3,,-12
6125,term,West,home_improvement,2021-06-27,671,649,6823.39,1683.43,,14.09,15,0,0,42.8,,-22
6126,term,South,personal,2024-01-28,779,733,11762.31,8219.38,,7.92,0,0,0,11.3,,-46
6127,revolving,North,auto,2021-06-16,654,613,10341.37,5234.72,14653.11,9.7,10,0,0,43.2,0.357,-41
6128,term,South,personal,2022-11-13,738,740,27812.57,10544.32,,17.78,1,0,0,26.0,,2
6129,term,North,auto,2023-09-13,629,604,14325.84,9032.06,,14.53,13,0,0,15.9,,-25
6130,revolving,West,auto,2023-03-02,728,731,10502.31,6255.13,13550.11,9.47,5,0,0,22.4,0.462,3
6131,revolving,East,auto,2022-03-29,657,638,13267.72,8444.28,18434.7,14.3,7,0,0,33.6,0.458,-19
6132,term,West,home_improvement,2024-06-17,734,725,5083.89,4714.69,,10.4,3,0,0,6.6,,-9
6133,term,North,debt_consolidation,2021-05-16,728,736,17016.73,5548.58,,14.86,2,0,0,44.2,,8
6134,revolving,West,auto,2022-12-30,717,688,6117.52,1746.06,4254.12,9.08,3,0,0,24.4,0.41,-29
6135,revolving,West,debt_consolidation,2021-03-23,705,673,3126.66,312.67,853.38,11.17,4,0,0,46.0,0.366,-32
6136,term,West,home_improvement,2023-06-27,651,632,5722.49,3359.59,,10.75,16,0,0,18.5,,-19
6137,term,East,personal,2023-11-18,723,694,1000.0,832.78,,6.53,6,0,0,13.7,,-29
6138,term,South,debt_consolidation,2021-07-07,583,525,15325.35,4804.91,,11.27,18,0,0,42.5,,-58
6139,revolving,South,debt_consolidation,2023-07-13,833,831,25771.03,19708.69,42571.96,5.85,0,0,0,17.9,0.463,-2
6140,revolving,South,auto,2022-02-12,718,687,5639.68,563.97,1132.34,7.42,11,0,0,35.1,0.498,-31
6141,term,North,debt_consolidation,2023-05-20,712,697,7546.19,3458.26,,11.44,9,0,0,19.7,,-15
6142,term,North,auto,2022-10-05,708,702,4343.94,2470.83,,10.17,6,1,0,27.3,,-6
6143,revolving,East,debt_consolidation,2022-10-25,635,592,57992.09,21835.27,60166.61,9.08,21,0,0,26.6,0.363,-43
6144,revolving,East,debt_consolidation,2022-04-11,644,628,13525.26,8116.36,21520.43,9.95,13,0,0,33.2,0.377,-16
6145,term,East,auto,2023-03-29,694,681,2185.87,984.96,,8.87,4,0,0,21.5,,-13
6146,revolving,West,auto,2023-08-15,650,648,45702.54,31623.65,63791.52,12.15,10,1,0,16.8,0.496,-2
6147,term,East,debt_consolidation,2022-10-05,608,575,7035.45,4327.67,,15.95,15,0,0,27.3,,-33
6148,term,West,personal,2023-07-14,675,640,3286.84,2180.83,,13.26,7,0,0,17.9,,-35
6149,term,West,home_improvement,2024-09-27,701,679,21824.38,20601.05,,7.95,5,0,0,3.2,,-22
6150,term,North,personal,2022-08-26,679,671,9977.58,3504.42,,10.51,13,0,0,28.6,,-8
6151,term,West,home_improvement,2023-03-24,743,743,29324.92,17948.96,,6.61,3,0,0,21.6,,0
6152,term,East,home_improvement,2024-05-28,689,648,9400.68,8047.55,,12.64,8,0,0,7.3,,-41
6153,revolving,South,auto,2024-12-02,775,751,20347.3,19901.68,59645.08,9.04,0,0,0,1.0,0.334,-24
6154,term,East,personal,2024-09-25,818,805,24005.19,21857.46,,11.41,0,0,0,3.3,,-13
6155,revolving,South,home_improvement,2023-03-16,672,635,19359.98,8733.74,13335.45,10.0,8,0,0,21.9,0.655,-37
6156,term,South,debt_consolidation,2022-08-26,613,574,7621.81,4839.26,,3.0,14,0,0,28.6,,-39
6157,revolving,North,debt_consolidation,2021-11-01,611,574,6001.03,2010.72,3367.61,8.94,17,0,0,38.6,0.597,-37
6158,revolving,East,debt_consolidation,2024-01-09,677,672,9758.99,6481.59,16329.19,9.82,4,0,0,11.9,0.397,-5
6159,term,West,home_improvement,2024-07-18,728,696,9063.01,7844.55,,10.27,5,0,0,5.6,,-32
6160,revolving,East,auto,2023-11-03,659,653,28310.77,21923.78,53078.23,6.28,9,0,0,14.2,0.413,-6
6161,term,North,debt_consolidation,2023-07-01,681,654,23934.13,18803.49,,5.08,6,0,0,18.3,,-27
6162,term,East,personal,2022-05-05,648,614,8557.66,855.77,,9.63,11,0,0,32.4,,-34
6163,revolving,North,debt_consolidation,2021-01-29,660,634,10072.52,1007.25,1732.18,9.34,9,0,0,47.8,0.581,-26
6164,term,West,auto,2022-02-03,686,646,5935.25,593.52,,7.73,5,1,0,35.4,,-40
6165,revolving,South,debt_consolidation,2022-06-07,738,710,4435.55,2520.38,7122.9,7.38,1,1,0,31.3,0.354,-28
6166,term,North,debt_consolidation,2024-07-14,735,719,15634.94,13903.44,,12.72,6,0,1,5.7,,-16
6167,revolving,East,home_improvement,2021-01-28,545,483,16828.37,1682.84,4043.17,6.72,16,0,1,47.8,0.416,-62
6168,term,West,auto,2023-04-29,720,682,2536.3,1742.04,,7.29,6,0,0,20.4,,-38
6169,term,North,personal,2023-04-13,718,713,37806.89,15662.59,,3.0,6,0,0,21.0,,-5
6170,term,West,auto,2021-09-07,674,633,16227.28,1622.73,,11.42,11,0,0,40.4,,-41
6171,revolving,North,personal,2024-09-25,659,631,2735.99,2613.16,5321.89,9.46,11,0,0,3.3,0.491,-28
6172,revolving,West,home_improvement,2021-02-28,716,678,27766.18,2776.62,4662.97,13.69,8,0,0,46.8,0.595,-38
6173,term,South,home_improvement,2024-10-25,687,689,8796.36,8350.24,,6.33,2,0,0,2.3,,2
6174,term,North,personal,2022-09-03,666,661,42093.15,21551.96,,4.35,8,0,0,28.4,,-5
6175,term,East,debt_consolidation,2021-02-28,810,787,13592.68,6563.15,,6.59,0,0,0,46.8,,-23
6176,revolving,South,auto,2024-07-17,710,700,9347.99,8287.16,14304.48,11.69,5,0,0,5.6,0.579,-10
6177,revolving,South,personal,2023-11-25,648,611,14506.81,12135.78,21140.68,12.31,7,0,0,13.4,0.574,-37
6178,term,North,debt_consolidation,2022-05-30,724,720,14376.28,5686.71,,9.33,3,0,0,31.6,,-4
6179,term,East,personal,2023-05-13,706,684,43148.97,20824.94,,9.19,4,0,0,20.0,,-22
6180,revolving,West,home_improvement,2023-11-29,702,664,26340.11,16958.43,43427.92,13.79,7,0,0,13.3,0.39,-38
6181,term,North,auto,2022-04-30,732,724,32588.7,3258.87,,10.78,5,0,1,32.6,,-8
6182,revolving,North,personal,2021-08-12,651,630,14350.83,1435.08,2249.26,9.0,9,0,0,41.3,0.638,-21
6183,term,North,personal,2021-11-23,695,663,16063.79,4623.71,,6.87,9,1,0,37.8,,-32
6184,revolving,North,auto,2023-05-07,629,582,5565.72,3391.01,8936.42,11.0,13,0,0,20.2,0.379,-47
6185,term,West,debt_consolidation,2022-08-29,728,703,10857.57,4000.98,,5.38,7,0,0,28.5,,-25
6186,term,East,home_improvement,2023-11-07,681,654,27454.72,16717.19,,5.36,3,0,0,14.0,,-27
6187,term,West,home_improvement,2024-03-18,631,588,34115.98,25808.58,,8.44,15,0,0,9.6,,-43
6188,revolving,South,auto,2023-07-01,677,634,3391.83,2191.07,3695.77,13.59,6,0,0,18.3,0.593,-43
6189,term,North,debt_consolidation,2023-01-31,694,665,9320.63,3248.42,,5.28,10,0,0,23.4,,-29
6190,term,West,home_improvement,2024-08-22,734,682,4003.45,3600.68,,12.35,5,0,0,4.4,,-52
6191,revolving,South,debt_consolidation,2023-07-10,753,736,30057.39,21808.52,47006.81,10.98,1,0,0,18.0,0.464,-17
6192,term,West,home_improvement,2023-12-02,736,710,17492.48,13337.25,,5.6,4,0,0,13.2,,-26
6193,revolving,East,auto,2024-01-16,712,665,21293.95,18027.78,35981.61,9.9,4,0,0,11.7,0.501,-47
6194,term,West,auto,2023-01-03,724,689,4117.41,1872.32,,6.84,4,0,0,24.3,,-35
6195,term,North,debt_consolidation,2022-01-26,664,635,15995.12,5128.37,,6.84,13,0,0,35.7,,-29
6196,term,South,home_improvement,2022-01-23,614,572,10695.24,3745.7,,12.55,16,0,0,35.8,,-42
6197,term,East,home_improvement,2022-08-02,640,607,17199.87,3357.42,,8.62,12,0,0,29.4,,-33
6198,term,South,debt_consolidation,2024-04-12,682,666,12453.18,11343.53,,8.48,8,0,0,8.8,,-16
6199,term,West,debt_consolidation,2021-07-17,667,633,13990.44,5386.84,,8.96,12,0,0,42.1,,-34
6200,revolving,South,debt_consolidation,2023-05-17,665,655,11241.35,5233.07,11744.33,12.89,13,0,0,19.8,0.446,-10
6201,term,East,personal,2023-03-10,696,667,11796.2,7264.35,,8.25,6,0,0,22.1,,-29
6202,term,North,home_improvement,2023-08-27,739,726,8632.82,6482.23,,11.35,3,0,0,16.4,,-13
6203,revolving,West,debt_consolidation,2021-05-05,696,683,21593.65,2159.36,3377.89,11.37,10,0,0,44.6,0.639,-13
6204,term,South,debt_consolidation,2021-10-14,650,611,5404.04,1729.46,,4.03,19,0,0,39.2,,-39
6205,term,West,debt_consolidation,2023-07-22,607,598,19428.27,11107.44,,12.34,8,0,1,17.6,,-9
6206,revolving,South,personal,2023-06-05,670,644,33096.25,15659.29,40603.27,12.7,6,0,0,19.2,0.386,-26
6207,revolving,East,debt_consolidation,2024-07-17,557,500,24713.13,20617.07,37312.13,10.99,12,0,0,5.6,0.553,-57
6208,revolving,North,auto,2023-01-31,745,710,15004.57,4753.89,13167.57,7.59,1,0,0,23.4,0.361,-35
6209,revolving,North,personal,2022-01-08,685,646,4005.71,1276.31,3507.62,6.5,11,0,0,36.3,0.364,-39
6210,term,South,debt_consolidation,2021-10-28,786,764,22236.78,3427.95,,8.75,0,0,0,38.7,,-22
6211,term,West,home_improvement,2023-03-02,760,734,24885.05,16811.81,,3.72,0,0,0,22.4,,-26
6212,term,North,debt_consolidation,2023-01-17,713,665,6033.71,4255.86,,10.27,6,0,0,23.8,,-48
6213,term,South,personal,2022-10-24,649,620,25393.8,8488.81,,5.24,4,0,0,26.7,,-29
6214,term,West,debt_consolidation,2022-07-16,657,647,5619.91,1534.56,,10.07,8,0,0,30.0,,-10
6215,term,North,debt_consolidation,2022-12-04,773,763,20852.34,10855.37,,7.8,0,0,0,25.3,,-10
6216,term,South,home_improvement,2024-04-25,708,697,14490.43,11127.76,,10.19,2,0,0,8.4,,-11
6217,term,East,home_improvement,2023-07-17,601,552,27207.27,20742.1,,7.57,13,0,0,17.8,,-49
6218,term,South,home_improvement,2021-07-09,660,619,9371.65,937.16,,8.75,7,0,0,42.4,,-41
6219,term,East,debt_consolidation,2021-01-12,764,730,30694.06,3069.41,,6.86,2,0,0,48.3,,-34
6220,revolving,North,auto,2021-09-19,746,733,15968.24,3599.63,5878.79,9.78,3,0,0,40.0,0.612,-13
6221,term,West,personal,2023-11-22,704,653,13075.39,7951.01,,11.77,2,1,0,13.5,,-51
6222,term,North,personal,2024-03-05,761,763,13587.61,10117.47,,12.62,0,0,0,10.1,,2
6223,term,East,personal,2023-10-06,605,546,30124.54,17850.89,,7.9,14,1,0,15.1,,-59
6224,term,North,personal,2023-04-06,644,583,9330.3,4644.99,,3.0,5,1,0,21.2,,-61
6225,revolving,East,home_improvement,2023-03-25,673,625,9035.25,4052.76,6443.36,7.49,11,0,0,21.6,0.629,-48
6226,term,East,personal,2022-08-30,649,612,19594.65,3477.05,,11.08,17,0,1,28.5,,-37
6227,revolving,South,personal,2022-07-09,724,674,34907.19,11604.95,30538.84,12.06,6,0,0,30.2,0.38,-50
6228,term,West,auto,2024-04-30,728,677,8264.67,6986.3,,14.71,5,0,0,8.2,,-51
6229,revolving,South,debt_consolidation,2021-03-14,710,698,16796.92,1679.69,4661.19,7.01,7,0,0,46.3,0.36,-12
6230,revolving,South,debt_consolidation,2024-05-03,618,576,3211.73,2710.58,7260.33,13.66,12,0,0,8.1,0.373,-42
6231,revolving,East,debt_consolidation,2022-05-13,786,746,45454.39,5762.99,14678.11,8.06,0,0,0,32.1,0.393,-40
6232,term,South,auto,2024-05-04,700,670,26048.05,19778.64,,10.35,8,0,0,8.1,,-30
6233,revolving,West,personal,2022-06-02,584,534,60223.47,31809.99,61314.33,10.27,19,0,0,31.5,0.519,-50
6234,revolving,East,auto,2021-11-28,607,580,13615.72,5508.36,8861.14,12.78,11,0,0,37.7,0.622,-27
6235,revolving,West,auto,2024-10-09,634,608,5755.92,5276.84,10608.89,4.17,6,0,0,2.8,0.497,-26
6236,term,West,auto,2022-12-14,779,773,3395.32,1724.75,,4.93,0,0,0,25.0,,-6
6237,term,South,home_improvement,2021-09-06,627,608,30929.85,13561.81,,9.34,13,0,0,40.4,,-19
6238,term,South,auto,2021-01-28,616,567,18423.77,1842.38,,5.78,20,0,0,47.8,,-49
6239,revolving,East,auto,2024-05-24,745,707,33282.22,29867.96,76285.07,9.27,1,0,0,7.4,0.392,-38
6240,revolving,South,personal,2022-05-07,733,704,18747.75,4390.91,12568.46,11.71,6,0,0,32.3,0.349,-29
6241,term,East,personal,2022-02-10,646,604,26266.4,2796.1,,13.3,11,0,0,35.2,,-42
6242,revolving,West,home_improvement,2024-04-28,710,673,9609.38,7806.6,12989.29,6.25,5,0,0,8.3,0.601,-37
6243,revolving,North,auto,2022-04-30,664,623,16257.16,8329.66,14691.39,5.75,10,0,0,32.6,0.567,-41
6244,term,East,personal,2024-01-27,717,683,12954.62,11463.52,,10.48,5,1,0,11.3,,-34
6245,term,East,debt_consolidation,2022-02-15,661,633,18258.33,8596.28,,11.48,3,0,0,35.0,,-28
6246,term,South,debt_consolidation,2022-01-08,711,699,21154.28,6335.39,,7.01,6,0,0,36.3,,-12
6247,revolving,North,debt_consolidation,2021-06-05,681,669,8215.41,4020.0,9716.13,6.53,8,0,0,43.5,0.414,-12
6248,term,North,home_improvement,2023-08-30,644,600,4914.14,2707.74,,11.36,11,0,0,16.3,,-44
6249,revolving,West,personal,2024-10-14,735,729,26610.41,25696.23,53849.3,12.17,4,0,0,2.6,0.477,-6
6250,term,West,personal,2021-05-26,684,680,26668.5,2666.85,,9.05,6,0,0,43.9,,-4
6251,revolving,East,auto,2023-01-08,738,693,16924.34,10224.69,29644.89,10.69,1,0,0,24.1,0.345,-45
6252,term,West,debt_consolidation,2022-01-25,710,698,9925.34,2208.75,,6.58,3,0,0,35.7,,-12
6253,term,South,debt_consolidation,2021-12-05,677,648,7486.79,3645.73,,7.37,8,0,0,37.4,,-29
6254,revolving,West,personal,2022-10-20,750,706,13934.79,7120.19,13675.57,8.43,1,0,0,26.8,0.521,-44
6255,term,West,auto,2024-09-21,695,674,7065.79,6476.97,,7.2,2,0,0,3.4,,-21
6256,term,West,auto,2021-08-18,708,701,9555.56,4985.19,,4.09,8,0,0,41.1,,-7
6257,revolving,West,debt_consolidation,2024-12-27,662,637,1977.47,1935.01,2925.41,7.3,11,0,1,0.2,0.661,-25
6258,term,North,personal,2023-06-19,652,616,30194.46,16491.92,,10.12,9,0,0,18.7,,-36
6259,term,West,home_improvement,2024-01-23,691,665,26469.18,20742.9,,7.73,4,0,0,11.5,,-26
6260,term,East,personal,2021-07-28,626,620,11144.59,1114.46,,11.55,18,0,0,41.8,,-6
6261,revolving,West,home_improvement,2024-12-02,689,662,9723.18,9452.62,18446.27,7.87,2,0,0,1.0,0.512,-27
6262,revolving,South,debt_consolidation,2023-11-02,692,668,14845.86,10583.26,19011.72,5.95,3,0,0,14.2,0.557,-24
6263,term,West,personal,2024-06-08,618,576,5347.13,4914.0,,9.34,13,0,1,6.9,,-42
6264,revolving,West,debt_consolidation,2022-04-25,757,758,9881.44,2050.29,5235.41,11.26,3,0,0,32.7,0.392,1
6265,term,East,auto,2022-01-30,767,725,12187.14,4754.32,,6.32,0,0,0,35.6,,-42
6266,term,North,debt_consolidation,2024-05-16,762,755,12552.55,10898.74,,3.29,2,0,0,7.7,,-7
6267,revolving,South,home_improvement,2024-11-18,669,619,18478.58,17671.93,52889.45,9.98,7,0,0,1.5,0.334,-50
6268,term,North,debt_consolidation,2022-02-03,690,669,29443.81,5124.32,,11.28,9,1,0,35.4,,-21
6269,term,East,debt_consolidation,2023-04-09,659,624,20783.89,14636.18,,3.77,6,0,0,21.1,,-35
6270,term,North,personal,2023-01-05,724,682,7231.83,2370.27,,12.02,6,0,0,24.2,,-42
6271,revolving,South,personal,2023-04-16,669,664,30777.82,21357.15,35829.8,7.38,8,0,1,20.9,0.596,-5
6272,revolving,North,debt_consolidation,2022-04-12,693,666,12390.11,1239.01,3494.31,8.21,8,0,1,33.2,0.355,-27
6273,term,North,auto,2022-05-07,702,651,16496.1,9576.29,,7.85,6,0,0,32.3,,-51
6274,term,South,personal,2021-04-09,614,578,13037.17,2408.9,,7.91,12,0,0,45.4,,-36
6275,term,East,auto,2022-12-09,678,620,33069.84,14971.39,,8.22,10,0,0,25.1,,-58
6276,term,West,home_improvement,2023-04-30,735,702,12202.07,9275.66,,9.57,6,0,0,20.4,,-33
6277,revolving,South,personal,2021-03-20,850,850,14227.08,2574.02,5583.81,7.97,0,0,0,46.1,0.461,0
6278,revolving,East,debt_consolidation,2022-01-09,574,531,17407.32,6830.09,16463.2,13.56,14,0,0,36.3,0.415,-43
6279,revolving,East,personal,2024-06-23,642,594,5806.44,5117.92,8180.02,9.32,11,0,0,6.4,0.626,-48
6280,term,North,auto,2023-06-15,644,605,15907.78,10685.8,,10.42,17,0,0,18.9,,-39
6281,term,South,debt_consolidation,2022-02-07,605,580,15344.66,4165.29,,15.03,12,0,0,35.3,,-25
6282,term,East,debt_consolidation,2023-05-16,797,793,26564.93,14050.68,,11.45,0,0,0,19.9,,-4
6283,term,East,auto,2022-04-24,677,648,28324.39,18865.27,,17.35,8,0,0,32.8,,-29
6284,revolving,East,personal,2024-04-25,670,632,1449.57,1294.02,3059.85,8.27,10,0,0,8.4,0.423,-38
6285,term,North,home_improvement,2024-09-23,717,697,46077.82,43018.62,,11.42,4,0,0,3.3,,-20
6286,term,South,debt_consolidation,2022-04-09,645,599,14160.07,1416.01,,10.45,12,0,0,33.3,,-46
6287,term,North,debt_consolidation,2021-01-19,724,708,9712.73,3814.08,,9.69,2,1,0,48.1,,-16
6288,term,East,auto,2021-05-31,645,598,13591.14,1684.76,,10.54,13,0,0,43.7,,-47
6289,term,East,debt_consolidation,2023-01-16,763,728,19514.74,10620.68,,9.26,1,1,0,23.9,,-35
6290,term,West,debt_consolidation,2024-04-09,688,666,23134.98,20941.14,,11.49,7,0,0,8.9,,-22
6291,term,South,home_improvement,2021-11-20,763,755,24144.74,6990.49,,6.83,0,0,0,37.9,,-8
6292,term,South,debt_consolidation,2023-09-02,717,686,26960.82,21430.72,,5.45,3,0,0,16.2,,-31
6293,revolving,South,home_improvement,2021-02-15,540,522,16130.47,6515.42,9918.73,10.1,16,0,0,47.2,0.657,-18
6294,term,East,debt_consolidation,2023-05-07,607,588,13453.11,6530.39,,11.77,12,0,0,20.2,,-19
6295,term,East,home_improvement,2024-04-12,778,755,39800.17,29397.02,,10.72,0,0,0,8.8,,-23
6296,revolving,East,auto,2022-08-13,661,624,55454.01,28321.07,72086.77,4.07,9,0,0,29.1,0.393,-37
6297,term,South,auto,2022-01-31,574,540,6984.84,3687.94,,11.81,18,0,0,35.5,,-34
6298,term,West,home_improvement,2021-05-01,650,606,22500.08,2250.01,,9.05,16,0,0,44.7,,-44
6299,term,North,auto,2022-09-20,658,658,11380.92,4577.0,,12.63,10,0,0,27.8,,0
6300,term,North,personal,2024-07-25,756,742,5913.44,5197.43,,4.79,0,0,0,5.3,,-14
6301,term,West,home_improvement,2023-12-25,630,620,6600.27,4227.81,,12.5,19,0,0,12.4,,-10
6302,revolving,East,debt_consolidation,2021-07-30,673,633,18260.08,3687.41,10551.93,8.83,10,0,0,41.7,0.349,-40
6303,term,East,debt_consolidation,2023-01-12,746,749,8506.12,3124.75,,15.49,4,0,0,24.0,,3
6304,term,West,debt_consolidation,2022-09-25,652,622,8057.06,4847.92,,10.06,10,0,0,27.6,,-30
6305,term,West,personal,2024-10-20,629,614,21921.92,21052.55,,11.03,8,0,0,2.4,,-15
6306,revolving,North,auto,2021-12-02,702,693,9691.9,4217.01,6372.12,7.38,7,0,0,37.5,0.662,-9
6307,term,North,personal,2023-10-27,727,725,34623.69,23299.15,,8.07,4,0,0,14.4,,-2
6308,term,East,home_improvement,2021-04-02,676,661,6783.63,2025.7,,8.5,8,0,0,45.7,,-15
6309,term,West,personal,2022-07-31,718,692,1324.14,421.05,,9.35,6,0,0,29.5,,-26
6310,term,South,auto,2024-11-05,648,627,4668.54,4561.02,,8.28,14,0,0,1.9,,-21
6311,term,East,personal,2024-12-07,562,519,19528.27,19125.91,,10.92,28,0,0,0.8,,-43
6312,term,South,debt_consolidation,2023-04-17,732,706,12667.1,8250.71,,12.33,3,1,0,20.8,,-26
6313,term,North,debt_consolidation,2023-09-22,619,591,8029.26,4965.13,,10.78,8,0,0,15.6,,-28
6314,revolving,West,debt_consolidation,2024-03-29,644,588,9471.75,8217.59,23644.79,9.71,4,0,0,9.3,0.348,-56
6315,term,North,debt_consolidation,2021-03-20,694,684,3842.29,384.23,,8.02,6,0,0,46.1,,-10
6316,revolving,North,debt_consolidation,2023-10-31,738,707,22931.87,16174.89,41118.81,3.0,2,0,0,14.3,0.393,-31
6317,term,North,debt_consolidation,2022-12-23,675,627,11217.65,6136.2,,11.17,10,0,0,24.7,,-48
6318,term,East,home_improvement,2022-06-27,649,614,11137.21,7515.66,,6.84,11,0,0,30.6,,-35
6319,revolving,North,personal,2021-05-04,769,764,16458.77,8488.92,16620.88,7.44,0,0,0,44.6,0.511,-5
6320,revolving,South,auto,2024-11-26,661,632,30569.49,29565.68,60064.4,7.35,7,0,0,1.2,0.492,-29
6321,revolving,South,debt_consolidation,2022-12-11,664,611,2571.52,1506.61,3461.87,9.85,18,1,0,25.1,0.435,-53
6322,revolving,East,auto,2023-01-07,585,577,14679.13,10564.09,30582.16,12.22,15,0,0,24.2,0.345,-8
6323,term,West,personal,2021-09-18,687,656,47536.87,4753.69,,6.91,9,0,0,40.0,,-31
6324,revolving,West,debt_consolidation,2024-07-23,766,725,27131.52,23459.17,67221.4,4.32,2,0,0,5.4,0.349,-41
6325,revolving,North,home_improvement,2021-01-26,592,543,14656.83,2306.87,4893.25,10.01,18,0,0,47.9,0.471,-49
6326,term,North,personal,2024-03-14,637,579,4625.18,3924.09,,5.43,11,0,0,9.8,,-58
6327,term,South,home_improvement,2021-02-11,677,662,18222.68,1822.27,,7.6,7,1,0,47.3,,-15
6328,term,North,personal,2023-10-15,712,670,9725.67,7462.6,,6.33,13,0,0,14.8,,-42
6329,term,South,debt_consolidation,2023-01-26,698,657,16500.43,4957.93,,9.2,5,0,0,23.5,,-41
6330,term,South,auto,2023-06-29,682,694,1955.38,896.4,,10.37,10,0,0,18.4,,12
6331,term,East,home_improvement,2024-01-11,640,604,18333.86,12942.22,,10.79,9,1,0,11.9,,-36
6332,term,West,home_improvement,2023-05-13,762,734,4581.49,2171.85,,8.36,0,0,0,20.0,,-28
6333,term,East,home_improvement,2024-08-27,553,521,47399.99,45191.96,,13.2,20,0,0,4.2,,-32
6334,term,East,auto,2022-10-17,748,697,21507.28,11747.59,,6.57,1,0,0,26.9,,-51
6335,revolving,North,auto,2024-02-05,801,804,21255.43,18099.24,39124.88,5.34,0,0,0,11.0,0.463,3
6336,revolving,North,auto,2021-10-16,724,697,19976.28,9368.19,26470.24,5.83,7,0,0,39.1,0.354,-27
6337,revolving,West,personal,2022-12-21,644,623,10024.28,7279.42,13671.16,16.83,12,0,0,24.7,0.532,-21
6338,revolving,North,personal,2022-10-04,697,671,13935.5,7348.79,18459.13,5.35,8,0,0,27.3,0.398,-26
6339,revolving,West,personal,2021-03-25,610,589,24847.53,11413.11,27428.29,12.65,18,0,0,45.9,0.416,-21
6340,term,West,home_improvement,2022-10-02,622,581,6254.52,2603.56,,8.23,10,0,0,27.4,,-41
6341,term,West,debt_consolidation,2022-04-16,712,692,14095.66,5797.93,,11.36,6,0,0,33.0,,-20
6342,term,North,home_improvement,2021-06-01,714,720,7497.38,1276.63,,3.0,5,0,0,43.7,,6
6343,revolving,East,home_improvement,2022-10-24,702,651,20083.76,13874.57,22883.07,7.79,4,0,0,26.7,0.606,-51
6344,term,South,debt_consolidation,2022-06-27,608,616,5474.67,1632.25,,10.97,23,0,0,30.6,,8
6345,term,South,debt_consolidation,2024-07-16,821,822,43297.71,36754.44,,10.64,0,0,0,5.6,,1
6346,term,East,home_improvement,2022-07-19,714,685,24119.47,12480.7,,13.49,6,0,0,29.9,,-29
6347,term,South,debt_consolidation,2022-05-07,672,623,17178.29,10283.9,,4.41,15,0,0,32.3,,-49
6348,term,East,debt_consolidation,2022-07-06,684,631,17084.01,11136.7,,10.77,4,0,0,30.3,,-53
6349,revolving,West,debt_consolidation,2021-10-10,643,594,9270.64,3638.06,5822.22,9.79,10,0,0,39.3,0.625,-49
6350,term,North,auto,2023-09-07,628,603,16107.83,11243.27,,8.58,15,0,0,16.1,,-25
6351,term,East,home_improvement,2024-08-12,828,808,2120.0,1960.94,,9.16,1,0,0,4.7,,-20
6352,term,East,personal,2021-10-28,629,603,31244.38,9010.09,,7.31,8,0,0,38.7,,-26
6353,term,North,personal,2024-02-23,640,620,7003.01,5682.32,,6.19,13,0,0,10.4,,-20
6354,term,West,auto,2022-04-13,660,637,37544.28,13835.86,,10.68,13,0,0,33.1,,-23
6355,term,North,debt_consolidation,2022-09-17,637,583,16846.24,7262.9,,11.75,9,1,0,27.9,,-54
6356,revolving,North,debt_consolidation,2022-07-30,680,655,29427.22,10653.68,20700.89,9.22,6,0,0,29.5,0.515,-25
6357,revolving,West,home_improvement,2024-08-08,654,627,14710.59,13002.98,38224.04,9.62,12,0,0,4.9,0.34,-27
6358,term,South,auto,2024-04-05,672,622,14472.75,11819.77,,9.5,10,0,0,9.0,,-50
6359,revolving,East,debt_consolidation,2021-09-14,660,596,19968.17,1996.82,3067.42,14.44,5,0,0,40.2,0.651,-64
6360,term,South,auto,2023-06-13,666,640,16898.56,9930.22,,5.09,5,0,0,18.9,,-26
6361,revolving,South,personal,2022-11-19,587,554,4749.03,2973.36,4643.55,9.89,13,0,0,25.8,0.64,-33
6362,revolving,East,auto,2021-05-02,661,628,2747.98,274.8,531.04,8.23,13,0,0,44.7,0.517,-33
6363,term,West,auto,2023-04-20,672,634,13634.8,5850.88,,7.5,9,0,0,20.7,,-38
6364,term,South,debt_consolidation,2021-03-07,663,601,10420.45,1042.04,,12.33,8,0,1,46.5,,-62
6365,term,West,personal,2022-05-07,664,637,15847.36,1584.74,,10.31,7,0,0,32.3,,-27
6366,revolving,South,personal,2024-03-20,735,718,51206.51,45322.3,71802.58,8.53,3,0,0,9.6,0.631,-17
6367,term,West,home_improvement,2024-06-21,649,617,16144.38,14863.87,,11.55,7,0,0,6.5,,-32
6368,term,North,personal,2021-04-25,740,736,1000.0,100.0,,6.78,4,0,0,44.9,,-4
6369,term,North,auto,2021-12-07,800,770,22261.65,2226.16,,13.48,0,0,0,37.4,,-30
6370,term,North,debt_consolidation,2021-05-28,641,611,8214.75,1335.81,,9.91,12,0,0,43.8,,-30
6371,revolving,South,debt_consolidation,2024-04-25,702,684,7466.07,6094.76,13870.57,11.28,11,0,0,8.4,0.439,-18
6372,revolving,West,debt_consolidation,2021-04-12,694,680,7122.83,853.8,2526.84,6.91,6,0,0,45.3,0.338,-14
6373,term,West,debt_consolidation,2022-03-12,683,645,11389.2,3683.67,,7.37,11,0,0,34.2,,-38
6374,term,South,debt_consolidation,2024-04-13,582,544,51941.9,41748.69,,9.92,15,0,1,8.8,,-38
6375,term,West,personal,2023-12-09,733,720,17441.43,11880.26,,4.69,6,0,0,13.0,,-13
6376,term,North,auto,2023-06-17,657,623,17195.53,9444.45,,13.56,5,0,0,18.8,,-34
6377,term,East,debt_consolidation,2022-02-04,749,750,5493.88,549.39,,7.91,6,0,0,35.4,,1
6378,revolving,North,personal,2024-07-27,679,633,31093.8,26713.05,41211.27,11.46,10,0,0,5.3,0.648,-46
6379,term,East,home_improvement,2024-01-22,748,730,8777.13,7606.06,,11.14,1,0,1,11.5,,-18
6380,term,East,home_improvement,2024-07-15,710,689,45456.76,38411.36,,13.82,1,0,0,5.7,,-21
6381,revolving,South,debt_consolidation,2022-08-01,725,683,1329.49,670.17,1824.52,6.03,3,0,0,29.5,0.367,-42
6382,revolving,West,auto,2022-11-09,717,694,15080.85,5549.1,10960.86,9.97,4,0,0,26.1,0.506,-23
6383,term,North,home_improvement,2023-12-20,671,639,13716.02,9546.5,,11.1,8,0,0,12.6,,-32
6384,term,East,auto,2023-12-30,658,624,5287.66,4496.49,,5.26,5,0,0,12.3,,-34
6385,term,South,personal,2023-01-03,706,663,1506.07,433.56,,7.85,8,0,0,24.3,,-43
6386,term,West,home_improvement,2022-12-09,721,689,11847.94,6861.26,,9.59,9,0,0,25.1,,-32
6387,revolving,South,personal,2021-12-15,679,666,8876.71,887.67,2485.89,7.69,10,0,0,37.1,0.357,-13
6388,revolving,South,personal,2021-11-04,726,708,4912.17,1158.97,2409.83,3.0,5,1,0,38.5,0.481,-18
6389,term,North,auto,2021-03-03,635,563,4221.69,766.38,,3.84,11,0,0,46.7,,-72
6390,term,South,debt_consolidation,2023-02-07,695,669,19900.14,14553.09,,15.49,6,0,0,23.1,,-26
6391,term,South,auto,2021-06-12,748,737,17354.27,1735.43,,12.61,1,0,0,43.3,,-11
6392,term,West,home_improvement,2023-07-12,695,653,38313.57,27490.25,,10.93,4,0,0,18.0,,-42
6393,term,East,debt_consolidation,2021-09-14,673,625,23038.74,2605.67,,8.64,8,0,0,40.2,,-48
6394,revolving,East,debt_consolidation,2024-08-13,734,714,12862.13,11880.31,23132.74,7.02,1,0,0,4.7,0.514,-20
6395,term,East,personal,2023-07-10,774,759,7408.33,4937.38,,10.21,0,0,0,18.0,,-15
6396,revolving,East,personal,2021-05-31,715,669,15262.83,7643.89,20471.07,6.18,4,0,0,43.7,0.373,-46
6397,revolving,North,personal,2021-04-25,585,559,2959.8,1409.73,4182.64,12.03,19,0,0,44.9,0.337,-26
6398,revolving,South,home_improvement,2024-12-28,633,602,10857.87,10738.75,31888.0,10.66,13,0,1,0.1,0.337,-31
6399,revolving,East,debt_consolidation,2022-06-16,741,705,13249.32,6914.73,18370.55,9.27,5,0,0,31.0,0.376,-36
6400,term,West,personal,2024-07-14,651,618,7164.84,6330.07,,8.2,7,0,0,5.7,,-33
6401,revolving,North,personal,2022-09-09,685,668,7092.13,2375.0,6464.3,8.15,5,0,0,28.2,0.367,-17
6402,term,East,personal,2022-08-24,649,600,20738.21,7227.13,,9.98,11,0,0,28.7,,-49
6403,revolving,West,personal,2024-09-12,732,695,23902.57,22252.15,65433.13,5.41,1,0,0,3.7,0.34,-37
6404,revolving,West,debt_consolidation,2022-01-23,711,722,11602.55,6831.04,13569.35,16.13,6,0,0,35.8,0.503,11
6405,revolving,West,home_improvement,2021-07-04,641,620,13596.3,1530.74,4080.39,7.77,15,0,0,42.6,0.375,-21
6406,revolving,West,debt_consolidation,2023-06-21,731,709,19684.52,10709.43,27281.84,5.4,6,0,0,18.7,0.393,-22
6407,term,North,debt_consolidation,2022-04-27,734,682,26027.54,15598.92,,11.44,2,0,0,32.7,,-52
6408,revolving,South,home_improvement,2023-10-16,716,678,32617.18,25334.03,39518.39,7.62,4,0,0,14.8,0.641,-38
6409,term,South,debt_consolidation,2023-07-05,694,677,12221.96,7500.81,,7.56,11,0,0,18.2,,-17
6410,term,West,debt_consolidation,2021-03-03,850,803,14651.75,3573.07,,9.18,0,0,0,46.7,,-47
6411,revolving,East,personal,2024-02-25,595,576,18033.68,14084.99,38106.8,7.46,18,0,0,10.4,0.37,-19
6412,term,South,debt_consolidation,2021-02-03,662,611,4047.6,404.76,,7.36,8,0,0,47.6,,-51
6413,term,South,personal,2023-08-31,680,666,10772.43,8393.99,,8.56,11,0,0,16.3,,-14
6414,revolving,East,home_improvement,2024-02-16,756,760,2953.51,2211.1,4253.82,13.2,0,0,0,10.7,0.52,4
6415,term,East,home_improvement,2021-01-06,664,649,11531.55,1153.15,,8.42,6,0,0,48.5,,-15
6416,term,North,home_improvement,2022-08-08,748,719,5615.32,2783.23,,8.47,2,0,0,29.2,,-29
6417,term,North,auto,2024-01-23,646,622,20416.19,13417.68,,12.24,9,0,0,11.5,,-24
6418,revolving,North,debt_consolidation,2021-10-10,708,695,35078.81,9997.2,29616.43,3.08,4,0,0,39.3,0.338,-13
6419,revolving,West,home_improvement,2022-10-11,733,707,45436.62,28139.59,49631.97,10.89,1,0,0,27.1,0.567,-26
6420,term,West,home_improvement,2024-01-03,644,606,33085.38,21755.18,,11.03,14,0,1,12.1,,-38
6421,term,South,debt_consolidation,2023-06-18,727,719,16201.65,8972.58,,9.34,4,1,0,18.8,,-8
6422,revolving,North,debt_consolidation,2023-11-24,767,748,5096.52,3103.19,6940.92,7.96,2,0,0,13.5,0.447,-19
6423,term,West,home_improvement,2021-02-24,675,633,4338.94,1534.4,,9.13,10,0,0,46.9,,-42
6424,term,South,personal,2024-10-24,622,574,20342.09,19590.19,,8.11,15,0,0,2.3,,-48
6425,term,North,home_improvement,2022-07-14,663,639,13112.81,6190.44,,9.78,10,0,0,30.1,,-24
6426,revolving,South,debt_consolidation,2021-06-22,676,641,15469.83,7772.67,22576.84,8.3,7,0,0,43.0,0.344,-35
6427,term,West,personal,2022-03-27,739,728,24573.43,12116.2,,12.25,2,0,0,33.7,,-11
6428,revolving,North,personal,2021-06-29,627,597,3083.52,1702.89,4645.97,7.89,18,0,0,42.7,0.367,-30
6429,term,South,personal,2023-07-16,720,683,20715.47,16766.88,,8.44,6,0,0,17.8,,-37
6430,term,East,personal,2023-10-27,715,680,12294.91,8017.59,,11.32,6,0,0,14.4,,-35
6431,term,South,home_improvement,2024-04-09,710,666,18141.06,13962.34,,11.06,6,0,0,8.9,,-44
6432,term,East,auto,2023-01-07,754,742,30440.72,11273.52,,9.45,1,0,0,24.2,,-12
6433,revolving,East,debt_consolidation,2021-07-12,697,675,1751.0,728.04,1833.21,8.06,3,0,0,42.3,0.397,-22
6434,revolving,South,personal,2024-08-18,648,627,19004.29,18016.53,37050.3,8.42,10,0,0,4.5,0.486,-21
6435,term,South,debt_consolidation,2022-03-20,677,681,26502.13,14140.9,,17.45,9,0,0,33.9,,4
6436,term,East,home_improvement,2022-05-24,684,656,18600.16,6198.76,,11.94,8,0,1,31.8,,-28
6437,term,North,home_improvement,2024-04-20,651,621,30000.14,25337.92,,10.38,14,0,1,8.5,,-30
6438,term,East,debt_consolidation,2021-08-02,593,564,15050.42,4859.89,,8.8,16,0,0,41.6,,-29
6439,term,North,auto,2024-03-31,687,642,8184.06,7063.82,,13.53,7,0,0,9.2,,-45
6440,term,East,debt_consolidation,2022-03-13,695,652,23484.87,4018.86,,3.0,8,0,0,34.2,,-43
6441,term,East,auto,2023-08-19,677,645,3192.34,1738.44,,11.37,7,0,0,16.7,,-32
6442,term,West,personal,2022-07-03,683,632,2857.66,320.18,,9.47,9,0,0,30.4,,-51
6443,revolving,East,auto,2023-01-30,626,600,10336.55,3998.65,10750.16,9.76,9,0,0,23.4,0.372,-26
6444,revolving,South,auto,2023-03-02,536,498,18879.53,6866.59,12002.46,12.81,21,0,0,22.4,0.572,-38
6445,revolving,South,personal,2024-03-15,664,621,26769.42,21115.84,49996.23,13.79,7,0,0,9.7,0.422,-43
6446,revolving,West,home_improvement,2022-09-14,599,545,24976.44,4145.85,10404.55,9.03,12,0,0,28.0,0.398,-54
6447,term,West,auto,2022-10-07,701,653,14739.32,2764.1,,8.91,6,0,0,27.2,,-48
6448,term,South,auto,2023-02-27,615,596,2357.45,1265.41,,6.21,19,0,0,22.5,,-19
6449,term,West,home_improvement,2022-05-22,677,629,13291.5,3581.84,,8.69,7,0,0,31.8,,-48
6450,term,East,debt_consolidation,2021-12-05,662,627,10521.55,4472.0,,13.63,10,0,0,37.4,,-35
6451,term,East,auto,2021-07-02,635,593,10326.11,3270.35,,8.04,12,0,0,42.6,,-42
6452,revolving,South,personal,2022-12-07,740,721,19503.9,11723.62,34406.32,3.36,1,0,0,25.2,0.341,-19
6453,term,South,home_improvement,2024-07-07,611,592,18192.95,14968.6,,5.95,14,0,0,5.9,,-19
6454,revolving,South,auto,2022-06-23,538,490,10974.5,7544.86,20201.82,7.66,23,0,0,30.8,0.373,-48
6455,term,South,auto,2022-04-01,606,600,9354.74,2783.87,,6.77,8,0,0,33.5,,-6
6456,term,East,debt_consolidation,2022-11-05,771,753,22363.96,11262.31,,10.89,0,0,0,26.3,,-18
6457,term,North,debt_consolidation,2024-02-15,663,632,11898.55,10452.45,,10.37,3,0,0,10.7,,-31
6458,term,South,personal,2023-05-20,745,713,14512.2,7757.87,,12.12,6,0,0,19.7,,-32
6459,revolving,West,personal,2023-03-08,679,651,15895.25,9955.22,16610.78,8.09,9,0,0,22.2,0.599,-28
6460,term,East,home_improvement,2023-11-30,752,746,12005.49,9241.58,,9.79,2,0,0,13.3,,-6
6461,revolving,West,personal,2024-04-07,630,627,7456.29,6207.15,15393.52,6.08,18,1,0,9.0,0.403,-3
6462,revolving,North,auto,2023-02-18,697,675,19890.49,7442.2,13193.92,8.13,4,0,0,22.8,0.564,-22
6463,revolving,South,personal,2022-04-01,727,688,49516.62,4951.66,9337.69,9.09,10,0,0,33.5,0.53,-39
6464,revolving,East,debt_consolidation,2022-03-26,604,568,14458.39,1445.84,3285.33,9.3,14,0,1,33.7,0.44,-36
6465,term,West,auto,2022-10-08,618,544,18476.43,9900.3,,11.77,12,0,0,27.2,,-74
6466,revolving,West,home_improvement,2022-07-30,664,649,5330.63,2318.89,6313.32,10.22,12,0,0,29.5,0.367,-15
6467,term,West,personal,2023-07-14,708,689,3501.98,2682.6,,8.73,9,0,0,17.9,,-19
6468,term,West,personal,2023-11-04,632,606,16184.33,10958.19,,15.27,11,1,0,14.1,,-26
6469,term,South,auto,2022-11-22,748,711,13936.09,8647.48,,6.05,0,0,0,25.7,,-37
6470,term,East,auto,2023-03-26,737,689,3884.54,2028.15,,11.7,2,0,0,21.6,,-48
6471,term,West,home_improvement,2021-10-30,676,639,10155.4,1015.54,,9.02,12,0,0,38.6,,-37
6472,term,East,auto,2021-11-27,706,669,10271.19,4382.78,,10.47,8,0,0,37.7,,-37
6473,term,East,home_improvement,2023-05-19,723,693,31712.98,25180.52,,5.72,5,1,0,19.8,,-30
6474,term,North,debt_consolidation,2021-12-09,731,722,10350.91,2159.36,,5.65,3,0,0,37.3,,-9
6475,term,North,home_improvement,2022-09-17,710,693,9299.09,4977.6,,8.14,7,0,0,27.9,,-17
6476,term,West,home_improvement,2024-11-26,645,650,10491.04,10277.26,,8.88,13,0,0,1.2,,5
6477,term,South,auto,2021-03-15,581,528,28451.97,11593.68,,5.73,7,0,0,46.3,,-53
6478,term,South,auto,2022-01-14,689,667,8157.24,2223.93,,7.43,8,0,0,36.1,,-22
6479,term,South,auto,2023-02-01,754,735,16118.74,7509.48,,9.96,1,0,0,23.3,,-19
6480,term,West,personal,2021-02-16,759,755,4429.71,442.97,,7.09,1,0,0,47.2,,-4
6481,term,South,personal,2024-01-14,699,698,16134.54,11110.58,,13.85,4,0,0,11.8,,-1
6482,revolving,East,personal,2022-01-31,652,589,6607.05,2436.58,4963.48,7.24,15,0,0,35.5,0.491,-63
6483,term,East,home_improvement,2024-02-01,735,721,24699.44,20627.71,,8.78,6,0,0,11.2,,-14
6484,term,North,personal,2023-01-31,614,606,25659.33,13699.6,,8.25,17,0,0,23.4,,-8
6485,term,East,personal,2022-08-11,642,603,46189.34,29903.46,,5.23,6,0,0,29.1,,-39
6486,revolving,West,debt_consolidation,2022-10-05,594,564,2395.24,833.71,2320.93,8.86,13,0,0,27.3,0.359,-30
6487,term,South,personal,2021-06-02,739,720,9629.63,1693.63,,6.48,4,0,0,43.6,,-19
6488,term,West,personal,2023-11-14,581,517,13071.38,8144.97,,12.48,17,0,0,13.8,,-64
6489,term,East,home_improvement,2021-03-04,704,691,3941.47,2055.6,,9.34,6,0,0,46.6,,-13
6490,term,North,home_improvement,2023-07-31,819,826,1554.91,994.39,,8.53,0,0,0,17.3,,7
6491,revolving,East,auto,2021-06-10,704,700,46085.42,4608.54,8883.98,7.97,7,1,0,43.4,0.519,-4
6492,revolving,North,auto,2021-01-06,621,590,50708.14,8710.64,20893.04,12.3,12,0,0,48.5,0.417,-31
6493,revolving,West,home_improvement,2024-09-30,654,635,8769.22,8202.08,22123.39,9.21,14,0,0,3.1,0.371,-19
6494,term,West,home_improvement,2021-04-26,589,583,40445.33,4044.53,,5.76,9,0,0,44.9,,-6
6495,term,West,home_improvement,2024-05-05,626,591,21457.24,18762.33,,11.43,17,0,0,8.0,,-35
6496,term,West,auto,2022-09-12,637,589,26037.04,4895.9,,11.18,12,1,0,28.1,,-48
6497,term,West,personal,2021-04-24,630,601,36619.14,20004.35,,6.3,12,1,1,44.9,,-29
6498,term,North,personal,2023-01-21,688,652,5910.39,3170.89,,8.0,7,0,0,23.7,,-36
6499,term,East,home_improvement,2021-07-11,513,480,20528.29,3072.37,,15.35,30,0,0,42.3,,-33
6500,term,North,auto,2023-08-26,605,604,8663.62,6632.15,,9.92,12,0,0,16.5,,-1
6501,term,West,home_improvement,2024-09-03,714,706,23931.45,22946.15,,20.3,3,1,0,4.0,,-8
6502,revolving,East,auto,2022-08-14,805,797,5132.65,1451.52,3186.08,13.02,0,0,0,29.0,0.456,-8
6503,term,West,personal,2023-02-24,705,691,2365.51,1078.21,,16.52,5,0,0,22.6,,-14
6504,revolving,North,personal,2023-03-01,629,584,22645.82,10911.34,25198.57,6.82,14,0,0,22.4,0.433,-45
6505,term,West,debt_consolidation,2021-10-06,730,711,2285.17,228.52,,16.36,4,0,0,39.4,,-19
6506,term,East,home_improvement,2023-01-12,745,709,13371.71,6080.85,,5.32,1,0,0,24.0,,-36
6507,revolving,North,personal,2021-02-15,634,590,42425.53,4242.55,11144.56,8.45,6,0,0,47.2,0.381,-44
6508,term,South,home_improvement,2021-07-17,628,598,19792.98,1979.3,,6.84,12,0,0,42.1,,-30
6509,term,South,debt_consolidation,2023-07-05,776,732,11386.26,8970.76,,9.17,0,0,0,18.2,,-44
6510,term,East,auto,2022-04-26,615,553,19518.86,2443.22,,10.85,10,1,0,32.7,,-62
6511,term,North,home_improvement,2024-12-04,785,802,21766.12,21419.33,,8.72,0,0,0,0.9,,17
6512,term,North,debt_consolidation,2021-08-18,713,690,30011.14,3473.44,,9.91,6,0,0,41.1,,-23
6513,term,South,auto,2021-05-06,757,744,1000.0,437.86,,8.15,1,1,0,44.5,,-13
6514,term,South,home_improvement,2024-01-01,740,732,7888.88,6213.19,,10.66,2,0,0,12.2,,-8
6515,term,East,home_improvement,2023-04-04,742,724,11497.75,8691.95,,10.39,3,0,0,21.3,,-18
6516,term,North,auto,2023-01-02,611,589,11153.58,6123.14,,8.17,19,0,0,24.3,,-22
6517,revolving,North,personal,2024-08-07,723,705,8433.63,7775.32,22532.64,8.32,2,0,0,4.9,0.345,-18
6518,revolving,East,auto,2023-07-28,756,752,21414.63,10722.37,20245.93,5.34,1,0,0,17.4,0.53,-4
6519,revolving,North,home_improvement,2023-09-07,665,647,22042.86,16389.3,48639.51,9.44,9,0,1,16.1,0.337,-18
6520,term,South,debt_consolidation,2024-10-26,560,533,13854.86,13486.02,,10.44,15,0,0,2.2,,-27
6521,revolving,North,personal,2021-11-03,601,577,9474.3,5416.95,11303.05,11.92,19,0,0,38.5,0.479,-24
6522,term,North,auto,2021-06-03,585,531,9014.71,2683.38,,5.44,20,0,0,43.6,,-54
6523,revolving,North,auto,2024-03-29,657,624,11999.22,8951.58,18257.21,6.54,10,0,1,9.3,0.49,-33
6524,revolving,West,personal,2022-01-06,596,555,19430.92,3922.12,8924.6,10.73,16,1,0,36.4,0.439,-41
6525,revolving,North,debt_consolidation,2023-05-12,642,625,28779.55,17361.37,39990.53,10.74,15,0,0,20.0,0.434,-17
6526,term,South,debt_consolidation,2021-05-30,801,801,28076.64,13497.18,,11.53,0,0,0,43.7,,0
6527,term,West,personal,2022-07-17,730,717,21033.02,6243.78,,16.38,8,0,0,30.0,,-13
6528,term,North,debt_consolidation,2021-04-27,717,677,8889.8,888.98,,5.43,8,1,0,44.8,,-40
6529,revolving,East,auto,2024-12-10,748,725,18147.92,17817.57,30883.56,6.89,2,0,0,0.7,0.577,-23
6530,term,North,auto,2022-12-25,602,555,5877.4,2109.46,,9.62,12,0,0,24.6,,-47
6531,term,East,home_improvement,2022-04-05,623,602,3610.13,1714.25,,9.27,19,0,0,33.4,,-21
6532,term,West,auto,2021-01-01,686,679,10496.6,1049.66,,10.13,7,0,0,48.7,,-7
6533,term,East,debt_consolidation,2023-05-25,639,598,13367.6,7231.59,,13.89,14,0,0,19.6,,-41
6534,term,East,personal,2024-04-09,657,633,9155.06,8173.03,,15.83,6,0,0,8.9,,-24
6535,term,North,auto,2021-01-23,717,705,7102.86,710.29,,6.74,3,0,0,48.0,,-12
6536,revolving,South,debt_consolidation,2021-05-30,736,712,16299.42,3264.07,8228.33,11.18,4,0,0,43.7,0.397,-24
6537,term,West,debt_consolidation,2024-04-15,712,694,40316.88,35051.98,,13.48,4,0,0,8.7,,-18
6538,term,East,personal,2021-05-03,748,740,26583.04,2658.3,,7.21,3,0,0,44.6,,-8
6539,term,East,debt_consolidation,2022-11-07,520,472,18672.65,8638.21,,9.76,18,0,0,26.2,,-48
6540,term,North,home_improvement,2023-05-07,800,786,11702.88,5290.19,,8.04,0,0,0,20.2,,-14
6541,revolving,South,personal,2021-10-15,729,705,27711.31,6087.27,16360.78,4.33,8,0,0,39.1,0.372,-24
6542,term,West,personal,2023-07-08,658,654,5586.91,2862.83,,6.79,8,0,0,18.1,,-4
6543,term,South,personal,2022-12-24,591,538,30349.53,19118.39,,8.52,12,0,0,24.6,,-53
6544,term,East,auto,2021-09-04,669,627,5485.36,548.54,,13.31,7,0,0,40.5,,-42
6545,revolving,North,debt_consolidation,2022-03-06,632,610,1826.46,1089.84,2283.56,10.07,12,0,0,34.4,0.477,-22
6546,term,North,debt_consolidation,2024-03-14,752,715,10442.1,8106.77,,10.0,1,0,0,9.8,,-37
6547,term,West,debt_consolidation,2024-10-24,720,693,10283.34,9806.07,,8.73,5,0,0,2.3,,-27
6548,term,North,auto,2023-03-31,641,603,11953.27,8670.81,,9.77,12,0,0,21.4,,-38
6549,revolving,East,auto,2024-12-28,595,588,10422.43,10186.44,20889.88,9.99,15,0,1,0.1,0.488,-7
6550,term,East,personal,2023-03-21,665,646,12329.43,4817.93,,3.76,6,0,0,21.7,,-19
6551,term,North,auto,2024-02-12,740,704,16960.0,13390.3,,10.94,2,0,0,10.8,,-36
6552,term,East,auto,2023-12-22,712,704,20592.71,17268.18,,8.94,2,0,0,12.5,,-8
6553,revolving,West,personal,2021-01-24,595,576,9143.93,914.39,2598.09,12.63,10,1,0,47.9,0.352,-19
6554,term,South,personal,2023-12-17,648,609,7106.11,4649.03,,6.28,19,0,0,12.7,,-39
6555,term,North,auto,2022-01-25,738,714,8319.0,1474.28,,14.04,2,0,0,35.7,,-24
6556,revolving,North,auto,2024-01-12,672,666,16242.82,12481.26,22722.48,6.48,12,0,0,11.8,0.549,-6
6557,revolving,North,debt_consolidation,2022-09-19,676,651,17523.46,7898.76,17645.25,12.51,12,0,0,27.8,0.448,-25
6558,term,South,debt_consolidation,2022-09-19,793,721,19907.09,4761.43,,7.61,0,0,0,27.8,,-72
6559,term,North,auto,2021-03-17,615,553,42275.84,4605.31,,10.9,17,0,0,46.2,,-62
6560,revolving,South,home_improvement,2021-06-09,747,686,10120.26,4050.71,6392.36,12.99,2,0,0,43.4,0.634,-61
6561,term,West,auto,2022-10-27,654,621,17719.96,6333.04,,10.62,13,0,0,26.6,,-33
6562,term,West,debt_consolidation,2021-03-05,657,629,2729.74,1290.31,,8.25,6,0,0,46.6,,-28
6563,term,North,personal,2023-01-06,691,675,18282.34,9591.51,,7.49,4,1,0,24.2,,-16
6564,term,North,auto,2022-05-31,699,681,8169.35,5326.76,,8.11,11,0,0,31.5,,-18
6565,term,East,home_improvement,2024-04-05,716,679,1000.0,807.18,,5.5,5,0,0,9.0,,-37
6566,revolving,East,home_improvement,2021-05-10,670,643,11126.24,1112.62,1727.6,9.64,12,0,0,44.4,0.644,-27
6567,term,East,home_improvement,2024-12-01,720,697,5330.14,5178.67,,12.83,2,0,0,1.0,,-23
6568,term,South,debt_consolidation,2022-12-12,688,656,1000.0,591.06,,12.34,9,0,0,25.0,,-32
6569,revolving,South,auto,2024-01-13,647,645,5211.9,4272.41,7621.7,12.84,12,0,0,11.8,0.561,-2
6570,term,South,personal,2022-12-01,605,554,16064.79,7829.39,,11.32,14,0,0,25.4,,-51
6571,term,South,personal,2021-01-17,718,699,10557.53,1055.75,,3.57,3,0,0,48.2,,-19
6572,revolving,North,auto,2021-09-08,698,658,10408.86,4225.99,6896.21,7.95,6,0,0,40.4,0.613,-40
6573,term,South,auto,2022-05-15,640,588,24628.38,7546.75,,10.6,9,0,0,32.1,,-52
6574,term,South,auto,2022-09-08,594,540,20503.6,10062.55,,7.68,16,0,1,28.2,,-54
6575,term,East,auto,2023-05-05,644,617,12013.4,7722.47,,8.04,10,0,0,20.2,,-27
6576,term,East,personal,2021-11-26,562,502,33069.83,3306.98,,9.7,29,1,1,37.7,,-60
6577,revolving,East,home_improvement,2024-09-01,738,697,4067.83,3739.0,10170.94,9.14,0,1,0,4.1,0.368,-41
6578,term,East,home_improvement,2023-10-14,673,659,4667.83,3773.78,,11.06,6,0,0,14.8,,-14
6579,term,South,personal,2021-10-23,695,674,38281.28,7388.18,,6.69,5,0,1,38.9,,-21
6580,revolving,West,debt_consolidation,2024-05-14,655,642,1000.0,871.5,2124.37,3.0,12,0,0,7.7,0.41,-13
6581,revolving,South,debt_consolidation,2021-11-01,786,763,3696.27,1613.47,3255.06,5.83,1,0,0,38.6,0.496,-23
6582,term,South,debt_consolidation,2023-04-04,722,702,1111.29,786.19,,12.93,6,0,0,21.3,,-20
6583,revolving,East,auto,2024-09-22,657,628,15512.8,14818.76,39891.94,9.32,12,0,0,3.4,0.371,-29
6584,term,West,debt_consolidation,2024-11-02,659,627,30681.68,29787.47,,8.1,17,0,0,2.0,,-32
6585,term,North,debt_consolidation,2024-05-18,642,621,34581.74,29749.63,,12.99,14,0,0,7.6,,-21
6586,term,North,auto,2021-06-12,671,625,2762.88,511.45,,4.71,10,0,0,43.3,,-46
6587,term,East,personal,2024-11-18,703,670,9763.04,9504.2,,12.15,6,0,0,1.5,,-33
6588,revolving,North,debt_consolidation,2023-03-22,700,697,26369.9,10441.61,15906.52,10.41,5,0,0,21.7,0.656,-3
6589,revolving,East,personal,2021-01-20,663,625,30748.74,3074.87,8929.82,11.6,7,0,0,48.1,0.344,-38
6590,term,North,home_improvement,2022-12-21,767,775,53815.11,19021.09,,10.45,0,0,0,24.7,,8
6591,term,East,personal,2024-11-25,559,519,22914.06,22497.77,,11.67,18,0,0,1.2,,-40
6592,term,East,auto,2023-10-13,644,630,6682.46,4923.34,,10.58,10,0,0,14.9,,-14
6593,term,North,personal,2021-02-19,721,693,34871.76,10754.17,,10.15,7,0,0,47.1,,-28
6594,term,North,personal,2024-01-21,764,722,14335.37,10302.34,,10.38,1,0,0,11.5,,-42
6595,term,North,debt_consolidation,2021-07-20,691,676,10304.13,1030.41,,5.66,7,0,0,42.0,,-15
6596,term,West,personal,2021-06-25,769,746,13791.78,1489.89,,6.67,0,0,0,42.9,,-23
6597,term,South,auto,2022-02-21,782,788,1292.61,129.26,,16.95,0,0,0,34.8,,6
6598,term,South,auto,2023-03-14,658,639,11956.48,4595.29,,6.87,6,0,0,22.0,,-19
6599,term,West,home_improvement,2023-07-08,629,592,1509.12,869.43,,5.8,11,0,0,18.1,,-37
6600,term,West,personal,2023-12-06,628,610,9087.23,6937.57,,7.8,14,0,0,13.1,,-18
6601,term,West,auto,2024-01-18,594,535,12474.48,8297.26,,7.01,14,0,0,11.6,,-59
6602,term,East,home_improvement,2021-08-16,606,575,31546.07,12789.19,,5.97,16,0,0,41.1,,-31
6603,term,South,debt_consolidation,2023-06-06,623,606,8430.49,5902.52,,11.1,17,0,0,19.2,,-17
6604,term,South,debt_consolidation,2021-01-15,610,570,2201.43,220.14,,8.29,13,0,0,48.2,,-40
6605,term,North,auto,2021-12-15,741,712,49919.64,15630.73,,5.28,3,0,0,37.1,,-29
6606,revolving,North,debt_consolidation,2023-08-26,653,596,13670.1,10536.07,26918.26,6.97,14,0,0,16.5,0.391,-57
6607,term,South,home_improvement,2024-04-03,596,583,3602.08,3012.65,,5.5,10,1,0,9.1,,-13
6608,revolving,East,debt_consolidation,2022-04-03,656,627,15920.0,9325.57,24973.47,7.77,15,0,0,33.5,0.373,-29
6609,revolving,South,personal,2022-08-09,695,675,19918.05,11867.83,30139.7,11.34,7,0,0,29.2,0.394,-20
6610,revolving,North,home_improvement,2021-11-12,664,644,11252.37,2910.33,5314.24,8.92,11,0,0,38.2,0.548,-20
6611,revolving,East,personal,2022-09-13,666,646,8313.43,3772.67,8743.14,10.43,12,0,0,28.0,0.432,-20
6612,term,East,personal,2021-09-26,570,544,13441.86,2211.23,,9.91,20,0,0,39.8,,-26
6613,revolving,South,personal,2021-05-27,734,729,11661.87,1831.23,3145.72,8.82,6,0,0,43.8,0.582,-5
6614,revolving,South,debt_consolidation,2022-05-11,658,637,20654.55,8849.85,13465.45,9.74,6,0,0,32.2,0.657,-21
6615,term,West,personal,2021-11-01,601,551,25336.88,13240.27,,10.52,11,0,0,38.6,,-50
6616,revolving,South,home_improvement,2024-07-26,673,634,31317.11,26735.86,43476.96,5.81,7,0,0,5.3,0.615,-39
6617,term,North,home_improvement,2023-12-15,650,613,24296.26,20102.03,,12.51,13,0,0,12.8,,-37
6618,term,East,auto,2024-04-22,687,650,51652.97,44477.98,,13.1,8,0,0,8.5,,-37
6619,revolving,East,home_improvement,2024-02-14,833,830,36629.67,28839.22,64687.77,6.89,0,0,0,10.7,0.446,-3
6620,revolving,East,personal,2024-10-15,635,599,5949.19,5694.56,12561.27,10.89,12,0,0,2.6,0.453,-36
6621,term,South,auto,2021-07-04,724,712,18344.59,1834.46,,9.0,5,0,0,42.6,,-12
6622,term,North,home_improvement,2023-07-18,660,618,5157.98,2498.37,,8.02,10,0,0,17.8,,-42
6623,term,East,personal,2022-07-22,656,653,17393.64,3709.17,,14.86,12,0,0,29.8,,-3
6624,revolving,South,auto,2021-10-01,755,725,13448.71,1766.34,3883.69,7.67,4,0,0,39.6,0.455,-30
6625,term,East,home_improvement,2021-11-11,690,659,25558.37,7128.43,,7.51,4,0,0,38.2,,-31
6626,revolving,North,auto,2024-03-01,776,775,39873.24,30063.45,46599.21,9.12,0,0,0,10.2,0.645,-1
6627,term,South,debt_consolidation,2021-05-23,676,652,7171.58,717.16,,8.08,9,0,0,44.0,,-24
6628,term,East,home_improvement,2023-02-09,761,736,14164.54,9939.79,,5.01,2,0,0,23.1,,-25
6629,revolving,East,home_improvement,2021-06-10,659,629,9419.85,3122.45,6929.33,7.27,13,0,0,43.4,0.451,-30
6630,term,North,auto,2024-12-24,638,610,16043.06,15670.66,,11.68,18,0,0,0.3,,-28
6631,revolving,North,auto,2024-06-29,706,674,9818.36,8399.59,13017.19,9.59,6,0,0,6.2,0.645,-32
6632,revolving,North,auto,2024-12-28,687,649,22368.39,21858.14,42000.73,9.63,4,0,0,0.1,0.52,-38
6633,term,South,personal,2024-03-17,599,568,16095.56,14512.47,,12.13,14,0,0,9.7,,-31
6634,revolving,North,debt_consolidation,2022-03-26,691,639,20194.97,11712.64,25364.34,10.13,4,0,0,33.7,0.462,-52
6635,term,North,personal,2023-09-26,634,573,1910.68,1432.64,,5.77,12,0,0,15.4,,-61
6636,term,West,auto,2024-09-06,729,691,26110.76,24926.13,,10.62,8,0,0,3.9,,-38
6637,term,East,debt_consolidation,2023-02-04,640,617,13367.27,9614.63,,9.08,5,0,0,23.2,,-23
6638,revolving,North,home_improvement,2023-05-02,658,628,22572.77,15805.18,43446.17,8.6,7,0,0,20.3,0.364,-30
6639,term,West,auto,2023-10-13,618,615,10516.42,6169.81,,10.43,19,0,0,14.9,,-3
6640,term,East,personal,2022-06-20,740,744,35435.34,5320.18,,5.17,5,0,0,30.9,,4
6641,term,West,debt_consolidation,2021-05-22,705,666,2684.21,268.42,,7.76,5,0,0,44.0,,-39
6642,revolving,North,auto,2024-03-26,816,781,22274.87,16097.88,39911.92,8.06,0,0,0,9.4,0.403,-35
6643,term,South,debt_consolidation,2024-03-18,755,717,26589.88,20854.58,,13.61,0,0,0,9.6,,-38
6644,term,East,auto,2023-03-11,653,643,31249.97,19053.78,,7.54,10,0,0,22.1,,-10
6645,revolving,West,personal,2021-07-06,586,575,17919.54,1791.95,3975.35,10.84,20,0,0,42.5,0.451,-11
6646,term,West,home_improvement,2022-07-19,642,628,18435.46,5165.27,,7.56,7,0,0,29.9,,-14
6647,term,West,debt_consolidation,2022-05-19,670,643,30235.05,3023.5,,8.11,4,0,0,31.9,,-27
6648,term,North,home_improvement,2022-08-22,571,532,23432.57,12477.1,,10.43,13,1,0,28.8,,-39
6649,term,East,personal,2023-01-03,629,598,7786.69,2275.17,,6.66,16,0,0,24.3,,-31
6650,revolving,East,personal,2021-07-25,740,718,18040.6,2671.54,4920.08,5.08,3,0,0,41.9,0.543,-22
6651,term,West,auto,2022-07-29,628,588,26330.78,18081.79,,7.01,12,0,0,29.6,,-40
6652,term,South,home_improvement,2022-12-12,627,602,3874.32,1712.67,,10.12,5,0,0,25.0,,-25
6653,term,East,home_improvement,2022-10-25,711,672,53492.6,27036.48,,9.25,8,0,0,26.6,,-39
6654,term,East,personal,2024-01-10,647,622,15476.78,11487.32,,13.35,11,0,0,11.9,,-25
6655,term,North,home_improvement,2023-11-24,680,653,7367.26,4757.94,,12.7,7,0,0,13.5,,-27
6656,revolving,West,debt_consolidation,2024-06-01,703,695,14428.52,12805.71,30554.61,10.16,5,0,0,7.1,0.419,-8
6657,revolving,North,personal,2024-11-13,642,627,33443.68,31847.45,86771.0,9.46,11,0,0,1.6,0.367,-15
6658,term,South,home_improvement,2021-02-11,726,692,12417.39,3563.69,,10.1,6,0,0,47.3,,-34
6659,revolving,West,debt_consolidation,2021-08-25,721,689,44156.22,4415.62,9113.12,7.57,6,0,0,40.8,0.485,-32
6660,term,South,home_improvement,2021-07-31,699,692,12591.11,4482.09,,10.03,5,1,0,41.7,,-7
6661,term,South,personal,2022-12-13,770,755,54152.26,38240.86,,4.04,0,0,0,25.0,,-15
6662,term,North,auto,2021-11-24,732,721,6217.0,3675.83,,9.35,3,0,0,37.8,,-11
6663,revolving,West,auto,2022-05-23,663,632,12504.73,7519.69,14151.22,10.83,14,0,0,31.8,0.531,-31
6664,term,East,debt_consolidation,2022-08-23,634,578,16569.27,4935.0,,10.83,15,0,1,28.7,,-56
6665,term,West,debt_consolidation,2024-12-03,689,676,15673.04,15251.65,,13.43,7,0,0,1.0,,-13
6666,revolving,North,home_improvement,2024-08-18,675,646,12006.8,10918.18,31905.17,6.52,9,0,0,4.5,0.342,-29
6667,revolving,East,auto,2021-04-06,676,663,4957.05,495.7,944.88,14.5,3,0,1,45.5,0.525,-13
6668,term,South,home_improvement,2023-08-14,646,621,11074.45,8533.25,,17.86,13,0,0,16.9,,-25
6669,term,East,auto,2021-01-12,682,679,18504.78,4573.45,,11.7,7,0,0,48.3,,-3
6670,term,West,auto,2022-09-16,773,778,11232.66,5786.16,,14.27,0,0,0,27.9,,5
6671,term,North,home_improvement,2024-03-04,721,683,14261.11,10378.68,,10.21,6,0,0,10.1,,-38
6672,term,West,debt_consolidation,2024-10-20,688,651,5148.83,4799.62,,5.71,13,0,0,2.4,,-37
6673,term,West,auto,2022-03-05,754,740,17095.09,7732.31,,4.45,2,0,0,34.4,,-14
6674,term,South,debt_consolidation,2021-05-12,723,707,5255.86,525.59,,3.0,4,0,0,44.3,,-16
6675,term,North,debt_consolidation,2024-12-06,660,613,21385.36,21114.33,,10.93,7,0,0,0.9,,-47
6676,revolving,West,personal,2021-02-15,676,660,9186.47,918.65,1531.44,11.28,4,0,0,47.2,0.6,-16
6677,revolving,East,debt_consolidation,2022-12-02,734,723,6032.61,3144.9,8359.95,11.36,6,0,0,25.4,0.376,-11
6678,term,East,auto,2023-05-30,694,658,13352.41,5662.5,,10.53,5,0,1,19.4,,-36
6679,term,South,home_improvement,2022-12-21,705,705,15546.28,4267.29,,8.99,6,0,0,24.7,,0
6680,revolving,North,auto,2022-07-06,604,558,16685.02,7813.26,13163.33,4.73,15,1,0,30.3,0.594,-46
6681,term,North,personal,2022-01-07,648,637,8236.68,2629.4,,3.89,14,1,0,36.3,,-11
6682,term,West,personal,2024-07-30,676,637,7515.95,6580.38,,7.91,8,0,0,5.2,,-39
6683,term,West,debt_consolidation,2022-01-30,747,749,6454.9,645.49,,4.41,5,0,0,35.6,,2
6684,term,South,auto,2022-05-28,793,735,18371.8,5003.12,,3.0,0,0,0,31.6,,-58
6685,revolving,East,debt_consolidation,2021-05-29,625,612,20278.83,8430.15,21742.86,9.06,14,0,0,43.8,0.388,-13
6686,term,East,home_improvement,2022-12-16,642,638,1775.8,746.48,,9.59,10,0,0,24.9,,-4
6687,revolving,South,debt_consolidation,2021-08-03,706,692,8981.78,2487.03,4626.34,8.21,4,0,0,41.6,0.538,-14
6688,revolving,West,personal,2024-09-25,807,775,5072.67,4847.26,12635.1,9.52,0,0,0,3.3,0.384,-32
6689,term,East,personal,2023-06-24,620,592,7380.39,5615.81,,4.4,7,0,0,18.6,,-28
6690,revolving,South,debt_consolidation,2022-05-06,562,506,2910.48,1468.42,3138.61,11.11,19,0,0,32.4,0.468,-56
6691,revolving,West,debt_consolidation,2024-05-05,689,664,14144.81,12730.73,35329.65,11.3,7,0,0,8.0,0.36,-25
6692,revolving,North,debt_consolidation,2021-03-14,599,566,1571.44,517.65,1307.51,7.84,29,0,0,46.3,0.396,-33
6693,term,West,home_improvement,2023-10-24,714,698,15668.28,12236.19,,3.0,8,0,0,14.5,,-16
6694,term,East,personal,2021-04-09,726,699,3787.91,640.87,,6.8,8,0,0,45.4,,-27
6695,term,South,personal,2024-11-12,666,614,11043.92,10756.0,,10.21,12,0,0,1.7,,-52
6696,term,South,personal,2022-10-09,653,630,10240.21,3688.04,,6.34,13,1,0,27.2,,-23
6697,revolving,East,home_improvement,2023-11-06,637,598,24641.08,14637.56,26783.77,15.8,16,0,1,14.1,0.547,-39
6698,revolving,South,debt_consolidation,2021-12-14,683,634,11090.05,1109.0,2034.38,10.96,9,0,0,37.1,0.545,-49
6699,revolving,South,debt_consolidation,2022-09-07,600,565,1852.66,1138.9,2070.12,10.35,11,1,0,28.2,0.55,-35
6700,revolving,South,personal,2022-01-05,652,634,1874.27,661.39,1609.02,10.52,6,0,0,36.4,0.411,-18
6701,term,North,debt_consolidation,2021-09-26,636,613,8678.04,4823.92,,5.81,16,0,0,39.8,,-23
6702,term,South,home_improvement,2023-01-18,696,667,20620.91,6978.78,,9.22,9,0,0,23.8,,-29
6703,term,West,personal,2022-12-02,700,677,15555.9,6139.97,,3.0,3,0,0,25.4,,-23
6704,term,South,personal,2023-01-30,764,759,8783.82,6559.14,,3.0,2,0,0,23.4,,-5
6705,revolving,West,personal,2024-05-04,621,566,22031.7,19354.56,45286.85,8.19,15,0,0,8.1,0.427,-55
6706,term,West,home_improvement,2022-10-26,659,636,14221.09,10122.17,,8.5,8,1,0,26.6,,-23
6707,term,North,personal,2021-08-12,736,702,9956.32,995.63,,11.84,6,0,0,41.3,,-34
6708,term,East,auto,2024-01-15,708,686,17243.56,11398.22,,5.54,6,0,0,11.7,,-22
6709,term,South,home_improvement,2023-10-01,640,641,10425.92,6805.82,,9.0,8,0,0,15.3,,1
6710,revolving,South,home_improvement,2024-07-08,600,594,8207.29,6819.72,13230.4,7.4,13,0,0,5.9,0.515,-6
6711,term,West,auto,2024-03-29,791,772,7890.94,6291.09,,4.05,0,0,0,9.3,,-19
6712,term,North,auto,2021-03-29,584,564,14264.4,4896.23,,7.81,21,0,0,45.8,,-20
6713,revolving,South,personal,2024-10-12,605,556,5407.82,4998.94,7906.31,6.06,11,0,0,2.7,0.632,-49
6714,revolving,North,home_improvement,2022-03-07,691,671,16426.58,9679.35,28635.83,6.89,9,0,0,34.4,0.338,-20
6715,revolving,West,home_improvement,2024-05-18,737,710,13639.53,12443.58,28394.41,7.74,4,0,0,7.6,0.438,-27
6716,revolving,North,auto,2023-01-18,627,605,19256.29,13732.98,28552.67,15.45,19,0,0,23.8,0.481,-22
6717,term,North,auto,2024-01-02,720,683,13968.28,9565.52,,11.2,4,1,0,12.2,,-37
6718,revolving,East,debt_consolidation,2023-04-13,619,590,26980.48,12158.61,27476.67,11.96,9,1,0,21.0,0.443,-29
6719,revolving,East,auto,2023-02-27,728,720,57248.06,20382.9,54212.76,10.39,6,0,0,22.5,0.376,-8
6720,term,West,auto,2022-05-14,728,677,11951.86,1228.07,,9.15,4,0,0,32.1,,-51
6721,term,West,personal,2021-12-31,627,619,11584.2,6800.24,,11.87,10,0,0,36.6,,-8
6722,revolving,West,debt_consolidation,2024-07-05,732,703,15169.04,13141.33,24344.0,8.18,5,0,0,6.0,0.54,-29
6723,term,West,debt_consolidation,2022-09-01,621,562,31269.37,11029.45,,4.43,10,0,0,28.4,,-59
6724,revolving,North,auto,2024-09-27,531,500,29416.74,27270.28,76716.12,8.62,23,0,0,3.2,0.355,-31
6725,term,West,home_improvement,2024-03-28,671,626,24854.85,18460.32,,8.72,8,0,0,9.3,,-45
6726,revolving,North,auto,2021-08-15,703,656,21895.69,8124.43,16477.29,15.81,6,0,0,41.2,0.493,-47
6727,revolving,East,debt_consolidation,2023-02-17,725,681,11150.94,7693.17,17111.0,11.81,1,0,0,22.8,0.45,-44
6728,revolving,West,personal,2024-09-27,744,727,5249.94,5021.88,14874.32,7.7,1,0,0,3.2,0.338,-17
6729,revolving,East,home_improvement,2022-07-25,617,586,12672.96,6786.56,17262.68,8.42,17,0,1,29.7,0.393,-31
6730,term,South,auto,2021-12-29,679,654,19119.5,1911.95,,7.57,6,0,0,36.6,,-25
6731,term,South,debt_consolidation,2021-08-18,653,620,78188.47,12444.0,,6.63,12,0,0,41.1,,-33
6732,term,North,personal,2024-03-04,679,643,4676.22,3949.74,,10.71,6,0,0,10.1,,-36
6733,term,East,home_improvement,2021-10-20,818,813,5614.01,561.4,,3.0,0,0,0,39.0,,-5
6734,term,East,debt_consolidation,2022-04-22,668,643,5258.04,1051.42,,8.8,8,0,0,32.8,,-25
6735,term,South,personal,2023-06-05,621,561,8680.38,4804.3,,6.38,17,0,0,19.2,,-60
6736,term,West,auto,2023-10-24,664,629,21428.25,15306.44,,3.73,8,0,0,14.5,,-35
6737,term,North,home_improvement,2023-03-18,730,685,18774.45,10573.54,,3.33,1,0,0,21.8,,-45
6738,revolving,West,home_improvement,2023-06-25,709,691,14990.25,7058.98,15838.34,10.17,2,1,0,18.5,0.446,-18
6739,term,East,home_improvement,2022-06-16,742,730,31881.76,6573.58,,14.08,3,0,0,31.0,,-12
6740,term,East,personal,2023-03-13,790,749,31810.07,17661.32,,5.0,0,0,0,22.0,,-41
6741,revolving,East,debt_consolidation,2023-02-11,788,763,5610.16,1957.82,4936.81,11.49,0,0,0,23.0,0.397,-25
6742,revolving,North,debt_consolidation,2024-04-08,631,591,6767.95,5594.55,12155.85,7.86,14,0,0,8.9,0.46,-40
6743,term,North,home_improvement,2022-02-06,724,703,4767.9,710.35,,7.84,3,0,0,35.3,,-21
6744,term,East,auto,2023-03-31,575,559,6627.46,4568.84,,9.98,14,1,0,21.4,,-16
6745,term,North,debt_consolidation,2021-05-09,745,716,7815.09,781.51,,8.04,3,0,0,44.4,,-29
6746,revolving,West,debt_consolidation,2021-03-28,587,574,9627.91,2979.75,8131.06,10.05,18,0,0,45.8,0.366,-13
6747,term,South,debt_consolidation,2022-04-06,587,550,21959.37,2195.94,,12.23,20,1,0,33.4,,-37
6748,term,South,auto,2023-06-19,668,625,36525.48,20575.73,,9.44,16,0,0,18.7,,-43
6749,term,South,debt_consolidation,2021-08-18,735,710,15880.33,9165.47,,9.26,4,0,0,41.1,,-25
6750,term,North,personal,2023-08-27,623,603,18028.41,11897.71,,11.79,23,0,0,16.4,,-20
6751,term,South,personal,2022-11-17,648,597,2362.25,1332.04,,7.9,11,0,0,25.9,,-51
6752,term,East,home_improvement,2021-06-08,629,607,9558.19,2322.45,,12.24,11,0,0,43.4,,-22
6753,term,East,debt_consolidation,2023-12-26,688,647,8427.01,6672.7,,13.96,8,0,0,12.4,,-41
6754,term,North,auto,2024-09-21,735,728,14922.3,14167.25,,12.06,3,0,0,3.4,,-7
6755,revolving,South,debt_consolidation,2021-12-27,681,663,18016.91,5993.27,14137.33,10.27,6,0,0,36.7,0.424,-18
6756,term,North,home_improvement,2021-09-11,642,603,8001.79,1403.28,,11.9,8,0,0,40.3,,-39
6757,term,West,personal,2024-11-29,772,763,19664.45,19356.09,,7.46,0,0,0,1.1,,-9
6758,revolving,West,auto,2024-03-18,741,731,14971.09,10974.89,21077.98,11.56,3,0,0,9.6,0.521,-10
6759,term,West,home_improvement,2022-12-07,633,598,19892.38,8489.67,,8.31,10,0,0,25.2,,-35
6760,term,North,debt_consolidation,2022-05-27,626,586,35854.88,7712.75,,8.06,6,0,0,31.7,,-40
6761,revolving,West,debt_consolidation,2024-08-24,655,629,6889.94,6024.89,11149.98,7.68,10,0,0,4.3,0.54,-26
6762,term,West,auto,2021-10-19,738,704,24324.25,9043.14,,12.89,5,0,0,39.0,,-34
6763,revolving,North,auto,2024-11-23,524,493,8084.19,7870.06,18374.91,12.7,33,0,1,1.3,0.428,-31
6764,revolving,East,debt_consolidation,2024-01-30,758,752,12753.7,9138.13,16712.28,12.83,8,0,0,11.2,0.547,-6
6765,term,North,personal,2021-11-25,658,630,21217.5,8310.6,,10.29,7,0,0,37.8,,-28
6766,term,East,home_improvement,2022-01-20,606,563,23471.93,13539.91,,3.0,21,0,0,35.9,,-43
6767,term,West,personal,2021-01-16,688,664,4414.78,2109.39,,3.0,4,0,0,48.2,,-24
6768,revolving,North,debt_consolidation,2023-09-10,696,651,1000.0,697.18,1140.61,9.96,8,0,0,16.0,0.611,-45
6769,term,South,debt_consolidation,2023-06-25,732,712,9530.07,6476.16,,8.25,6,0,0,18.5,,-20
6770,revolving,East,auto,2023-11-29,748,749,21466.16,15363.3,33145.07,4.14,1,0,0,13.3,0.464,1
6771,revolving,North,personal,2022-05-11,700,681,63031.59,15683.14,37425.14,9.61,9,0,1,32.2,0.419,-19
6772,term,South,debt_consolidation,2021-01-11,710,667,12455.26,1245.53,,7.77,5,0,0,48.4,,-43
6773,term,North,personal,2021-01-30,683,667,8152.0,3327.61,,13.31,10,0,0,47.7,,-16
6774,term,South,home_improvement,2021-06-17,719,682,19125.89,3066.86,,8.89,4,0,0,43.1,,-37
6775,term,East,debt_consolidation,2022-01-25,643,603,5518.86,1249.26,,7.55,10,0,0,35.7,,-40
6776,term,East,home_improvement,2022-01-15,656,615,47931.01,18766.15,,4.93,6,0,0,36.1,,-41
6777,term,North,debt_consolidation,2022-11-21,585,542,5418.17,2297.9,,9.14,22,0,0,25.7,,-43
6778,term,West,debt_consolidation,2024-12-30,779,755,13525.55,13138.3,,11.51,0,0,0,0.1,,-24
6779,term,North,home_improvement,2023-08-03,642,601,36121.32,21879.02,,8.42,12,0,1,17.2,,-41
6780,revolving,North,auto,2023-06-11,744,716,18052.47,9168.09,18485.64,11.34,2,0,0,19.0,0.496,-28
6781,term,South,auto,2023-11-11,755,743,6626.88,4873.91,,8.96,4,0,0,13.9,,-12
6782,term,West,debt_consolidation,2024-09-09,587,555,10427.41,9615.18,,11.35,15,0,0,3.8,,-32
6783,term,East,home_improvement,2023-05-29,688,659,6075.59,2812.87,,9.14,6,0,0,19.4,,-29
6784,term,North,auto,2021-12-13,719,695,7129.48,712.95,,4.77,2,1,0,37.2,,-24
6785,term,South,debt_consolidation,2021-10-18,646,646,21355.72,9712.92,,12.7,7,0,0,39.0,,0
6786,revolving,South,debt_consolidation,2024-11-24,597,549,2609.12,2512.88,4022.53,12.04,7,0,0,1.3,0.625,-48
6787,term,East,auto,2023-12-19,769,753,17088.02,13406.13,,12.31,0,0,0,12.6,,-16
6788,revolving,West,home_improvement,2021-10-20,718,688,25900.51,8565.39,17638.64,19.73,4,0,0,39.0,0.486,-30
6789,term,East,auto,2022-09-25,682,649,10175.01,4016.56,,8.7,4,0,0,27.6,,-33
6790,term,West,debt_consolidation,2024-03-07,617,566,24900.04,22260.74,,8.81,15,1,0,10.0,,-51
6791,revolving,North,personal,2023-03-28,619,579,34702.46,14419.35,32774.61,8.54,9,0,0,21.5,0.44,-40
6792,term,East,home_improvement,2021-10-06,690,667,35814.14,3581.41,,7.28,3,0,0,39.4,,-23
6793,term,North,personal,2024-10-24,652,610,13250.12,12477.09,,10.65,17,1,0,2.3,,-42
6794,term,East,personal,2022-05-18,693,642,12155.09,5506.55,,8.08,4,1,0,32.0,,-51
6795,term,West,personal,2023-03-21,702,687,9911.96,6075.67,,13.37,7,0,0,21.7,,-15
6796,term,West,debt_consolidation,2023-01-04,652,605,25381.47,11115.7,,9.17,16,0,0,24.3,,-47
6797,term,South,personal,2024-08-13,781,792,14270.12,13544.25,,10.75,0,0,0,4.7,,11
6798,term,East,personal,2023-03-22,634,620,1464.01,1073.77,,10.33,14,0,0,21.7,,-14
6799,term,South,home_improvement,2021-12-30,623,605,9127.99,1113.74,,10.76,11,0,1,36.6,,-18
6800,revolving,South,auto,2021-07-29,705,683,23559.77,3122.64,9089.21,6.24,5,0,0,41.7,0.344,-22
6801,term,South,debt_consolidation,2022-04-05,708,680,5259.91,3293.52,,12.84,8,0,1,33.4,,-28
6802,term,North,auto,2023-02-18,619,602,25812.35,15005.7,,10.45,12,0,0,22.8,,-17
6803,term,South,debt_consolidation,2023-08-02,659,639,21573.05,15379.67,,10.54,14,0,0,17.3,,-20
6804,term,West,home_improvement,2022-10-04,587,548,6376.14,1836.16,,10.41,17,0,0,27.3,,-39
6805,revolving,North,auto,2021-04-02,646,594,2681.9,1173.94,2093.12,3.0,16,0,0,45.7,0.561,-52
6806,revolving,South,auto,2023-09-10,728,698,17584.65,14406.15,22005.56,9.32,5,0,0,16.0,0.655,-30
6807,term,South,debt_consolidation,2023-04-25,602,592,8418.92,6517.85,,9.26,8,1,0,20.6,,-10
6808,term,North,debt_consolidation,2023-05-26,614,607,48998.56,32724.67,,9.79,12,0,0,19.5,,-7
6809,revolving,East,auto,2023-11-14,630,600,6357.63,3858.38,8607.24,12.05,16,0,0,13.8,0.448,-30
6810,revolving,West,auto,2023-07-12,748,720,17605.81,13186.94,24152.66,11.74,1,0,0,18.0,0.546,-28
6811,term,North,personal,2024-03-12,739,715,93822.29,78413.51,,11.96,0,0,0,9.8,,-24
6812,term,South,auto,2021-08-01,554,521,55496.56,8907.24,,6.1,17,0,0,41.6,,-33
6813,term,West,auto,2021-04-13,572,530,4239.34,1364.1,,9.37,14,0,0,45.3,,-42
6814,term,West,debt_consolidation,2022-05-29,685,643,5656.96,684.92,,4.31,6,0,0,31.6,,-42
6815,term,North,auto,2024-03-07,583,549,18160.73,15714.55,,9.25,21,0,1,10.0,,-34
6816,term,North,personal,2022-12-23,752,728,6900.85,3427.71,,5.64,2,0,0,24.7,,-24
6817,term,West,auto,2022-11-22,548,520,13003.95,6649.06,,8.21,16,0,0,25.7,,-28
6818,revolving,East,home_improvement,2023-01-22,634,584,25558.55,19394.85,48482.31,11.42,12,1,0,23.7,0.4,-50
6819,term,North,debt_consolidation,2024-09-14,692,670,31173.0,28911.02,,15.41,10,0,1,3.6,,-22
6820,revolving,East,debt_consolidation,2022-08-11,768,768,13625.86,1761.18,4389.56,6.12,0,0,0,29.1,0.401,0
6821,term,North,auto,2023-10-13,679,643,25720.73,14506.33,,9.76,7,0,0,14.9,,-36
6822,revolving,North,home_improvement,2023-02-25,698,662,11609.3,4756.51,11794.06,8.86,6,0,0,22.5,0.403,-36
6823,term,East,personal,2021-04-27,690,664,18063.96,8400.82,,7.61,8,0,0,44.8,,-26
6824,term,East,personal,2021-12-31,736,713,13799.3,1379.93,,9.87,3,0,0,36.6,,-23
6825,term,North,auto,2022-12-08,698,673,19439.1,5347.5,,9.91,8,0,0,25.2,,-25
6826,revolving,East,auto,2021-10-03,724,696,44872.8,10697.71,25237.78,9.27,6,0,0,39.5,0.424,-28
6827,term,North,auto,2024-08-07,725,696,8412.53,7541.24,,4.88,5,0,0,4.9,,-29
6828,term,West,auto,2021-04-04,745,744,7892.52,4274.47,,9.11,1,0,0,45.6,,-1
6829,term,West,personal,2023-04-15,549,495,24109.33,12804.75,,10.89,19,0,0,20.9,,-54
6830,term,West,auto,2021-09-28,588,565,14784.61,2288.34,,4.08,14,1,0,39.7,,-23
6831,term,North,auto,2024-03-15,720,712,6945.34,6170.47,,6.8,7,0,0,9.7,,-8
6832,term,East,auto,2022-04-28,797,768,12069.59,3218.82,,6.25,0,0,0,32.6,,-29
6833,revolving,South,auto,2024-09-01,699,662,5663.85,5062.31,12218.12,8.48,3,0,0,4.1,0.414,-37
6834,term,South,debt_consolidation,2023-10-31,664,635,19301.24,12258.76,,11.31,6,0,0,14.3,,-29
6835,term,South,auto,2021-02-12,739,719,35999.58,8908.79,,8.36,3,0,0,47.3,,-20
6836,term,South,personal,2022-09-08,759,729,27583.21,18892.04,,13.35,1,0,0,28.2,,-30
6837,term,West,debt_consolidation,2023-04-20,720,689,45260.0,34169.46,,9.96,7,1,0,20.7,,-31
6838,term,East,personal,2023-03-07,677,640,8269.91,6164.66,,9.22,9,0,0,22.2,,-37
6839,term,North,debt_consolidation,2021-08-13,682,660,4910.13,491.01,,9.12,8,0,0,41.2,,-22
6840,term,West,auto,2021-07-28,695,679,1591.07,251.23,,3.61,3,0,0,41.8,,-16
6841,revolving,West,auto,2021-05-21,759,739,12400.69,4852.86,14267.96,8.68,1,0,0,44.0,0.34,-20
6842,term,South,home_improvement,2023-11-09,705,670,17894.4,12311.52,,10.23,8,0,0,14.0,,-35
6843,revolving,North,debt_consolidation,2022-01-01,706,686,18750.62,10001.78,24919.75,14.58,7,0,0,36.5,0.401,-20
6844,term,West,home_improvement,2023-11-29,737,741,19720.94,16863.75,,6.18,4,0,1,13.3,,4
6845,revolving,East,debt_consolidation,2022-03-13,677,642,13615.26,5473.2,13524.53,12.84,9,0,0,34.2,0.405,-35
6846,term,East,debt_consolidation,2024-01-08,695,666,18924.78,12727.13,,10.84,5,0,0,12.0,,-29
6847,term,South,auto,2023-03-16,797,773,11601.55,6538.21,,7.23,1,0,0,21.9,,-24
6848,revolving,West,auto,2021-09-24,641,627,21537.44,5184.94,10395.29,7.2,11,0,0,39.8,0.499,-14
6849,term,North,debt_consolidation,2024-01-26,645,615,7496.1,6270.7,,12.97,16,0,0,11.4,,-30
6850,term,East,home_improvement,2021-07-23,628,566,33960.4,3396.04,,10.6,15,0,1,41.9,,-62
6851,revolving,South,home_improvement,2022-02-04,698,663,9064.79,3543.77,5918.4,11.95,11,0,0,35.4,0.599,-35
6852,term,North,debt_consolidation,2023-06-16,702,669,12500.91,5544.56,,7.91,10,0,0,18.8,,-33
6853,term,West,debt_consolidation,2022-02-10,564,532,40308.18,19337.15,,6.05,11,0,0,35.2,,-32
6854,revolving,South,auto,2024-05-17,737,716,21886.27,16945.4,47502.09,3.0,2,0,0,7.6,0.357,-21
6855,term,West,personal,2021-07-05,615,570,6461.62,1780.01,,5.32,14,0,0,42.5,,-45
6856,term,North,personal,2022-11-19,707,681,8964.01,2026.83,,6.99,2,0,0,25.8,,-26
6857,term,West,personal,2022-07-13,687,659,31651.66,10431.72,,11.44,9,0,0,30.1,,-28
6858,term,North,home_improvement,2021-04-29,509,477,17498.3,2392.65,,5.92,19,0,0,44.8,,-32
6859,revolving,West,home_improvement,2024-09-05,537,500,17825.32,16687.56,32079.71,4.05,21,0,0,3.9,0.52,-37
6860,term,West,auto,2022-08-01,612,566,8079.05,4934.07,,7.27,13,0,0,29.5,,-46
6861,term,North,debt_consolidation,2022-05-26,750,710,9402.79,3647.27,,7.41,0,0,0,31.7,,-40
6862,revolving,East,debt_consolidation,2023-11-06,567,528,11430.13,9787.28,29090.27,9.02,19,0,0,14.1,0.336,-39
6863,term,South,auto,2023-07-24,746,703,25218.87,17994.24,,16.66,5,0,1,17.6,,-43
6864,revolving,North,auto,2024-11-29,574,546,2968.16,2878.9,4400.94,9.97,16,0,0,1.1,0.654,-28
6865,term,North,auto,2022-12-06,548,517,5443.19,3007.91,,9.51,14,1,0,25.2,,-31
6866,term,South,debt_consolidation,2021-01-23,697,695,4743.96,1087.27,,10.18,7,0,0,48.0,,-2
6867,term,West,personal,2023-06-13,677,657,7720.7,3464.76,,15.57,12,0,0,18.9,,-20
6868,term,East,home_improvement,2023-02-17,574,539,23817.39,13875.57,,3.73,14,0,0,22.8,,-35
6869,revolving,South,home_improvement,2024-01-13,607,563,21615.03,14858.56,39947.02,12.71,16,0,0,11.8,0.372,-44
6870,revolving,North,home_improvement,2023-02-19,698,665,8630.84,3364.8,8623.86,11.55,10,0,1,22.7,0.39,-33
6871,term,North,home_improvement,2021-12-17,657,627,2759.53,416.05,,4.55,3,1,0,37.0,,-30
6872,term,South,debt_consolidation,2021-02-10,717,682,13165.17,1316.52,,6.91,5,0,0,47.4,,-35
6873,term,West,personal,2022-07-22,659,600,10443.39,6814.29,,6.23,12,0,0,29.8,,-59
6874,term,South,debt_consolidation,2021-07-25,739,729,11446.0,5747.37,,4.69,3,0,0,41.9,,-10
6875,revolving,East,auto,2024-11-14,611,572,15784.49,15476.27,37850.34,7.41,13,0,0,1.6,0.409,-39
6876,term,North,home_improvement,2021-02-06,715,690,14536.39,1453.64,,5.0,9,0,0,47.5,,-25
6877,revolving,North,debt_consolidation,2021-12-30,603,570,6041.41,2916.2,6926.66,10.63,20,0,0,36.6,0.421,-33
6878,term,South,home_improvement,2022-03-24,698,692,7969.03,796.9,,13.33,3,0,0,33.8,,-6
6879,term,South,debt_consolidation,2024-07-04,718,662,18757.07,16473.07,,6.66,1,0,0,6.0,,-56
6880,term,North,home_improvement,2022-08-22,616,575,12492.83,5244.16,,5.48,12,1,0,28.8,,-41
6881,revolving,North,auto,2023-02-10,702,687,5111.87,2285.62,6242.1,12.49,6,0,0,23.0,0.366,-15
6882,term,East,debt_consolidation,2022-10-31,713,699,5877.42,2093.9,,5.44,10,0,0,26.4,,-14
6883,term,West,home_improvement,2023-11-12,709,670,30262.97,18774.1,,4.25,13,0,0,13.9,,-39
6884,term,North,debt_consolidation,2022-07-23,635,612,10120.09,4693.63,,6.99,15,0,0,29.8,,-23
6885,term,West,debt_consolidation,2024-04-29,658,603,17291.23,15215.37,,11.23,12,0,0,8.2,,-55
6886,term,North,debt_consolidation,2022-08-11,782,776,3962.64,946.56,,9.71,0,0,0,29.1,,-6
6887,term,West,auto,2021-06-09,626,586,10750.3,1075.03,,12.27,12,0,0,43.4,,-40
6888,revolving,South,personal,2021-05-12,688,684,1000.0,100.0,265.5,5.9,8,0,0,44.3,0.377,-4
6889,term,East,debt_consolidation,2023-02-13,667,654,15461.13,11665.03,,11.78,11,0,0,22.9,,-13
6890,term,North,home_improvement,2024-11-01,700,688,4823.87,4690.86,,8.38,8,0,0,2.0,,-12
6891,term,West,auto,2021-02-07,764,756,12397.76,1239.78,,3.43,0,0,0,47.5,,-8
6892,term,South,auto,2022-10-24,644,597,78655.01,37594.84,,13.12,8,1,0,26.7,,-47
6893,revolving,North,debt_consolidation,2021-10-22,701,673,14517.66,1451.77,2706.6,9.27,3,0,0,38.9,0.536,-28
6894,term,North,home_improvement,2024-10-28,722,707,9648.57,9177.56,,13.3,3,0,0,2.2,,-15
6895,term,East,debt_consolidation,2022-06-04,660,622,12669.4,6600.67,,12.68,7,0,0,31.4,,-38
6896,revolving,West,home_improvement,2024-07-30,629,595,17837.88,15908.99,38243.47,12.15,12,0,0,5.2,0.416,-34
6897,term,North,auto,2022-10-26,686,629,4647.65,2306.76,,16.64,3,0,0,26.6,,-57
6898,term,South,home_improvement,2022-08-26,681,653,7951.06,5103.23,,5.64,8,0,0,28.6,,-28
6899,revolving,North,debt_consolidation,2022-08-19,581,533,16554.64,6809.85,19219.12,15.32,24,1,0,28.9,0.354,-48
6900,term,West,personal,2021-04-16,632,597,35644.81,18424.88,,8.3,11,0,0,45.2,,-35
6901,term,South,debt_consolidation,2022-12-15,723,718,16382.29,8045.38,,11.76,5,0,0,24.9,,-5
6902,revolving,West,auto,2023-10-10,652,646,2877.39,1927.02,4864.54,9.37,13,0,0,15.0,0.396,-6
6903,term,North,auto,2022-07-31,707,651,17000.07,10822.2,,11.79,13,0,0,29.5,,-56
6904,term,South,home_improvement,2024-05-25,616,567,26026.12,22840.72,,8.71,20,0,0,7.4,,-49
6905,revolving,South,debt_consolidation,2023-05-25,687,673,17231.85,11273.09,21302.89,13.79,8,0,0,19.6,0.529,-14
6906,revolving,West,auto,2024-01-05,687,652,7233.12,6314.53,10954.92,11.42,9,0,0,12.1,0.576,-35
6907,term,North,home_improvement,2022-01-29,697,671,17353.91,10165.94,,5.58,9,0,0,35.6,,-26
6908,term,South,home_improvement,2023-12-21,657,623,14414.52,10204.23,,10.34,9,0,0,12.6,,-34
6909,term,South,home_improvement,2022-08-16,689,672,7673.61,2452.98,,11.02,7,0,0,29.0,,-17
6910,term,North,debt_consolidation,2022-03-30,793,754,15781.07,7131.83,,11.16,0,0,0,33.6,,-39
6911,term,West,auto,2024-02-25,705,700,10612.85,8284.16,,6.16,5,0,0,10.4,,-5
6912,term,West,home_improvement,2024-11-22,768,739,16025.66,15450.21,,8.22,0,0,0,1.3,,-29
6913,revolving,North,debt_consolidation,2023-04-10,669,631,5900.26,3858.38,8601.08,9.92,8,0,0,21.1,0.449,-38
6914,term,West,home_improvement,2021-07-29,524,468,6779.99,678.0,,8.41,29,0,0,41.7,,-56
6915,term,North,home_improvement,2022-04-28,725,720,45634.79,4563.48,,15.13,6,0,0,32.6,,-5
6916,term,East,home_improvement,2024-01-19,797,758,8642.37,6224.87,,8.62,0,0,0,11.6,,-39
6917,term,South,home_improvement,2022-05-05,688,674,17869.68,1786.97,,6.24,11,0,0,32.4,,-14
6918,term,West,auto,2024-03-09,645,618,2609.3,2042.76,,8.66,5,0,0,9.9,,-27
6919,term,South,debt_consolidation,2024-09-13,685,658,10071.93,9381.48,,4.43,14,0,0,3.7,,-27
6920,revolving,East,home_improvement,2022-10-15,749,723,2558.72,739.07,1313.93,9.29,4,0,0,27.0,0.562,-26
6921,revolving,East,personal,2023-05-06,688,659,7713.44,4515.42,12177.11,6.22,10,0,0,20.2,0.371,-29
6922,revolving,South,personal,2023-08-10,639,608,19204.1,11933.41,32196.69,6.51,8,0,0,17.0,0.371,-31
6923,term,North,personal,2023-07-16,620,603,16093.95,9205.67,,11.02,10,0,0,17.8,,-17
6924,term,West,auto,2021-07-15,722,704,2556.44,882.62,,3.56,5,0,0,42.2,,-18
6925,term,West,debt_consolidation,2024-07-17,850,844,22120.3,20152.85,,8.03,0,0,0,5.6,,-6
6926,term,East,debt_consolidation,2024-06-24,609,582,16302.56,14704.33,,12.75,13,0,1,6.4,,-27
6927,revolving,East,auto,2022-09-08,717,689,7123.78,1374.78,2521.24,5.77,5,0,0,28.2,0.545,-28
6928,term,North,auto,2022-01-19,721,697,27166.03,12485.21,,8.86,3,0,0,35.9,,-24
6929,term,North,auto,2024-09-08,612,590,18650.07,17875.31,,14.78,11,0,0,3.8,,-22
6930,revolving,South,home_improvement,2023-08-19,728,708,14639.38,10423.01,18176.28,12.66,3,1,0,16.7,0.573,-20
6931,term,West,personal,2021-09-25,802,809,11069.95,1106.99,,7.76,1,0,0,39.8,,7
6932,term,North,personal,2021-07-16,737,725,6195.68,2677.9,,6.55,6,0,0,42.2,,-12
6933,term,West,home_improvement,2024-07-16,658,608,40464.56,37352.97,,10.87,8,0,0,5.6,,-50
6934,revolving,East,auto,2022-01-26,598,587,18571.42,6658.69,12492.28,7.95,10,0,0,35.7,0.533,-11
6935,revolving,South,home_improvement,2022-07-21,706,699,17385.47,10275.19,16370.86,14.14,6,0,0,29.8,0.628,-7
6936,term,South,personal,2022-08-21,671,624,19348.16,12498.3,,10.78,14,0,0,28.8,,-47
6937,revolving,South,debt_consolidation,2022-09-10,719,717,2260.84,1088.95,3045.21,3.77,6,0,0,28.1,0.358,-2
6938,revolving,North,auto,2024-04-16,662,639,55713.41,45249.59,127815.85,4.71,8,0,0,8.7,0.354,-23
6939,revolving,North,home_improvement,2022-09-24,625,571,14592.74,9200.69,18369.3,5.72,15,0,0,27.7,0.501,-54
6940,revolving,North,personal,2023-11-27,684,667,17167.77,10700.39,22747.12,6.53,11,0,0,13.4,0.47,-17
6941,term,North,personal,2021-02-13,749,725,13962.33,3919.25,,8.79,0,0,0,47.3,,-24
6942,term,East,auto,2021-01-11,728,697,13319.01,4847.21,,10.51,5,1,0,48.4,,-31
6943,term,East,debt_consolidation,2022-06-05,663,620,6786.11,1371.94,,5.27,6,0,0,31.4,,-43
6944,term,West,debt_consolidation,2022-01-11,609,578,23829.15,11348.16,,4.85,19,0,0,36.2,,-31
6945,revolving,South,personal,2023-12-04,662,648,6588.1,4415.03,10397.94,5.7,13,0,0,13.1,0.425,-14
6946,term,East,personal,2022-01-14,661,646,9931.5,1564.64,,7.59,10,0,0,36.1,,-15
6947,term,West,home_improvement,2024-05-07,676,649,23460.92,19952.41,,10.83,11,0,0,8.0,,-27
6948,term,West,personal,2021-06-09,798,782,2226.46,222.65,,5.74,1,0,0,43.4,,-16
6949,term,North,home_improvement,2021-06-19,661,641,1806.73,180.67,,10.47,12,0,1,43.1,,-20
6950,term,West,personal,2021-10-07,687,677,17344.59,3499.88,,7.33,8,0,0,39.4,,-10
6951,term,West,debt_consolidation,2023-06-08,726,696,34749.35,18014.32,,6.34,5,0,0,19.1,,-30
6952,term,North,auto,2022-07-11,710,668,13161.75,7147.86,,7.86,6,1,0,30.2,,-42
6953,term,East,home_improvement,2024-11-14,767,740,6172.3,5879.49,,8.22,2,0,0,1.6,,-27
6954,term,East,personal,2022-06-03,647,586,5852.63,1746.88,,13.73,17,0,0,31.4,,-61
6955,term,East,auto,2024-03-07,640,596,18926.27,15520.53,,10.18,10,0,1,10.0,,-44
6956,revolving,North,personal,2023-06-09,657,641,21127.16,12590.13,19427.05,5.52,13,0,1,19.1,0.648,-16
6957,revolving,West,home_improvement,2024-02-29,624,588,17286.77,13915.3,37811.1,13.9,13,0,0,10.2,0.368,-36
6958,term,North,auto,2023-07-07,683,668,5323.19,4350.35,,13.05,14,0,0,18.1,,-15
6959,revolving,West,debt_consolidation,2022-04-04,689,680,32685.45,5407.23,11442.86,5.72,10,0,0,33.4,0.473,-9
6960,term,South,debt_consolidation,2023-11-21,660,639,16450.68,13539.8,,5.61,7,0,0,13.6,,-21
6961,revolving,South,auto,2022-07-08,712,714,5023.99,2186.85,4456.33,7.09,2,0,0,30.3,0.491,2
6962,revolving,South,personal,2022-07-12,714,712,1000.0,541.52,1501.32,5.16,6,0,0,30.1,0.361,-2
6963,term,East,home_improvement,2021-01-04,636,624,52352.19,8134.0,,11.21,8,0,0,48.6,,-12
6964,revolving,East,debt_consolidation,2024-09-07,714,701,12888.0,11517.53,20440.16,11.15,4,1,0,3.9,0.563,-13
6965,term,North,home_improvement,2022-08-20,610,598,22539.78,5223.58,,9.77,12,0,0,28.8,,-12
6966,revolving,East,home_improvement,2021-06-29,624,592,1471.86,147.19,260.34,8.04,8,1,0,42.7,0.565,-32
6967,term,North,home_improvement,2022-12-29,765,770,18070.6,13072.41,,9.82,1,0,0,24.5,,5
6968,term,North,auto,2022-10-05,666,647,5821.04,1939.54,,7.97,8,1,1,27.3,,-19
6969,revolving,East,home_improvement,2024-04-21,667,632,16647.38,14500.17,29773.36,7.75,11,0,0,8.5,0.487,-35
6970,term,East,debt_consolidation,2023-12-06,780,760,21104.55,15434.78,,8.5,0,0,0,13.1,,-20
6971,term,North,personal,2021-08-11,690,651,5683.48,568.35,,9.53,8,0,0,41.3,,-39
6972,term,North,home_improvement,2021-03-15,664,634,8493.19,849.32,,10.34,11,1,0,46.3,,-30
6973,term,North,debt_consolidation,2022-04-03,626,585,2234.03,223.4,,5.83,9,0,0,33.5,,-41
6974,revolving,West,debt_consolidation,2021-05-19,707,683,27805.0,5901.98,16246.95,8.48,10,0,0,44.1,0.363,-24
6975,revolving,East,auto,2023-09-07,766,765,18080.91,11546.82,33425.14,9.09,0,0,0,16.1,0.345,-1
6976,term,North,debt_consolidation,2024-06-15,675,636,15937.27,14473.55,,8.82,16,0,1,6.7,,-39
6977,revolving,South,personal,2021-02-28,757,743,19338.26,1933.83,3815.16,3.34,3,0,0,46.8,0.507,-14
6978,term,North,debt_consolidation,2021-01-27,671,631,14372.77,1437.28,,8.57,10,0,0,47.8,,-40
6979,revolving,West,auto,2021-09-07,634,605,9896.33,4907.67,11668.99,7.74,5,0,0,40.4,0.421,-29
6980,term,East,debt_consolidation,2023-08-17,650,599,8025.0,6261.74,,6.44,10,0,0,16.8,,-51
6981,term,North,home_improvement,2022-03-27,635,580,22498.82,14908.99,,10.78,8,0,0,33.7,,-55
6982,term,South,debt_consolidation,2022-04-16,762,756,13899.42,1389.94,,11.49,1,0,0,33.0,,-6
6983,term,East,auto,2023-11-21,747,712,11916.58,7733.12,,9.95,0,0,0,13.6,,-35
6984,term,West,home_improvement,2022-08-20,703,691,11959.22,8001.78,,5.49,6,0,0,28.8,,-12
6985,revolving,North,personal,2021-09-09,537,520,22598.28,6401.45,18184.21,6.04,25,1,0,40.3,0.352,-17
6986,term,North,personal,2024-02-06,768,731,37814.94,25997.61,,13.09,0,0,0,11.0,,-37
6987,term,East,home_improvement,2023-04-20,657,637,23914.62,14233.96,,12.91,12,1,1,20.7,,-20
6988,term,East,home_improvement,2021-10-11,642,597,16113.74,1611.37,,10.86,14,0,0,39.3,,-45
6989,revolving,North,home_improvement,2021-01-22,660,651,55652.62,20889.73,51516.63,6.22,8,0,0,48.0,0.405,-9
6990,term,North,auto,2024-02-09,682,667,8637.92,7158.91,,11.06,4,0,0,10.9,,-15
6991,revolving,West,auto,2023-10-03,705,684,2678.05,2129.29,4606.24,12.99,3,0,0,15.2,0.462,-21
6992,term,East,personal,2023-09-18,745,751,8860.42,6430.72,,15.66,4,0,0,15.7,,6
6993,term,East,debt_consolidation,2023-08-09,711,701,15281.91,11387.62,,5.82,8,0,0,17.0,,-10
6994,term,West,personal,2022-12-23,681,655,11527.6,4696.84,,15.41,13,0,0,24.7,,-26
6995,term,North,home_improvement,2023-08-30,657,640,6210.05,4127.24,,3.31,15,0,0,16.3,,-17
6996,term,East,personal,2021-05-02,627,603,14259.01,2001.01,,13.35,14,0,0,44.7,,-24
6997,term,East,personal,2022-09-07,702,672,12349.82,4294.2,,7.61,4,0,0,28.2,,-30
6998,term,West,home_improvement,2022-02-19,711,697,4542.11,783.24,,11.01,2,0,0,34.9,,-14
6999,term,West,auto,2024-12-23,634,623,2234.91,2202.56,,5.65,13,0,1,0.3,,-11
7000,revolving,North,auto,2024-02-10,616,577,31099.21,24814.93,72418.03,12.26,5,1,0,10.9,0.343,-39
7001,term,North,home_improvement,2021-12-06,727,725,9100.81,2408.83,,6.36,5,0,0,37.4,,-2
7002,term,East,home_improvement,2023-02-25,654,628,20484.64,8206.08,,6.29,10,0,0,22.5,,-26
7003,term,West,debt_consolidation,2023-11-19,609,541,21858.49,18486.58,,12.79,13,0,0,13.6,,-68
7004,term,South,personal,2021-03-23,623,578,9137.16,2549.55,,4.94,16,0,0,46.0,,-45
7005,term,West,personal,2022-09-05,710,693,28732.64,16371.06,,6.67,6,0,0,28.3,,-17
7006,term,East,personal,2024-05-10,774,764,2479.37,2075.06,,13.28,0,0,0,7.9,,-10
7007,revolving,East,auto,2021-03-10,740,729,19687.72,1968.77,3706.6,10.15,2,0,0,46.4,0.531,-11
7008,term,South,auto,2021-02-03,567,527,2155.72,463.12,,11.01,22,0,0,47.6,,-40
7009,revolving,West,personal,2021-12-26,674,681,10696.29,6048.52,13740.28,7.51,9,0,0,36.7,0.44,7
7010,term,South,home_improvement,2023-09-20,728,723,1526.45,874.65,,4.95,4,0,0,15.6,,-5
7011,revolving,South,debt_consolidation,2024-05-19,591,568,2331.29,1811.9,3133.72,8.56,12,1,0,7.6,0.578,-23
7012,term,South,home_improvement,2022-11-21,777,758,6240.48,1442.66,,7.38,0,0,0,25.7,,-19
7013,term,East,home_improvement,2022-07-13,571,509,21075.9,2443.14,,7.41,13,0,0,30.1,,-62
7014,term,South,auto,2022-12-05,716,720,33829.93,8306.4,,8.4,5,0,0,25.3,,4
7015,term,North,personal,2024-10-01,658,622,7508.92,6948.06,,10.04,13,0,0,3.1,,-36
7016,term,East,home_improvement,2023-12-30,693,672,15756.34,11608.71,,6.84,7,0,1,12.3,,-21
7017,revolving,North,debt_consolidation,2021-12-08,685,676,49708.7,4970.87,14016.0,10.36,11,0,0,37.3,0.355,-9
7018,revolving,North,debt_consolidation,2023-09-21,627,600,7727.74,6370.55,16400.41,12.61,15,1,0,15.6,0.388,-27
7019,revolving,East,auto,2024-09-05,712,702,17292.93,16592.53,38137.32,10.48,2,0,0,3.9,0.435,-10
7020,term,East,home_improvement,2021-09-07,666,620,14189.84,2094.58,,13.04,6,0,0,40.4,,-46
7021,term,West,auto,2024-09-09,714,682,17343.33,15433.23,,12.0,7,0,0,3.8,,-32
7022,revolving,East,personal,2022-07-23,640,619,4846.03,2613.44,7698.17,11.87,17,0,1,29.8,0.339,-21
7023,term,South,debt_consolidation,2023-10-23,665,638,7790.24,5829.35,,7.24,18,0,1,14.5,,-27
7024,term,West,home_improvement,2022-12-25,713,692,12381.76,6497.14,,11.9,5,0,0,24.6,,-21
7025,term,South,debt_consolidation,2022-06-23,636,588,20321.85,12766.62,,9.01,10,0,1,30.8,,-48
7026,term,North,auto,2022-06-09,750,747,16948.4,4622.17,,13.43,2,0,0,31.2,,-3
7027,term,East,personal,2024-06-04,697,677,40935.64,34761.79,,13.96,7,0,0,7.0,,-20
7028,term,North,debt_consolidation,2024-10-16,798,791,3019.51,2843.04,,11.67,0,0,0,2.6,,-7
7029,term,West,auto,2024-03-16,670,637,9180.06,6839.11,,9.71,5,0,0,9.7,,-33
7030,term,North,home_improvement,2024-11-29,696,685,6871.84,6752.77,,10.09,11,0,0,1.1,,-11
7031,term,West,home_improvement,2021-11-25,666,623,9404.25,4368.63,,9.69,12,0,0,37.8,,-43
7032,term,South,home_improvement,2022-10-13,680,659,22522.68,13736.69,,6.61,10,0,0,27.0,,-21
7033,term,East,auto,2023-04-22,713,679,9323.81,4436.04,,6.14,4,0,0,20.7,,-34
7034,term,South,home_improvement,2024-04-25,777,740,21833.68,19585.24,,10.94,0,0,0,8.4,,-37
7035,term,West,home_improvement,2021-09-19,765,732,11248.54,2311.69,,6.96,1,0,0,40.0,,-33
7036,term,West,home_improvement,2022-06-17,726,707,9385.66,2621.44,,9.79,4,0,0,31.0,,-19
7037,revolving,South,home_improvement,2022-10-16,615,597,16814.81,3670.76,6004.85,7.89,16,0,0,26.9,0.611,-18
7038,term,South,home_improvement,2024-08-22,657,608,23523.57,21834.96,,6.13,17,0,0,4.4,,-49
7039,term,South,debt_consolidation,2024-04-05,715,739,14593.75,11563.37,,6.94,4,0,0,9.0,,24
7040,term,East,auto,2023-09-26,632,600,17411.24,11384.5,,15.72,10,0,0,15.4,,-32
7041,term,South,debt_consolidation,2021-10-28,679,651,4486.69,1732.51,,6.95,11,0,0,38.7,,-28
7042,term,North,home_improvement,2024-02-10,689,654,11875.66,8104.63,,7.03,2,1,0,10.9,,-35
7043,revolving,South,personal,2022-08-11,789,760,26784.95,16395.18,36372.54,6.29,0,0,0,29.1,0.451,-29
7044,term,West,home_improvement,2023-03-18,670,631,28092.7,14791.89,,9.64,8,0,1,21.8,,-39
7045,term,West,auto,2024-04-28,585,572,16688.96,14439.13,,8.22,12,1,0,8.3,,-13
7046,revolving,West,home_improvement,2024-05-10,726,708,14453.73,12620.9,26768.02,3.87,3,0,0,7.9,0.471,-18
7047,revolving,South,debt_consolidation,2023-07-23,742,707,8997.96,7043.4,17091.5,13.56,0,0,0,17.6,0.412,-35
7048,term,South,home_improvement,2024-01-18,816,812,21706.46,17500.63,,3.0,1,0,0,11.6,,-4
7049,term,East,auto,2021-09-25,653,636,13908.12,2300.57,,6.14,13,0,0,39.8,,-17
7050,term,South,auto,2022-12-06,597,585,14800.72,6529.6,,8.03,19,0,0,25.2,,-12
7051,revolving,West,home_improvement,2022-12-31,701,648,6383.88,3187.57,6658.89,11.29,3,0,0,24.4,0.479,-53
7052,revolving,South,home_improvement,2022-06-09,711,700,13795.58,3143.84,6186.97,7.06,3,0,0,31.2,0.508,-11
7053,revolving,North,debt_consolidation,2023-02-26,714,714,5637.6,4219.76,7307.81,6.95,2,0,0,22.5,0.577,0
7054,term,South,auto,2022-09-05,655,618,16001.0,8698.69,,9.47,9,0,0,28.3,,-37
7055,term,South,debt_consolidation,2023-01-29,705,721,8276.3,6260.2,,7.58,3,1,0,23.4,,16
7056,term,West,auto,2023-04-04,686,667,24039.28,15234.18,,4.96,9,0,0,21.3,,-19
7057,term,East,home_improvement,2023-01-03,646,603,4708.2,1501.06,,12.56,12,0,0,24.3,,-43
7058,term,West,auto,2021-06-04,614,580,5667.84,3063.12,,10.83,16,1,0,43.6,,-34
7059,revolving,West,home_improvement,2021-03-24,660,636,22602.69,2260.27,6555.6,11.64,8,0,0,46.0,0.345,-24
7060,term,South,debt_consolidation,2021-12-10,675,660,8166.71,816.67,,9.56,7,0,0,37.3,,-15
7061,term,West,debt_consolidation,2021-12-25,721,668,7434.32,3779.51,,8.68,4,0,0,36.8,,-53
7062,term,South,home_improvement,2024-03-18,678,662,15877.87,11413.02,,13.19,7,0,0,9.6,,-16
7063,revolving,South,personal,2023-04-10,649,630,18882.95,9475.15,23010.39,6.77,14,0,0,21.1,0.412,-19
7064,term,North,personal,2021-04-13,712,676,14874.47,1487.45,,10.51,5,0,0,45.3,,-36
7065,term,West,home_improvement,2023-07-16,675,665,4180.09,2893.02,,9.54,9,0,0,17.8,,-10
7066,revolving,South,auto,2023-05-01,638,601,13104.42,7858.7,21057.38,9.3,8,0,0,20.4,0.373,-37
7067,term,East,auto,2024-11-21,700,669,33886.28,32890.2,,4.51,7,0,0,1.4,,-31
7068,term,East,personal,2024-06-17,720,712,18011.15,16036.36,,6.13,4,0,0,6.6,,-8
7069,revolving,North,personal,2021-04-08,674,640,25111.36,2511.14,6456.97,14.54,6,0,0,45.5,0.389,-34
7070,term,South,home_improvement,2023-11-24,778,768,14008.78,11920.34,,10.83,0,0,0,13.5,,-10
7071,revolving,West,home_improvement,2022-04-20,754,734,8730.84,2294.58,6572.44,5.49,2,0,0,32.9,0.349,-20
7072,term,West,auto,2023-10-15,711,698,25449.13,18825.76,,3.88,1,0,0,14.8,,-13
7073,term,West,personal,2021-08-19,658,629,7277.75,3208.53,,5.59,10,0,0,41.0,,-29
7074,term,North,personal,2023-08-22,570,522,34683.49,21423.88,,6.33,20,1,0,16.6,,-48
7075,term,South,auto,2022-04-21,607,555,6893.35,3422.4,,10.98,20,0,0,32.9,,-52
7076,term,East,debt_consolidation,2023-12-31,733,711,23108.21,17892.6,,3.38,2,0,0,12.2,,-22
7077,revolving,South,auto,2022-08-25,624,595,9936.27,6126.24,10439.16,13.92,9,0,0,28.7,0.587,-29
7078,revolving,North,personal,2024-11-01,704,693,1000.0,964.46,2669.89,10.29,10,1,0,2.0,0.361,-11
7079,revolving,West,debt_consolidation,2021-10-04,626,605,30946.11,4840.65,7427.67,12.61,10,0,1,39.5,0.652,-21
7080,term,North,home_improvement,2022-02-15,669,642,3268.88,1455.22,,9.24,12,0,0,35.0,,-27
7081,revolving,East,debt_consolidation,2024-08-16,651,614,20431.33,19455.3,30958.53,8.48,5,0,0,4.6,0.628,-37
7082,term,North,home_improvement,2023-05-26,730,692,13626.17,7048.99,,7.35,4,1,0,19.5,,-38
7083,revolving,East,debt_consolidation,2024-06-18,734,706,53536.13,47137.08,114782.17,7.56,3,0,0,6.6,0.411,-28
7084,revolving,East,home_improvement,2021-08-06,582,556,51248.78,15915.81,30207.08,9.82,14,0,0,41.5,0.527,-26
7085,term,West,auto,2022-04-21,760,759,16301.23,7564.6,,9.82,0,0,0,32.9,,-1
7086,term,West,debt_consolidation,2021-08-28,664,605,12744.05,1274.4,,5.37,8,0,1,40.7,,-59
7087,term,North,auto,2021-06-12,745,716,1194.74,119.47,,3.0,1,0,0,43.3,,-29
7088,term,East,personal,2024-06-27,758,721,21126.25,18924.09,,8.18,2,0,0,6.3,,-37
7089,term,North,auto,2024-03-18,646,629,5072.89,4134.75,,13.27,12,0,0,9.6,,-17
7090,revolving,South,personal,2022-06-28,777,762,18840.87,4745.52,11829.1,7.92,0,0,0,30.6,0.401,-15
7091,term,West,auto,2022-03-26,572,532,9596.61,959.66,,3.0,13,0,0,33.7,,-40
7092,term,East,personal,2024-01-11,617,559,3740.93,2902.39,,10.45,17,0,0,11.9,,-58
7093,term,West,debt_consolidation,2022-12-11,654,624,2164.04,734.71,,8.21,14,1,0,25.1,,-30
7094,term,West,home_improvement,2022-10-25,618,563,6338.58,2049.54,,6.33,13,0,0,26.6,,-55
7095,term,South,home_improvement,2023-06-14,593,568,7317.52,4563.94,,3.0,15,0,0,18.9,,-25
7096,term,West,debt_consolidation,2024-10-29,741,717,26776.88,25387.51,,10.15,3,1,0,2.1,,-24
7097,term,South,home_improvement,2023-07-01,653,631,9189.08,6608.77,,11.32,13,0,0,18.3,,-22
7098,term,East,debt_consolidation,2024-03-15,684,694,5393.52,4282.59,,8.2,6,1,0,9.7,,10
7099,revolving,West,personal,2023-10-23,720,685,23908.4,14975.48,28179.48,5.83,7,0,0,14.5,0.531,-35
7100,term,West,debt_consolidation,2022-12-07,745,722,10137.49,7161.38,,3.0,1,0,0,25.2,,-23
7101,revolving,North,debt_consolidation,2022-11-16,773,734,8395.97,4137.02,10530.32,16.61,0,0,0,25.9,0.393,-39
7102,revolving,North,debt_consolidation,2024-02-15,627,597,17685.2,14793.5,31881.49,8.82,8,0,0,10.7,0.464,-30
7103,term,South,debt_consolidation,2021-09-03,772,736,6019.16,2901.79,,10.9,0,0,0,40.5,,-36
7104,term,North,personal,2021-06-29,689,645,3242.67,324.27,,8.45,8,0,0,42.7,,-44
7105,term,East,home_improvement,2024-02-07,690,663,34020.53,26680.33,,8.64,10,0,0,11.0,,-27
7106,revolving,South,auto,2024-06-07,663,638,39550.07,32214.82,58031.95,8.42,10,0,1,6.9,0.555,-25
7107,term,North,personal,2021-07-03,698,642,22815.35,9084.47,,10.32,5,0,0,42.6,,-56
7108,term,West,debt_consolidation,2023-12-26,772,736,4085.26,3406.96,,11.32,0,0,0,12.4,,-36
7109,term,North,auto,2022-11-23,719,673,33005.2,23716.9,,10.61,3,0,0,25.7,,-46
7110,term,South,home_improvement,2021-01-16,745,725,8842.56,2707.69,,12.03,2,0,1,48.2,,-20
7111,term,North,debt_consolidation,2024-12-30,627,584,30085.18,29617.54,,10.0,6,0,0,0.1,,-43
7112,revolving,North,home_improvement,2024-02-05,654,641,7336.03,5011.8,13398.96,8.83,10,0,0,11.0,0.374,-13
7113,term,South,auto,2021-08-30,684,660,15396.71,1539.67,,9.06,8,0,0,40.7,,-24
7114,term,South,personal,2023-10-01,710,700,7351.44,5038.21,,8.41,5,0,0,15.3,,-10
7115,term,East,debt_consolidation,2022-10-24,700,681,2316.75,1398.35,,11.5,8,0,0,26.7,,-19
7116,revolving,South,auto,2022-12-04,787,800,8173.49,3454.55,8309.27,3.41,0,0,0,25.3,0.416,13
7117,revolving,South,home_improvement,2023-11-06,640,604,42642.36,32628.7,61990.07,10.26,12,0,0,14.1,0.526,-36
7118,revolving,South,auto,2021-07-06,707,661,9894.79,989.48,2864.85,8.47,7,0,0,42.5,0.345,-46
7119,term,East,debt_consolidation,2024-10-22,710,667,23401.07,22807.05,,8.96,7,0,1,2.4,,-43
7120,revolving,West,personal,2022-07-06,655,639,10665.57,3926.08,6065.76,9.96,11,0,0,30.3,0.647,-16
7121,term,South,home_improvement,2022-10-27,676,648,10841.92,4221.4,,9.88,12,0,0,26.6,,-28
7122,term,South,auto,2022-02-27,640,611,6954.52,1774.35,,11.22,9,0,0,34.6,,-29
7123,term,South,auto,2022-06-08,697,684,18865.32,6958.66,,8.8,9,0,0,31.3,,-13
7124,revolving,West,auto,2021-05-14,600,583,7404.28,3085.06,6995.55,8.33,17,0,0,44.3,0.441,-17
7125,term,South,personal,2024-11-12,781,740,28487.47,27065.44,,7.91,1,0,0,1.7,,-41
7126,term,East,debt_consolidation,2021-11-06,665,615,12960.58,1296.06,,7.79,10,0,0,38.4,,-50
7127,term,North,debt_consolidation,2024-09-18,637,603,8506.79,7725.28,,6.23,14,1,0,3.5,,-34
7128,term,East,auto,2024-12-26,575,532,13301.4,13075.54,,13.75,13,1,0,0.2,,-43
7129,revolving,West,auto,2023-04-14,658,623,19876.64,9094.99,26066.37,7.72,10,0,0,20.9,0.349,-35
7130,revolving,West,auto,2023-10-18,665,643,6235.85,4837.3,12198.5,3.0,11,0,0,14.7,0.397,-22
7131,revolving,West,debt_consolidation,2023-01-01,698,658,24780.04,14302.02,36780.43,8.35,6,0,0,24.4,0.389,-40
7132,term,North,personal,2024-03-30,667,645,5436.27,4127.27,,5.41,12,0,0,9.2,,-22
7133,term,North,auto,2022-01-11,850,843,28580.24,2926.18,,8.75,0,0,0,36.2,,-7
7134,term,East,debt_consolidation,2023-01-20,603,538,8484.85,4197.22,,7.37,14,0,1,23.7,,-65
7135,term,North,debt_consolidation,2022-05-22,716,681,13237.84,7387.6,,7.74,6,0,0,31.8,,-35
7136,term,West,personal,2024-08-13,704,653,12735.09,11903.06,,10.81,10,0,0,4.7,,-51
7137,term,West,personal,2023-05-04,599,552,10051.19,5826.68,,9.92,26,0,0,20.3,,-47
7138,term,South,home_improvement,2021-02-05,660,639,5218.62,521.86,,12.45,8,0,0,47.5,,-21
7139,revolving,West,home_improvement,2021-09-05,820,790,30941.09,3094.11,8228.06,14.25,0,0,0,40.5,0.376,-30
7140,revolving,South,personal,2022-03-25,648,621,25905.95,13858.02,34583.68,9.62,12,0,0,33.8,0.401,-27
7141,term,East,personal,2022-12-29,801,781,1340.54,868.37,,8.57,0,0,0,24.5,,-20
7142,term,North,home_improvement,2023-04-25,673,627,13299.29,7226.63,,10.12,6,0,0,20.6,,-46
7143,term,South,personal,2024-07-21,681,653,2794.83,2543.96,,6.37,12,0,0,5.5,,-28
7144,term,East,debt_consolidation,2023-02-14,657,620,16552.21,8884.06,,6.52,9,0,0,22.9,,-37
7145,revolving,East,home_improvement,2021-06-17,620,590,23021.49,11808.29,28670.76,7.21,14,0,1,43.1,0.412,-30
7146,term,West,auto,2022-12-25,607,554,3983.55,1269.04,,8.31,22,0,0,24.6,,-53
7147,term,North,home_improvement,2022-01-01,643,612,11243.4,1333.87,,7.07,14,0,0,36.5,,-31
7148,term,West,debt_consolidation,2023-04-22,725,706,13181.47,7585.84,,12.17,4,0,1,20.7,,-19
7149,revolving,North,auto,2023-08-25,712,719,8124.78,5132.1,13312.2,10.77,3,0,0,16.5,0.386,7
7150,term,West,personal,2021-06-16,657,613,9824.79,3304.22,,7.42,4,0,0,43.2,,-44
7151,revolving,East,auto,2023-10-03,792,771,16578.44,10258.8,20086.24,3.0,0,0,0,15.2,0.511,-21
7152,term,West,debt_consolidation,2023-07-28,629,634,9879.29,7827.86,,8.57,15,1,0,17.4,,5
7153,term,North,debt_consolidation,2022-05-23,707,687,11623.06,1162.31,,11.59,4,0,0,31.8,,-20
7154,term,West,personal,2022-06-21,601,547,31227.72,6631.51,,10.2,15,0,0,30.8,,-54
7155,revolving,South,auto,2022-03-04,698,640,30747.33,5125.86,10347.91,8.53,5,0,0,34.5,0.495,-58
7156,term,West,home_improvement,2024-10-15,710,691,8381.2,8134.61,,7.79,9,0,0,2.6,,-19
7157,term,East,auto,2022-08-19,668,632,19319.51,11923.42,,8.41,9,0,0,28.9,,-36
7158,term,West,debt_consolidation,2023-09-16,682,645,38823.31,23551.43,,5.07,8,0,0,15.8,,-37
7159,term,East,debt_consolidation,2023-12-29,651,630,19532.52,12914.4,,8.25,8,0,0,12.3,,-21
7160,revolving,East,personal,2023-10-18,735,702,9244.27,7102.87,16781.53,3.14,5,0,0,14.7,0.423,-33
7161,term,East,home_improvement,2023-07-13,732,710,24314.42,16599.68,,4.09,4,0,0,17.9,,-22
7162,term,South,auto,2022-11-10,706,697,26787.59,7298.98,,9.81,5,0,0,26.1,,-9
7163,term,North,home_improvement,2024-04-18,722,702,1471.72,1092.15,,8.71,1,0,0,8.6,,-20
7164,term,North,auto,2021-09-10,713,709,8388.5,2904.14,,5.19,4,0,0,40.3,,-4
7165,term,North,debt_consolidation,2022-09-17,655,612,18721.29,7761.79,,11.6,10,1,0,27.9,,-43
7166,term,North,personal,2023-01-19,701,669,35851.16,17912.57,,8.38,6,0,0,23.8,,-32
7167,term,North,debt_consolidation,2021-11-12,725,709,24881.92,2488.19,,10.32,4,0,0,38.2,,-16
7168,term,East,auto,2023-11-16,667,630,51226.88,34364.79,,11.79,7,0,0,13.7,,-37
7169,term,West,debt_consolidation,2022-10-03,714,696,10026.28,6130.66,,6.46,8,0,0,27.4,,-18
7170,revolving,West,personal,2021-09-24,600,572,2817.62,281.76,590.9,4.72,19,0,0,39.8,0.477,-28
7171,term,North,debt_consolidation,2022-05-28,608,595,14856.83,9337.42,,7.32,10,0,0,31.6,,-13
7172,revolving,East,home_improvement,2023-03-24,684,676,20571.53,9383.16,15521.3,6.64,9,0,0,21.6,0.605,-8
7173,term,North,debt_consolidation,2023-05-03,661,647,18975.17,8308.57,,9.1,7,0,0,20.3,,-14
7174,revolving,West,home_improvement,2022-02-02,746,713,3862.37,1695.05,3247.49,9.99,7,0,0,35.5,0.522,-33
7175,term,South,personal,2022-10-12,668,661,5706.01,2086.67,,7.27,8,0,0,27.1,,-7
7176,term,South,personal,2021-07-03,748,720,26353.36,14894.26,,11.44,3,0,0,42.6,,-28
7177,term,West,home_improvement,2023-09-13,678,657,6875.18,5553.01,,14.12,8,0,0,15.9,,-21
7178,term,West,debt_consolidation,2021-04-09,701,716,9139.57,913.96,,4.35,10,0,0,45.4,,15
7179,term,South,personal,2024-02-15,654,640,32562.05,28683.06,,6.2,14,0,0,10.7,,-14
7180,term,North,auto,2024-09-25,672,648,5716.46,5478.29,,8.15,7,0,0,3.3,,-24
7181,term,West,home_improvement,2021-02-19,636,571,13484.12,3822.07,,6.6,15,0,1,47.1,,-65
7182,term,North,debt_consolidation,2023-04-18,616,611,18601.06,9541.37,,10.17,18,1,0,20.8,,-5
7183,term,West,debt_consolidation,2023-08-14,735,733,13496.43,9517.64,,5.93,4,0,0,16.9,,-2
7184,term,North,debt_consolidation,2022-08-01,744,715,19189.87,4358.71,,6.95,3,0,0,29.5,,-29
7185,term,North,personal,2024-10-05,735,716,9071.57,8397.41,,13.2,4,0,0,2.9,,-19
7186,revolving,North,personal,2024-10-27,746,717,7593.26,7324.63,14776.03,12.9,5,0,0,2.2,0.496,-29
7187,revolving,South,auto,2024-07-07,692,668,7843.08,7162.59,13884.38,12.57,4,0,0,5.9,0.516,-24
7188,term,North,auto,2023-09-21,653,633,6938.85,4943.21,,6.53,7,0,0,15.6,,-20
7189,term,East,auto,2021-12-06,638,622,22853.61,14304.18,,11.07,14,0,0,37.4,,-16
7190,term,North,auto,2023-01-09,574,532,12594.31,3719.87,,12.12,18,0,0,24.1,,-42
7191,term,South,auto,2022-09-18,712,706,14585.64,3612.55,,5.81,5,0,0,27.9,,-6
7192,term,South,personal,2021-08-20,687,642,7264.9,1465.8,,3.0,6,0,0,41.0,,-45
7193,term,West,home_improvement,2023-11-24,702,674,2217.34,1400.07,,10.86,10,1,0,13.5,,-28
7194,term,North,home_improvement,2023-11-30,716,687,15790.32,11402.12,,3.25,4,0,0,13.3,,-29
7195,revolving,West,debt_consolidation,2024-04-04,763,727,27078.94,21139.5,32647.9,6.89,1,0,0,9.1,0.647,-36
7196,term,North,debt_consolidation,2022-02-07,660,639,49858.74,29546.41,,3.91,11,0,0,35.3,,-21
7197,term,North,debt_consolidation,2022-01-15,708,674,16932.91,10792.88,,9.09,8,0,0,36.1,,-34
7198,term,West,personal,2022-09-11,650,616,23963.62,16911.49,,14.84,10,0,0,28.1,,-34
7199,revolving,South,auto,2021-11-16,577,532,27658.98,11772.71,32653.62,11.21,15,1,0,38.1,0.361,-45
7200,term,South,debt_consolidation,2024-05-21,669,640,17145.18,14061.6,,13.51,9,0,0,7.5,,-29
7201,term,West,debt_consolidation,2021-03-09,767,740,4991.28,1541.8,,10.57,0,0,0,46.5,,-27
7202,revolving,North,debt_consolidation,2024-08-03,668,623,13667.21,11766.77,30436.31,4.16,6,0,0,5.0,0.387,-45
7203,revolving,West,auto,2024-02-14,626,615,12254.74,8586.74,19608.94,8.72,17,0,0,10.7,0.438,-11
7204,revolving,West,personal,2023-06-23,703,699,5885.05,3534.01,5765.94,9.89,6,0,0,18.6,0.613,-4
7205,revolving,South,home_improvement,2021-04-26,733,720,18057.94,3007.07,7739.35,10.56,5,0,0,44.9,0.389,-13
7206,term,South,home_improvement,2024-02-21,710,715,12203.9,9237.98,,11.96,6,0,0,10.5,,5
7207,term,North,personal,2023-04-06,761,760,11005.75,4185.41,,6.62,2,0,0,21.2,,-1
7208,term,North,auto,2024-04-15,623,604,10175.2,9126.07,,9.53,9,0,0,8.7,,-19
7209,term,West,home_improvement,2024-10-24,763,730,14180.56,13607.97,,8.23,0,0,0,2.3,,-33
7210,term,South,auto,2021-02-14,556,500,31826.97,7469.36,,11.49,20,0,0,47.2,,-56
7211,revolving,North,debt_consolidation,2021-12-26,558,522,11350.77,1135.08,3214.06,8.87,16,1,0,36.7,0.353,-36
7212,revolving,North,personal,2024-07-17,592,560,3196.03,2952.66,6421.89,9.16,17,0,0,5.6,0.46,-32
7213,term,West,home_improvement,2024-11-03,708,656,24055.43,23519.6,,9.28,4,0,0,2.0,,-52
7214,revolving,South,personal,2021-10-27,589,543,16196.47,1619.65,4273.1,10.09,18,0,0,38.7,0.379,-46
7215,term,East,auto,2021-07-12,641,620,42678.25,4267.82,,9.03,11,0,0,42.3,,-21
7216,term,East,auto,2024-01-08,654,604,12225.76,10366.98,,12.78,10,0,0,12.0,,-50
7217,term,West,auto,2024-06-03,724,713,14322.29,12587.34,,4.0,6,0,0,7.1,,-11
7218,term,East,debt_consolidation,2023-10-16,756,730,11582.2,9636.02,,11.67,2,0,0,14.8,,-26
7219,term,South,debt_consolidation,2024-04-02,734,712,25333.28,21619.65,,10.28,5,0,0,9.1,,-22
7220,revolving,East,debt_consolidation,2022-11-10,594,550,21606.27,8030.43,21481.19,9.77,16,1,0,26.1,0.374,-44
7221,term,East,personal,2022-08-09,690,674,15019.93,4707.87,,8.27,8,0,0,29.2,,-16
7222,term,South,personal,2023-06-11,657,642,21296.79,14095.12,,14.4,13,0,0,19.0,,-15
7223,revolving,North,debt_consolidation,2023-10-12,670,641,3873.62,3221.22,8597.51,8.99,6,0,0,14.9,0.375,-29
7224,revolving,South,home_improvement,2022-07-23,676,658,6836.34,3102.63,7095.95,12.79,12,0,1,29.8,0.437,-18
7225,term,North,auto,2024-05-13,652,618,15690.89,12445.02,,14.76,8,0,0,7.8,,-34
7226,term,North,personal,2024-08-03,636,637,10303.46,9625.37,,6.88,14,1,0,5.0,,1
7227,term,West,debt_consolidation,2022-06-21,653,615,9268.97,3727.91,,8.58,12,0,0,30.8,,-38
7228,term,North,debt_consolidation,2022-10-20,638,610,20818.51,9295.82,,4.33,17,0,0,26.8,,-28
7229,revolving,West,auto,2022-05-11,740,732,14542.0,6932.16,11561.13,5.77,8,0,0,32.2,0.6,-8
7230,revolving,East,debt_consolidation,2023-02-24,676,662,37818.14,18389.03,46970.24,10.82,9,0,0,22.6,0.392,-14
7231,term,South,auto,2024-08-11,740,693,6922.84,6202.56,,8.65,1,0,0,4.8,,-47
7232,revolving,North,debt_consolidation,2021-05-03,745,722,15352.08,5809.62,13446.21,7.3,1,0,0,44.6,0.432,-23
7233,term,West,debt_consolidation,2023-04-02,763,747,17013.29,8252.79,,16.32,0,0,0,21.3,,-16
7234,revolving,South,debt_consolidation,2021-11-21,604,556,23858.44,11333.06,23234.66,8.21,18,0,0,37.9,0.488,-48
7235,term,South,auto,2023-02-27,695,661,20299.84,12206.78,,5.11,6,0,0,22.5,,-34
7236,term,West,debt_consolidation,2023-03-21,605,593,15231.35,10319.88,,6.26,13,0,0,21.7,,-12
7237,term,South,auto,2021-09-12,790,759,18546.82,1854.68,,9.52,1,0,0,40.2,,-31
7238,revolving,North,debt_consolidation,2024-11-04,715,670,2212.88,2168.9,6268.47,10.02,6,0,0,1.9,0.346,-45
7239,term,East,auto,2024-08-09,651,653,19425.08,17475.23,,6.85,8,0,0,4.8,,2
7240,revolving,North,home_improvement,2024-12-05,661,641,2907.36,2850.95,6912.95,6.63,11,0,0,0.9,0.412,-20
7241,revolving,South,debt_consolidation,2024-09-12,730,697,43579.18,40367.0,109152.22,6.84,5,1,0,3.7,0.37,-33
7242,term,West,auto,2024-07-19,657,649,14627.77,13311.19,,13.64,7,0,0,5.5,,-8
7243,revolving,East,debt_consolidation,2024-07-18,598,562,8523.02,7348.55,18839.71,13.15,14,0,0,5.6,0.39,-36
7244,term,East,personal,2023-12-21,706,685,23393.34,19948.91,,8.93,3,0,0,12.6,,-21
7245,term,East,debt_consolidation,2021-07-07,753,722,5835.5,583.55,,10.0,1,0,0,42.5,,-31
7246,revolving,South,personal,2021-05-09,675,688,5803.67,580.37,1354.03,9.42,10,0,0,44.4,0.429,13
7247,term,North,auto,2021-12-11,725,725,9776.41,2356.07,,7.4,4,1,0,37.2,,0
7248,revolving,West,auto,2022-03-16,644,601,15961.3,6264.87,12926.43,11.24,12,0,0,34.1,0.485,-43
7249,term,West,home_improvement,2021-08-12,687,658,7987.16,1940.59,,4.01,8,0,0,41.3,,-29
7250,term,West,personal,2021-08-12,685,660,13062.91,5068.72,,10.13,11,0,0,41.3,,-25
7251,revolving,South,home_improvement,2022-03-01,658,613,11389.32,3103.3,5184.93,12.32,11,0,0,34.6,0.599,-45
7252,term,South,personal,2024-11-18,623,581,5048.24,4943.04,,6.47,8,0,0,1.5,,-42
7253,revolving,North,auto,2023-12-17,636,601,30357.89,20829.67,62443.38,7.71,12,0,0,12.7,0.334,-35
7254,term,South,auto,2024-08-03,638,614,2547.73,2415.32,,3.0,13,0,0,5.0,,-24
7255,term,South,auto,2022-09-21,652,605,16554.96,7839.52,,6.34,11,0,1,27.8,,-47
7256,term,South,auto,2022-05-02,671,627,33275.88,17592.91,,14.25,8,0,0,32.5,,-44
7257,term,North,auto,2022-09-29,688,649,13035.46,4936.14,,3.21,3,0,0,27.5,,-39
7258,revolving,North,home_improvement,2023-03-12,688,675,17736.83,6710.16,14207.8,6.54,7,0,0,22.0,0.472,-13
7259,term,West,personal,2021-03-31,673,628,20029.22,4730.35,,13.34,9,1,0,45.7,,-45
7260,term,East,home_improvement,2024-03-08,680,667,32902.52,29426.58,,8.31,4,0,0,10.0,,-13
7261,revolving,West,personal,2024-09-16,628,554,9496.16,8618.48,15536.25,6.97,8,0,0,3.6,0.555,-74
7262,revolving,North,debt_consolidation,2023-05-14,691,663,14022.05,7670.51,21154.28,9.44,9,0,1,19.9,0.363,-28
7263,revolving,North,home_improvement,2023-10-15,586,513,2785.74,1889.77,5096.83,7.13,16,0,0,14.8,0.371,-73
7264,term,West,auto,2021-12-21,619,584,21119.41,6230.46,,6.99,8,0,1,36.9,,-35
7265,revolving,West,personal,2024-12-07,617,592,26292.61,25963.44,50526.18,9.62,14,0,0,0.8,0.514,-25
7266,term,West,personal,2021-09-16,645,612,9585.97,1224.17,,7.59,13,1,0,40.1,,-33
7267,term,East,home_improvement,2021-05-27,697,676,12774.93,1277.49,,9.82,8,0,0,43.8,,-21
7268,term,East,home_improvement,2024-09-09,690,656,13634.66,13088.89,,14.66,11,0,1,3.8,,-34
7269,term,South,debt_consolidation,2023-05-17,696,678,32135.59,17245.42,,11.39,6,0,0,19.8,,-18
7270,revolving,East,auto,2022-11-06,728,713,9286.71,6655.42,13242.3,9.89,2,0,0,26.2,0.503,-15
7271,revolving,North,debt_consolidation,2024-08-17,690,654,4844.21,4607.18,7228.27,8.19,10,0,0,4.6,0.637,-36
7272,revolving,East,personal,2022-04-12,619,600,10522.9,1052.29,2466.23,4.37,12,0,0,33.2,0.427,-19
7273,term,North,auto,2021-04-20,681,656,23510.72,2655.36,,12.66,9,0,0,45.1,,-25
7274,term,South,home_improvement,2023-03-29,624,593,7303.73,4472.66,,7.98,20,0,0,21.5,,-31
7275,term,South,debt_consolidation,2022-11-23,659,636,5063.09,2579.89,,6.11,8,0,0,25.7,,-23
7276,term,West,debt_consolidation,2022-10-27,703,686,15697.85,4121.67,,4.58,7,0,0,26.6,,-17
7277,term,East,personal,2021-03-25,669,643,5299.76,2838.17,,9.28,3,0,0,45.9,,-26
7278,revolving,South,debt_consolidation,2024-05-11,718,705,13192.67,11548.16,24356.24,9.36,7,0,0,7.8,0.474,-13
7279,revolving,East,auto,2023-06-05,680,675,12187.9,7940.9,16813.23,7.05,9,0,0,19.2,0.472,-5
7280,term,East,home_improvement,2022-06-22,589,549,15757.88,4949.49,,11.44,13,0,0,30.8,,-40
7281,term,South,home_improvement,2023-04-22,656,612,15778.58,10464.66,,9.85,8,0,0,20.7,,-44
7282,term,South,home_improvement,2024-06-22,718,713,19028.25,15441.95,,5.94,3,0,0,6.4,,-5
7283,term,North,debt_consolidation,2024-09-12,707,676,27069.19,25602.48,,4.12,3,0,0,3.7,,-31
7284,term,East,auto,2022-10-07,615,596,4566.14,2997.01,,8.48,16,0,0,27.2,,-19
7285,term,South,personal,2023-10-22,652,646,5466.5,3402.75,,7.43,12,0,0,14.6,,-6
7286,revolving,South,auto,2021-09-10,692,680,10239.32,1023.93,2028.63,10.22,7,0,0,40.3,0.505,-12
7287,term,South,home_improvement,2023-09-27,648,617,20583.44,13583.44,,11.5,15,0,0,15.4,,-31
7288,term,West,home_improvement,2023-10-02,659,621,13110.67,9168.64,,12.52,5,0,0,15.2,,-38
7289,term,North,home_improvement,2023-11-10,694,690,14605.44,10903.15,,5.91,6,0,0,13.9,,-4
7290,revolving,North,auto,2021-08-18,789,784,3610.35,688.8,1402.38,7.61,0,0,0,41.1,0.491,-5
7291,term,South,home_improvement,2024-04-15,698,666,8292.69,7365.7,,7.07,6,0,0,8.7,,-32
7292,term,South,personal,2022-10-17,721,727,29781.87,19908.44,,5.44,6,0,0,26.9,,6
7293,term,South,auto,2022-12-30,626,571,24813.88,10040.1,,11.64,6,0,0,24.4,,-55
7294,term,South,personal,2022-07-13,605,564,2737.1,304.27,,8.72,15,0,0,30.1,,-41
7295,revolving,East,home_improvement,2024-04-04,627,607,22390.32,19272.63,55093.82,11.56,9,0,0,9.1,0.35,-20
7296,term,North,auto,2024-09-12,669,634,23126.02,20864.82,,8.58,7,0,0,3.7,,-35
7297,term,North,home_improvement,2022-04-26,693,658,11371.01,4741.4,,11.11,7,0,0,32.7,,-35
7298,revolving,West,auto,2023-08-02,708,694,1901.56,1199.53,3096.67,7.26,3,0,0,17.3,0.387,-14
7299,term,West,home_improvement,2021-02-24,733,697,31365.4,12107.6,,5.51,5,0,0,46.9,,-36
7300,term,North,auto,2024-11-12,755,740,16285.94,15475.44,,10.58,0,0,0,1.7,,-15
7301,term,West,auto,2022-02-18,555,502,35420.61,22208.22,,5.36,15,0,1,34.9,,-53
7302,revolving,West,auto,2022-07-14,621,585,3807.98,1073.75,3081.4,6.66,9,0,0,30.1,0.348,-36
7303,revolving,West,home_improvement,2021-07-14,779,764,1233.63,123.36,235.94,9.7,0,0,0,42.2,0.523,-15
7304,revolving,West,home_improvement,2021-11-22,700,683,31541.08,15662.03,46217.38,7.68,6,0,0,37.9,0.339,-17
7305,term,East,home_improvement,2022-03-16,673,628,53542.59,5354.26,,11.47,13,1,0,34.1,,-45
7306,revolving,West,auto,2024-06-08,546,494,18576.98,16600.83,29587.4,7.02,21,0,0,6.9,0.561,-52
7307,term,North,home_improvement,2022-09-07,602,569,11929.81,6074.59,,4.58,13,0,0,28.2,,-33
7308,revolving,North,personal,2023-03-24,733,706,25369.48,16992.57,41840.35,8.31,4,1,0,21.6,0.406,-27
7309,term,West,auto,2024-11-01,651,646,37268.55,35228.44,,3.0,8,0,0,2.0,,-5
7310,term,East,personal,2022-04-01,712,703,23186.33,11679.19,,8.04,11,0,0,33.5,,-9
7311,revolving,West,personal,2022-08-25,655,631,1151.83,471.11,850.07,5.24,11,0,0,28.7,0.554,-24
7312,term,North,debt_consolidation,2023-08-05,810,788,5092.34,3274.25,,11.18,0,0,0,17.2,,-22
7313,term,West,personal,2022-01-29,677,658,16856.4,4621.42,,9.54,10,0,0,35.6,,-19
7314,term,South,debt_consolidation,2024-10-08,590,569,18485.56,17179.03,,10.67,19,0,0,2.8,,-21
7315,revolving,South,debt_consolidation,2022-09-25,714,694,57818.85,16091.08,44167.72,11.52,2,1,0,27.6,0.364,-20
7316,revolving,South,auto,2024-08-06,684,657,4297.58,3796.44,9527.55,11.08,7,0,0,4.9,0.398,-27
7317,revolving,West,auto,2023-11-12,642,628,29062.07,24697.33,51110.43,10.91,12,0,0,13.9,0.483,-14
7318,term,West,home_improvement,2021-12-25,692,660,5998.44,599.84,,11.32,4,0,0,36.8,,-32
7319,revolving,East,personal,2021-12-28,742,714,19702.15,5659.95,15822.56,11.8,3,0,0,36.7,0.358,-28
7320,term,East,debt_consolidation,2021-04-12,665,645,8113.62,811.36,,5.24,6,0,0,45.3,,-20
7321,term,North,auto,2021-05-23,622,594,12070.03,1207.0,,11.24,9,0,0,44.0,,-28
7322,term,North,home_improvement,2022-03-13,692,674,16377.84,3332.84,,9.58,12,0,0,34.2,,-18
7323,revolving,South,debt_consolidation,2023-01-01,641,593,13146.97,3634.44,6202.99,10.18,7,0,0,24.4,0.586,-48
7324,term,East,home_improvement,2023-10-22,699,669,30625.66,17997.54,,13.83,2,1,0,14.6,,-30
7325,revolving,North,home_improvement,2023-06-22,756,742,8218.28,3673.19,8084.31,10.3,1,0,0,18.6,0.454,-14
7326,revolving,West,debt_consolidation,2023-05-23,611,586,38282.89,27969.98,56781.58,8.37,17,0,1,19.6,0.493,-25
7327,term,West,auto,2021-02-10,569,550,17065.84,1706.58,,3.75,18,1,0,47.4,,-19
7328,revolving,South,personal,2024-01-12,817,808,2825.96,2468.2,4192.98,8.16,0,0,0,11.8,0.589,-9
7329,term,West,auto,2022-12-02,687,671,11026.94,2873.75,,10.54,7,0,0,25.4,,-16
7330,term,North,auto,2022-07-19,605,552,2163.13,990.77,,6.24,17,1,0,29.9,,-53
7331,term,South,debt_consolidation,2022-01-26,619,574,6007.63,2033.96,,12.47,14,0,0,35.7,,-45
7332,term,South,home_improvement,2024-06-15,651,635,30867.85,25367.87,,14.08,11,0,0,6.7,,-16
7333,term,North,personal,2022-11-03,698,683,1595.61,822.49,,9.51,5,0,0,26.3,,-15
7334,term,South,auto,2023-11-29,534,472,12701.2,10464.05,,8.42,20,1,0,13.3,,-62
7335,term,North,personal,2021-08-05,721,688,22076.73,7523.58,,8.06,2,0,0,41.5,,-33
7336,term,West,auto,2024-07-28,638,626,7600.13,6540.17,,14.32,16,0,0,5.2,,-12
7337,term,West,personal,2022-12-22,768,759,10909.7,7392.9,,12.61,0,0,0,24.7,,-9
7338,term,North,home_improvement,2024-02-15,703,675,14565.39,10297.4,,4.48,4,0,0,10.7,,-28
7339,term,West,home_improvement,2024-11-28,733,717,9315.5,9025.98,,8.91,10,0,0,1.1,,-16
7340,revolving,North,personal,2022-11-07,665,638,7032.05,3797.5,8501.01,14.39,4,0,0,26.2,0.447,-27
7341,term,South,debt_consolidation,2023-04-09,694,661,19856.22,9142.65,,11.58,8,0,0,21.1,,-33
7342,term,East,home_improvement,2024-08-10,763,734,24578.37,21260.96,,6.12,1,0,0,4.8,,-29
7343,term,East,auto,2022-05-04,628,622,14547.06,4275.07,,8.27,17,0,0,32.4,,-6
7344,term,North,auto,2021-04-18,706,673,4918.82,1382.89,,8.11,8,0,0,45.1,,-33
7345,revolving,West,personal,2022-03-27,712,691,39426.07,3942.61,9264.25,5.75,4,0,0,33.7,0.426,-21
7346,term,South,personal,2024-11-05,761,715,7429.07,7055.07,,15.61,0,0,0,1.9,,-46
7347,term,West,home_improvement,2022-03-05,641,648,17157.48,8934.68,,12.69,16,0,0,34.4,,7
7348,revolving,East,personal,2024-11-02,629,628,1865.46,1816.14,4152.66,10.29,16,1,0,2.0,0.437,-1
7349,term,West,debt_consolidation,2023-12-27,751,718,11949.07,7912.9,,10.12,3,0,0,12.4,,-33
7350,term,West,home_improvement,2022-10-12,666,655,20442.16,12221.94,,13.05,10,0,0,27.1,,-11
7351,term,East,debt_consolidation,2023-06-13,626,613,11077.34,6073.64,,7.81,15,0,1,18.9,,-13
7352,term,East,debt_consolidation,2023-12-15,650,613,27437.88,21496.55,,11.51,7,0,0,12.8,,-37
7353,revolving,West,auto,2022-06-27,596,572,19328.77,12503.1,29613.89,15.53,17,0,0,30.6,0.422,-24
7354,term,West,auto,2024-03-03,678,632,9136.13,6810.75,,10.16,8,0,0,10.1,,-46
7355,term,South,personal,2022-02-12,507,466,19362.61,6414.55,,11.43,27,0,0,35.1,,-41
7356,term,North,debt_consolidation,2024-06-07,695,678,28811.27,23369.61,,8.68,8,0,0,6.9,,-17
7357,revolving,South,debt_consolidation,2023-10-05,587,556,26699.99,14655.34,28975.96,7.54,15,0,0,15.1,0.506,-31
7358,revolving,South,auto,2021-12-01,756,739,27839.18,2783.92,8216.44,5.95,0,0,0,37.6,0.339,-17
7359,revolving,West,home_improvement,2022-08-14,637,600,3172.97,1842.61,4934.31,9.54,13,0,0,29.0,0.373,-37
7360,term,South,personal,2021-01-03,630,602,2400.01,1175.95,,4.65,16,1,0,48.6,,-28
7361,revolving,South,auto,2023-11-24,682,665,5669.72,4801.29,8853.57,6.87,6,0,0,13.5,0.542,-17
7362,term,South,debt_consolidation,2023-12-07,703,658,15665.22,9906.85,,7.49,10,0,0,13.0,,-45
7363,term,South,auto,2024-08-02,682,656,3396.78,3061.02,,10.78,11,0,0,5.1,,-26
7364,term,West,auto,2021-06-11,582,560,8312.74,831.27,,6.71,12,0,0,43.3,,-22
7365,term,East,auto,2022-03-12,687,697,40524.33,22990.66,,8.97,9,0,0,34.2,,10
7366,term,West,debt_consolidation,2023-08-16,675,683,14987.69,8781.84,,4.97,8,0,0,16.8,,8
7367,term,South,debt_consolidation,2022-08-20,672,637,22281.95,4805.96,,9.3,6,0,0,28.8,,-35
7368,revolving,North,personal,2024-09-08,714,697,6615.2,6018.48,10655.96,11.87,4,0,0,3.8,0.565,-17
7369,term,North,home_improvement,2021-04-07,633,608,5047.97,504.8,,8.01,14,0,0,45.5,,-25
7370,term,East,personal,2022-08-16,612,548,28232.61,11219.44,,5.02,15,0,0,29.0,,-64
7371,term,North,personal,2021-06-11,716,682,11045.28,1104.53,,9.69,6,0,0,43.3,,-34
7372,revolving,South,auto,2024-06-09,563,505,7508.15,6050.31,12741.54,14.64,16,0,0,6.9,0.475,-58
7373,revolving,West,personal,2021-04-08,696,667,16575.89,1657.59,3157.32,8.1,5,0,0,45.5,0.525,-29
7374,revolving,West,home_improvement,2021-07-30,607,575,1790.63,179.06,389.18,9.59,14,1,0,41.7,0.46,-32
7375,term,North,personal,2021-05-04,764,740,6235.57,623.56,,6.11,0,0,0,44.6,,-24
7376,term,East,personal,2024-02-27,592,556,33164.51,29684.82,,7.64,8,0,0,10.3,,-36
7377,term,West,home_improvement,2024-09-12,593,550,15235.89,13952.36,,7.31,14,0,0,3.7,,-43
7378,term,East,home_improvement,2023-08-13,819,807,26852.03,17639.99,,10.63,0,0,0,16.9,,-12
7379,term,West,auto,2022-04-15,755,734,3998.44,1716.05,,6.8,0,0,0,33.1,,-21
7380,revolving,North,home_improvement,2022-07-03,631,584,16918.6,2651.26,7854.49,7.8,10,0,0,30.4,0.338,-47
7381,term,West,home_improvement,2022-07-16,605,609,2284.4,554.81,,9.72,16,0,0,30.0,,4
7382,revolving,South,auto,2024-09-11,624,597,29843.16,27877.87,53863.52,3.0,14,0,0,3.7,0.518,-27
7383,term,North,auto,2021-01-03,701,690,31648.4,3164.84,,11.21,8,0,0,48.6,,-11
7384,term,West,auto,2022-05-13,697,660,19682.72,6785.71,,5.11,10,1,0,32.1,,-37
7385,term,East,debt_consolidation,2024-04-01,656,621,5802.2,4788.2,,5.4,9,1,0,9.2,,-35
7386,term,West,home_improvement,2024-03-13,782,760,15494.5,13954.0,,5.55,0,0,0,9.8,,-22
7387,revolving,South,personal,2024-08-19,632,619,10470.44,9581.35,21565.69,13.25,8,0,0,4.5,0.444,-13
7388,revolving,East,personal,2021-08-06,566,519,17697.94,7797.29,14920.9,12.94,21,0,1,41.5,0.523,-47
7389,term,South,debt_consolidation,2023-07-19,840,819,6312.3,4580.67,,6.64,0,0,0,17.7,,-21
7390,revolving,East,personal,2023-08-18,734,691,14469.62,7218.1,20431.44,13.9,3,1,0,16.7,0.353,-43
7391,revolving,North,home_improvement,2023-01-11,667,655,3569.75,2175.59,5320.3,13.82,9,0,0,24.0,0.409,-12
7392,revolving,South,debt_consolidation,2022-09-08,692,642,3699.56,2558.56,5630.88,9.38,6,0,0,28.2,0.454,-50
7393,term,West,auto,2021-10-24,687,628,12251.71,5818.95,,15.3,7,0,0,38.8,,-59
7394,term,East,debt_consolidation,2024-10-18,582,552,13127.35,12235.88,,12.91,16,0,0,2.5,,-30
7395,term,East,personal,2021-06-23,678,639,6348.27,3081.1,,8.64,7,0,0,42.9,,-39
7396,term,East,debt_consolidation,2021-05-13,705,689,14101.13,7024.82,,10.75,5,0,0,44.3,,-16
7397,term,North,personal,2021-07-07,703,680,13579.83,2340.46,,7.03,5,1,0,42.5,,-23
7398,revolving,North,personal,2022-03-14,536,479,42668.82,8955.76,26333.8,8.04,14,0,0,34.1,0.34,-57
7399,term,East,auto,2021-02-19,691,656,34745.11,3474.51,,8.6,4,0,0,47.1,,-35
7400,term,West,home_improvement,2023-11-08,707,670,8413.41,7180.59,,6.33,10,0,0,14.0,,-37
7401,revolving,East,auto,2021-06-26,676,638,18138.48,1813.85,3987.6,9.59,13,0,0,42.8,0.455,-38
7402,term,North,home_improvement,2023-11-05,607,550,28729.26,23339.91,,3.1,15,0,0,14.1,,-57
7403,revolving,North,auto,2022-10-20,758,733,4551.89,3189.16,7496.98,9.46,1,0,0,26.8,0.425,-25
7404,term,South,auto,2024-05-27,677,661,18036.84,14940.91,,7.88,8,0,0,7.3,,-16
7405,revolving,West,auto,2021-01-01,667,674,25828.75,2582.87,4849.89,11.24,6,0,0,48.7,0.533,7
7406,term,West,personal,2021-09-08,670,637,24309.77,4432.37,,7.68,11,0,0,40.4,,-33
7407,revolving,East,home_improvement,2022-01-30,592,558,2501.85,1122.49,1811.5,9.84,17,0,0,35.6,0.62,-34
7408,term,West,home_improvement,2022-11-10,797,774,43562.08,17953.51,,8.1,0,0,0,26.1,,-23
7409,term,North,personal,2021-05-17,747,717,8619.81,3233.69,,5.8,4,0,0,44.2,,-30
7410,term,West,auto,2022-09-21,638,597,20524.42,4773.07,,9.48,5,0,1,27.8,,-41
7411,revolving,East,home_improvement,2024-11-25,564,528,4750.87,4588.52,13010.5,9.11,19,0,0,1.2,0.353,-36
7412,term,South,home_improvement,2021-08-15,711,705,11041.32,1909.26,,11.87,4,0,0,41.2,,-6
7413,revolving,South,personal,2021-06-12,724,703,25030.91,2503.09,5552.98,13.39,4,0,0,43.3,0.451,-21
7414,revolving,East,debt_consolidation,2023-08-28,683,654,28557.04,23249.21,47457.03,15.74,7,0,0,16.4,0.49,-29
7415,term,North,auto,2023-10-09,659,637,7636.88,4234.8,,10.06,7,0,0,15.0,,-22
7416,revolving,South,personal,2021-06-10,580,540,6630.61,663.06,1068.69,10.22,15,0,1,43.4,0.62,-40
7417,term,East,personal,2024-01-08,715,690,22958.09,18938.31,,9.76,3,0,0,12.0,,-25
7418,revolving,North,auto,2021-11-05,579,559,14233.42,1423.34,2987.69,6.5,23,1,0,38.4,0.476,-20
7419,revolving,West,debt_consolidation,2022-12-05,696,688,6114.1,3244.63,6299.52,7.9,10,0,0,25.3,0.515,-8
7420,term,East,personal,2022-04-02,723,691,24771.78,8653.4,,10.38,4,0,0,33.5,,-32
7421,revolving,East,personal,2024-07-30,661,645,8917.84,7728.85,13855.68,12.64,11,0,0,5.2,0.558,-16
7422,term,North,personal,2022-11-13,664,630,7652.12,1818.34,,12.57,6,0,0,26.0,,-34
7423,revolving,East,home_improvement,2021-08-25,528,466,20725.45,2072.54,3993.91,8.33,25,0,1,40.8,0.519,-62
7424,revolving,West,home_improvement,2023-06-15,624,607,11982.77,8414.48,23706.95,6.65,8,0,0,18.9,0.355,-17
7425,revolving,East,debt_consolidation,2022-08-31,651,616,38056.39,15464.99,40632.64,13.37,8,0,0,28.5,0.381,-35
7426,term,West,home_improvement,2022-09-08,583,558,12472.91,7369.74,,7.18,13,0,0,28.2,,-25
7427,term,North,debt_consolidation,2021-03-22,756,711,5255.89,2225.24,,5.29,0,0,0,46.0,,-45
7428,term,East,auto,2024-05-08,633,601,15711.96,12039.36,,9.66,14,0,0,7.9,,-32
7429,term,North,auto,2022-02-01,652,611,2250.06,641.16,,8.1,12,0,0,35.5,,-41
7430,term,West,debt_consolidation,2021-05-13,787,791,6260.31,626.03,,8.69,0,0,0,44.3,,4
7431,revolving,North,auto,2023-10-20,741,715,38030.45,28072.07,77419.04,8.32,5,0,0,14.6,0.363,-26
7432,revolving,South,auto,2024-03-01,785,780,9547.24,8462.57,23349.79,8.77,0,0,0,10.2,0.362,-5
7433,term,South,debt_consolidation,2022-09-16,756,741,58291.86,22861.85,,8.81,1,0,0,27.9,,-15
7434,term,East,auto,2021-04-16,721,690,6058.3,605.83,,10.68,4,0,0,45.2,,-31
7435,term,East,auto,2024-10-19,631,614,12382.41,11788.81,,9.38,12,0,0,2.5,,-17
7436,term,East,auto,2024-09-16,591,555,3392.13,3042.98,,8.89,19,1,0,3.6,,-36
7437,term,North,personal,2023-12-03,727,712,31679.9,21844.42,,10.31,2,0,0,13.2,,-15
7438,term,West,home_improvement,2021-03-04,647,621,7381.07,782.32,,11.4,10,0,0,46.6,,-26
7439,term,North,home_improvement,2023-02-10,539,506,11643.24,8645.95,,5.12,17,0,0,23.0,,-33
7440,term,South,home_improvement,2024-06-26,706,688,28227.28,24452.06,,6.91,6,0,0,6.3,,-18
7441,term,South,auto,2023-08-25,693,678,17614.19,13792.4,,4.23,7,0,0,16.5,,-15
7442,term,East,home_improvement,2022-05-09,601,575,5377.85,1898.59,,8.86,12,0,0,32.3,,-26
7443,revolving,North,debt_consolidation,2024-12-24,763,745,13816.84,13524.29,23689.31,7.4,2,0,0,0.3,0.571,-18
7444,revolving,West,home_improvement,2022-12-23,627,604,7416.33,3138.29,6966.92,6.12,18,0,0,24.7,0.45,-23
7445,term,North,debt_consolidation,2023-09-16,813,800,17206.36,12173.82,,8.98,0,0,0,15.8,,-13
7446,term,North,debt_consolidation,2023-07-19,758,744,14258.46,9547.93,,5.97,1,0,0,17.7,,-14
7447,term,South,auto,2022-11-15,740,668,16654.77,11607.33,,10.49,1,0,0,25.9,,-72
7448,term,West,home_improvement,2023-10-11,643,592,4287.17,2388.82,,8.74,12,0,0,14.9,,-51
7449,revolving,South,personal,2022-03-05,690,676,13072.33,3864.78,11324.24,8.14,8,0,0,34.4,0.341,-14
7450,revolving,North,personal,2022-04-19,696,672,16632.23,10745.02,24977.44,9.4,8,0,0,32.9,0.43,-24
7451,term,West,debt_consolidation,2024-03-22,662,609,19385.93,14031.62,,10.55,14,0,0,9.5,,-53
7452,revolving,North,debt_consolidation,2022-07-20,680,653,16665.18,1820.78,5340.66,8.73,5,1,0,29.9,0.341,-27
7453,term,North,personal,2022-10-04,783,768,4753.66,1601.86,,8.04,0,0,0,27.3,,-15
7454,revolving,East,auto,2021-02-02,638,626,27119.09,8815.35,25960.29,8.41,14,0,1,47.6,0.34,-12
7455,term,West,auto,2023-09-09,707,684,25023.22,16451.95,,11.29,6,0,0,16.0,,-23
7456,term,North,debt_consolidation,2022-03-19,646,636,11587.02,7046.01,,4.32,7,0,0,34.0,,-10
7457,term,North,debt_consolidation,2024-02-26,585,558,24331.35,18015.27,,8.84,16,0,0,10.3,,-27
7458,term,South,personal,2021-12-07,743,717,15196.76,3732.0,,12.95,2,0,0,37.4,,-26
7459,revolving,North,debt_consolidation,2023-08-10,704,666,4166.81,2355.49,6530.52,11.55,8,0,0,17.0,0.361,-38
7460,revolving,South,home_improvement,2022-01-21,739,717,16835.88,1683.59,4090.41,9.83,1,0,0,35.9,0.412,-22
7461,revolving,West,debt_consolidation,2021-09-19,622,598,2993.64,1507.84,2942.93,10.68,14,0,1,40.0,0.512,-24
7462,term,South,auto,2022-07-20,642,629,8914.33,5403.03,,15.78,12,0,0,29.9,,-13
7463,term,South,personal,2024-05-29,703,681,16871.89,14703.3,,9.51,7,0,0,7.2,,-22
7464,term,North,home_improvement,2022-02-11,726,703,7385.25,2227.66,,7.66,2,0,0,35.2,,-23
7465,revolving,West,debt_consolidation,2021-04-21,751,703,8208.49,4430.2,9306.1,12.78,2,0,0,45.0,0.476,-48
7466,term,East,personal,2021-02-27,673,659,5980.02,1161.09,,9.53,11,0,0,46.8,,-14
7467,revolving,East,debt_consolidation,2024-10-09,710,702,28833.89,26598.55,72629.22,3.59,5,0,0,2.8,0.366,-8
7468,term,West,personal,2023-01-11,787,765,11154.43,3556.39,,9.63,0,0,0,24.0,,-22
7469,term,North,home_improvement,2022-09-19,657,639,7565.77,3892.08,,10.63,20,0,0,27.8,,-18
7470,revolving,West,debt_consolidation,2024-07-08,696,666,7451.01,6361.39,12696.44,6.18,6,0,0,5.9,0.501,-30
7471,revolving,South,auto,2024-06-23,671,641,22197.66,19661.25,58480.15,15.08,8,0,0,6.4,0.336,-30
7472,term,South,home_improvement,2024-04-13,692,667,25649.94,19435.95,,7.13,9,0,0,8.8,,-25
7473,term,East,debt_consolidation,2021-09-07,763,731,19022.88,10786.73,,7.47,0,0,0,40.4,,-32
7474,term,West,home_improvement,2023-06-11,644,642,24324.51,17077.36,,11.86,8,0,0,19.0,,-2
7475,revolving,North,debt_consolidation,2024-09-20,629,584,8440.05,8005.23,16882.47,10.89,16,0,0,3.4,0.474,-45
7476,term,South,debt_consolidation,2023-03-10,732,694,26489.86,18598.5,,9.57,4,0,0,22.1,,-38
7477,term,North,debt_consolidation,2021-07-27,770,763,2740.38,274.04,,10.35,0,0,0,41.8,,-7
7478,term,North,home_improvement,2024-05-15,592,561,31121.13,25176.77,,7.91,21,0,1,7.7,,-31
7479,term,West,home_improvement,2024-04-15,659,627,27533.17,20818.78,,7.55,14,0,0,8.7,,-32
7480,term,East,auto,2023-03-16,698,666,7232.83,3902.82,,5.69,5,0,0,21.9,,-32
7481,term,South,personal,2021-12-15,682,653,3179.32,890.36,,14.82,12,0,0,37.1,,-29
7482,term,North,auto,2024-10-23,688,649,5596.29,5260.95,,4.95,12,0,0,2.3,,-39
7483,term,East,auto,2024-01-02,684,687,15555.7,11197.95,,8.86,10,0,0,12.2,,3
7484,term,South,personal,2023-10-21,635,589,3424.38,2767.42,,5.05,7,0,0,14.6,,-46
7485,term,South,home_improvement,2023-02-27,526,469,16394.94,6604.41,,8.5,25,0,0,22.5,,-57
7486,term,East,auto,2023-01-18,678,656,12280.59,7071.53,,10.36,3,0,0,23.8,,-22
7487,term,East,debt_consolidation,2021-11-12,666,668,12608.47,5326.99,,9.1,6,0,1,38.2,,2
7488,revolving,South,auto,2024-03-31,590,579,25498.22,21475.05,33656.9,14.65,23,0,1,9.2,0.638,-11
7489,term,East,personal,2021-04-06,639,623,23331.35,2333.13,,10.29,11,0,0,45.5,,-16
7490,term,West,home_improvement,2023-12-13,733,710,7476.78,5354.27,,9.08,5,0,0,12.8,,-23
7491,revolving,North,personal,2021-06-26,668,643,24698.49,11468.45,33096.14,10.98,13,0,0,42.8,0.347,-25
7492,term,East,debt_consolidation,2023-04-13,691,633,26558.98,17534.25,,7.52,6,0,0,21.0,,-58
7493,revolving,North,debt_consolidation,2024-12-17,615,614,16208.0,15971.83,47063.86,8.5,10,0,0,0.5,0.339,-1
7494,term,West,home_improvement,2024-01-25,715,703,13553.4,11297.72,,5.16,8,0,0,11.4,,-12
7495,term,North,auto,2021-03-09,813,829,28290.95,6812.95,,11.84,0,0,0,46.5,,16
7496,term,West,home_improvement,2024-04-20,711,690,6943.77,6222.04,,10.25,6,0,0,8.5,,-21
7497,revolving,East,home_improvement,2023-08-11,706,690,15757.74,10247.47,28448.49,11.41,6,1,0,17.0,0.36,-16
7498,revolving,West,auto,2021-09-10,695,685,54187.83,29246.85,65611.62,13.28,8,0,0,40.3,0.446,-10
7499,term,North,auto,2023-09-12,640,580,30937.94,19119.73,,9.12,13,0,0,15.9,,-60
7500,term,East,auto,2021-06-13,737,711,10552.76,1055.28,,8.01,5,0,0,43.3,,-26
7501,term,West,auto,2021-02-21,672,650,16265.72,1626.57,,9.98,7,0,0,47.0,,-22
7502,term,North,auto,2024-01-28,783,796,3688.79,2679.76,,8.72,0,1,0,11.3,,13
7503,term,South,auto,2024-02-22,787,789,1000.0,815.48,,6.91,0,0,0,10.5,,2
7504,term,East,auto,2022-06-17,647,630,9101.37,1577.77,,8.09,10,0,0,31.0,,-17
7505,revolving,East,home_improvement,2022-08-19,725,705,16713.97,7219.21,18095.15,10.32,4,0,0,28.9,0.399,-20
7506,revolving,West,debt_consolidation,2022-04-08,644,612,5444.98,2319.58,4210.26,6.55,13,0,0,33.3,0.551,-32
7507,term,South,auto,2024-12-22,749,710,7872.58,7641.92,,3.77,1,0,0,0.3,,-39
7508,revolving,South,personal,2021-06-09,627,609,32900.53,6533.37,10371.2,4.57,14,1,0,43.4,0.63,-18
7509,revolving,South,personal,2022-11-04,694,665,21423.8,10433.61,31194.53,10.32,4,0,0,26.3,0.334,-29
7510,revolving,South,auto,2023-04-08,711,683,48329.25,31409.92,69339.75,8.66,4,0,0,21.1,0.453,-28
7511,term,West,auto,2022-03-29,726,710,6913.41,4370.11,,9.45,5,0,0,33.6,,-16
7512,term,East,home_improvement,2024-11-14,618,578,26639.66,25449.19,,8.54,16,0,0,1.6,,-40
7513,term,North,personal,2023-09-21,707,701,9262.47,6371.71,,10.22,7,0,0,15.6,,-6
7514,term,South,home_improvement,2022-10-03,692,666,5086.86,3199.01,,11.74,5,0,0,27.4,,-26
7515,term,South,auto,2021-09-02,611,570,20593.85,2421.45,,11.18,16,0,0,40.6,,-41
7516,term,East,personal,2024-10-18,749,729,8332.91,7812.86,,4.74,2,0,0,2.5,,-20
7517,term,North,debt_consolidation,2024-07-18,776,769,12176.22,10975.13,,6.35,0,0,0,5.6,,-7
7518,revolving,North,home_improvement,2023-05-26,683,646,15670.04,11529.45,28820.29,10.24,7,0,0,19.5,0.4,-37
7519,term,East,home_improvement,2023-10-22,672,638,34399.54,27703.75,,6.89,11,0,0,14.6,,-34
7520,term,East,home_improvement,2024-07-22,657,639,60915.65,54359.59,,12.14,11,0,0,5.4,,-18
7521,revolving,West,personal,2024-03-19,832,831,9150.98,6815.16,11239.99,12.94,0,0,0,9.6,0.606,-1
7522,term,North,home_improvement,2023-02-13,736,696,5404.15,2778.56,,12.89,3,0,0,22.9,,-40
7523,revolving,North,debt_consolidation,2022-03-20,637,610,3448.09,448.76,1096.89,8.62,12,0,0,33.9,0.409,-27
7524,term,West,home_improvement,2024-06-30,584,565,13615.91,12695.51,,10.4,21,0,1,6.2,,-19
7525,term,East,personal,2022-03-15,654,585,13805.34,1380.53,,8.73,10,0,0,34.1,,-69
7526,revolving,West,auto,2021-06-24,654,641,14537.32,1453.73,2407.24,13.55,4,0,0,42.9,0.604,-13
7527,term,South,home_improvement,2023-12-06,695,697,6605.93,4419.05,,9.05,8,0,0,13.1,,2
7528,term,South,auto,2023-05-22,682,660,3861.7,1688.23,,14.03,6,0,0,19.7,,-22
7529,term,North,personal,2022-03-10,748,713,16983.31,4617.99,,3.0,2,0,0,34.3,,-35
7530,term,East,personal,2022-06-22,517,479,9775.33,4992.09,,7.09,28,0,1,30.8,,-38
7531,revolving,South,home_improvement,2021-12-21,712,688,22654.64,8526.35,18800.94,7.97,6,0,0,36.9,0.454,-24
7532,revolving,East,home_improvement,2024-05-04,733,688,29623.1,26083.61,42067.77,15.83,4,0,0,8.1,0.62,-45
7533,term,East,personal,2021-12-31,572,504,15269.3,5211.32,,4.85,24,0,1,36.6,,-68
7534,term,North,home_improvement,2021-06-30,627,580,32371.16,10017.01,,9.67,10,0,0,42.7,,-47
7535,term,East,home_improvement,2021-01-29,650,590,20604.38,2060.44,,10.35,13,0,0,47.8,,-60
7536,revolving,East,auto,2021-10-07,710,677,4977.31,2821.66,7656.15,12.35,7,0,0,39.4,0.369,-33
7537,term,East,auto,2023-12-26,655,613,16874.18,13523.52,,7.14,10,1,0,12.4,,-42
7538,term,North,debt_consolidation,2024-04-22,677,639,10740.74,9743.89,,4.11,10,0,1,8.5,,-38
7539,revolving,West,personal,2023-10-31,632,593,24958.75,19040.83,29956.66,12.06,14,0,0,14.3,0.636,-39
7540,term,North,debt_consolidation,2021-04-13,683,663,11254.37,5763.21,,12.46,7,0,0,45.3,,-20
7541,term,North,home_improvement,2022-12-10,642,610,3859.99,1159.82,,8.49,11,0,1,25.1,,-32
7542,term,North,home_improvement,2024-12-16,627,570,20320.46,19783.19,,8.96,19,0,0,0.5,,-57
7543,revolving,North,debt_consolidation,2024-01-29,688,663,33620.2,29237.39,80248.84,3.29,10,0,0,11.3,0.364,-25
7544,term,East,auto,2021-12-22,731,730,21806.24,2180.62,,14.6,5,1,0,36.9,,-1
7545,term,West,home_improvement,2024-06-13,695,685,9485.0,8057.67,,12.39,5,0,0,6.7,,-10
7546,term,North,auto,2024-04-20,666,639,29776.8,26148.54,,6.1,5,0,0,8.5,,-27
7547,term,West,personal,2024-11-03,740,724,14255.76,13714.87,,12.04,4,1,0,2.0,,-16
7548,term,West,personal,2022-01-22,652,666,11519.44,5161.28,,3.0,8,0,0,35.8,,14
7549,term,South,personal,2021-03-05,675,644,13938.69,2646.35,,8.22,19,1,1,46.6,,-31
7550,term,South,personal,2021-04-03,750,735,11404.03,2033.26,,8.29,4,0,0,45.6,,-15
7551,term,West,personal,2023-12-18,654,630,24883.78,20447.39,,5.51,10,0,0,12.7,,-24
7552,revolving,North,home_improvement,2023-07-15,647,604,5349.51,3618.47,7738.39,8.69,10,0,0,17.9,0.468,-43
7553,revolving,East,home_improvement,2022-03-25,724,714,8407.52,3434.48,9676.34,9.18,3,0,0,33.8,0.355,-10
7554,revolving,South,home_improvement,2024-01-04,620,569,27973.33,24078.79,53410.5,11.4,15,0,1,12.1,0.451,-51
7555,revolving,North,debt_consolidation,2021-07-19,752,716,17569.1,1756.91,3415.33,14.54,2,0,0,42.1,0.514,-36
7556,revolving,West,auto,2024-01-09,563,520,15032.37,9781.64,26803.56,10.49,20,0,0,11.9,0.365,-43
7557,term,North,home_improvement,2024-05-27,684,644,11019.89,8963.79,,15.91,13,0,0,7.3,,-40
7558,revolving,East,auto,2023-02-03,640,610,52231.19,18548.63,51802.86,9.57,9,0,0,23.3,0.358,-30
7559,term,West,home_improvement,2023-02-20,700,663,2328.35,1798.35,,6.62,8,0,0,22.7,,-37
7560,term,East,debt_consolidation,2023-12-01,767,756,4219.33,2556.46,,6.87,0,0,0,13.2,,-11
7561,revolving,North,personal,2022-04-26,610,576,20910.67,5097.39,9173.82,8.78,6,0,0,32.7,0.556,-34
7562,term,South,auto,2021-03-22,595,562,9150.81,915.08,,6.82,12,0,0,46.0,,-33
7563,term,West,auto,2023-05-15,749,724,21370.4,16563.73,,11.64,2,1,0,19.9,,-25
7564,revolving,West,debt_consolidation,2022-11-19,666,649,26192.65,9529.38,21245.9,8.55,10,0,1,25.8,0.449,-17
7565,term,East,debt_consolidation,2024-02-10,675,623,37181.67,31897.16,,9.97,5,0,0,10.9,,-52
7566,term,North,home_improvement,2021-08-01,664,624,7826.39,1381.42,,6.1,9,0,0,41.6,,-40
7567,term,West,home_improvement,2022-01-09,658,635,19362.33,1936.23,,11.22,17,0,0,36.3,,-23
7568,term,North,auto,2024-08-17,625,575,13137.01,11429.08,,7.16,27,1,0,4.6,,-50
7569,revolving,North,home_improvement,2022-08-15,665,628,4063.92,2572.85,6112.87,12.49,12,0,0,29.0,0.421,-37
7570,revolving,West,debt_consolidation,2024-07-10,629,609,14122.15,12326.86,28909.95,7.17,18,0,0,5.8,0.426,-20
7571,term,West,auto,2022-09-12,740,733,40207.03,9204.12,,7.01,5,0,0,28.1,,-7
7572,term,North,debt_consolidation,2024-10-01,646,606,36016.05,32948.95,,6.27,11,0,0,3.1,,-40
7573,revolving,North,debt_consolidation,2024-05-16,758,753,17013.35,14512.63,41094.78,5.06,2,0,0,7.7,0.353,-5
7574,revolving,East,auto,2024-01-15,720,700,13140.49,9993.46,23715.79,13.0,2,0,0,11.7,0.421,-20
7575,term,South,debt_consolidation,2022-09-09,619,577,25069.11,6415.36,,12.97,22,0,1,28.2,,-42
7576,term,East,personal,2023-08-01,616,586,13223.21,10736.1,,11.47,16,0,0,17.3,,-30
7577,term,North,home_improvement,2023-02-24,666,665,1799.44,895.66,,8.02,5,0,0,22.6,,-1
7578,term,East,personal,2022-06-28,636,623,13662.21,1703.17,,4.28,10,0,0,30.6,,-13
7579,term,West,home_improvement,2024-12-03,635,605,34016.57,33301.74,,11.64,9,1,0,1.0,,-30
7580,term,West,auto,2024-09-29,730,729,24567.58,23466.53,,6.16,2,0,0,3.1,,-1
7581,term,East,auto,2021-04-11,696,685,17846.25,1784.62,,6.67,7,0,0,45.4,,-11
7582,term,East,personal,2022-11-28,753,709,22154.22,11654.92,,9.05,3,0,0,25.5,,-44
7583,term,West,debt_consolidation,2024-03-06,615,567,29857.99,24923.65,,11.35,14,0,1,10.0,,-48
7584,revolving,South,debt_consolidation,2022-12-09,570,515,13620.85,8771.88,18292.76,11.03,19,0,0,25.1,0.48,-55
7585,term,North,debt_consolidation,2023-10-15,636,592,10147.74,8488.91,,11.49,8,1,0,14.8,,-44
7586,term,North,home_improvement,2023-01-21,744,705,23621.28,12297.59,,4.72,3,0,0,23.7,,-39
7587,term,East,home_improvement,2021-08-09,642,607,17244.93,3132.23,,8.55,11,0,0,41.4,,-35
7588,revolving,East,personal,2024-12-23,778,766,22663.43,22336.05,42083.8,10.34,0,0,0,0.3,0.531,-12
7589,revolving,West,auto,2024-02-05,648,612,18197.21,14657.66,30193.91,4.2,5,0,0,11.0,0.485,-36
7590,term,West,personal,2021-01-09,715,685,22760.69,5278.24,,8.8,6,0,0,48.4,,-30
7591,term,East,personal,2023-04-14,678,657,37576.78,23371.96,,9.02,12,0,0,20.9,,-21
7592,term,East,auto,2024-10-24,562,533,20354.93,19128.33,,5.37,15,0,0,2.3,,-29
7593,term,East,debt_consolidation,2022-12-10,640,608,6365.87,4654.28,,9.84,19,1,0,25.1,,-32
7594,revolving,North,personal,2023-03-09,708,687,22308.47,10823.71,22035.85,11.16,4,0,0,22.1,0.491,-21
7595,term,South,home_improvement,2021-12-22,677,614,10123.55,1401.13,,8.04,8,0,0,36.9,,-63
7596,revolving,East,home_improvement,2022-01-03,653,631,31811.83,14811.87,28450.59,13.5,7,0,1,36.5,0.521,-22
7597,term,West,personal,2021-09-01,669,646,24713.62,13078.66,,11.47,9,1,0,40.6,,-23
7598,term,South,auto,2024-07-14,689,686,12230.45,10568.3,,7.48,7,0,0,5.7,,-3
7599,revolving,East,debt_consolidation,2021-05-26,516,481,20434.19,3470.5,9466.68,10.63,30,0,0,43.9,0.367,-35
7600,term,East,home_improvement,2021-02-03,646,626,8183.35,818.33,,3.52,18,1,0,47.6,,-20
7601,term,West,home_improvement,2022-11-19,631,571,57163.4,25748.15,,13.95,20,1,0,25.8,,-60
7602,revolving,West,personal,2021-09-19,721,680,14728.04,3931.88,8543.54,10.49,3,0,0,40.0,0.46,-41
7603,revolving,South,debt_consolidation,2023-11-15,725,707,21245.68,16376.7,48766.83,10.06,3,0,0,13.8,0.336,-18
7604,term,East,auto,2021-05-03,690,669,19623.87,1962.39,,6.72,4,0,0,44.6,,-21
7605,term,South,home_improvement,2023-10-17,686,652,9868.57,7544.59,,5.4,7,0,0,14.7,,-34
7606,term,North,debt_consolidation,2023-03-04,559,508,5325.32,2287.55,,11.79,32,0,0,22.3,,-51
7607,term,North,auto,2023-02-01,625,588,7226.37,3665.24,,10.38,13,0,0,23.3,,-37
7608,revolving,North,home_improvement,2021-09-01,658,606,17338.14,6402.36,15643.83,10.01,8,0,0,40.6,0.409,-52
7609,revolving,South,auto,2022-02-07,673,631,22427.81,8536.0,20819.2,11.04,10,0,0,35.3,0.41,-42
7610,revolving,East,home_improvement,2022-01-01,679,661,15576.86,2816.89,5911.72,7.44,6,0,0,36.5,0.476,-18
7611,revolving,East,personal,2024-06-30,563,503,10556.54,9196.62,26551.8,8.59,15,0,0,6.2,0.346,-60
7612,term,North,auto,2022-11-04,738,732,5578.91,4034.52,,9.25,1,0,0,26.3,,-6
7613,term,South,auto,2024-08-26,618,586,26351.95,25209.34,,6.34,15,0,0,4.3,,-32
7614,term,West,home_improvement,2024-10-25,543,510,8655.97,8440.99,,10.44,18,0,0,2.3,,-33
7615,term,North,debt_consolidation,2021-12-17,727,701,37670.95,11145.51,,8.29,4,0,0,37.0,,-26
7616,term,West,auto,2023-03-12,625,592,27109.78,18161.2,,8.45,10,1,0,22.0,,-33
7617,term,South,auto,2022-07-16,721,682,26160.65,4535.28,,9.56,3,0,1,30.0,,-39
7618,term,East,home_improvement,2024-03-13,575,557,20449.25,16796.37,,9.29,25,1,1,9.8,,-18
7619,term,East,debt_consolidation,2021-02-20,655,630,26646.68,12578.78,,9.13,13,0,0,47.0,,-25
7620,term,East,personal,2021-06-03,622,621,9827.64,5305.9,,3.42,19,1,0,43.6,,-1
7621,term,North,debt_consolidation,2022-07-16,703,693,14303.07,4304.15,,8.29,5,0,0,30.0,,-10
7622,term,West,personal,2023-10-01,626,587,15328.57,9874.84,,8.99,12,1,0,15.3,,-39
7623,term,East,personal,2023-11-21,703,659,24238.02,19839.57,,5.91,4,0,0,13.6,,-44
7624,term,South,debt_consolidation,2022-11-06,654,633,19342.87,10960.74,,6.94,5,0,0,26.2,,-21
7625,term,West,debt_consolidation,2021-11-20,640,616,35832.66,10280.43,,14.41,12,0,0,37.9,,-24
7626,term,South,home_improvement,2021-09-21,733,695,15730.48,6023.59,,10.75,5,0,0,39.9,,-38
7627,term,North,debt_consolidation,2021-03-21,797,776,8995.3,2293.12,,8.64,0,0,0,46.1,,-21
7628,term,North,personal,2023-07-01,658,619,15094.07,11073.09,,6.41,6,0,0,18.3,,-39
7629,term,North,auto,2023-12-09,633,597,2549.15,1710.58,,8.78,11,1,0,13.0,,-36
7630,term,South,auto,2021-04-18,671,643,30694.55,3069.45,,15.31,3,0,0,45.1,,-28
7631,term,East,debt_consolidation,2021-11-13,686,654,29953.25,2995.32,,7.97,9,0,0,38.2,,-32
7632,term,South,personal,2023-08-08,572,553,7845.27,3882.28,,8.57,19,0,0,17.1,,-19
7633,term,North,auto,2022-04-25,619,577,14849.39,1855.2,,3.87,11,0,0,32.7,,-42
7634,term,South,debt_consolidation,2022-07-10,589,543,17793.33,7842.21,,5.97,20,0,0,30.2,,-46
7635,term,East,auto,2024-03-30,610,568,29883.56,26259.08,,8.36,12,0,0,9.2,,-42
7636,revolving,East,personal,2024-12-10,767,763,2539.55,2512.38,7475.74,9.7,0,0,0,0.7,0.336,-4
7637,term,North,debt_consolidation,2022-12-20,542,517,26005.25,15884.73,,15.46,19,0,1,24.8,,-25
7638,term,South,home_improvement,2021-08-16,702,689,13506.92,7111.12,,7.64,5,0,0,41.1,,-13
7639,term,West,personal,2023-03-05,657,624,19541.92,14307.39,,8.61,8,0,0,22.3,,-33
7640,term,North,debt_consolidation,2023-05-13,694,661,12296.6,8375.97,,10.1,11,0,0,20.0,,-33
7641,term,North,home_improvement,2022-05-30,609,585,13574.91,6225.11,,8.41,17,1,0,31.6,,-24
7642,term,North,debt_consolidation,2021-08-20,652,614,22725.81,9499.5,,10.43,10,0,0,41.0,,-38
7643,term,West,auto,2022-09-04,753,742,22766.12,9382.96,,12.39,2,0,0,28.3,,-11
7644,term,North,debt_consolidation,2022-09-26,652,630,33211.43,22896.78,,14.3,11,1,0,27.6,,-22
7645,term,South,personal,2021-04-04,764,745,15736.15,7630.06,,3.0,0,0,0,45.6,,-19
7646,term,North,auto,2023-11-25,516,530,9000.69,5909.94,,5.25,32,0,0,13.4,,14
7647,term,East,auto,2023-11-16,712,688,2170.32,1691.47,,7.95,2,0,0,13.7,,-24
7648,revolving,North,home_improvement,2024-05-07,682,681,16756.52,12997.85,22171.06,9.86,10,0,0,8.0,0.586,-1
7649,term,East,auto,2022-03-26,593,577,5686.79,568.68,,7.36,8,0,0,33.7,,-16
7650,term,South,home_improvement,2021-08-27,734,713,22103.0,5533.51,,7.97,3,0,0,40.8,,-21
7651,revolving,North,personal,2021-04-27,635,599,27558.55,4850.66,11393.28,10.21,12,1,1,44.8,0.426,-36
7652,term,South,auto,2022-10-23,693,650,16136.36,6725.99,,3.46,4,1,0,26.7,,-43
7653,term,East,debt_consolidation,2022-02-02,620,598,42404.05,19563.86,,5.64,12,1,0,35.5,,-22
7654,term,East,home_improvement,2024-05-06,649,632,8094.34,7435.33,,11.79,9,0,0,8.0,,-17
7655,term,South,personal,2024-11-18,722,691,38818.75,38149.12,,6.9,7,0,0,1.5,,-31
7656,term,North,auto,2023-04-10,821,799,1059.11,666.71,,14.06,0,0,0,21.1,,-22
7657,revolving,South,personal,2023-02-02,626,582,5577.04,2955.84,5274.63,9.75,11,0,0,23.3,0.56,-44
7658,term,North,auto,2023-03-24,754,744,16965.26,6228.91,,13.98,2,0,0,21.6,,-10
7659,term,East,auto,2022-02-20,760,760,15761.34,1864.01,,12.96,0,1,0,34.9,,0
7660,revolving,North,personal,2024-06-22,718,680,6926.67,6344.51,15289.64,8.05,7,0,0,6.4,0.415,-38
7661,term,West,auto,2024-04-18,726,689,7430.75,5777.66,,4.5,7,0,0,8.6,,-37
7662,term,East,debt_consolidation,2022-08-15,637,604,11095.03,4879.02,,10.35,11,0,1,29.0,,-33
7663,term,East,personal,2023-07-10,621,601,19150.71,11656.57,,8.16,12,0,0,18.0,,-20
7664,term,South,debt_consolidation,2023-09-11,651,629,22340.75,15112.53,,8.5,9,0,0,15.9,,-22
7665,term,North,debt_consolidation,2022-04-17,696,688,36193.5,7372.44,,8.03,11,0,1,33.0,,-8
7666,term,South,auto,2021-10-28,661,597,12520.56,3225.7,,5.13,8,0,0,38.7,,-64
7667,term,West,debt_consolidation,2023-10-25,635,597,17236.47,13808.82,,10.47,14,0,0,14.5,,-38
7668,revolving,South,auto,2022-04-19,637,623,10900.33,2931.97,6308.82,6.8,15,0,0,32.9,0.465,-14
7669,term,North,auto,2024-07-13,661,658,10624.5,9586.69,,6.43,9,0,0,5.7,,-3
7670,term,East,home_improvement,2022-04-26,731,706,17959.67,6072.47,,8.25,4,0,0,32.7,,-25
7671,term,North,auto,2022-04-29,615,575,12611.27,4179.0,,12.22,14,0,1,32.6,,-40
7672,revolving,North,auto,2021-07-27,713,676,28050.66,2805.07,4411.62,8.65,10,0,0,41.8,0.636,-37
7673,term,East,debt_consolidation,2021-05-29,711,698,43860.81,8730.14,,5.93,5,0,0,43.8,,-13
7674,revolving,East,home_improvement,2022-01-24,648,636,16231.03,3366.72,8148.54,9.35,8,0,0,35.8,0.413,-12
7675,term,West,home_improvement,2023-03-24,697,677,21146.0,14094.66,,12.84,4,0,0,21.6,,-20
7676,term,East,debt_consolidation,2024-04-14,751,697,2841.07,2433.27,,11.46,1,0,0,8.7,,-54
7677,term,North,auto,2021-10-09,660,638,19555.54,7239.97,,3.62,8,0,0,39.3,,-22
7678,term,East,auto,2024-03-16,633,595,5888.32,4948.96,,9.63,13,0,0,9.7,,-38
7679,revolving,North,debt_consolidation,2024-04-16,622,597,11951.36,10415.17,24491.24,12.74,24,0,0,8.7,0.425,-25
7680,term,East,auto,2023-10-18,629,599,20788.84,13894.61,,9.41,15,0,0,14.7,,-30
7681,term,East,personal,2024-12-21,727,724,17062.61,16591.41,,4.31,2,0,0,0.4,,-3
7682,term,West,personal,2023-03-02,676,651,19167.17,6418.1,,4.2,13,0,0,22.4,,-25
7683,term,East,debt_consolidation,2022-01-12,583,546,20187.52,3149.89,,6.3,17,0,0,36.2,,-37
7684,term,West,personal,2021-10-24,755,734,10382.64,2826.32,,4.83,2,0,0,38.8,,-21
7685,revolving,North,auto,2024-07-02,669,664,15380.39,12868.14,27393.73,5.38,5,0,0,6.1,0.47,-5
7686,revolving,West,auto,2022-04-12,708,677,8369.09,3412.07,6766.33,4.75,8,0,0,33.2,0.504,-31
7687,term,South,debt_consolidation,2023-01-18,716,704,27679.59,19549.25,,8.32,5,0,0,23.8,,-12
7688,revolving,North,debt_consolidation,2023-06-29,629,606,6162.08,3728.13,9490.89,7.41,10,1,0,18.4,0.393,-23
7689,term,North,personal,2024-10-24,606,577,23616.31,22727.56,,8.53,16,0,1,2.3,,-29
7690,revolving,South,debt_consolidation,2024-07-21,621,592,8929.72,8241.02,15802.71,10.7,16,0,0,5.5,0.521,-29
7691,term,South,debt_consolidation,2023-10-13,668,641,8021.11,5271.6,,5.17,10,0,0,14.9,,-27
7692,revolving,South,debt_consolidation,2022-02-09,706,704,13633.81,4337.3,8281.67,13.87,7,0,0,35.2,0.524,-2
7693,term,North,home_improvement,2024-09-30,791,780,4301.16,4023.52,,11.66,0,1,0,3.1,,-11
7694,revolving,West,debt_consolidation,2022-08-02,733,723,17521.23,3344.4,6319.64,3.37,6,0,0,29.4,0.529,-10
7695,revolving,East,home_improvement,2021-03-22,562,524,17963.91,2224.38,3892.2,9.99,15,0,0,46.0,0.571,-38
7696,revolving,South,auto,2021-09-28,670,665,24990.67,12942.46,34667.56,7.34,5,0,0,39.7,0.373,-5
7697,term,East,auto,2021-01-14,543,501,9739.0,973.9,,9.5,28,0,0,48.3,,-42
7698,term,North,auto,2023-01-09,737,719,8409.97,4304.9,,10.14,4,0,0,24.1,,-18
7699,term,West,personal,2021-06-13,668,611,13659.79,1365.98,,7.38,3,0,0,43.3,,-57
7700,revolving,South,personal,2022-08-21,682,658,16828.18,9429.54,15334.28,8.14,9,0,0,28.8,0.615,-24
7701,term,East,personal,2022-01-19,665,627,5265.85,1345.07,,7.09,13,0,1,35.9,,-38
7702,revolving,East,auto,2023-10-06,684,653,1762.72,1080.99,3152.75,9.78,9,0,0,15.1,0.343,-31
7703,term,South,home_improvement,2023-11-06,638,595,17438.33,14325.15,,8.45,13,0,0,14.1,,-43
7704,term,North,personal,2024-11-25,685,655,40640.23,39476.57,,9.98,6,0,0,1.2,,-30
7705,term,West,debt_consolidation,2022-05-22,622,613,29487.99,8290.73,,8.11,11,0,0,31.8,,-9
7706,term,South,home_improvement,2023-09-04,697,673,3790.97,2478.01,,3.9,8,0,0,16.2,,-24
7707,term,East,home_improvement,2023-06-21,696,656,13700.36,11139.52,,8.57,9,0,0,18.7,,-40
7708,term,East,home_improvement,2022-07-03,708,686,26249.19,5171.63,,10.73,5,0,0,30.4,,-22
7709,term,West,home_improvement,2024-05-24,674,659,13997.7,11204.93,,11.92,6,0,0,7.4,,-15
7710,revolving,East,home_improvement,2022-10-26,742,717,5348.19,2500.5,6438.67,3.63,0,1,0,26.6,0.388,-25
7711,revolving,North,debt_consolidation,2023-05-14,789,781,4249.94,2158.61,4127.0,8.96,0,0,0,19.9,0.523,-8
7712,term,West,personal,2021-03-08,587,522,9799.86,979.99,,12.32,25,0,1,46.5,,-65
7713,revolving,East,home_improvement,2021-02-07,603,553,11545.13,3624.19,6564.52,7.31,13,0,0,47.5,0.552,-50
7714,term,West,debt_consolidation,2023-04-06,669,649,10578.46,7731.46,,12.69,8,0,0,21.2,,-20
7715,term,South,auto,2024-05-24,652,600,10991.87,9573.27,,3.0,14,0,0,7.4,,-52
7716,term,North,personal,2023-05-09,708,690,4336.12,2434.75,,6.1,6,0,0,20.1,,-18
7717,revolving,East,home_improvement,2023-11-13,708,672,5505.63,3766.1,7669.3,5.27,7,0,0,13.8,0.491,-36
7718,revolving,North,home_improvement,2023-02-27,697,657,5072.76,2821.53,5228.54,9.14,13,0,0,22.5,0.54,-40
7719,term,North,personal,2021-03-08,580,550,1000.0,100.0,,7.84,18,0,0,46.5,,-30
7720,revolving,South,home_improvement,2024-09-24,691,674,4974.58,4788.48,7364.72,12.45,4,0,0,3.3,0.65,-17
7721,term,South,auto,2021-10-23,791,792,7781.09,2563.07,,11.83,0,0,0,38.9,,1
7722,term,South,home_improvement,2021-05-06,710,695,14743.77,6470.6,,7.58,3,0,0,44.5,,-15
7723,term,North,personal,2021-01-01,676,654,9049.22,904.92,,11.11,4,0,0,48.7,,-22
7724,term,East,debt_consolidation,2022-02-09,717,713,4258.67,1429.74,,6.36,4,1,0,35.2,,-4
7725,term,North,debt_consolidation,2022-06-06,628,583,1921.25,416.65,,11.51,14,0,0,31.3,,-45
7726,term,South,personal,2024-08-02,705,662,18727.54,17088.05,,3.38,8,0,0,5.1,,-43
7727,term,North,personal,2021-10-12,678,629,8742.93,2508.51,,16.91,8,0,0,39.2,,-49
7728,term,West,auto,2023-10-24,611,591,7282.09,5988.11,,10.65,15,0,0,14.5,,-20
7729,term,East,home_improvement,2024-06-13,694,658,14547.4,13526.21,,14.18,7,0,0,6.7,,-36
7730,revolving,North,personal,2021-05-20,682,643,2724.53,359.23,835.31,11.29,11,0,0,44.1,0.43,-39
7731,term,North,auto,2023-08-23,728,704,12686.05,10491.7,,6.61,6,1,0,16.6,,-24
7732,term,East,auto,2021-07-31,687,648,14679.65,4699.98,,3.0,6,1,0,41.7,,-39
7733,term,East,debt_consolidation,2021-02-13,692,656,7576.41,757.64,,6.76,11,0,0,47.3,,-36
7734,revolving,North,personal,2022-02-06,688,655,26185.77,6042.99,16439.01,10.99,12,0,0,35.3,0.368,-33
7735,revolving,North,debt_consolidation,2023-07-24,688,670,10027.82,6817.09,18662.12,4.13,9,0,0,17.6,0.365,-18
7736,revolving,East,personal,2023-02-04,748,745,23490.44,14970.46,28689.92,14.84,1,0,0,23.2,0.522,-3
7737,term,North,auto,2024-03-12,722,687,25001.01,18179.76,,8.42,4,0,0,9.8,,-35
7738,term,South,personal,2021-04-07,623,562,18140.31,7300.2,,15.88,18,0,0,45.5,,-61
7739,term,South,personal,2024-07-19,672,652,18851.69,17412.6,,7.18,6,0,0,5.5,,-20
7740,revolving,South,debt_consolidation,2023-12-02,595,539,9405.37,6021.43,15771.52,10.75,9,0,0,13.2,0.382,-56
7741,term,South,debt_consolidation,2021-09-01,769,746,7357.2,4022.05,,10.64,1,0,0,40.6,,-23
7742,revolving,South,debt_consolidation,2022-09-04,638,618,14743.5,9742.91,26333.28,4.17,14,1,0,28.3,0.37,-20
7743,term,East,auto,2023-12-24,634,622,7964.07,6176.35,,10.21,18,0,0,12.5,,-12
7744,term,North,home_improvement,2024-02-18,789,748,1000.0,828.39,,10.67,0,0,0,10.6,,-41
7745,term,South,personal,2023-10-25,644,625,12991.22,9642.51,,11.22,13,0,0,14.5,,-19
7746,term,North,auto,2022-02-10,623,563,5073.53,2311.13,,12.81,16,0,1,35.2,,-60
7747,term,East,personal,2022-01-13,719,689,18548.77,11621.56,,4.28,6,0,0,36.1,,-30
7748,term,East,personal,2024-09-11,679,655,5478.97,5151.85,,10.6,12,0,0,3.7,,-24
7749,revolving,South,home_improvement,2022-03-29,626,578,2932.1,1079.63,2551.25,5.33,10,0,0,33.6,0.423,-48
7750,term,North,personal,2021-04-30,700,680,17045.92,1704.59,,5.93,8,0,0,44.7,,-20
7751,term,West,debt_consolidation,2022-10-17,717,688,25984.06,9448.78,,5.7,7,0,0,26.9,,-29
7752,term,East,personal,2024-08-01,731,709,9059.49,7923.53,,9.67,6,0,0,5.1,,-22
7753,term,East,personal,2024-05-20,695,670,18367.22,14314.07,,11.04,6,0,0,7.5,,-25
7754,revolving,East,auto,2024-09-24,733,711,8339.41,7813.92,23026.52,8.1,4,0,0,3.3,0.339,-22
7755,revolving,West,personal,2023-09-21,730,729,21653.78,16856.88,37619.99,8.88,4,0,0,15.6,0.448,-1
7756,term,South,personal,2022-12-01,652,615,5707.75,2292.85,,4.28,17,0,0,25.4,,-37
7757,term,South,debt_consolidation,2022-06-28,782,754,18360.24,11784.86,,9.99,0,0,0,30.6,,-28
7758,term,East,auto,2023-10-11,719,718,10138.1,7279.17,,7.51,6,0,0,14.9,,-1
7759,term,North,personal,2023-11-23,763,737,43910.37,26924.49,,5.77,1,0,0,13.5,,-26
7760,term,South,debt_consolidation,2021-09-13,671,646,16613.78,1661.38,,3.0,10,0,0,40.2,,-25
7761,term,South,debt_consolidation,2024-01-28,730,720,10060.78,8599.63,,5.9,2,0,0,11.3,,-10
7762,term,West,debt_consolidation,2024-07-04,696,677,36683.08,31466.62,,8.21,11,0,0,6.0,,-19
7763,term,East,personal,2022-08-15,738,714,4682.16,1150.81,,10.65,4,0,0,29.0,,-24
7764,revolving,East,personal,2022-07-31,654,610,22512.57,3624.77,10818.66,5.9,12,1,0,29.5,0.335,-44
7765,term,South,debt_consolidation,2021-06-03,646,583,20258.34,2025.83,,7.96,10,0,0,43.6,,-63
7766,term,West,debt_consolidation,2023-07-28,753,731,32733.19,19750.21,,13.48,1,0,0,17.4,,-22
7767,revolving,West,home_improvement,2023-04-02,694,671,22743.24,17734.19,38132.41,12.47,13,0,0,21.3,0.465,-23
7768,term,East,auto,2021-02-15,738,717,12032.08,4902.63,,7.37,4,0,0,47.2,,-21
7769,term,West,auto,2021-10-08,595,572,35631.01,17883.97,,7.52,13,0,0,39.4,,-23
7770,term,North,auto,2023-11-09,631,589,32015.56,23221.81,,14.54,13,0,0,14.0,,-42
7771,term,North,home_improvement,2021-08-27,648,622,14755.62,1475.56,,9.49,10,0,0,40.8,,-26
7772,term,West,debt_consolidation,2023-07-15,757,743,17899.79,13070.18,,7.97,1,1,0,17.9,,-14
7773,term,East,auto,2022-03-05,755,739,16563.73,5567.14,,8.69,1,0,0,34.4,,-16
7774,term,West,auto,2022-11-26,685,686,14432.28,5840.93,,6.27,9,0,1,25.6,,1
7775,term,South,auto,2024-03-08,708,686,12637.47,9377.05,,4.72,7,0,0,10.0,,-22
7776,term,North,personal,2024-05-29,690,645,54416.56,44265.75,,8.03,9,0,0,7.2,,-45
7777,term,South,home_improvement,2024-12-13,620,573,22759.39,22479.32,,12.65,9,0,1,0.6,,-47
7778,term,North,personal,2023-04-06,683,672,26440.47,10150.51,,8.36,11,0,0,21.2,,-11
7779,revolving,South,auto,2023-11-18,625,601,14710.44,9687.85,25771.6,8.26,18,0,1,13.7,0.376,-24
7780,term,North,personal,2021-04-08,657,627,27680.11,2768.01,,10.83,10,0,0,45.5,,-30
7781,term,East,auto,2023-06-17,666,630,20149.17,15799.12,,9.36,13,0,0,18.8,,-36
7782,term,South,personal,2024-09-18,779,766,2004.48,1916.63,,4.44,0,0,0,3.5,,-13
7783,term,East,debt_consolidation,2021-01-21,689,666,10480.06,1048.01,,9.97,10,0,0,48.0,,-23
7784,term,South,debt_consolidation,2023-06-04,655,633,14190.95,9187.42,,3.46,7,0,0,19.2,,-22
7785,term,North,personal,2023-05-05,716,664,3003.88,1609.79,,12.69,4,0,0,20.2,,-52
7786,revolving,South,debt_consolidation,2021-11-19,640,606,7431.49,743.15,2006.38,10.55,15,0,0,38.0,0.37,-34
7787,revolving,South,debt_consolidation,2023-08-30,839,831,42098.67,31227.58,73406.93,10.4,0,0,0,16.3,0.425,-8
7788,term,West,home_improvement,2024-07-22,705,675,6647.88,6286.07,,15.31,1,0,0,5.4,,-30
7789,term,West,auto,2021-11-03,531,504,8580.77,858.08,,5.68,18,0,0,38.5,,-27
7790,term,South,home_improvement,2021-06-19,631,611,10919.91,1091.99,,11.09,8,0,0,43.1,,-20
7791,term,South,auto,2021-10-16,788,753,17907.98,1790.8,,9.57,1,0,0,39.1,,-35
7792,term,South,auto,2024-09-14,688,680,13010.01,12258.44,,10.67,4,0,0,3.6,,-8
7793,term,North,auto,2023-09-15,651,614,51688.14,41768.53,,7.73,7,0,0,15.8,,-37
7794,term,West,personal,2022-08-29,704,690,18065.31,7005.13,,10.56,7,0,0,28.5,,-14
7795,term,East,debt_consolidation,2023-11-11,584,552,14177.73,11523.65,,8.72,20,0,0,13.9,,-32
7796,revolving,South,home_improvement,2023-07-04,621,583,4831.04,3196.05,6987.33,12.01,18,0,0,18.2,0.457,-38
7797,term,West,debt_consolidation,2024-02-08,595,578,1000.0,795.29,,9.84,15,0,0,10.9,,-17
7798,revolving,North,auto,2023-09-19,657,646,7125.97,5329.47,11490.66,11.86,17,0,0,15.7,0.464,-11
7799,revolving,West,auto,2021-08-27,776,764,11194.49,1119.45,2584.23,6.96,0,0,0,40.8,0.433,-12
7800,term,South,personal,2024-05-26,715,703,4212.64,3489.28,,7.56,10,0,0,7.3,,-12
7801,term,East,auto,2022-07-29,708,672,6290.02,3749.11,,5.63,7,0,0,29.6,,-36
7802,term,West,auto,2024-09-08,640,634,7775.8,7460.2,,12.83,14,0,0,3.8,,-6
7803,term,West,personal,2021-09-24,726,702,13674.59,7004.45,,14.41,2,0,0,39.8,,-24
7804,term,West,personal,2024-12-03,633,604,7658.54,7557.33,,6.69,12,0,0,1.0,,-29
7805,term,North,personal,2022-12-04,667,656,13716.51,8592.57,,9.77,9,0,0,25.3,,-11
7806,term,West,home_improvement,2024-09-01,725,697,9519.25,8482.52,,13.09,4,0,0,4.1,,-28
7807,term,South,home_improvement,2023-07-30,675,627,7400.38,3791.35,,9.42,9,0,0,17.4,,-48
7808,term,South,home_improvement,2022-05-28,734,693,21538.82,14317.77,,9.44,1,0,0,31.6,,-41
7809,term,East,auto,2023-06-10,667,628,3109.34,1778.77,,6.52,10,1,0,19.0,,-39
7810,revolving,West,home_improvement,2022-03-07,761,761,16343.28,4948.29,13165.26,9.31,0,0,0,34.4,0.376,0
7811,term,West,auto,2021-02-19,705,710,8103.66,4220.19,,6.05,9,0,0,47.1,,5
7812,term,West,debt_consolidation,2022-10-02,627,611,23385.57,5534.71,,13.5,19,0,0,27.4,,-16
7813,term,West,home_improvement,2021-03-12,647,610,5700.86,570.09,,3.0,11,0,0,46.4,,-37
7814,term,South,debt_consolidation,2024-06-02,666,640,1971.6,1612.82,,5.35,11,0,0,7.1,,-26
7815,term,North,auto,2023-10-04,737,710,11236.01,9226.76,,9.67,7,0,0,15.2,,-27
7816,revolving,North,auto,2024-05-30,790,751,30215.41,25673.96,70260.75,5.0,0,0,0,7.2,0.365,-39
7817,term,East,debt_consolidation,2024-12-05,590,545,5339.01,5213.26,,3.23,13,0,0,0.9,,-45
7818,term,West,personal,2024-02-10,656,614,9235.69,6241.5,,16.8,8,0,0,10.9,,-42
7819,term,North,home_improvement,2024-03-15,753,707,19019.77,15511.61,,10.79,3,0,0,9.7,,-46
7820,revolving,East,personal,2021-03-14,676,644,12413.29,5408.99,13963.78,8.27,9,0,0,46.3,0.387,-32
7821,term,North,debt_consolidation,2023-09-10,670,645,8848.57,4897.94,,10.52,11,0,0,16.0,,-25
7822,term,West,auto,2024-05-07,714,686,14192.38,11841.37,,10.27,5,0,0,8.0,,-28
7823,term,West,debt_consolidation,2024-12-26,599,562,52494.44,51016.32,,6.92,16,0,1,0.2,,-37
7824,revolving,West,auto,2023-11-16,716,689,21899.08,14488.5,27780.89,8.09,3,0,0,13.7,0.522,-27
7825,term,South,home_improvement,2022-04-14,698,655,43497.76,9989.84,,8.19,3,0,0,33.1,,-43
7826,term,West,debt_consolidation,2022-01-08,691,678,16934.29,1693.43,,7.82,9,0,0,36.3,,-13
7827,revolving,West,auto,2021-04-22,744,703,16956.67,1695.67,3062.38,7.67,5,0,0,45.0,0.554,-41
7828,revolving,South,home_improvement,2021-04-06,675,630,20172.26,6235.55,10179.49,11.4,15,1,0,45.5,0.613,-45
7829,revolving,West,home_improvement,2024-08-01,682,681,15888.63,14761.36,40745.0,8.4,5,0,0,5.1,0.362,-1
7830,term,South,home_improvement,2022-09-03,690,664,10585.77,2085.19,,11.8,7,0,0,28.4,,-26
7831,term,North,personal,2023-04-04,557,487,8581.44,3755.54,,6.68,12,1,0,21.3,,-70
7832,term,North,home_improvement,2023-01-21,742,751,13908.6,6575.0,,10.35,4,0,0,23.7,,9
7833,term,North,home_improvement,2024-08-30,715,706,14395.05,12975.53,,3.07,4,0,0,4.1,,-9
7834,revolving,East,home_improvement,2024-09-09,712,680,16981.96,15814.76,25762.0,10.5,7,0,0,3.8,0.614,-32
7835,term,South,home_improvement,2024-07-01,700,686,27239.07,25152.44,,11.58,9,0,0,6.1,,-14
7836,term,East,home_improvement,2021-01-31,761,725,35975.23,8115.17,,5.53,0,0,0,47.7,,-36
7837,term,West,personal,2024-01-27,692,653,3333.72,2815.52,,9.75,5,0,0,11.3,,-39
7838,revolving,East,home_improvement,2024-06-14,667,629,25638.72,23897.38,51582.67,11.27,6,0,0,6.7,0.463,-38
7839,term,North,auto,2021-06-23,575,550,16759.37,1675.94,,8.14,13,0,0,42.9,,-25
7840,term,North,auto,2022-10-15,603,588,7843.92,3075.13,,11.64,18,1,0,27.0,,-15
7841,term,North,home_improvement,2023-11-24,661,631,26278.76,17702.16,,6.9,9,0,0,13.5,,-30
7842,term,South,home_improvement,2024-08-03,685,665,13710.1,12788.83,,9.86,8,0,0,5.0,,-20
7843,term,East,home_improvement,2023-06-05,644,619,21599.94,12028.09,,9.18,10,0,0,19.2,,-25
7844,revolving,North,home_improvement,2023-04-09,666,616,10445.26,7928.54,17084.8,9.39,13,0,0,21.1,0.464,-50
7845,term,South,home_improvement,2023-05-09,625,561,10770.67,6934.08,,12.31,11,0,0,20.1,,-64
7846,revolving,East,auto,2022-04-20,736,718,12476.0,2834.77,7768.38,9.28,2,0,0,32.9,0.365,-18
7847,revolving,West,home_improvement,2021-07-09,662,636,37135.92,3713.59,9957.08,7.65,10,0,0,42.4,0.373,-26
7848,term,South,debt_consolidation,2022-10-17,750,716,9352.88,6103.44,,14.27,2,0,0,26.9,,-34
7849,revolving,South,home_improvement,2021-01-27,664,620,16281.69,3220.3,9257.81,14.11,11,0,0,47.8,0.348,-44
7850,revolving,South,home_improvement,2021-02-11,701,672,6565.39,656.54,1815.06,14.93,5,0,0,47.3,0.362,-29
7851,term,West,debt_consolidation,2023-04-12,708,680,29651.55,15166.28,,12.55,8,0,0,21.0,,-28
7852,term,West,debt_consolidation,2022-11-10,689,654,54231.0,25066.27,,11.18,7,0,0,26.1,,-35
7853,term,East,auto,2022-10-03,613,578,9236.21,2603.38,,13.06,16,0,0,27.4,,-35
7854,term,South,debt_consolidation,2023-01-01,659,599,4102.3,2498.33,,7.24,9,0,0,24.4,,-60
7855,term,East,debt_consolidation,2023-08-27,555,498,60589.77,40368.94,,6.6,14,0,0,16.4,,-57
7856,revolving,West,auto,2024-10-05,778,791,27305.13,25409.33,59820.7,4.63,0,0,0,2.9,0.425,13
7857,term,South,debt_consolidation,2022-08-11,478,466,14437.87,9815.58,,6.9,30,1,0,29.1,,-12
7858,revolving,North,home_improvement,2022-06-05,730,687,3407.46,1621.79,2773.76,8.36,5,0,0,31.4,0.585,-43
7859,term,South,debt_consolidation,2024-08-03,686,678,23081.18,21406.17,,4.42,8,0,0,5.0,,-8
7860,revolving,West,debt_consolidation,2023-03-28,575,545,30147.16,21476.92,63473.24,9.08,22,0,0,21.5,0.338,-30
7861,term,West,debt_consolidation,2021-06-17,695,651,2921.68,292.17,,6.06,5,0,0,43.1,,-44
7862,term,North,auto,2023-10-24,613,572,2542.45,1734.9,,3.0,13,0,0,14.5,,-41
7863,term,West,debt_consolidation,2022-05-27,705,697,7944.68,886.2,,3.0,9,0,0,31.7,,-8
7864,term,North,debt_consolidation,2024-03-14,676,658,35063.9,25415.86,,5.43,11,0,0,9.8,,-18
7865,revolving,West,home_improvement,2022-05-14,693,676,7889.23,2109.67,4820.9,7.25,5,1,0,32.1,0.438,-17
7866,term,North,auto,2021-06-19,657,623,7536.91,3847.45,,12.58,10,0,0,43.1,,-34
7867,revolving,West,home_improvement,2023-07-24,759,707,28351.73,23347.99,65867.46,5.63,1,0,0,17.6,0.354,-52
7868,term,North,personal,2023-10-18,619,597,43341.24,30602.25,,15.73,18,0,0,14.7,,-22
7869,term,West,auto,2021-12-27,639,611,1495.08,398.16,,11.07,12,0,0,36.7,,-28
7870,term,East,debt_consolidation,2024-12-21,669,654,4414.91,4292.45,,8.83,9,0,0,0.4,,-15
7871,revolving,North,personal,2024-06-14,673,661,6402.49,5358.63,13545.29,6.55,9,0,0,6.7,0.396,-12
7872,revolving,West,debt_consolidation,2021-01-11,612,548,5573.28,658.94,1471.53,7.84,18,1,0,48.4,0.448,-64
7873,term,West,debt_consolidation,2023-10-29,560,548,35428.02,26997.23,,6.12,31,1,0,14.3,,-12
7874,term,North,auto,2023-11-25,701,677,4870.44,4156.05,,8.06,4,0,0,13.4,,-24
7875,term,East,personal,2023-01-11,699,672,36310.15,11444.61,,7.36,4,0,0,24.0,,-27
7876,term,North,auto,2023-03-06,782,737,3531.29,1567.06,,10.98,0,0,0,22.2,,-45
7877,term,West,debt_consolidation,2024-10-04,755,730,3970.91,3760.65,,4.95,1,1,0,3.0,,-25
7878,term,North,auto,2024-09-14,683,657,15535.0,14893.98,,9.83,8,1,0,3.6,,-26
7879,term,East,home_improvement,2021-05-10,639,631,5665.42,566.54,,8.53,25,0,0,44.4,,-8
7880,term,West,auto,2022-02-10,747,711,9835.24,983.52,,7.83,3,0,0,35.2,,-36
7881,revolving,North,debt_consolidation,2023-12-21,629,594,12904.65,10911.99,32725.23,3.0,12,0,0,12.6,0.333,-35
7882,term,East,debt_consolidation,2022-04-10,733,703,19689.43,1968.94,,7.43,2,1,0,33.2,,-30
7883,term,East,debt_consolidation,2024-07-05,593,550,31360.8,26895.38,,8.83,15,0,0,6.0,,-43
7884,revolving,West,auto,2024-05-24,797,773,12100.41,9878.14,23568.05,10.2,0,0,0,7.4,0.419,-24
7885,term,South,debt_consolidation,2023-01-12,615,553,14715.13,8111.1,,10.42,13,1,0,24.0,,-62
7886,term,East,debt_consolidation,2024-10-01,620,589,17422.23,16438.48,,11.6,14,0,0,3.1,,-31
7887,term,West,personal,2024-03-30,565,518,17304.53,14591.64,,8.7,17,0,0,9.2,,-47
7888,term,West,personal,2022-11-25,656,633,3131.56,1654.22,,8.8,7,0,0,25.6,,-23
7889,revolving,East,debt_consolidation,2024-07-20,706,699,6215.94,5479.09,12595.86,8.34,4,0,0,5.5,0.435,-7
7890,term,North,debt_consolidation,2022-06-29,644,606,18790.92,10870.84,,10.66,14,0,0,30.6,,-38
7891,term,East,personal,2024-12-17,626,588,7147.63,6988.49,,8.9,18,0,0,0.5,,-38
7892,revolving,West,personal,2023-09-30,593,561,19041.05,15102.04,41461.06,11.34,9,0,0,15.3,0.364,-32
7893,term,South,debt_consolidation,2021-04-22,696,666,27646.6,10475.02,,11.83,12,0,0,45.0,,-30
7894,term,West,home_improvement,2022-01-04,721,708,18605.1,4335.61,,11.5,11,0,0,36.4,,-13
7895,revolving,West,personal,2021-06-02,689,679,23864.98,9243.84,19108.62,7.72,7,0,0,43.6,0.484,-10
7896,term,North,home_improvement,2021-11-10,721,726,1868.78,194.48,,3.41,3,0,0,38.3,,5
7897,term,West,debt_consolidation,2023-04-26,607,564,20290.28,11172.63,,9.45,17,0,0,20.5,,-43
7898,term,East,home_improvement,2023-05-14,642,600,3561.64,1578.09,,9.64,16,0,0,19.9,,-42
7899,term,East,personal,2022-03-06,667,652,27294.18,2729.42,,3.08,13,0,0,34.4,,-15
7900,term,East,personal,2023-05-14,756,733,31737.32,25255.95,,13.34,0,0,0,19.9,,-23
7901,revolving,South,personal,2021-05-14,756,734,18466.56,3917.17,6891.7,10.38,0,0,0,44.3,0.568,-22
7902,term,North,auto,2021-12-16,727,702,23276.14,2327.61,,13.34,4,0,1,37.1,,-25
7903,term,North,debt_consolidation,2023-11-24,726,723,12963.01,10620.3,,9.44,7,0,0,13.5,,-3
7904,term,North,personal,2022-10-14,632,606,16230.77,5357.13,,9.76,13,0,0,27.0,,-26
7905,term,East,personal,2024-08-20,686,639,5975.28,5291.65,,10.14,5,0,0,4.5,,-47
7906,term,South,home_improvement,2023-01-12,579,528,4234.86,2037.43,,7.6,13,0,0,24.0,,-51
7907,term,East,personal,2022-07-12,726,721,21084.04,8247.7,,5.49,2,0,0,30.1,,-5
7908,term,East,debt_consolidation,2023-03-18,665,680,14093.78,10989.66,,5.16,8,0,0,21.8,,15
7909,term,North,auto,2023-12-19,802,803,5956.51,4023.6,,15.84,0,0,0,12.6,,1
7910,term,South,personal,2023-01-31,695,655,27131.14,8555.4,,8.41,7,0,0,23.4,,-40
7911,term,West,personal,2023-08-31,634,606,4108.28,2426.17,,5.45,8,1,0,16.3,,-28
7912,term,North,home_improvement,2023-06-02,663,649,13337.38,8733.56,,14.35,5,0,0,19.3,,-14
7913,term,South,auto,2022-04-06,642,598,21187.91,8153.34,,12.91,16,0,0,33.4,,-44
7914,term,West,auto,2024-10-12,645,593,18123.35,17369.3,,12.36,11,0,0,2.7,,-52
7915,term,East,personal,2021-04-20,678,666,20573.45,2057.34,,3.0,8,0,1,45.1,,-12
7916,term,East,auto,2023-06-22,620,587,10300.09,5924.01,,12.96,17,0,0,18.6,,-33
7917,term,North,personal,2023-05-15,676,656,27464.53,20239.71,,4.59,7,0,0,19.9,,-20
7918,term,South,debt_consolidation,2023-08-07,561,536,5443.11,3566.77,,8.56,12,0,0,17.1,,-25
7919,term,South,home_improvement,2023-02-28,689,662,16879.22,9721.13,,8.45,4,0,0,22.4,,-27
7920,term,South,debt_consolidation,2021-11-07,634,590,32691.11,3269.11,,10.6,13,0,0,38.4,,-44
7921,revolving,East,auto,2021-04-21,599,573,19995.34,1999.53,5511.4,9.5,18,0,0,45.0,0.363,-26
7922,revolving,West,debt_consolidation,2021-10-24,723,710,24437.31,3630.19,6314.6,7.4,4,0,0,38.8,0.575,-13
7923,term,North,personal,2021-04-13,573,527,24374.98,2437.5,,14.14,16,0,0,45.3,,-46
7924,revolving,North,home_improvement,2022-07-07,717,707,11255.94,2645.08,4665.38,14.13,6,0,0,30.3,0.567,-10
7925,revolving,East,debt_consolidation,2022-03-21,708,697,22108.79,2210.88,6330.09,10.07,7,0,0,33.9,0.349,-11
7926,term,North,home_improvement,2023-09-24,626,592,4609.12,3302.78,,8.61,16,0,0,15.5,,-34
7927,term,West,personal,2024-12-28,663,636,95774.76,94220.81,,13.54,8,0,0,0.1,,-27
7928,revolving,East,home_improvement,2022-07-24,695,669,13956.14,6549.17,13606.94,12.17,6,1,0,29.7,0.481,-26
7929,term,South,home_improvement,2023-06-25,693,690,8285.53,4854.28,,5.19,6,0,0,18.5,,-3
7930,term,South,personal,2024-10-05,734,699,2020.06,1865.26,,15.68,6,0,1,2.9,,-35
7931,term,West,auto,2021-04-24,723,692,10047.75,2255.63,,6.12,5,0,0,44.9,,-31
7932,revolving,East,debt_consolidation,2024-08-30,742,726,11719.48,10997.74,29074.7,7.64,2,0,0,4.1,0.378,-16
7933,term,West,auto,2022-12-20,749,740,5634.69,2192.75,,4.55,3,0,0,24.8,,-9
7934,term,South,debt_consolidation,2023-03-15,686,648,1000.0,657.71,,7.44,6,0,1,21.9,,-38
7935,term,East,home_improvement,2021-07-12,662,633,5012.9,501.29,,12.54,11,0,0,42.3,,-29
7936,term,South,personal,2022-08-21,672,664,17824.97,7188.9,,9.09,10,0,0,28.8,,-8
7937,term,North,auto,2023-06-09,659,622,2300.63,1375.52,,9.65,16,0,0,19.1,,-37
7938,term,East,debt_consolidation,2024-06-27,766,746,17567.58,15249.8,,6.57,1,0,0,6.3,,-20
7939,revolving,North,debt_consolidation,2023-02-19,634,611,31915.74,15113.29,31645.45,11.11,16,1,0,22.7,0.478,-23
7940,term,West,auto,2023-10-30,748,723,10289.4,6667.95,,3.24,1,0,0,14.3,,-25
7941,term,West,home_improvement,2022-11-18,651,635,3408.34,1332.48,,8.0,10,0,0,25.8,,-16
7942,term,East,home_improvement,2022-05-05,746,734,27115.36,18143.01,,8.56,4,0,0,32.4,,-12
7943,term,North,auto,2022-12-29,723,704,24481.86,10450.66,,8.01,7,1,0,24.5,,-19
7944,term,West,personal,2024-09-15,677,639,12125.05,10928.59,,9.76,10,0,0,3.6,,-38
7945,revolving,East,personal,2023-09-13,695,665,14908.16,9411.93,24820.56,4.44,6,0,0,15.9,0.379,-30
7946,revolving,North,debt_consolidation,2023-08-22,613,561,7989.38,4628.07,12041.77,11.69,15,1,0,16.6,0.384,-52
7947,term,West,home_improvement,2024-01-20,714,681,4067.15,3250.8,,5.77,10,0,0,11.6,,-33
7948,term,East,debt_consolidation,2021-07-26,736,707,14148.41,1414.84,,14.74,4,0,0,41.8,,-29
7949,term,South,auto,2021-03-20,760,713,12880.44,1288.04,,10.12,0,0,0,46.1,,-47
7950,revolving,West,debt_consolidation,2023-08-11,660,647,29837.18,22501.88,64775.76,10.85,9,0,0,17.0,0.347,-13
7951,term,East,auto,2022-04-05,812,789,21952.7,10884.78,,6.98,0,0,0,33.4,,-23
7952,revolving,East,home_improvement,2021-10-14,660,620,11741.8,5161.7,13838.47,7.55,6,0,0,39.2,0.373,-40
7953,term,East,home_improvement,2024-02-11,653,617,14070.64,11134.52,,12.98,12,0,0,10.8,,-36
7954,term,South,auto,2024-12-20,669,649,7368.16,7266.03,,4.74,9,0,0,0.4,,-20
7955,revolving,West,personal,2021-08-15,670,622,10334.4,1033.44,2524.58,8.98,10,0,0,41.2,0.409,-48
7956,term,West,home_improvement,2023-02-17,593,563,8508.86,6530.67,,9.05,20,0,0,22.8,,-30
7957,revolving,West,debt_consolidation,2023-02-27,612,580,14795.63,9701.38,27029.15,10.37,23,0,0,22.5,0.359,-32
7958,term,North,personal,2023-05-31,606,583,1687.71,1316.48,,9.71,22,1,0,19.4,,-23
7959,revolving,South,debt_consolidation,2024-12-01,694,691,61140.49,60083.66,90959.32,10.39,6,0,0,1.0,0.661,-3
7960,term,South,personal,2024-05-24,769,769,9588.37,8866.58,,7.32,0,0,0,7.4,,0
7961,revolving,North,auto,2022-12-21,639,589,13295.08,5957.63,16480.32,16.64,4,0,0,24.7,0.361,-50
7962,term,East,personal,2021-11-19,672,632,12494.1,4386.81,,9.03,5,0,0,38.0,,-40
7963,term,East,debt_consolidation,2021-07-14,631,615,24197.77,6507.13,,12.12,14,0,0,42.2,,-16
7964,term,North,debt_consolidation,2021-01-26,719,699,26301.34,2630.13,,12.13,4,0,0,47.9,,-20
7965,term,South,personal,2021-09-28,696,684,23602.53,2360.25,,3.0,7,0,0,39.7,,-12
7966,term,North,auto,2023-04-14,735,712,39629.83,28245.55,,4.31,0,0,0,20.9,,-23
7967,term,East,home_improvement,2021-05-20,619,559,2984.52,298.45,,6.54,14,0,0,44.1,,-60
7968,term,North,debt_consolidation,2023-12-14,677,644,2190.38,1404.57,,7.48,9,0,0,12.8,,-33
7969,term,West,personal,2024-10-06,665,650,6800.47,6329.93,,9.82,12,0,0,2.9,,-15
7970,revolving,North,debt_consolidation,2023-09-19,669,659,17751.91,9724.98,26859.86,9.88,8,0,0,15.7,0.362,-10
7971,term,East,debt_consolidation,2023-04-19,739,723,43845.24,33570.68,,6.63,1,0,0,20.8,,-16
7972,term,South,debt_consolidation,2023-12-07,645,602,6500.29,4953.65,,3.0,5,1,0,13.0,,-43
7973,term,West,home_improvement,2022-06-28,653,631,23306.89,15011.22,,13.87,12,1,0,30.6,,-22
7974,term,North,auto,2021-10-08,632,614,12305.1,7381.6,,11.65,14,0,0,39.4,,-18
7975,term,West,debt_consolidation,2024-02-15,809,805,10705.35,7327.49,,10.99,0,0,0,10.7,,-4
7976,revolving,East,auto,2023-01-24,622,594,17074.78,11302.75,18871.41,10.46,18,0,0,23.6,0.599,-28
7977,revolving,East,auto,2024-11-08,715,677,19704.8,19251.39,56178.78,10.89,6,0,0,1.8,0.343,-38
7978,revolving,South,debt_consolidation,2023-06-05,597,578,12648.59,9682.75,27973.67,4.48,22,0,0,19.2,0.346,-19
7979,term,East,auto,2023-04-07,707,666,23286.31,12432.24,,4.31,10,0,0,21.2,,-41
7980,term,South,debt_consolidation,2023-09-02,611,574,7432.09,4942.61,,10.89,18,1,0,16.2,,-37
7981,term,West,debt_consolidation,2023-08-17,689,676,14505.61,11699.91,,3.0,8,0,1,16.8,,-13
7982,revolving,East,debt_consolidation,2023-02-26,698,693,14177.41,7412.96,12609.83,10.28,5,0,0,22.5,0.588,-5
7983,revolving,North,debt_consolidation,2021-06-14,675,639,8164.99,2295.35,6437.66,11.34,3,0,0,43.2,0.357,-36
7984,revolving,North,auto,2022-04-13,722,691,29468.4,5924.51,14808.17,14.26,6,0,0,33.1,0.4,-31
7985,term,North,home_improvement,2023-03-27,707,677,20983.73,16238.71,,8.06,3,0,0,21.5,,-30
7986,term,East,home_improvement,2022-06-22,639,609,25923.76,13639.77,,5.73,21,0,0,30.8,,-30
7987,term,North,auto,2021-11-05,709,674,25665.25,4999.34,,12.16,2,0,0,38.4,,-35
7988,term,West,personal,2024-11-15,693,659,6757.36,6556.62,,8.28,8,0,0,1.6,,-34
7989,revolving,South,auto,2023-02-17,737,699,22097.62,13319.79,24989.98,3.89,6,0,0,22.8,0.533,-38
7990,term,North,auto,2023-04-21,592,538,10218.03,3909.31,,3.0,11,0,0,20.7,,-54
7991,revolving,North,personal,2021-01-04,686,656,2572.78,257.28,496.12,10.74,9,0,0,48.6,0.519,-30
7992,revolving,East,debt_consolidation,2024-02-16,685,654,18001.64,13977.27,39838.87,11.38,5,1,0,10.7,0.351,-31
7993,term,South,personal,2022-06-19,657,626,8689.23,3510.9,,8.97,13,0,0,30.9,,-31
7994,revolving,South,auto,2024-01-04,743,713,6219.64,5456.64,15769.89,8.86,3,0,0,12.1,0.346,-30
7995,revolving,West,debt_consolidation,2022-12-16,637,585,1863.54,667.45,1186.06,9.06,13,0,0,24.9,0.563,-52
7996,term,North,auto,2024-01-23,722,688,11936.08,10394.28,,8.45,3,0,0,11.5,,-34
7997,revolving,West,personal,2024-10-28,636,595,1058.5,1003.02,1852.77,4.21,13,0,0,2.2,0.541,-41
7998,term,South,personal,2023-01-09,759,717,9404.34,3260.79,,7.91,1,0,0,24.1,,-42
7999,term,North,auto,2022-01-06,704,686,21965.98,9316.31,,8.63,8,1,0,36.4,,-18
8000,term,South,debt_consolidation,2022-03-11,586,539,7257.74,3470.35,,12.0,16,1,0,34.2,,-47
8001,term,West,auto,2022-10-08,748,725,22446.46,5556.99,,6.68,2,0,0,27.2,,-23
8002,revolving,West,personal,2024-04-04,713,678,20881.71,16457.43,37403.81,7.7,6,1,0,9.1,0.44,-35
8003,term,East,debt_consolidation,2024-07-23,685,650,10163.5,9167.11,,10.42,12,0,0,5.4,,-35
8004,term,West,auto,2022-05-07,641,604,17196.85,9965.07,,6.99,11,0,0,32.3,,-37
8005,term,North,home_improvement,2023-01-15,628,588,5738.61,3685.88,,6.93,9,0,0,23.9,,-40
8006,term,North,auto,2024-11-01,710,682,16243.17,15680.8,,4.51,8,0,0,2.0,,-28
8007,term,West,debt_consolidation,2022-10-15,587,555,30085.9,20860.78,,13.0,15,0,0,27.0,,-32
8008,revolving,South,personal,2023-06-10,639,622,25927.66,15768.24,45134.27,10.45,15,0,0,19.0,0.349,-17
8009,revolving,North,home_improvement,2024-05-29,721,683,10996.87,8979.95,25432.0,11.49,2,0,0,7.2,0.353,-38
8010,term,East,debt_consolidation,2024-12-17,595,531,32102.23,31344.18,,7.4,14,0,0,0.5,,-64
8011,revolving,North,auto,2021-01-21,598,577,1160.36,116.04,297.04,14.5,11,0,0,48.0,0.391,-21
8012,term,East,debt_consolidation,2023-04-09,711,688,12908.78,9296.5,,9.95,10,0,1,21.1,,-23
8013,revolving,North,personal,2022-06-15,664,640,12603.36,3101.44,8258.16,10.94,11,0,0,31.0,0.376,-24
8014,term,West,home_improvement,2024-09-30,779,751,7925.99,7292.61,,9.95,0,0,0,3.1,,-28
8015,term,West,personal,2023-03-13,661,661,5663.76,2925.36,,9.52,8,0,0,22.0,,0
8016,revolving,South,auto,2024-12-18,586,554,5706.55,5614.16,11541.65,9.45,15,0,1,0.5,0.486,-32
8017,term,West,home_improvement,2024-07-07,747,720,10521.84,9058.93,,6.67,2,0,0,5.9,,-27
8018,revolving,East,auto,2022-10-15,600,547,24475.68,9205.57,27485.71,10.07,15,0,0,27.0,0.335,-53
8019,revolving,West,home_improvement,2021-03-03,619,606,7455.72,745.57,1849.19,9.99,19,0,0,46.7,0.403,-13
8020,term,South,auto,2023-12-16,659,610,12353.64,10381.86,,7.95,6,0,0,12.7,,-49
8021,term,North,home_improvement,2024-02-12,689,694,19119.39,13869.41,,8.02,10,0,0,10.8,,5
8022,revolving,North,personal,2022-12-08,702,691,23923.2,11595.97,21300.01,9.27,10,0,0,25.2,0.544,-11
8023,term,North,auto,2021-05-19,737,707,9970.87,2280.56,,6.07,4,0,0,44.1,,-30
8024,revolving,South,auto,2022-11-08,525,491,11264.86,4336.96,10896.27,9.48,29,1,1,26.2,0.398,-34
8025,term,West,personal,2023-12-23,623,576,17487.82,11234.86,,11.99,19,0,0,12.5,,-47
8026,revolving,South,auto,2024-02-10,743,737,22717.65,16117.11,32684.27,5.18,3,1,0,10.9,0.493,-6
8027,term,West,home_improvement,2021-05-28,626,582,11538.78,5142.94,,12.44,11,0,0,43.8,,-44
8028,term,North,personal,2024-10-09,676,629,7830.85,7399.41,,6.75,6,0,0,2.8,,-47
8029,term,North,home_improvement,2023-12-21,760,722,33078.0,27357.65,,8.83,2,0,0,12.6,,-38
8030,revolving,West,personal,2022-10-10,669,647,21501.3,11498.03,28839.02,11.67,9,0,0,27.1,0.399,-22
8031,term,East,home_improvement,2022-11-13,664,637,10302.56,7070.2,,8.17,18,0,0,26.0,,-27
8032,term,North,debt_consolidation,2022-07-26,670,644,19836.06,6949.1,,10.65,10,0,0,29.7,,-26
8033,term,East,auto,2024-07-09,757,728,29610.06,26646.22,,6.26,2,0,0,5.9,,-29
8034,revolving,South,home_improvement,2024-03-05,583,543,20110.33,15694.85,41036.33,10.45,21,0,0,10.1,0.382,-40
8035,term,West,auto,2021-11-07,787,773,9479.71,947.97,,11.21,0,0,0,38.4,,-14
8036,term,North,personal,2021-03-19,666,658,8044.4,804.44,,7.3,7,0,0,46.1,,-8
8037,term,South,debt_consolidation,2023-10-14,659,625,19018.71,13792.88,,9.4,10,0,0,14.8,,-34
8038,term,North,home_improvement,2023-06-07,631,606,9258.41,6844.19,,9.78,10,1,0,19.1,,-25
8039,term,East,home_improvement,2021-05-30,611,601,10218.85,1021.88,,8.26,14,0,0,43.7,,-10
8040,term,East,auto,2024-12-04,539,509,8569.87,8407.49,,7.22,24,0,0,0.9,,-30
8041,term,North,debt_consolidation,2024-07-14,753,725,11605.63,9708.84,,8.08,0,0,0,5.7,,-28
8042,term,West,personal,2023-12-24,547,508,28774.98,18219.24,,8.66,20,0,0,12.5,,-39
8043,term,East,auto,2022-06-10,676,655,5352.58,590.37,,9.09,8,0,0,31.2,,-21
8044,term,North,personal,2021-05-26,653,599,36358.46,17082.49,,9.88,4,0,0,43.9,,-54
8045,revolving,South,auto,2024-08-26,697,662,14274.16,12727.5,31050.17,9.42,4,0,0,4.3,0.41,-35
8046,revolving,South,debt_consolidation,2023-06-26,560,526,11290.82,8016.37,12296.72,7.94,21,0,0,18.5,0.652,-34
8047,term,East,auto,2022-11-05,630,627,4322.1,1401.25,,7.81,10,0,0,26.3,,-3
8048,revolving,South,auto,2024-05-18,708,705,7361.69,6159.95,10247.51,10.79,7,0,0,7.6,0.601,-3
8049,term,East,home_improvement,2022-01-31,691,647,13411.42,7392.2,,9.71,7,0,0,35.5,,-44
8050,term,West,home_improvement,2022-03-27,640,594,8816.04,1107.57,,9.55,9,0,0,33.7,,-46
8051,revolving,North,auto,2023-04-02,686,686,35621.5,20213.45,34550.37,8.25,5,0,1,21.3,0.585,0
8052,term,West,personal,2024-07-24,783,748,25980.54,23554.14,,5.84,0,0,0,5.4,,-35
8053,term,East,debt_consolidation,2022-12-24,745,704,22264.13,14773.02,,8.47,3,0,0,24.6,,-41
8054,revolving,East,home_improvement,2022-02-22,738,690,7491.75,3732.19,10171.16,9.33,5,0,0,34.8,0.367,-48
8055,term,North,auto,2022-12-31,712,680,14828.62,6518.54,,6.83,7,0,0,24.4,,-32
8056,term,South,personal,2024-05-17,690,692,6649.54,5355.51,,17.79,5,0,0,7.6,,2
8057,revolving,South,personal,2022-10-22,638,621,12461.18,5892.3,15897.33,11.94,19,0,0,26.7,0.371,-17
8058,revolving,South,personal,2024-05-16,683,656,14892.64,13521.26,30905.11,8.89,14,0,0,7.7,0.438,-27
8059,term,East,auto,2021-07-03,798,806,6063.85,606.38,,10.59,0,0,0,42.6,,8
8060,term,North,debt_consolidation,2024-10-02,735,741,9999.91,9388.81,,9.3,4,0,0,3.0,,6
8061,term,South,home_improvement,2024-11-27,658,621,11728.51,11584.06,,8.53,5,1,1,1.2,,-37
8062,revolving,East,personal,2024-11-11,554,492,16801.47,16403.31,29705.79,14.14,18,1,0,1.7,0.552,-62
8063,term,East,auto,2021-10-15,725,683,11246.47,3151.32,,9.7,3,0,0,39.1,,-42
8064,term,East,auto,2021-05-01,736,702,6353.65,635.36,,5.99,3,0,0,44.7,,-34
8065,term,North,auto,2023-06-28,647,616,14413.94,8449.88,,9.75,10,0,0,18.4,,-31
8066,term,West,debt_consolidation,2024-01-06,639,634,14022.21,12139.02,,9.32,16,0,0,12.0,,-5
8067,term,North,debt_consolidation,2022-02-14,563,539,11907.61,1977.72,,8.79,21,1,0,35.1,,-24
8068,term,East,auto,2022-11-06,755,722,63132.65,39834.62,,10.14,1,0,0,26.2,,-33
8069,revolving,West,auto,2024-08-15,655,635,9256.32,8480.07,13761.65,8.27,5,0,0,4.6,0.616,-20
8070,term,South,debt_consolidation,2022-08-13,695,679,8814.88,6010.4,,3.36,8,0,0,29.1,,-16
8071,revolving,East,debt_consolidation,2023-07-20,614,561,1772.29,836.69,1820.83,10.65,8,1,0,17.7,0.46,-53
8072,revolving,South,home_improvement,2022-01-29,593,551,10653.51,1557.34,3170.83,7.52,16,0,0,35.6,0.491,-42
8073,revolving,East,home_improvement,2023-02-16,769,720,2482.87,1556.71,3795.6,8.5,0,0,0,22.8,0.41,-49
8074,term,North,auto,2024-10-29,656,635,8948.02,8629.88,,8.46,17,0,1,2.1,,-21
8075,term,South,debt_consolidation,2023-10-15,634,599,22878.13,13922.62,,10.76,9,0,0,14.8,,-35
8076,term,North,home_improvement,2022-10-13,850,839,21629.63,9058.24,,10.92,0,0,0,27.0,,-11
8077,revolving,West,auto,2022-11-27,739,733,31642.64,13328.48,25423.52,7.14,1,0,0,25.5,0.524,-6
8078,term,North,debt_consolidation,2023-01-29,636,623,25486.01,14398.54,,10.86,17,1,0,23.4,,-13
8079,term,North,personal,2022-12-21,724,716,19041.14,8070.67,,6.77,4,0,0,24.7,,-8
8080,term,North,debt_consolidation,2021-12-29,583,562,3731.64,373.16,,13.66,19,0,0,36.6,,-21
8081,revolving,South,home_improvement,2024-02-14,660,631,5580.42,3839.9,7786.85,5.63,13,1,0,10.7,0.493,-29
8082,revolving,North,debt_consolidation,2024-09-26,629,596,9147.68,8786.27,24616.68,10.75,12,0,0,3.2,0.357,-33
8083,term,South,home_improvement,2024-09-17,705,703,15124.9,14537.01,,9.51,3,0,0,3.5,,-2
8084,term,East,auto,2023-04-06,779,755,13312.7,7845.6,,11.3,0,0,0,21.2,,-24
8085,term,East,debt_consolidation,2022-05-29,578,520,34423.56,11748.57,,7.88,12,0,0,31.6,,-58
8086,term,West,auto,2024-11-16,791,746,18769.78,17957.32,,13.63,1,0,0,1.5,,-45
8087,term,East,home_improvement,2022-01-04,724,715,1000.0,471.84,,7.98,3,0,0,36.4,,-9
8088,term,East,personal,2024-10-13,620,586,10058.14,9595.77,,12.13,20,0,1,2.7,,-34
8089,term,West,debt_consolidation,2021-03-23,621,606,22117.48,2211.75,,3.0,9,0,0,46.0,,-15
8090,term,East,home_improvement,2023-04-18,637,588,11344.75,6482.39,,8.51,8,0,0,20.8,,-49
8091,term,West,home_improvement,2022-08-30,628,592,15024.71,10630.2,,12.81,7,0,0,28.5,,-36
8092,term,North,home_improvement,2023-08-14,629,602,7760.46,4971.33,,9.71,11,0,0,16.9,,-27
8093,revolving,East,personal,2022-10-06,571,563,22750.11,7986.96,20988.36,17.18,19,0,0,27.3,0.381,-8
8094,term,North,personal,2023-08-31,668,630,13585.56,9226.79,,15.13,8,0,0,16.3,,-38
8095,term,North,debt_consolidation,2024-03-21,724,718,22901.02,19976.17,,4.86,6,0,0,9.5,,-6
8096,term,South,auto,2023-10-05,645,612,17562.89,12162.74,,18.36,13,0,0,15.1,,-33
8097,term,North,home_improvement,2022-01-29,697,666,22828.95,8206.17,,11.6,9,0,1,35.6,,-31
8098,term,West,auto,2021-06-15,747,742,7216.12,2338.78,,10.54,1,0,0,43.2,,-5
8099,revolving,South,debt_consolidation,2024-12-23,590,578,4188.85,4141.04,8212.12,4.46,15,1,1,0.3,0.504,-12
8100,term,North,debt_consolidation,2024-07-15,639,611,13124.83,11297.88,,12.08,10,1,0,5.7,,-28
8101,term,East,personal,2021-05-11,589,520,15417.64,4438.35,,12.42,17,0,0,44.4,,-69
8102,term,North,home_improvement,2022-04-11,595,549,29100.92,8935.69,,7.75,12,0,0,33.2,,-46
8103,term,North,home_improvement,2024-02-17,761,733,1000.0,765.71,,13.56,0,0,0,10.6,,-28
8104,term,North,home_improvement,2023-04-02,649,630,5208.69,3543.32,,5.05,13,0,0,21.3,,-19
8105,term,North,debt_consolidation,2021-12-16,707,661,10614.62,3611.67,,9.13,10,0,0,37.1,,-46
8106,revolving,East,home_improvement,2024-09-30,689,664,9589.51,8950.6,20038.72,13.38,6,0,0,3.1,0.447,-25
8107,revolving,South,auto,2021-05-09,722,701,12843.62,6441.62,11329.07,7.0,7,0,0,44.4,0.569,-21
8108,revolving,West,home_improvement,2022-12-11,688,669,4520.57,1226.75,2113.41,7.94,9,0,0,25.1,0.58,-19
8109,term,West,personal,2021-06-24,686,677,14399.72,1439.97,,7.28,10,0,0,42.9,,-9
8110,term,South,debt_consolidation,2021-04-11,591,536,24725.01,8963.27,,7.95,18,1,0,45.4,,-55
8111,revolving,East,auto,2022-06-30,682,650,5380.31,3380.71,7071.32,8.71,8,1,0,30.5,0.478,-32
8112,term,South,home_improvement,2023-08-10,681,647,33943.84,25622.07,,7.94,8,1,0,17.0,,-34
8113,revolving,East,auto,2021-09-27,623,586,10177.22,1017.72,2789.2,16.67,12,0,0,39.7,0.365,-37
8114,term,South,auto,2023-03-20,555,511,7559.23,5626.29,,7.26,20,0,0,21.8,,-44
8115,revolving,North,home_improvement,2021-01-06,694,670,17068.21,3583.5,7933.53,8.33,3,0,0,48.5,0.452,-24
8116,term,West,debt_consolidation,2023-05-23,753,748,28113.31,12888.48,,6.32,4,0,0,19.6,,-5
8117,term,North,personal,2024-08-09,573,522,12059.99,10688.87,,5.05,20,0,0,4.8,,-51
8118,term,East,home_improvement,2021-05-14,669,629,25177.9,2517.79,,10.44,13,0,0,44.3,,-40
8119,term,North,home_improvement,2021-08-11,545,495,9594.25,959.42,,13.65,20,0,0,41.3,,-50
8120,revolving,North,personal,2024-05-12,718,714,27779.98,24879.57,50939.74,14.96,3,0,0,7.8,0.488,-4
8121,term,East,home_improvement,2022-10-03,751,725,16592.5,4650.44,,11.2,2,0,0,27.4,,-26
8122,revolving,East,personal,2021-02-04,674,641,3213.04,321.3,722.93,9.06,12,1,0,47.6,0.444,-33
8123,revolving,East,auto,2022-08-22,717,734,6903.94,4726.67,12185.67,13.22,4,0,0,28.8,0.388,17
8124,revolving,North,personal,2022-07-25,683,649,23293.82,12337.85,35214.98,8.74,3,1,0,29.7,0.35,-34
8125,revolving,West,auto,2024-05-19,621,573,7888.79,6990.83,18637.42,12.96,16,0,0,7.6,0.375,-48
8126,revolving,West,personal,2023-01-31,671,616,20391.71,6721.51,13535.56,7.12,10,0,0,23.4,0.497,-55
8127,term,East,auto,2024-07-09,678,681,27787.13,23973.24,,14.0,9,0,0,5.9,,3
8128,revolving,East,personal,2021-09-15,671,661,29623.18,11886.71,20498.27,8.62,9,0,0,40.1,0.58,-10
8129,term,South,auto,2023-11-13,702,675,18350.32,15023.61,,13.05,9,0,0,13.8,,-27
8130,term,North,home_improvement,2022-01-10,687,650,29866.06,11035.16,,14.34,7,1,0,36.2,,-37
8131,term,East,personal,2021-07-02,668,649,18256.24,1825.62,,9.67,8,0,1,42.6,,-19
8132,revolving,South,personal,2024-04-11,641,607,12543.52,10645.66,19867.66,9.14,11,0,0,8.8,0.536,-34
8133,term,North,auto,2023-06-01,709,696,13899.13,6137.81,,13.13,8,0,0,19.3,,-13
8134,term,North,personal,2023-09-15,705,660,25809.69,15725.16,,11.27,5,0,0,15.8,,-45
8135,term,East,personal,2021-10-05,690,664,12640.99,2646.09,,12.99,7,0,0,39.5,,-26
8136,term,South,personal,2021-06-13,630,585,8387.98,3320.5,,11.5,14,0,0,43.3,,-45
8137,term,North,personal,2022-05-29,612,573,14940.5,8935.2,,10.12,16,0,0,31.6,,-39
8138,term,South,debt_consolidation,2023-07-02,720,680,1000.0,590.47,,11.52,6,1,0,18.3,,-40
8139,term,West,personal,2023-08-01,626,602,3899.91,2940.84,,9.6,10,0,0,17.3,,-24
8140,term,West,auto,2022-06-07,659,613,28070.68,16650.46,,5.83,11,0,0,31.3,,-46
8141,term,South,personal,2021-05-30,586,575,12768.83,5113.5,,10.35,16,0,0,43.7,,-11
8142,revolving,East,debt_consolidation,2022-01-08,706,682,28214.14,2821.41,6976.38,7.61,6,0,0,36.3,0.404,-24
8143,revolving,East,home_improvement,2021-01-09,605,557,6854.41,2355.73,6008.2,6.62,20,0,1,48.4,0.392,-48
8144,term,West,home_improvement,2023-10-23,602,561,38109.33,24545.71,,8.19,11,0,0,14.5,,-41
8145,term,North,home_improvement,2022-08-05,620,588,3426.91,1633.03,,5.5,14,0,0,29.3,,-32
8146,revolving,South,debt_consolidation,2023-05-19,705,715,29109.76,22870.56,35741.44,3.0,5,0,0,19.8,0.64,10
8147,term,North,auto,2022-03-05,667,655,10728.29,1590.96,,11.13,8,0,0,34.4,,-12
8148,revolving,North,personal,2023-11-01,641,570,33582.84,19705.4,29694.06,7.29,10,0,0,14.2,0.664,-71
8149,term,North,personal,2022-11-13,779,757,18135.57,5784.41,,9.85,0,0,0,26.0,,-22
8150,revolving,North,personal,2021-11-05,711,673,9727.55,5423.84,14898.13,8.53,7,1,0,38.4,0.364,-38
8151,term,East,debt_consolidation,2021-08-02,560,496,24415.2,2441.52,,12.06,18,0,0,41.6,,-64
8152,revolving,North,personal,2021-06-14,627,627,21200.94,2965.55,5346.15,7.6,20,0,1,43.2,0.555,0
8153,revolving,South,auto,2023-11-15,561,522,37393.24,24279.26,41818.49,5.22,23,0,0,13.8,0.581,-39
8154,term,East,home_improvement,2022-03-30,651,613,19673.83,1967.38,,11.55,11,1,0,33.6,,-38
8155,term,East,auto,2023-04-21,742,751,24562.34,13611.91,,3.0,4,0,0,20.7,,9
8156,term,North,personal,2024-09-08,694,676,12337.66,11608.83,,9.66,8,0,0,3.8,,-18
8157,revolving,West,personal,2024-02-17,665,629,17604.77,13869.91,27503.49,9.63,6,0,0,10.6,0.504,-36
8158,revolving,East,personal,2023-12-16,651,628,14542.1,10933.7,17368.09,10.94,10,0,0,12.7,0.63,-23
8159,term,South,home_improvement,2024-07-29,699,700,26617.95,24963.62,,16.23,9,0,0,5.2,,1
8160,term,West,personal,2024-05-03,578,535,14814.06,11567.16,,7.86,16,0,0,8.1,,-43
8161,revolving,West,personal,2023-03-08,672,649,6213.05,3284.91,8171.65,10.41,9,0,1,22.2,0.402,-23
8162,term,North,auto,2022-02-17,690,685,16502.7,8081.56,,10.93,13,0,0,35.0,,-5
8163,revolving,West,debt_consolidation,2024-09-24,603,558,14683.61,13878.65,38789.78,9.28,12,0,0,3.3,0.358,-45
8164,term,South,personal,2022-11-11,626,612,10419.19,7177.76,,6.53,18,1,0,26.1,,-14
8165,term,South,home_improvement,2023-08-17,798,791,20615.16,11249.81,,4.37,0,0,0,16.8,,-7
8166,revolving,West,auto,2021-06-14,711,713,12891.23,1289.12,2137.95,6.92,2,0,0,43.2,0.603,2
8167,term,East,debt_consolidation,2024-09-11,577,512,5145.58,4760.2,,4.85,16,0,0,3.7,,-65
8168,term,South,debt_consolidation,2023-10-22,634,587,8928.34,6686.64,,5.2,10,0,0,14.6,,-47
8169,revolving,East,personal,2022-09-13,678,637,14946.82,9107.25,23214.98,9.16,7,0,0,28.0,0.392,-41
8170,term,West,debt_consolidation,2022-09-10,818,793,28485.17,7292.4,,5.07,0,0,0,28.1,,-25
8171,term,West,home_improvement,2022-02-27,733,715,31750.02,12279.15,,10.83,1,1,0,34.6,,-18
8172,term,West,auto,2024-07-24,745,760,6087.58,5431.33,,5.63,4,0,0,5.4,,15
8173,term,East,debt_consolidation,2024-12-06,703,661,41002.28,40485.82,,11.48,3,0,0,0.9,,-42
8174,term,East,personal,2023-04-11,620,578,14387.25,7743.92,,6.11,10,1,0,21.0,,-42
8175,term,North,personal,2024-04-19,775,776,11473.14,10476.48,,11.07,0,0,0,8.6,,1
8176,term,East,auto,2023-05-15,731,712,35275.51,20729.42,,9.59,4,0,0,19.9,,-19
8177,revolving,South,home_improvement,2022-12-04,756,764,15049.62,4864.43,11795.75,10.71,2,0,0,25.3,0.412,8
8178,term,West,auto,2022-07-14,782,761,13795.99,8464.93,,7.76,0,0,0,30.1,,-21
8179,term,East,auto,2021-10-28,773,750,19566.11,9173.53,,7.54,0,0,0,38.7,,-23
8180,term,East,home_improvement,2021-06-12,679,668,15934.11,1593.41,,14.24,9,0,0,43.3,,-11
8181,term,East,home_improvement,2023-10-25,696,662,11891.07,7615.05,,5.99,4,0,0,14.5,,-34
8182,revolving,South,personal,2024-10-03,691,653,7241.01,6990.4,14089.88,6.6,5,0,0,3.0,0.496,-38
8183,term,East,auto,2021-08-26,735,714,1259.26,182.86,,3.12,4,0,0,40.8,,-21
8184,term,South,personal,2022-02-24,699,662,24781.99,15414.32,,6.82,13,0,0,34.7,,-37
8185,revolving,West,home_improvement,2022-09-19,688,664,5820.67,2841.4,4933.84,4.57,11,0,0,27.8,0.576,-24
8186,revolving,South,auto,2023-11-02,673,651,20604.92,15074.45,35763.07,13.99,7,0,0,14.2,0.422,-22
8187,term,North,auto,2024-05-06,671,666,44435.24,37589.19,,11.07,6,0,0,8.0,,-5
8188,term,North,auto,2024-05-27,698,649,5761.52,5325.39,,7.13,8,0,0,7.3,,-49
8189,term,West,home_improvement,2022-10-14,757,768,29883.12,20622.98,,11.41,3,0,0,27.0,,11
8190,term,North,home_improvement,2022-03-30,622,582,12750.66,1349.49,,3.0,14,0,0,33.6,,-40
8191,term,West,debt_consolidation,2021-03-29,684,690,15981.78,1598.18,,5.69,11,0,0,45.8,,6
8192,term,South,auto,2021-03-22,700,669,14694.27,4362.16,,11.18,6,0,0,46.0,,-31
8193,revolving,North,debt_consolidation,2024-04-01,779,758,18346.93,14441.1,40170.21,5.52,0,0,0,9.2,0.359,-21
8194,term,East,auto,2022-05-02,654,640,3062.88,1947.79,,7.05,10,0,0,32.5,,-14
8195,term,West,home_improvement,2023-04-21,633,577,10652.6,6554.52,,11.82,14,0,0,20.7,,-56
8196,term,North,home_improvement,2021-01-16,770,736,26036.38,5375.12,,10.16,1,0,0,48.2,,-34
8197,revolving,North,debt_consolidation,2023-08-15,710,663,3165.73,1962.88,3895.71,5.29,3,0,0,16.8,0.504,-47
8198,revolving,North,debt_consolidation,2024-08-03,654,643,10620.32,9266.73,16718.2,7.9,12,1,0,5.0,0.554,-11
8199,term,North,debt_consolidation,2024-12-24,743,729,9740.58,9607.41,,7.13,3,0,0,0.3,,-14
8200,term,East,home_improvement,2023-03-21,567,549,32671.33,15863.65,,6.92,16,0,0,21.7,,-18
8201,revolving,East,auto,2024-10-27,676,650,1000.0,936.99,2538.95,7.21,2,0,0,2.2,0.369,-26
8202,revolving,West,personal,2024-04-24,697,653,20813.75,16325.68,47123.99,12.68,2,0,0,8.4,0.346,-44
8203,term,South,debt_consolidation,2021-12-06,715,691,26809.64,2680.96,,6.6,5,0,0,37.4,,-24
8204,term,West,debt_consolidation,2021-04-24,630,595,16192.88,6411.15,,12.54,13,0,1,44.9,,-35
8205,term,North,personal,2021-02-24,629,583,8620.12,862.01,,11.59,7,0,0,46.9,,-46
8206,term,West,auto,2023-10-07,772,756,12669.49,10364.36,,11.89,0,0,0,15.1,,-16
8207,term,South,personal,2022-06-13,680,657,15424.11,5258.64,,10.58,4,0,1,31.1,,-23
8208,term,East,auto,2023-10-21,689,667,10499.41,8070.28,,10.6,7,0,0,14.6,,-22
8209,term,South,debt_consolidation,2023-12-06,636,615,11413.28,8298.0,,9.63,9,0,0,13.1,,-21
8210,term,North,personal,2021-06-11,624,589,22407.92,2240.79,,7.44,18,0,1,43.3,,-35
8211,term,West,debt_consolidation,2021-10-21,645,626,5307.95,530.79,,13.74,13,0,0,38.9,,-19
8212,term,West,auto,2022-03-22,751,720,14099.74,9023.97,,7.77,3,0,0,33.9,,-31
8213,revolving,West,home_improvement,2021-09-13,642,624,7575.64,757.56,1489.66,8.68,15,0,0,40.2,0.509,-18
8214,term,West,debt_consolidation,2022-11-29,665,647,10256.31,3330.91,,11.01,13,0,0,25.5,,-18
8215,term,East,personal,2021-05-18,776,780,7409.49,740.95,,10.4,0,0,0,44.1,,4
8216,term,South,personal,2023-12-26,808,804,12324.43,10338.13,,5.17,0,0,0,12.4,,-4
8217,revolving,North,debt_consolidation,2024-05-31,592,565,42169.08,35577.53,85353.0,8.47,15,0,1,7.2,0.417,-27
8218,revolving,West,home_improvement,2022-11-07,552,533,11838.84,4961.82,8026.72,8.41,20,0,0,26.2,0.618,-19
8219,term,East,debt_consolidation,2021-12-26,637,605,1176.69,726.16,,12.92,7,0,1,36.7,,-32
8220,term,South,personal,2024-02-05,621,566,9522.42,7964.8,,10.42,13,0,0,11.0,,-55
8221,term,South,auto,2023-04-24,708,696,6046.0,3847.02,,14.29,10,1,0,20.6,,-12
8222,term,East,auto,2024-08-10,679,634,12401.33,10811.68,,8.74,14,1,1,4.8,,-45
8223,term,North,home_improvement,2024-01-23,672,659,2747.0,2239.07,,8.84,8,0,0,11.5,,-13
8224,term,North,personal,2024-05-18,732,683,21077.5,17919.61,,8.75,2,0,0,7.6,,-49
8225,term,North,auto,2021-11-29,552,530,1000.0,235.95,,10.36,18,0,0,37.6,,-22
8226,revolving,West,home_improvement,2022-08-02,642,642,6333.51,2764.51,7761.09,17.23,5,0,0,29.4,0.356,0
8227,revolving,West,debt_consolidation,2022-10-06,673,649,5263.36,3299.18,5507.19,9.32,11,0,0,27.3,0.599,-24
8228,term,East,personal,2021-09-25,741,711,8348.2,4546.64,,6.33,2,0,0,39.8,,-30
8229,revolving,West,auto,2024-10-22,676,648,4039.11,3924.33,11632.26,9.98,7,0,0,2.4,0.337,-28
8230,term,North,debt_consolidation,2022-01-30,704,690,11234.72,3042.09,,6.99,3,0,0,35.6,,-14
8231,term,North,personal,2022-01-30,660,640,3161.37,1832.0,,7.35,7,0,0,35.6,,-20
8232,term,North,personal,2023-08-11,677,634,26426.89,16703.47,,9.58,4,0,0,17.0,,-43
8233,term,North,debt_consolidation,2024-04-09,662,658,6883.38,5387.38,,14.46,8,1,0,8.9,,-4
8234,term,East,auto,2023-07-06,666,625,10938.2,7226.57,,8.14,8,0,0,18.2,,-41
8235,revolving,East,debt_consolidation,2023-11-13,684,642,1953.27,1651.68,3170.05,9.9,13,0,0,13.8,0.521,-42
8236,term,South,personal,2021-11-13,766,737,10258.2,5145.57,,8.94,0,0,0,38.2,,-29
8237,term,West,debt_consolidation,2023-08-01,704,684,9554.12,7194.71,,11.01,10,1,0,17.3,,-20
8238,revolving,South,auto,2022-08-16,667,643,14961.81,9824.28,22704.47,3.0,5,0,0,29.0,0.433,-24
8239,revolving,East,auto,2022-07-31,712,684,31125.18,20117.59,31860.3,8.15,5,0,0,29.5,0.631,-28
8240,term,West,auto,2023-06-22,690,674,11498.75,6488.5,,8.62,3,0,0,18.6,,-16
8241,revolving,North,debt_consolidation,2022-02-02,715,687,20034.0,12909.58,31799.45,9.75,8,0,0,35.5,0.406,-28
8242,term,West,home_improvement,2021-07-12,656,625,15842.49,1584.25,,11.31,7,0,0,42.3,,-31
8243,revolving,South,debt_consolidation,2021-11-02,709,678,23980.72,13521.1,30514.18,13.11,6,0,0,38.5,0.443,-31
8244,revolving,South,home_improvement,2022-04-02,710,690,16788.66,8907.12,16002.72,9.31,5,0,0,33.5,0.557,-20
8245,term,North,personal,2023-03-09,594,548,16808.86,12977.97,,13.61,10,0,0,22.1,,-46
8246,term,South,auto,2023-02-01,656,623,34206.77,15316.63,,11.42,10,0,1,23.3,,-33
8247,term,North,auto,2022-11-24,669,648,31867.84,7716.53,,12.43,13,0,0,25.6,,-21
8248,term,West,auto,2021-08-02,660,653,8287.79,828.78,,10.28,9,0,0,41.6,,-7
8249,term,West,home_improvement,2022-03-22,618,552,21188.05,2118.8,,10.02,14,0,0,33.9,,-66
8250,revolving,North,debt_consolidation,2021-09-26,531,492,6693.19,2990.57,7040.41,13.15,21,0,0,39.8,0.425,-39
8251,term,East,auto,2022-08-15,741,721,24051.7,14745.25,,10.33,6,0,0,29.0,,-20
8252,term,West,personal,2022-07-10,550,496,13234.4,5876.83,,10.58,13,0,0,30.2,,-54
8253,revolving,East,debt_consolidation,2021-10-11,798,770,7937.7,2785.86,6461.74,6.26,0,0,0,39.3,0.431,-28
8254,term,West,personal,2021-08-21,665,619,13184.74,1318.47,,9.02,12,0,0,41.0,,-46
8255,term,West,auto,2022-05-22,639,625,9864.36,986.44,,8.03,10,0,0,31.8,,-14
8256,revolving,East,personal,2023-05-22,586,524,6284.21,4953.39,9680.28,11.86,24,1,0,19.7,0.512,-62
8257,term,South,personal,2021-06-23,580,528,9113.48,4245.15,,10.63,19,0,1,42.9,,-52
8258,revolving,North,personal,2023-01-15,626,582,7271.29,3680.12,8882.4,10.91,20,0,0,23.9,0.414,-44
8259,revolving,South,auto,2023-04-24,691,654,58762.2,37965.83,69175.72,8.32,5,0,0,20.6,0.549,-37
8260,revolving,South,auto,2023-10-04,764,742,6602.29,5055.52,13491.6,7.77,0,0,0,15.2,0.375,-22
8261,term,East,debt_consolidation,2021-12-05,587,542,17879.4,4593.85,,9.92,24,0,0,37.4,,-45
8262,term,South,debt_consolidation,2021-11-10,701,673,22466.94,2246.69,,12.64,7,0,0,38.3,,-28
8263,term,East,auto,2021-05-04,568,512,35214.44,3521.44,,6.28,11,0,0,44.6,,-56
8264,term,West,auto,2022-02-24,625,568,6128.78,1917.07,,7.59,16,0,0,34.7,,-57
8265,term,North,personal,2023-09-24,710,688,11235.7,6971.86,,14.92,5,0,0,15.5,,-22
8266,revolving,North,auto,2024-08-11,618,602,13890.72,12899.91,33139.08,5.9,18,0,0,4.8,0.389,-16
8267,term,South,home_improvement,2024-03-16,772,754,20820.26,14899.5,,12.44,0,0,0,9.7,,-18
8268,term,East,home_improvement,2024-02-06,725,700,18348.25,16253.82,,3.99,5,0,0,11.0,,-25
8269,term,South,home_improvement,2023-09-14,709,683,2870.11,1859.99,,7.21,7,0,0,15.8,,-26
8270,revolving,West,debt_consolidation,2024-10-12,646,609,51391.12,48290.22,104252.88,11.44,11,0,0,2.7,0.463,-37
8271,term,East,auto,2023-12-11,628,616,5587.92,4554.55,,7.48,12,0,0,12.9,,-12
8272,revolving,North,home_improvement,2022-11-19,652,644,21103.68,13924.18,30023.36,7.92,12,0,0,25.8,0.464,-8
8273,revolving,North,auto,2024-11-28,694,686,44250.14,43623.39,112265.22,3.91,5,0,0,1.1,0.389,-8
8274,term,South,debt_consolidation,2023-03-24,694,693,14096.63,10279.6,,6.24,3,0,0,21.6,,-1
8275,revolving,North,personal,2022-02-14,630,608,8207.56,2040.22,4518.07,4.36,9,0,0,35.1,0.452,-22
8276,term,North,auto,2022-01-22,636,609,25710.09,2571.01,,5.14,17,0,0,35.8,,-27
8277,term,North,auto,2024-01-05,587,548,9171.39,6152.04,,11.18,21,0,0,12.1,,-39
8278,revolving,South,personal,2024-03-30,816,804,50482.84,37978.44,97596.47,5.11,0,0,0,9.2,0.389,-12
8279,term,South,personal,2024-03-21,626,596,4327.69,3177.24,,9.86,13,0,0,9.5,,-30
8280,term,West,auto,2023-05-02,578,562,15070.25,7090.32,,8.65,18,1,0,20.3,,-16
8281,term,East,auto,2023-07-07,530,498,59197.38,28120.53,,5.73,23,0,0,18.1,,-32
8282,revolving,North,home_improvement,2023-02-27,639,632,16482.88,6625.64,16337.67,5.46,16,0,0,22.5,0.406,-7
8283,term,West,home_improvement,2021-05-31,704,665,44858.45,8020.92,,10.75,9,0,0,43.7,,-39
8284,revolving,East,personal,2024-09-28,673,677,23880.31,22921.17,39328.13,10.98,8,0,0,3.2,0.583,4
8285,revolving,West,auto,2021-08-31,668,637,41007.95,19005.59,38160.57,12.57,8,0,0,40.6,0.498,-31
8286,revolving,West,home_improvement,2023-12-12,723,725,37945.1,27879.61,61602.74,8.49,4,0,0,12.9,0.453,2
8287,term,North,personal,2024-01-03,715,686,8914.27,6577.25,,7.59,6,0,0,12.1,,-29
8288,term,East,auto,2023-06-05,626,602,9124.81,4914.07,,3.51,10,0,0,19.2,,-24
8289,term,North,home_improvement,2023-01-04,695,667,19951.08,9455.72,,8.96,6,0,0,24.3,,-28
8290,term,South,auto,2023-09-29,684,662,35014.26,24614.74,,4.82,8,0,0,15.3,,-22
8291,term,North,personal,2022-05-18,644,620,16001.45,1829.3,,7.28,13,0,0,32.0,,-24
8292,term,West,personal,2022-11-25,765,742,1613.19,1035.15,,7.99,3,0,0,25.6,,-23
8293,revolving,West,personal,2023-09-07,633,588,4732.8,3952.06,11522.4,5.92,13,0,0,16.1,0.343,-45
8294,term,South,debt_consolidation,2022-02-08,645,624,10458.35,1045.83,,13.14,8,0,0,35.3,,-21
8295,term,South,home_improvement,2021-03-14,651,638,15551.05,1555.1,,16.45,13,0,0,46.3,,-13
8296,term,South,home_improvement,2023-03-23,735,707,11064.96,6415.04,,13.38,7,0,0,21.7,,-28
8297,term,West,debt_consolidation,2022-06-15,745,719,18468.24,11399.69,,13.26,5,0,0,31.0,,-26
8298,term,North,auto,2022-05-26,761,756,9176.8,2129.33,,10.43,3,0,0,31.7,,-5
8299,term,East,personal,2024-06-20,726,706,20398.48,17699.2,,11.87,5,0,0,6.5,,-20
8300,term,East,debt_consolidation,2021-08-07,674,648,14509.72,3364.57,,11.41,6,0,0,41.4,,-26
8301,term,South,personal,2023-07-24,737,747,6538.64,4610.64,,7.76,6,0,0,17.6,,10
8302,term,East,personal,2023-02-26,702,653,16843.41,7058.06,,12.68,3,1,0,22.5,,-49
8303,revolving,West,auto,2022-08-31,672,633,12224.86,1805.98,3500.76,7.3,10,0,0,28.5,0.516,-39
8304,term,North,home_improvement,2024-08-19,652,631,5583.43,4967.23,,12.54,6,0,0,4.5,,-21
8305,revolving,East,debt_consolidation,2023-08-28,669,635,18812.9,10580.78,21212.02,11.6,13,0,0,16.4,0.499,-34
8306,term,South,auto,2021-06-14,651,612,4973.4,2503.75,,8.46,12,0,0,43.2,,-39
8307,term,North,debt_consolidation,2021-06-13,704,649,7526.64,752.66,,5.55,1,0,0,43.3,,-55
8308,term,West,personal,2023-01-27,667,625,24605.44,10402.42,,11.41,8,0,0,23.5,,-42
8309,term,East,debt_consolidation,2022-09-09,709,672,12878.78,7337.76,,6.22,8,0,0,28.2,,-37
8310,term,East,debt_consolidation,2021-12-27,710,682,38123.25,18070.47,,10.33,3,0,0,36.7,,-28
8311,term,North,personal,2023-03-30,680,663,40159.33,26997.0,,10.03,9,0,0,21.4,,-17
8312,term,East,home_improvement,2024-09-29,652,627,30284.03,28621.6,,9.42,14,0,1,3.1,,-25
8313,term,North,home_improvement,2023-06-29,625,613,13114.11,9333.99,,9.78,12,0,0,18.4,,-12
8314,term,South,auto,2021-07-26,673,642,10004.57,1000.46,,8.23,12,0,0,41.8,,-31
8315,term,North,auto,2021-02-22,697,679,2467.93,246.79,,6.38,4,0,0,47.0,,-18
8316,revolving,East,home_improvement,2024-04-25,598,561,10046.48,7803.11,16747.36,10.64,13,0,0,8.4,0.466,-37
8317,term,West,debt_consolidation,2024-05-15,573,520,12559.43,10518.04,,15.0,16,0,0,7.7,,-53
8318,term,East,personal,2023-03-01,672,661,11377.29,8805.36,,12.04,8,0,0,22.4,,-11
8319,term,South,personal,2021-09-01,626,580,14684.55,6907.43,,11.08,12,0,0,40.6,,-46
8320,term,East,home_improvement,2024-01-17,740,732,9502.16,7416.44,,7.63,3,0,0,11.7,,-8
8321,term,West,debt_consolidation,2024-07-29,758,738,31955.97,28963.28,,17.39,0,0,0,5.2,,-20
8322,revolving,West,home_improvement,2021-01-05,619,595,49340.9,4934.09,13407.9,10.66,18,0,0,48.6,0.368,-24
8323,revolving,East,personal,2021-03-04,577,538,18676.52,6662.45,17190.4,9.96,14,0,0,46.6,0.388,-39
8324,revolving,East,debt_consolidation,2022-11-23,714,697,4680.75,2309.81,3661.36,11.39,2,0,0,25.7,0.631,-17
8325,term,East,personal,2022-05-29,692,682,3546.12,2280.47,,6.01,8,0,0,31.6,,-10
8326,term,West,personal,2024-12-16,703,679,33812.85,33247.54,,9.72,4,0,0,0.5,,-24
8327,term,East,home_improvement,2023-04-05,726,716,17827.68,9689.84,,11.56,4,1,0,21.2,,-10
8328,revolving,North,auto,2021-02-08,654,624,12338.35,1233.83,2447.25,9.26,13,0,0,47.4,0.504,-30
8329,term,West,personal,2024-03-27,668,674,4369.75,3477.17,,4.4,13,0,0,9.3,,6
8330,term,South,home_improvement,2023-11-18,728,700,23801.93,16275.58,,11.28,7,0,0,13.7,,-28
8331,term,East,home_improvement,2021-03-10,706,678,12979.91,1297.99,,8.26,6,0,0,46.4,,-28
8332,term,West,personal,2022-03-01,802,794,8212.43,2829.93,,12.72,0,0,0,34.6,,-8
8333,revolving,East,home_improvement,2021-06-04,697,678,14512.16,6163.5,15098.45,8.9,4,0,0,43.6,0.408,-19
8334,term,North,debt_consolidation,2024-05-08,695,663,6702.29,5967.18,,6.52,5,0,0,7.9,,-32
8335,term,North,home_improvement,2023-03-23,732,711,3845.64,1768.94,,9.58,4,0,0,21.7,,-21
8336,revolving,East,debt_consolidation,2023-02-26,803,789,25891.01,8575.88,14743.61,9.36,0,0,0,22.5,0.582,-14
8337,revolving,South,debt_consolidation,2021-08-08,722,721,47308.04,15735.9,45366.26,11.87,4,0,0,41.4,0.347,-1
8338,term,North,auto,2023-10-02,662,619,32316.35,19774.5,,10.4,11,0,0,15.2,,-43
8339,term,South,debt_consolidation,2024-10-21,640,617,2568.53,2477.7,,6.82,12,0,0,2.4,,-23
8340,term,East,debt_consolidation,2022-04-29,689,679,33601.89,12167.01,,10.71,6,0,0,32.6,,-10
8341,term,East,debt_consolidation,2024-07-20,614,576,5622.39,4728.11,,11.75,10,1,0,5.5,,-38
8342,term,East,auto,2022-08-29,718,718,12249.23,4742.62,,6.64,6,0,0,28.5,,0
8343,revolving,East,auto,2023-01-25,697,661,4250.38,2398.6,6013.93,9.6,9,0,0,23.6,0.399,-36
8344,term,North,home_improvement,2021-04-11,711,706,10694.11,2803.3,,5.8,3,0,0,45.4,,-5
8345,term,East,debt_consolidation,2024-09-17,573,566,16459.09,14841.89,,13.36,18,0,0,3.5,,-7
8346,term,West,personal,2024-09-12,760,769,12360.49,11540.87,,12.04,2,0,0,3.7,,9
8347,revolving,West,personal,2021-08-13,612,577,32360.35,3236.03,6256.58,7.7,21,0,0,41.2,0.517,-35
8348,revolving,East,debt_consolidation,2024-01-15,604,571,6577.22,4780.32,12364.23,7.49,17,0,0,11.7,0.387,-33
8349,term,East,debt_consolidation,2023-09-18,558,515,7892.91,4832.82,,8.87,23,0,1,15.7,,-43
8350,revolving,West,auto,2022-09-21,643,623,2369.28,1240.31,2477.68,8.85,11,0,0,27.8,0.501,-20
8351,term,North,personal,2021-08-04,689,674,1094.91,109.49,,8.38,9,0,0,41.5,,-15
8352,term,East,home_improvement,2022-03-20,673,643,35761.43,21512.96,,8.87,11,0,0,33.9,,-30
8353,revolving,East,auto,2021-06-09,721,716,12037.08,1634.44,3125.86,5.81,4,0,0,43.4,0.523,-5
8354,term,South,auto,2024-07-26,756,736,8163.16,7374.05,,5.72,0,0,0,5.3,,-20
8355,revolving,North,home_improvement,2023-07-21,761,751,13388.56,10131.17,22272.31,5.86,2,0,0,17.7,0.455,-10
8356,term,South,home_improvement,2024-04-07,664,632,1693.35,1365.62,,9.63,8,1,0,9.0,,-32
8357,term,South,debt_consolidation,2024-06-20,671,643,5270.9,4355.46,,12.23,8,0,0,6.5,,-28
8358,revolving,South,debt_consolidation,2021-05-23,671,628,15633.01,1563.3,4492.03,15.55,9,0,0,44.0,0.348,-43
8359,term,West,auto,2021-02-20,655,629,23441.78,6773.34,,13.8,12,0,0,47.0,,-26
8360,term,East,debt_consolidation,2022-06-22,801,799,4828.05,617.38,,6.59,0,0,0,30.8,,-2
8361,term,West,auto,2024-02-14,698,706,19060.8,14008.41,,12.6,5,0,0,10.7,,8
8362,term,South,personal,2021-07-10,710,668,7240.46,724.05,,9.46,5,0,0,42.4,,-42
8363,term,West,debt_consolidation,2023-02-14,720,675,16141.86,7564.8,,10.71,9,0,0,22.9,,-45
8364,term,North,auto,2021-12-16,752,736,11344.06,1305.19,,13.83,1,0,0,37.1,,-16
8365,term,North,home_improvement,2024-02-21,666,629,15353.72,11924.24,,12.86,7,0,0,10.5,,-37
8366,term,South,auto,2022-10-27,710,705,24359.95,10309.68,,7.18,5,0,0,26.6,,-5
8367,term,East,auto,2023-03-02,715,688,15125.68,7271.43,,8.09,4,0,0,22.4,,-27
8368,term,West,personal,2021-01-27,586,545,17926.62,1792.66,,8.75,10,0,0,47.8,,-41
8369,term,North,personal,2022-02-25,650,618,12249.91,1224.99,,9.53,8,0,0,34.7,,-32
8370,revolving,East,debt_consolidation,2024-05-31,670,654,13170.41,11882.09,19291.92,10.27,12,0,0,7.2,0.616,-16
8371,term,West,personal,2023-10-12,739,715,7601.17,5409.95,,13.57,1,0,0,14.9,,-24
8372,revolving,North,auto,2023-02-06,850,830,3443.47,1843.44,4071.8,8.66,0,0,0,23.2,0.453,-20
8373,revolving,West,home_improvement,2023-04-29,653,609,72230.46,33600.45,83375.25,7.89,14,0,0,20.4,0.403,-44
8374,revolving,West,home_improvement,2022-08-03,651,631,4499.77,895.13,1372.76,9.53,9,0,0,29.4,0.652,-20
8375,revolving,West,personal,2022-05-08,706,692,4496.91,738.5,1233.0,7.34,6,0,0,32.3,0.599,-14
8376,term,South,personal,2024-01-28,576,528,21899.65,16748.28,,13.61,20,0,0,11.3,,-48
8377,term,North,home_improvement,2023-11-08,572,522,14146.93,8406.01,,5.65,10,0,0,14.0,,-50
8378,term,South,debt_consolidation,2022-07-06,671,648,7288.28,3277.13,,3.0,14,0,1,30.3,,-23
8379,revolving,South,personal,2021-02-18,647,627,6723.6,3366.72,5788.46,6.44,10,0,0,47.1,0.582,-20
8380,revolving,East,auto,2023-11-23,747,721,32046.04,25225.74,72548.51,3.0,1,0,0,13.5,0.348,-26
8381,term,West,personal,2022-06-03,657,611,14537.88,4826.4,,10.01,5,0,0,31.4,,-46
8382,term,North,home_improvement,2022-03-03,601,564,14254.81,2218.79,,5.2,9,0,0,34.5,,-37
8383,revolving,West,personal,2022-11-22,618,578,3259.58,1347.25,2583.33,15.26,11,0,0,25.7,0.522,-40
8384,term,West,debt_consolidation,2021-11-13,751,735,14067.5,3367.1,,9.64,3,0,0,38.2,,-16
8385,term,South,personal,2024-01-15,636,584,40405.54,27998.91,,8.07,12,1,0,11.7,,-52
8386,term,South,personal,2023-01-18,659,637,16955.37,7200.65,,5.37,12,0,0,23.8,,-22
8387,revolving,North,auto,2023-03-23,661,625,1658.83,747.48,1443.06,9.58,10,0,0,21.7,0.518,-36
8388,term,East,debt_consolidation,2024-05-26,645,618,3021.15,2557.32,,14.31,15,0,0,7.3,,-27
8389,term,East,home_improvement,2024-01-20,698,687,11575.48,9643.41,,3.28,12,0,0,11.6,,-11
8390,revolving,East,debt_consolidation,2024-07-04,786,746,40383.34,34150.87,76088.32,11.42,0,0,0,6.0,0.449,-40
8391,term,West,personal,2021-04-17,713,706,9105.07,1842.02,,6.48,4,0,0,45.2,,-7
8392,revolving,East,debt_consolidation,2022-02-01,729,708,25718.05,5115.38,13821.91,12.43,5,0,0,35.5,0.37,-21
8393,revolving,South,debt_consolidation,2023-06-25,622,588,3177.96,2154.34,3725.72,6.68,8,0,0,18.5,0.578,-34
8394,term,South,auto,2021-05-31,702,673,11492.36,1149.24,,13.57,4,0,0,43.7,,-29
8395,revolving,South,home_improvement,2024-11-04,762,765,21817.19,20607.79,35648.51,10.78,1,0,0,1.9,0.578,3
8396,term,West,home_improvement,2021-09-28,666,633,21763.57,2176.36,,5.94,15,0,0,39.7,,-33
8397,term,East,auto,2021-04-23,679,652,2500.6,952.21,,6.16,9,0,0,45.0,,-27
8398,revolving,East,auto,2023-07-01,725,694,10744.8,5231.23,9287.7,8.34,4,0,0,18.3,0.563,-31
8399,term,South,home_improvement,2022-09-03,771,753,15519.22,8558.71,,5.84,0,0,0,28.4,,-18
8400,term,West,personal,2021-08-28,751,733,25900.69,11547.18,,4.18,2,0,0,40.7,,-18
8401,term,South,auto,2023-09-27,603,575,16893.8,12864.17,,12.69,15,0,0,15.4,,-28
8402,term,South,auto,2022-09-22,700,681,32631.1,6849.62,,3.19,4,0,0,27.7,,-19
8403,revolving,North,auto,2024-07-21,643,599,27370.52,23887.0,53945.17,13.85,10,1,0,5.5,0.443,-44
8404,term,West,auto,2022-11-25,660,602,31384.04,19968.06,,7.73,12,0,0,25.6,,-58
8405,revolving,South,auto,2022-12-21,601,569,3196.01,1240.49,2592.27,10.37,7,0,1,24.7,0.479,-32
8406,term,North,auto,2023-06-30,664,663,8975.45,4378.88,,15.92,7,0,0,18.4,,-1
8407,term,East,home_improvement,2021-12-21,628,592,22025.9,2202.59,,11.05,9,0,1,36.9,,-36
8408,term,East,personal,2022-01-27,670,630,18635.03,7761.52,,7.06,5,0,0,35.7,,-40
8409,term,East,personal,2024-02-14,709,660,37139.57,32396.88,,14.35,5,0,0,10.7,,-49
8410,term,North,debt_consolidation,2023-06-01,696,650,4703.89,3732.78,,3.46,8,0,0,19.3,,-46
8411,term,West,debt_consolidation,2021-07-16,733,717,10881.2,3473.31,,9.67,2,0,0,42.2,,-16
8412,term,East,debt_consolidation,2023-11-18,650,594,25383.61,19517.55,,12.86,8,0,0,13.7,,-56
8413,revolving,North,personal,2021-08-17,578,555,72515.56,28450.5,67927.82,7.59,12,0,0,41.1,0.419,-23
8414,revolving,South,debt_consolidation,2022-10-28,775,733,13503.81,3499.02,8779.64,5.87,0,0,0,26.5,0.399,-42
8415,term,West,debt_consolidation,2022-02-01,712,709,14601.71,2359.07,,5.27,6,0,0,35.5,,-3
8416,revolving,West,home_improvement,2021-06-18,715,714,6534.8,3621.19,10797.1,8.7,7,0,0,43.1,0.335,-1
8417,term,North,home_improvement,2021-08-25,712,671,8979.9,897.99,,3.02,5,0,0,40.8,,-41
8418,revolving,West,home_improvement,2024-03-14,695,645,35769.81,28888.58,77851.58,3.25,5,0,0,9.8,0.371,-50
8419,revolving,East,auto,2021-10-29,739,727,8944.19,2523.45,6316.64,7.06,4,0,0,38.7,0.399,-12
8420,revolving,West,auto,2023-09-21,640,621,10938.96,8031.6,19073.59,7.66,15,0,1,15.6,0.421,-19
8421,term,East,auto,2021-11-13,727,703,27726.58,14137.08,,9.96,3,0,0,38.2,,-24
8422,revolving,East,home_improvement,2021-04-16,701,683,8110.94,1188.45,2468.6,8.02,9,1,0,45.2,0.481,-18
8423,revolving,North,personal,2021-01-07,687,657,25329.76,2532.98,5083.77,6.93,10,0,1,48.5,0.498,-30
8424,term,East,auto,2024-09-19,650,600,19172.56,18326.34,,12.77,7,0,0,3.5,,-50
8425,revolving,South,home_improvement,2021-09-28,695,677,5497.14,2589.85,4154.35,10.06,8,0,1,39.7,0.623,-18
8426,term,East,auto,2022-02-28,667,648,9571.3,957.13,,14.57,7,0,0,34.6,,-19
8427,revolving,East,personal,2023-05-28,731,700,18553.34,13230.37,21199.21,8.95,6,0,0,19.5,0.624,-31
8428,revolving,North,personal,2023-11-26,652,606,3244.55,2053.49,5669.05,4.07,14,1,0,13.4,0.362,-46
8429,term,West,debt_consolidation,2021-04-07,618,585,7888.9,788.89,,6.91,16,1,0,45.5,,-33
8430,term,East,home_improvement,2021-06-22,713,674,14525.54,6739.87,,5.42,4,0,1,43.0,,-39
8431,term,West,auto,2024-04-24,806,765,5980.49,4904.39,,9.4,0,0,0,8.4,,-41
8432,revolving,North,debt_consolidation,2024-12-21,695,671,28782.04,28365.72,47540.26,9.48,7,0,0,0.4,0.597,-24
8433,revolving,South,auto,2022-03-30,671,644,4516.67,2198.32,5132.83,5.31,8,0,0,33.6,0.428,-27
8434,revolving,East,personal,2023-09-10,787,781,7557.79,5931.22,17389.0,8.31,0,0,0,16.0,0.341,-6
8435,term,West,home_improvement,2021-07-11,707,687,6979.51,697.95,,10.32,4,0,0,42.3,,-20
8436,revolving,South,home_improvement,2023-11-05,671,679,5906.29,3439.42,8055.74,6.02,13,0,0,14.1,0.427,8
8437,revolving,North,auto,2021-01-12,782,775,2784.6,278.46,542.89,18.69,0,0,0,48.3,0.513,-7
8438,revolving,South,auto,2023-11-22,635,607,11141.25,7007.93,13649.51,7.49,13,0,0,13.5,0.513,-28
8439,term,North,home_improvement,2023-04-03,660,635,19228.4,11575.29,,8.42,10,0,0,21.3,,-25
8440,term,South,personal,2022-08-04,700,678,33696.61,10336.75,,6.96,7,0,0,29.4,,-22
8441,term,East,debt_consolidation,2023-07-27,849,822,3389.94,1718.71,,4.82,0,0,0,17.5,,-27
8442,term,East,auto,2024-11-10,624,590,9540.38,9352.33,,6.66,13,1,1,1.7,,-34
8443,revolving,East,home_improvement,2023-12-01,611,586,4371.9,2991.78,5827.07,7.34,20,0,0,13.2,0.513,-25
8444,term,North,home_improvement,2024-08-14,693,696,11597.13,10762.31,,10.16,6,1,0,4.7,,3
8445,term,South,home_improvement,2022-01-25,769,758,12937.13,5482.63,,9.28,0,0,0,35.7,,-11
8446,term,North,debt_consolidation,2024-03-23,734,698,8849.89,6996.56,,5.36,3,0,0,9.5,,-36
8447,term,East,home_improvement,2022-12-30,639,604,30457.3,16527.92,,10.37,12,0,0,24.4,,-35
8448,term,South,debt_consolidation,2023-03-02,611,595,33938.74,18937.21,,9.23,19,0,0,22.4,,-16
8449,term,North,home_improvement,2022-02-26,640,592,1000.0,100.0,,12.66,13,0,0,34.7,,-48
8450,term,South,personal,2021-09-30,686,655,20079.68,2007.97,,15.07,9,0,0,39.6,,-31
8451,term,East,debt_consolidation,2022-11-29,698,667,41073.17,11197.37,,10.96,10,0,0,25.5,,-31
8452,term,West,auto,2024-01-09,665,655,19944.41,14553.78,,11.08,14,0,0,11.9,,-10
8453,term,South,personal,2021-06-22,664,627,11816.94,1181.69,,6.69,11,0,0,43.0,,-37
8454,term,East,home_improvement,2024-10-21,663,651,8414.48,8050.06,,8.58,10,0,0,2.4,,-12
8455,revolving,West,auto,2023-05-09,716,689,9315.71,4463.73,9255.6,3.0,4,0,0,20.1,0.482,-27
8456,revolving,East,debt_consolidation,2021-08-05,700,673,25649.65,2564.96,5873.93,7.57,2,0,0,41.5,0.437,-27
8457,term,South,auto,2024-03-22,717,698,44294.68,31790.07,,10.51,6,0,0,9.5,,-19
8458,term,North,home_improvement,2024-08-04,700,672,3781.52,3301.9,,13.81,7,0,0,5.0,,-28
8459,term,South,personal,2023-08-14,567,540,2655.65,1349.61,,8.23,23,0,0,16.9,,-27
8460,term,South,personal,2021-08-02,680,623,14904.41,8554.09,,8.15,7,0,0,41.6,,-57
8461,term,North,auto,2022-10-13,639,589,4921.45,2555.09,,7.72,8,0,0,27.0,,-50
8462,revolving,East,auto,2023-05-04,774,754,18694.99,10543.74,17860.9,6.27,0,0,0,20.3,0.59,-20
8463,term,North,home_improvement,2022-12-25,611,587,20561.0,14644.94,,6.11,14,0,0,24.6,,-24
8464,term,West,personal,2022-03-07,565,536,11958.33,1195.83,,6.36,14,0,0,34.4,,-29
8465,term,East,personal,2021-12-02,727,714,39548.83,17678.39,,12.77,7,0,0,37.5,,-13
8466,revolving,East,home_improvement,2022-09-15,694,656,23022.11,10782.19,16349.48,8.42,7,0,0,28.0,0.659,-38
8467,term,South,personal,2022-10-08,688,643,8348.46,5299.6,,5.59,11,0,0,27.2,,-45
8468,term,West,debt_consolidation,2021-12-27,704,679,26069.15,8151.83,,5.92,12,0,0,36.7,,-25
8469,term,West,personal,2021-03-02,674,634,11452.64,5541.86,,3.19,12,0,0,46.7,,-40
8470,term,South,home_improvement,2022-03-27,652,636,9338.09,933.81,,7.92,7,0,0,33.7,,-16
8471,revolving,North,debt_consolidation,2023-02-26,690,649,11754.36,5587.26,9299.14,7.04,10,0,0,22.5,0.601,-41
8472,term,South,personal,2024-06-28,616,565,26606.39,23709.6,,9.5,19,0,0,6.2,,-51
8473,term,South,auto,2021-12-28,768,763,9426.47,3434.02,,11.23,1,0,0,36.7,,-5
8474,term,East,personal,2022-04-03,640,612,5231.74,3105.44,,6.58,14,0,0,33.5,,-28
8475,term,South,auto,2024-08-04,607,572,39904.02,34224.96,,8.31,13,0,0,5.0,,-35
8476,revolving,West,personal,2024-05-21,703,692,8228.64,6602.85,19368.15,12.15,6,1,0,7.5,0.341,-11
8477,term,East,home_improvement,2022-06-27,630,579,4636.05,1171.66,,6.91,14,0,0,30.6,,-51
8478,term,West,home_improvement,2024-05-06,751,723,8304.09,7096.52,,5.26,2,0,0,8.0,,-28
8479,term,West,auto,2023-01-20,560,533,1255.21,875.13,,10.26,21,0,1,23.7,,-27
8480,revolving,South,debt_consolidation,2023-05-19,581,557,7041.06,3414.15,10106.94,12.42,31,0,0,19.8,0.338,-24
8481,term,East,personal,2021-04-19,657,630,19152.13,7633.56,,12.25,18,0,0,45.1,,-27
8482,term,South,debt_consolidation,2024-04-01,687,644,24403.1,18317.64,,6.88,8,1,0,9.2,,-43
8483,revolving,East,personal,2022-06-09,635,617,5421.61,2846.9,6613.11,5.74,15,0,0,31.2,0.43,-18
8484,revolving,North,debt_consolidation,2022-11-10,664,621,16491.44,10596.2,31227.06,8.25,5,0,0,26.1,0.339,-43
8485,term,North,auto,2021-11-28,783,753,21892.7,2189.27,,9.08,0,0,0,37.7,,-30
8486,term,South,debt_consolidation,2024-02-29,637,604,21938.38,19293.28,,8.94,13,0,0,10.2,,-33
8487,revolving,North,debt_consolidation,2022-09-18,583,527,7467.5,3693.86,10969.45,7.27,20,0,0,27.9,0.337,-56
8488,term,North,auto,2024-03-14,666,596,59292.98,46318.38,,12.52,11,0,0,9.8,,-70
8489,term,West,auto,2022-07-24,612,592,26315.09,11619.05,,13.0,19,0,0,29.7,,-20
8490,revolving,South,home_improvement,2022-04-15,714,687,12188.73,3985.4,8726.88,4.91,4,0,0,33.1,0.457,-27
8491,term,North,debt_consolidation,2024-08-18,709,677,14623.66,13004.86,,6.12,6,0,0,4.5,,-32
8492,term,West,personal,2024-12-07,671,631,23032.02,22357.63,,8.28,5,0,0,0.8,,-40
8493,revolving,East,debt_consolidation,2023-05-25,702,702,7349.64,5647.31,11602.53,8.66,8,0,0,19.6,0.487,0
8494,term,South,home_improvement,2023-12-28,615,564,5015.63,4064.36,,10.45,9,0,0,12.3,,-51
8495,term,South,home_improvement,2022-05-06,736,732,13867.41,9185.49,,7.84,5,0,0,32.4,,-4
8496,term,West,debt_consolidation,2021-09-24,645,609,27020.29,2702.03,,8.35,7,0,0,39.8,,-36
8497,term,West,auto,2024-10-08,780,773,13176.32,12682.14,,3.0,0,0,0,2.8,,-7
8498,term,West,auto,2024-04-01,660,643,9871.84,7402.9,,12.64,10,0,0,9.2,,-17
8499,revolving,West,home_improvement,2023-04-07,652,617,37247.24,17430.58,51945.05,3.62,13,0,0,21.2,0.336,-35
8500,revolving,East,debt_consolidation,2022-10-30,668,640,21177.37,15023.98,27091.08,3.63,10,0,0,26.5,0.555,-28
8501,term,East,personal,2023-06-21,715,671,34653.47,25795.78,,4.21,4,0,0,18.7,,-44
8502,term,North,auto,2024-05-23,766,748,14645.14,12618.78,,6.37,0,0,0,7.4,,-18
8503,revolving,South,personal,2023-11-06,701,695,28813.03,20138.11,34173.53,12.04,10,0,0,14.1,0.589,-6
8504,term,North,auto,2021-03-28,808,790,10143.39,1014.34,,12.04,0,0,0,45.8,,-18
8505,revolving,South,debt_consolidation,2022-04-17,630,598,6290.53,1581.97,2836.33,7.36,13,0,0,33.0,0.558,-32
8506,revolving,South,debt_consolidation,2024-03-12,667,651,17783.37,13403.71,25785.16,4.45,13,0,0,9.8,0.52,-16
8507,term,South,auto,2021-04-24,613,573,19193.66,7024.48,,10.02,19,0,0,44.9,,-40
8508,term,North,debt_consolidation,2024-11-16,649,621,30451.18,29282.76,,7.98,14,0,0,1.5,,-28
8509,term,South,debt_consolidation,2022-11-04,640,631,34445.49,14108.94,,11.51,14,0,0,26.3,,-9
8510,revolving,North,personal,2022-02-14,591,556,1087.1,543.56,901.84,5.25,13,0,0,35.1,0.603,-35
8511,term,South,debt_consolidation,2023-02-24,736,710,9162.22,6075.22,,8.06,3,0,0,22.6,,-26
8512,revolving,West,home_improvement,2024-05-31,715,681,4022.68,3298.7,6021.05,11.12,2,0,0,7.2,0.548,-34
8513,revolving,East,home_improvement,2023-07-11,656,672,13620.62,6479.5,13898.32,11.81,8,0,0,18.0,0.466,16
8514,term,West,home_improvement,2023-04-16,699,683,23810.52,12801.19,,13.21,7,0,0,20.9,,-16
8515,term,North,home_improvement,2021-03-29,655,664,3107.33,310.73,,13.25,10,0,0,45.8,,9
8516,term,South,home_improvement,2024-01-07,666,641,3171.47,2272.96,,8.53,13,0,0,12.0,,-25
8517,revolving,East,personal,2024-08-11,710,691,31504.84,29796.01,84054.88,11.84,7,1,0,4.8,0.354,-19
8518,term,West,auto,2023-05-01,678,655,11464.34,4612.53,,11.99,11,0,1,20.4,,-23
8519,term,North,auto,2021-11-18,681,667,10163.47,1271.79,,5.3,15,0,0,38.0,,-14
8520,term,West,auto,2024-05-04,565,509,15466.8,13310.77,,10.8,14,1,0,8.1,,-56
8521,term,West,home_improvement,2023-05-26,729,692,6697.82,4353.6,,8.33,4,0,0,19.5,,-37
8522,term,East,home_improvement,2021-06-29,758,752,9602.04,960.2,,10.92,2,0,0,42.7,,-6
8523,term,West,debt_consolidation,2022-09-23,741,683,24147.65,17454.34,,10.46,5,0,0,27.7,,-58
8524,term,West,auto,2022-01-13,647,603,12874.87,4304.53,,12.17,16,0,0,36.1,,-44
8525,term,South,debt_consolidation,2022-01-30,738,733,14558.15,1857.84,,10.9,0,0,0,35.6,,-5
8526,revolving,South,personal,2021-08-12,705,660,21838.23,9417.49,18982.58,8.13,7,0,0,41.3,0.496,-45
8527,term,North,personal,2021-07-30,628,601,20455.34,2045.53,,9.6,9,0,0,41.7,,-27
8528,revolving,East,home_improvement,2022-04-18,661,612,9843.67,984.37,2889.77,6.51,9,1,0,33.0,0.341,-49
8529,revolving,East,debt_consolidation,2021-02-19,674,620,16563.41,5427.43,13055.13,12.87,9,0,0,47.1,0.416,-54
8530,term,South,auto,2021-11-04,540,500,6775.78,677.58,,11.71,16,0,0,38.5,,-40
8531,term,East,auto,2023-12-10,691,672,14388.94,12158.48,,5.19,14,0,0,12.9,,-19
8532,term,East,auto,2022-12-03,612,568,40244.3,22703.03,,10.01,8,0,0,25.3,,-44
8533,revolving,North,debt_consolidation,2022-03-15,616,562,10595.8,3772.09,11177.15,13.53,16,0,0,34.1,0.337,-54
8534,revolving,East,home_improvement,2022-06-09,689,673,3575.36,2380.38,5279.24,11.26,9,0,0,31.2,0.451,-16
8535,term,South,auto,2022-11-28,659,644,5351.5,1599.0,,10.36,11,0,0,25.5,,-15
8536,term,South,home_improvement,2024-10-16,620,600,14636.98,13914.72,,10.95,12,0,0,2.6,,-20
8537,term,East,auto,2022-03-12,689,658,7257.28,3423.9,,9.42,9,0,0,34.2,,-31
8538,term,South,home_improvement,2021-05-23,628,605,52625.9,5262.59,,6.81,14,0,0,44.0,,-23
8539,term,West,debt_consolidation,2023-01-04,628,607,21249.26,15120.75,,7.8,13,0,0,24.3,,-21
8540,term,East,home_improvement,2022-04-29,750,733,32146.93,3214.69,,6.95,1,0,0,32.6,,-17
8541,term,East,auto,2022-12-16,689,649,1904.57,701.81,,10.19,12,0,0,24.9,,-40
8542,term,North,personal,2022-09-10,699,678,39351.96,26182.65,,12.82,2,0,0,28.1,,-21
8543,term,West,personal,2022-05-06,774,752,6039.27,3038.89,,12.35,1,0,0,32.4,,-22
8544,term,West,personal,2022-10-30,666,652,7145.55,2543.98,,5.57,15,0,0,26.5,,-14
8545,revolving,North,personal,2023-11-29,641,592,30745.12,25576.92,53392.08,6.43,8,0,0,13.3,0.479,-49
8546,term,East,home_improvement,2024-04-22,642,595,11381.97,10363.09,,7.27,9,0,0,8.5,,-47
8547,term,North,personal,2022-11-01,791,802,9794.19,6657.45,,9.61,0,0,0,26.4,,11
8548,term,South,debt_consolidation,2022-11-25,674,656,17108.54,6045.55,,6.33,5,0,0,25.6,,-18
8549,revolving,East,home_improvement,2022-08-13,624,603,10646.12,4681.98,7469.11,11.61,5,0,0,29.1,0.627,-21
8550,revolving,North,debt_consolidation,2023-04-12,688,644,2251.75,976.74,1941.41,5.18,12,0,0,21.0,0.503,-44
8551,term,North,debt_consolidation,2023-02-05,642,631,28434.27,10817.88,,11.38,13,0,0,23.2,,-11
8552,term,West,home_improvement,2023-01-29,655,635,9540.26,4106.94,,10.69,15,0,1,23.4,,-20
8553,revolving,North,personal,2021-11-07,777,771,12644.81,6293.94,10941.89,5.16,0,0,0,38.4,0.575,-6
8554,term,West,debt_consolidation,2022-03-20,687,666,19611.82,10644.75,,8.7,10,0,0,33.9,,-21
8555,term,North,auto,2023-08-28,603,602,7015.68,4851.35,,7.52,16,0,0,16.4,,-1
8556,term,West,personal,2024-02-02,653,655,31633.63,21733.63,,5.78,10,0,0,11.1,,2
8557,revolving,East,home_improvement,2022-02-17,568,554,18859.75,8381.29,19401.41,10.98,26,0,0,35.0,0.432,-14
8558,term,West,personal,2022-07-08,634,631,41062.91,14772.1,,9.83,8,1,0,30.3,,-3
8559,term,South,home_improvement,2023-02-23,740,709,2821.46,1772.96,,6.74,3,0,0,22.6,,-31
8560,term,East,debt_consolidation,2022-09-14,636,601,4946.59,3180.36,,14.17,8,1,1,28.0,,-35
8561,term,East,auto,2024-10-13,838,834,4141.36,3881.33,,8.17,1,0,0,2.7,,-4
8562,revolving,West,auto,2022-11-04,523,518,33336.34,13893.16,23681.36,6.39,20,0,0,26.3,0.587,-5
8563,term,South,auto,2024-10-24,653,600,1742.73,1623.14,,9.48,5,0,0,2.3,,-53
8564,revolving,South,home_improvement,2021-09-24,686,647,4119.5,1262.29,3496.01,13.77,4,0,0,39.8,0.361,-39
8565,revolving,West,auto,2022-03-11,683,660,8390.61,5499.91,12362.69,5.66,9,0,0,34.2,0.445,-23
8566,term,East,auto,2023-04-10,713,671,4214.84,2487.19,,9.36,7,0,0,21.1,,-42
8567,term,North,personal,2023-12-28,663,650,9506.37,6439.51,,8.41,4,0,0,12.3,,-13
8568,term,East,personal,2022-06-30,755,757,8710.09,5334.58,,9.94,1,0,0,30.5,,2
8569,term,East,debt_consolidation,2021-04-21,606,577,11547.64,6183.7,,6.25,15,0,0,45.0,,-29
8570,term,East,home_improvement,2021-05-06,665,659,24423.63,2442.36,,10.28,8,0,0,44.5,,-6
8571,term,West,debt_consolidation,2023-08-26,613,598,6720.18,4994.88,,10.01,12,0,0,16.5,,-15
8572,revolving,North,personal,2023-03-29,650,639,8764.48,3585.93,10297.72,11.47,8,0,0,21.5,0.348,-11
8573,revolving,South,home_improvement,2024-03-27,664,625,20062.99,15955.15,30070.91,10.32,7,1,1,9.3,0.531,-39
8574,term,North,auto,2021-10-03,717,705,11553.83,6295.6,,11.74,3,0,0,39.5,,-12
8575,term,North,personal,2022-04-09,619,601,5207.39,3105.42,,10.24,14,1,0,33.3,,-18
8576,term,East,personal,2021-01-15,663,630,11306.25,2586.3,,11.86,7,0,1,48.2,,-33
8577,revolving,North,personal,2023-06-19,681,668,9710.57,6808.26,13030.17,11.26,13,0,1,18.7,0.522,-13
8578,term,North,home_improvement,2023-01-10,688,625,25802.22,13491.44,,10.44,5,0,0,24.1,,-63
8579,term,South,debt_consolidation,2024-10-15,613,581,18383.41,16981.62,,10.76,12,0,0,2.6,,-32
8580,term,North,debt_consolidation,2023-01-20,694,681,10123.5,7329.26,,10.04,4,0,0,23.7,,-13
8581,term,North,debt_consolidation,2022-02-09,750,711,14603.44,8429.36,,6.99,2,0,0,35.2,,-39
8582,revolving,East,auto,2024-08-14,749,728,11115.72,9608.5,25127.12,9.32,1,0,0,4.7,0.382,-21
8583,term,East,debt_consolidation,2021-11-05,663,651,21123.66,2112.37,,7.36,9,0,0,38.4,,-12
8584,term,West,home_improvement,2024-11-29,711,684,23612.8,23098.66,,10.56,6,0,0,1.1,,-27
8585,term,West,home_improvement,2023-11-15,670,635,23634.32,16659.52,,3.0,3,0,0,13.8,,-35
8586,revolving,West,debt_consolidation,2024-09-22,743,708,9670.86,8747.86,19499.33,8.06,2,0,0,3.4,0.449,-35
8587,term,North,personal,2023-04-30,720,693,7115.85,5067.6,,5.34,13,0,0,20.4,,-27
8588,term,West,home_improvement,2023-12-21,610,577,16265.66,11044.75,,8.94,11,1,0,12.6,,-33
8589,revolving,South,auto,2023-05-25,670,646,10046.22,6151.55,11072.44,6.28,9,0,0,19.6,0.556,-24
8590,term,East,home_improvement,2021-10-10,640,645,12849.75,3618.09,,14.14,4,1,0,39.3,,5
8591,term,East,personal,2024-09-01,674,646,3119.21,2776.49,,5.53,9,0,0,4.1,,-28
8592,revolving,West,personal,2023-05-13,610,567,53071.34,40707.74,115677.99,7.75,10,0,0,20.0,0.352,-43
8593,revolving,East,auto,2021-09-12,672,666,37667.18,3766.72,6541.25,13.59,8,0,0,40.2,0.576,-6
8594,term,West,home_improvement,2023-02-26,670,632,11646.81,7441.3,,12.45,8,0,0,22.5,,-38
8595,revolving,North,home_improvement,2024-03-14,672,632,16545.64,13272.22,23525.92,12.38,8,0,0,9.8,0.564,-40
8596,term,North,debt_consolidation,2022-07-27,695,648,8264.33,3765.25,,4.12,7,0,0,29.6,,-47
8597,term,East,home_improvement,2023-07-19,587,539,19347.56,12450.86,,8.37,12,0,0,17.7,,-48
8598,term,South,home_improvement,2022-06-13,726,669,16595.76,5613.73,,6.03,3,0,0,31.1,,-57
8599,revolving,East,home_improvement,2024-05-16,730,702,26979.69,22733.21,60414.41,10.3,3,0,0,7.7,0.376,-28
8600,term,North,debt_consolidation,2023-10-13,764,723,18426.19,11982.61,,11.11,0,0,0,14.9,,-41
8601,revolving,South,debt_consolidation,2022-07-05,674,631,24083.78,2982.62,4897.69,12.73,6,0,0,30.4,0.609,-43
8602,term,East,home_improvement,2021-11-23,695,664,8123.72,812.37,,9.16,4,0,0,37.8,,-31
8603,term,East,debt_consolidation,2024-05-09,742,728,23240.59,21305.91,,7.14,5,1,0,7.9,,-14
8604,term,South,auto,2023-11-04,637,588,21049.05,16697.44,,6.94,12,0,0,14.1,,-49
8605,revolving,North,auto,2024-03-13,709,653,16565.71,14724.45,32623.11,9.02,5,0,0,9.8,0.451,-56
8606,term,East,home_improvement,2023-01-18,635,607,29694.93,20590.15,,10.33,15,0,0,23.8,,-28
8607,term,East,home_improvement,2023-07-09,711,702,9553.69,6691.49,,11.14,5,1,0,18.1,,-9
8608,term,West,home_improvement,2023-08-26,703,688,8609.51,6961.67,,9.78,6,1,0,16.5,,-15
8609,term,North,personal,2023-10-04,626,606,21445.5,13248.71,,5.49,16,0,0,15.2,,-20
8610,term,South,debt_consolidation,2023-03-05,710,703,15881.1,7915.12,,9.44,3,0,0,22.3,,-7
8611,term,South,personal,2022-10-19,653,621,15635.54,10654.3,,10.06,6,0,0,26.8,,-32
8612,term,West,debt_consolidation,2023-11-16,670,644,22059.11,13555.97,,3.0,6,0,0,13.7,,-26
8613,term,South,home_improvement,2021-11-09,728,699,6314.71,631.47,,9.6,3,0,0,38.3,,-29
8614,term,South,personal,2024-07-06,744,711,15404.39,13082.57,,8.97,2,0,0,6.0,,-33
8615,term,East,debt_consolidation,2024-05-07,704,675,18499.02,14409.87,,11.25,4,1,0,8.0,,-29
8616,revolving,South,debt_consolidation,2023-04-17,680,649,15572.39,12275.25,29981.2,6.7,8,0,0,20.8,0.409,-31
8617,term,West,home_improvement,2023-07-05,722,708,8182.24,5744.62,,8.74,5,0,0,18.2,,-14
8618,revolving,North,home_improvement,2023-05-20,660,607,8202.8,4052.36,7833.59,8.08,7,0,0,19.7,0.517,-53
8619,term,East,home_improvement,2024-04-06,733,691,2950.91,2230.33,,9.45,5,0,0,9.0,,-42
8620,term,South,home_improvement,2023-06-20,642,627,11292.72,5282.79,,6.34,7,0,0,18.7,,-15
8621,revolving,West,home_improvement,2024-04-28,666,639,26295.04,22819.43,50495.28,11.5,8,0,0,8.3,0.452,-27
8622,revolving,West,debt_consolidation,2023-10-13,624,593,6224.42,3971.94,10005.1,4.64,11,0,0,14.9,0.397,-31
8623,term,South,debt_consolidation,2024-11-22,674,624,10851.69,10441.76,,10.32,8,0,0,1.3,,-50
8624,term,South,debt_consolidation,2023-02-18,770,752,16684.77,12390.67,,16.77,0,0,0,22.8,,-18
8625,term,North,home_improvement,2022-10-20,771,746,1808.54,632.43,,8.39,1,0,0,26.8,,-25
8626,term,West,personal,2023-05-28,777,760,13439.32,6689.55,,12.53,0,0,0,19.5,,-17
8627,revolving,North,auto,2021-08-01,641,607,10337.83,3149.02,6082.76,7.67,11,0,0,41.6,0.518,-34
8628,revolving,South,home_improvement,2022-01-11,842,811,21836.19,2183.62,4083.23,13.61,0,0,0,36.2,0.535,-31
8629,term,North,personal,2022-08-09,750,727,13975.32,6735.65,,8.44,3,0,0,29.2,,-23
8630,term,South,personal,2022-12-02,741,740,19024.45,11326.74,,9.3,5,0,0,25.4,,-1
8631,revolving,North,home_improvement,2022-12-14,694,656,18722.08,10358.16,25832.41,9.32,8,0,0,25.0,0.401,-38
8632,revolving,East,debt_consolidation,2024-09-01,586,538,14178.42,13073.76,20892.52,5.31,13,0,0,4.1,0.626,-48
8633,term,South,personal,2024-03-31,642,630,19756.53,14916.97,,10.67,6,0,0,9.2,,-12
8634,term,West,home_improvement,2022-09-18,654,598,45511.26,26029.22,,8.83,15,0,0,27.9,,-56
8635,term,West,debt_consolidation,2022-08-13,671,644,19203.76,11811.05,,8.51,13,0,0,29.1,,-27
8636,term,North,personal,2022-03-27,654,614,33485.13,16114.32,,3.0,9,1,0,33.7,,-40
8637,term,South,debt_consolidation,2023-05-19,678,666,10703.59,6264.77,,13.97,12,0,0,19.8,,-12
8638,term,East,debt_consolidation,2023-05-10,708,676,27269.43,11098.75,,15.84,7,0,0,20.1,,-32
8639,term,East,personal,2022-05-05,684,643,1419.41,935.51,,3.0,3,1,0,32.4,,-41
8640,term,North,home_improvement,2022-12-17,667,626,8217.83,2460.35,,9.38,9,0,0,24.9,,-41
8641,term,East,auto,2022-03-11,664,658,24330.2,11175.76,,9.45,14,0,0,34.2,,-6
8642,term,South,home_improvement,2021-03-22,765,751,20242.47,2024.25,,14.37,1,0,0,46.0,,-14
8643,revolving,West,auto,2023-07-21,656,652,7067.02,4874.95,11448.2,6.87,15,0,0,17.7,0.426,-4
8644,term,East,personal,2021-08-19,726,700,8829.63,882.96,,13.31,8,0,0,41.0,,-26
8645,revolving,South,auto,2022-05-08,681,658,4821.41,906.41,2027.46,6.51,13,0,0,32.3,0.447,-23
8646,revolving,West,home_improvement,2022-02-23,568,509,4888.49,2127.72,5630.61,8.8,19,1,0,34.8,0.378,-59
8647,revolving,North,debt_consolidation,2022-03-23,819,803,30910.15,12324.37,36148.16,12.13,0,0,0,33.8,0.341,-16
8648,term,East,home_improvement,2023-01-30,753,734,10884.28,4436.47,,10.54,1,0,0,23.4,,-19
8649,term,East,personal,2024-10-27,815,824,14295.82,13513.39,,9.14,0,0,0,2.2,,9
8650,term,South,debt_consolidation,2023-04-22,733,720,5261.28,2483.68,,9.91,3,0,0,20.7,,-13
8651,term,East,auto,2022-09-11,683,642,42696.6,12103.45,,12.33,12,0,0,28.1,,-41
8652,term,North,home_improvement,2024-07-24,714,680,17238.01,15133.55,,8.7,2,0,0,5.4,,-34
8653,revolving,East,personal,2021-06-18,651,603,6923.84,1694.16,3869.83,10.06,6,0,0,43.1,0.438,-48
8654,term,South,auto,2023-04-08,628,596,8753.28,5406.2,,12.84,21,0,0,21.1,,-32
8655,term,West,personal,2022-07-23,805,796,27380.97,12135.84,,9.27,0,1,0,29.8,,-9
8656,revolving,East,home_improvement,2021-12-16,662,649,10462.82,2805.81,6980.56,7.64,9,0,0,37.1,0.402,-13
8657,term,South,personal,2021-12-25,688,663,10162.9,4659.64,,11.15,5,0,0,36.8,,-25
8658,revolving,North,debt_consolidation,2022-03-17,708,669,12366.79,3926.96,10938.64,12.64,10,0,0,34.0,0.359,-39
8659,term,South,personal,2021-10-23,665,626,5047.83,1260.18,,12.61,11,0,0,38.9,,-39
8660,term,West,home_improvement,2023-06-25,737,724,14356.37,10050.31,,11.09,2,0,0,18.5,,-13
8661,term,North,home_improvement,2021-03-03,674,664,15262.9,3201.86,,13.73,10,0,1,46.7,,-10
8662,term,East,debt_consolidation,2022-06-09,850,834,29589.76,8645.35,,9.52,0,0,0,31.2,,-16
8663,term,North,personal,2021-07-09,565,537,14754.73,7823.29,,7.61,18,0,0,42.4,,-28
8664,revolving,North,debt_consolidation,2021-03-08,639,597,8246.0,824.6,1438.63,4.84,15,0,0,46.5,0.573,-42
8665,term,West,auto,2023-01-09,744,716,20261.36,8938.2,,6.04,0,0,0,24.1,,-28
8666,revolving,East,auto,2024-12-20,585,554,7045.87,6905.54,12677.55,10.4,16,1,0,0.4,0.545,-31
8667,term,South,home_improvement,2022-07-12,691,668,33716.31,20852.42,,10.4,9,0,0,30.1,,-23
8668,revolving,East,personal,2022-04-19,660,638,6189.3,1533.89,2961.29,13.35,13,0,0,32.9,0.518,-22
8669,term,East,home_improvement,2021-04-04,672,645,17632.19,6745.39,,10.98,10,0,0,45.6,,-27
8670,term,North,auto,2024-06-15,752,740,5893.27,5496.67,,10.27,2,0,0,6.7,,-12
8671,revolving,North,home_improvement,2022-02-25,688,653,15660.5,2527.47,4738.73,7.32,9,1,0,34.7,0.533,-35
8672,revolving,South,personal,2021-11-10,634,636,14483.35,1448.33,3857.21,12.55,14,0,0,38.3,0.375,2
8673,term,West,home_improvement,2023-08-26,741,737,13271.77,8715.15,,16.26,1,0,0,16.5,,-4
8674,revolving,North,auto,2022-03-07,694,674,19207.68,10963.72,20967.15,8.05,4,0,0,34.4,0.523,-20
8675,revolving,East,personal,2023-05-21,597,568,15035.21,8160.22,12762.52,6.79,14,0,0,19.7,0.639,-29
8676,term,South,auto,2024-10-29,639,610,5218.89,5040.47,,6.98,13,0,0,2.1,,-29
8677,term,East,personal,2021-12-23,674,645,7507.19,750.72,,13.94,10,0,0,36.8,,-29
8678,revolving,North,auto,2023-11-21,726,722,9710.65,6987.9,16860.34,11.27,2,0,0,13.6,0.414,-4
8679,revolving,East,auto,2022-02-14,672,654,24689.43,2468.94,6675.03,9.25,6,0,0,35.1,0.37,-18
8680,revolving,South,personal,2024-11-02,737,707,26599.25,25830.93,48093.58,10.71,1,0,0,2.0,0.537,-30
8681,term,West,debt_consolidation,2024-11-02,684,659,32636.53,31083.84,,4.18,5,0,0,2.0,,-25
8682,revolving,West,home_improvement,2023-12-19,639,618,24496.94,15978.84,34332.95,14.15,17,0,0,12.6,0.465,-21
8683,term,South,personal,2022-05-25,683,662,14815.73,1644.82,,11.11,10,0,1,31.7,,-21
8684,term,North,debt_consolidation,2024-05-22,723,692,14977.19,12042.07,,11.54,3,0,0,7.5,,-31
8685,revolving,South,auto,2021-08-12,668,629,10860.9,5367.97,13889.96,7.65,6,0,0,41.3,0.386,-39
8686,revolving,North,personal,2021-09-13,613,593,27554.8,5553.22,10502.2,5.38,12,0,0,40.2,0.529,-20
8687,term,East,personal,2022-01-01,691,669,28068.99,10561.81,,9.6,8,0,0,36.5,,-22
8688,term,South,home_improvement,2021-04-17,625,588,18051.17,5388.74,,10.58,13,0,1,45.2,,-37
8689,term,South,debt_consolidation,2023-02-20,769,784,36901.55,19202.14,,9.51,1,0,0,22.7,,15
8690,term,South,debt_consolidation,2022-02-13,748,738,12005.25,4216.56,,11.75,0,1,0,35.1,,-10
8691,term,South,auto,2021-02-25,665,637,20976.22,8808.85,,6.39,13,0,0,46.9,,-28
8692,revolving,South,debt_consolidation,2021-07-12,707,679,46354.43,4635.44,9715.92,6.36,3,0,0,42.3,0.477,-28
8693,term,South,debt_consolidation,2023-07-25,674,662,7518.29,5327.8,,6.63,9,0,0,17.5,,-12
8694,revolving,East,personal,2022-08-15,770,771,13901.14,5877.49,16382.56,5.7,0,0,0,29.0,0.359,1
8695,term,East,home_improvement,2023-11-11,583,538,5022.91,3103.97,,7.75,14,0,0,13.9,,-45
8696,term,East,home_improvement,2021-12-25,691,653,4166.45,416.64,,7.98,8,0,0,36.8,,-38
8697,term,North,auto,2022-06-23,622,593,18813.76,5112.16,,9.5,5,0,0,30.8,,-29
8698,term,West,debt_consolidation,2022-03-31,705,678,6616.35,3603.91,,11.69,10,0,0,33.6,,-27
8699,term,West,auto,2021-03-04,567,515,24215.89,3363.13,,10.11,15,0,1,46.6,,-52
8700,term,East,home_improvement,2022-04-24,699,668,9212.68,1698.73,,4.71,10,0,0,32.8,,-31
8701,term,South,debt_consolidation,2021-08-22,796,770,6246.85,624.68,,11.41,0,0,0,40.9,,-26
8702,term,West,auto,2024-06-04,647,610,11111.31,8798.57,,5.67,14,0,0,7.0,,-37
8703,revolving,South,debt_consolidation,2021-08-09,589,567,11390.71,1461.78,3768.03,3.0,13,0,0,41.4,0.388,-22
8704,term,East,auto,2022-03-04,719,707,6115.67,629.04,,11.47,8,0,0,34.5,,-12
8705,revolving,South,auto,2022-09-25,661,673,10816.54,6552.71,13996.23,12.03,9,1,0,27.6,0.468,12
8706,term,West,home_improvement,2021-06-19,736,692,1000.0,100.0,,13.09,6,0,0,43.1,,-44
8707,term,West,personal,2021-11-10,745,735,12143.89,1214.39,,9.81,2,0,0,38.3,,-10
8708,term,West,personal,2022-05-05,741,737,7383.29,2544.53,,13.43,2,0,0,32.4,,-4
8709,term,North,auto,2023-07-21,678,633,12015.96,6194.42,,4.15,7,1,0,17.7,,-45
8710,term,East,home_improvement,2022-04-10,789,741,24088.83,12323.02,,7.92,0,0,0,33.2,,-48
8711,term,West,auto,2021-11-22,727,691,18746.59,10574.62,,11.73,4,0,0,37.9,,-36
8712,term,North,personal,2022-09-28,636,590,13484.79,6645.52,,8.98,8,0,0,27.5,,-46
8713,revolving,East,debt_consolidation,2023-06-04,640,604,13904.82,9368.44,19628.37,10.51,10,0,0,19.2,0.477,-36
8714,term,South,home_improvement,2021-06-25,758,757,42087.59,4208.76,,10.44,2,0,0,42.9,,-1
8715,term,West,personal,2021-06-21,720,676,19688.5,1968.85,,11.68,3,0,0,43.0,,-44
8716,term,North,personal,2024-11-15,636,600,27083.21,25973.43,,14.8,13,0,0,1.6,,-36
8717,term,South,personal,2023-01-26,658,628,12909.64,8791.24,,10.48,7,0,0,23.5,,-30
8718,term,West,home_improvement,2024-09-21,676,667,18980.05,17629.67,,10.84,8,0,0,3.4,,-9
8719,revolving,West,home_improvement,2024-05-02,729,710,26416.63,24248.63,72198.85,6.27,6,0,0,8.1,0.336,-19
8720,term,East,personal,2021-03-28,666,643,27607.43,2760.74,,7.68,4,1,0,45.8,,-23
8721,term,South,home_improvement,2022-11-12,758,745,9417.24,5735.7,,9.49,2,0,0,26.0,,-13
8722,term,North,auto,2024-12-17,701,667,9006.84,8786.53,,8.53,9,0,0,0.5,,-34
8723,term,West,home_improvement,2022-04-22,761,743,2809.23,869.39,,5.53,0,0,0,32.8,,-18
8724,term,West,home_improvement,2023-02-15,611,583,6467.02,3856.66,,12.0,12,0,0,22.9,,-28
8725,term,East,personal,2022-09-11,770,746,21559.51,14678.66,,7.48,1,0,0,28.1,,-24
8726,term,East,debt_consolidation,2022-07-09,750,716,8744.36,2594.21,,8.93,2,0,0,30.2,,-34
8727,term,South,debt_consolidation,2021-09-28,684,663,6238.97,623.9,,5.24,6,0,0,39.7,,-21
8728,revolving,South,debt_consolidation,2023-09-01,648,611,27260.66,16985.76,50372.61,10.99,11,0,0,16.3,0.337,-37
8729,term,North,debt_consolidation,2021-02-23,758,753,32195.98,3219.6,,8.34,1,0,0,46.9,,-5
8730,term,North,debt_consolidation,2022-06-02,652,601,27739.13,15286.39,,10.8,10,0,0,31.5,,-51
8731,revolving,West,auto,2023-06-28,679,663,38634.59,28573.33,79337.28,3.0,12,0,0,18.4,0.36,-16
8732,term,East,auto,2022-04-05,710,690,3813.63,1190.79,,6.72,7,0,0,33.4,,-20
8733,term,East,home_improvement,2021-06-28,611,586,10772.18,1077.22,,11.61,15,1,0,42.8,,-25
8734,revolving,East,debt_consolidation,2024-01-04,669,623,8697.26,6969.69,15487.34,8.82,10,0,0,12.1,0.45,-46
8735,revolving,West,debt_consolidation,2024-03-25,624,581,18508.97,13466.71,22505.14,15.43,15,0,0,9.4,0.598,-43
8736,term,North,auto,2021-11-23,586,568,12562.4,3487.24,,9.93,17,0,0,37.8,,-18
8737,revolving,South,home_improvement,2021-12-21,805,805,10508.17,4974.61,9319.78,11.65,0,0,0,36.9,0.534,0
8738,term,South,personal,2024-02-17,640,643,1093.69,895.32,,11.08,9,0,0,10.6,,3
8739,term,East,auto,2024-08-07,717,695,30208.57,26231.44,,6.95,9,0,0,4.9,,-22
8740,revolving,East,auto,2021-10-03,805,792,25548.14,2554.81,6804.96,8.16,0,0,0,39.5,0.375,-13
8741,revolving,South,debt_consolidation,2023-08-29,642,620,18740.43,15207.69,41521.97,11.02,16,0,0,16.4,0.366,-22
8742,revolving,East,debt_consolidation,2022-12-26,604,573,7651.69,4849.46,10590.44,10.32,14,0,0,24.6,0.458,-31
8743,term,West,auto,2024-07-05,785,765,8754.51,7768.31,,3.78,0,0,0,6.0,,-20
8744,revolving,West,auto,2022-06-17,624,602,5779.99,1783.28,3876.43,12.01,19,0,0,31.0,0.46,-22
8745,term,East,auto,2024-10-02,655,618,84152.43,79865.07,,9.46,6,0,0,3.0,,-37
8746,revolving,North,debt_consolidation,2021-06-19,645,633,17269.3,3029.12,8740.53,3.26,12,0,0,43.1,0.347,-12
8747,term,West,personal,2023-07-07,689,642,21309.86,11205.31,,7.13,7,0,0,18.1,,-47
8748,term,South,home_improvement,2022-11-29,570,531,2955.15,1240.87,,11.03,23,0,0,25.5,,-39
8749,term,South,home_improvement,2023-03-15,717,671,17199.93,9297.5,,7.13,3,0,0,21.9,,-46
8750,term,North,debt_consolidation,2022-08-30,707,687,13274.56,4528.88,,7.34,11,0,0,28.5,,-20
8751,revolving,North,personal,2021-05-24,731,717,6473.51,3459.76,9826.13,11.22,2,1,0,43.9,0.352,-14
8752,term,North,personal,2023-03-16,730,717,4347.83,1889.2,,6.93,5,0,0,21.9,,-13
8753,revolving,West,personal,2021-09-01,707,667,8382.79,838.28,1916.45,11.02,5,0,0,40.6,0.437,-40
8754,revolving,South,home_improvement,2024-11-29,661,642,8982.6,8745.15,13462.11,5.36,4,0,0,1.1,0.65,-19
8755,revolving,South,personal,2024-09-06,683,650,10834.43,10046.68,17119.49,11.4,7,1,1,3.9,0.587,-33
8756,term,North,auto,2021-07-06,640,601,5694.68,569.47,,12.41,17,0,0,42.5,,-39
8757,revolving,South,home_improvement,2021-09-05,691,648,17182.65,1718.26,2982.85,9.51,3,0,0,40.5,0.576,-43
8758,revolving,South,personal,2021-08-21,632,581,11720.74,1172.07,2093.57,9.01,16,1,0,41.0,0.56,-51
8759,term,West,auto,2021-04-19,688,669,14340.18,7792.38,,5.84,5,0,0,45.1,,-19
8760,revolving,North,home_improvement,2022-11-06,653,618,31403.04,8689.81,17846.53,11.84,10,0,0,26.2,0.487,-35
8761,term,East,auto,2022-10-11,630,593,24693.67,13413.36,,9.37,18,0,0,27.1,,-37
8762,term,South,personal,2024-10-03,743,719,19099.04,18360.58,,12.42,6,0,0,3.0,,-24
8763,term,East,debt_consolidation,2022-08-12,727,706,17709.11,4099.68,,10.69,4,0,0,29.1,,-21
8764,revolving,South,personal,2024-03-20,683,640,31536.81,26342.63,74732.94,13.25,8,0,0,9.6,0.352,-43
8765,term,East,auto,2024-08-25,575,540,16690.72,15781.43,,11.64,16,0,0,4.3,,-35
8766,term,West,debt_consolidation,2022-11-20,627,588,8309.35,3149.02,,11.89,8,0,0,25.8,,-39
8767,term,East,personal,2023-05-26,675,673,18895.19,13658.62,,9.85,13,0,0,19.5,,-2
8768,term,South,auto,2021-04-17,708,692,14803.64,1630.69,,8.05,9,0,0,45.2,,-16
8769,revolving,South,personal,2022-02-19,709,687,1363.35,702.72,1947.98,8.89,7,0,0,34.9,0.361,-22
8770,revolving,South,home_improvement,2022-11-16,693,633,8083.62,3036.7,8959.35,7.79,11,0,0,25.9,0.339,-60
8771,revolving,West,personal,2022-03-06,681,622,21721.32,3991.42,6063.94,10.61,8,0,0,34.4,0.658,-59
8772,term,South,home_improvement,2021-09-28,667,617,7422.9,742.29,,4.41,11,0,0,39.7,,-50
8773,term,East,debt_consolidation,2023-04-29,642,644,13075.07,9994.19,,10.03,8,0,0,20.4,,2
8774,term,West,debt_consolidation,2022-06-22,779,775,42699.93,22699.92,,9.6,0,0,0,30.8,,-4
8775,revolving,North,debt_consolidation,2021-04-22,741,718,15105.36,3048.08,6535.45,9.46,3,0,0,45.0,0.466,-23
8776,term,South,home_improvement,2023-12-05,714,705,10279.11,8628.66,,6.63,9,0,0,13.1,,-9
8777,revolving,South,auto,2024-05-03,611,586,9982.7,7971.5,14723.13,5.13,16,0,0,8.1,0.541,-25
8778,revolving,North,personal,2024-05-15,609,598,5477.93,4232.71,12592.43,6.72,13,0,0,7.7,0.336,-11
8779,term,West,auto,2023-12-28,678,646,22924.08,16675.24,,8.83,7,0,0,12.3,,-32
8780,term,South,debt_consolidation,2021-02-01,649,624,24284.78,4191.54,,8.73,9,0,0,47.7,,-25
8781,term,South,debt_consolidation,2023-07-01,611,576,21821.74,13901.19,,8.46,13,0,0,18.3,,-35
8782,term,South,debt_consolidation,2023-04-08,686,671,16972.38,7531.2,,8.96,6,0,0,21.1,,-15
8783,term,East,personal,2022-02-18,566,534,32570.33,16993.3,,6.31,19,0,0,34.9,,-32
8784,revolving,West,home_improvement,2024-12-15,674,642,12710.51,12374.81,19199.08,9.59,15,0,0,0.6,0.645,-32
8785,revolving,West,debt_consolidation,2022-05-01,710,696,24827.98,14303.06,24969.31,3.29,7,0,0,32.5,0.573,-14
8786,term,East,personal,2021-05-11,708,690,18802.31,1880.23,,12.5,8,0,0,44.4,,-18
8787,term,North,auto,2023-05-02,571,541,8605.18,6287.36,,8.0,17,0,0,20.3,,-30
8788,term,North,auto,2021-05-13,568,532,13858.45,1385.84,,13.44,28,0,1,44.3,,-36
8789,term,West,home_improvement,2022-08-04,667,618,6880.59,2424.14,,8.52,11,1,0,29.4,,-49
8790,term,North,debt_consolidation,2023-08-20,642,617,2795.19,2014.61,,10.23,15,0,0,16.7,,-25
8791,revolving,West,debt_consolidation,2023-08-05,606,539,18085.61,14477.92,32334.45,14.11,17,0,0,17.2,0.448,-67
8792,revolving,West,debt_consolidation,2021-08-06,550,495,31844.9,3184.49,9000.32,9.95,16,0,0,41.5,0.354,-55
8793,revolving,East,home_improvement,2022-10-18,627,615,28708.34,12816.98,23835.41,6.92,16,0,0,26.9,0.538,-12
8794,revolving,South,debt_consolidation,2022-02-28,673,629,15692.88,1569.29,3193.52,11.87,9,0,0,34.6,0.491,-44
8795,term,East,auto,2022-09-29,665,644,8786.25,3836.38,,9.93,11,0,0,27.5,,-21
8796,revolving,South,home_improvement,2024-12-27,607,597,46126.0,45647.36,70699.15,5.58,14,0,0,0.2,0.646,-10
8797,term,South,home_improvement,2021-04-06,619,592,45296.47,21690.81,,4.82,25,1,0,45.5,,-27
8798,revolving,East,debt_consolidation,2024-05-02,659,635,4234.12,3581.8,6221.38,6.73,13,0,0,8.1,0.576,-24
8799,revolving,West,auto,2023-09-28,630,582,11301.86,7360.25,20773.81,13.58,7,0,0,15.4,0.354,-48
8800,revolving,South,auto,2023-05-09,699,695,33065.1,14811.34,22738.48,9.45,6,0,0,20.1,0.651,-4
8801,term,West,auto,2021-04-18,713,688,43381.88,4338.19,,8.83,7,0,0,45.1,,-25
8802,term,East,debt_consolidation,2023-03-24,707,689,11834.87,8655.83,,12.69,6,1,0,21.6,,-18
8803,term,West,auto,2023-04-27,614,586,27101.52,12969.81,,14.46,17,1,0,20.5,,-28
8804,term,East,auto,2021-10-06,700,663,29428.4,14999.61,,9.15,4,0,0,39.4,,-37
8805,term,East,debt_consolidation,2022-04-15,701,690,37261.0,9445.34,,11.04,8,0,0,33.1,,-11
8806,term,North,home_improvement,2024-02-27,769,769,23798.63,18326.89,,11.09,0,0,0,10.3,,0
8807,term,West,debt_consolidation,2022-09-25,798,802,11026.48,4376.89,,12.4,0,0,0,27.6,,4
8808,term,South,debt_consolidation,2021-06-12,754,704,24977.6,2497.76,,8.72,0,0,0,43.3,,-50
8809,term,North,personal,2021-04-03,652,621,35355.33,15386.06,,12.69,12,0,0,45.6,,-31
8810,term,North,personal,2024-06-20,633,589,10695.75,9520.36,,4.15,9,0,0,6.5,,-44
8811,term,South,personal,2021-01-22,667,655,29599.01,2959.9,,10.13,2,0,0,48.0,,-12
8812,term,West,home_improvement,2024-04-28,645,632,59266.17,53871.25,,6.27,14,0,0,8.3,,-13
8813,term,East,auto,2024-01-15,805,808,6762.76,5913.83,,7.4,0,0,0,11.7,,3
8814,term,North,debt_consolidation,2021-05-19,737,709,11567.39,1156.74,,13.5,4,0,0,44.1,,-28
8815,revolving,North,debt_consolidation,2024-02-14,717,713,21342.77,17820.62,26837.35,7.92,2,0,0,10.7,0.664,-4
8816,term,West,home_improvement,2022-08-20,728,714,22686.93,8984.22,,9.03,6,0,0,28.8,,-14
8817,revolving,East,debt_consolidation,2023-05-27,762,741,22895.81,15403.79,33339.06,8.3,1,0,0,19.5,0.462,-21
8818,term,East,auto,2023-04-23,717,714,11742.49,6311.53,,9.38,5,0,0,20.6,,-3
8819,term,East,home_improvement,2022-07-17,668,652,22075.93,11838.13,,12.13,11,0,0,30.0,,-16
8820,revolving,South,home_improvement,2021-08-23,724,670,26639.3,2663.93,4525.71,8.66,4,0,0,40.9,0.589,-54
8821,term,South,home_improvement,2023-10-25,724,679,19593.77,11766.38,,12.01,3,0,0,14.5,,-45
8822,term,West,personal,2022-11-06,612,569,11545.98,6571.04,,10.73,14,0,0,26.2,,-43
8823,term,East,home_improvement,2021-05-20,824,813,10767.16,3147.0,,5.33,0,0,0,44.1,,-11
8824,term,South,home_improvement,2024-06-11,643,637,26263.51,23892.61,,10.31,17,0,0,6.8,,-6
8825,term,East,home_improvement,2023-01-13,772,775,32093.44,20575.1,,12.71,1,0,0,24.0,,3
8826,term,East,home_improvement,2023-01-01,670,639,14174.51,3996.14,,9.15,6,0,1,24.4,,-31
8827,revolving,South,home_improvement,2024-01-22,749,729,8909.97,7011.38,21005.38,9.79,3,0,0,11.5,0.334,-20
8828,revolving,South,home_improvement,2023-07-01,683,637,6640.98,3527.64,7312.54,10.56,6,0,0,18.3,0.482,-46
8829,term,East,auto,2023-12-10,593,574,42993.49,30027.18,,12.32,10,0,0,12.9,,-19
8830,revolving,South,home_improvement,2023-08-08,744,729,11660.66,5941.51,13289.18,13.4,6,0,0,17.1,0.447,-15
8831,term,North,auto,2023-08-31,768,747,8389.91,4603.17,,11.86,0,0,0,16.3,,-21
8832,revolving,North,auto,2024-09-12,679,645,10295.86,9558.89,23738.91,9.49,7,0,0,3.7,0.403,-34
8833,revolving,North,home_improvement,2023-04-09,731,718,9485.18,6473.69,15752.1,11.29,4,0,0,21.1,0.411,-13
8834,term,East,debt_consolidation,2024-05-30,638,615,29257.0,23936.76,,11.83,11,0,0,7.2,,-23
8835,term,North,debt_consolidation,2024-11-18,683,663,13710.71,13382.89,,6.0,2,1,0,1.5,,-20
8836,term,West,debt_consolidation,2021-06-14,746,760,13339.64,1333.96,,3.0,1,0,0,43.2,,14
8837,revolving,East,debt_consolidation,2024-03-27,702,688,9365.2,7858.29,15116.62,3.83,11,0,0,9.3,0.52,-14
8838,term,South,home_improvement,2022-03-06,710,686,10877.24,2663.64,,8.36,4,0,0,34.4,,-24
8839,revolving,South,personal,2023-09-20,741,741,30501.77,22899.92,42946.03,9.74,7,0,0,15.6,0.533,0
8840,term,North,debt_consolidation,2023-12-25,781,738,30399.07,25017.92,,5.92,0,0,0,12.4,,-43
8841,term,East,debt_consolidation,2023-10-03,747,743,16457.15,13003.06,,10.1,1,0,0,15.2,,-4
8842,term,West,personal,2022-06-19,699,679,13055.45,8522.61,,9.39,7,0,0,30.9,,-20
8843,term,East,auto,2021-08-23,679,655,24664.82,7768.13,,7.37,8,0,0,40.9,,-24
8844,term,North,personal,2022-02-13,691,665,8501.58,1809.37,,11.12,6,0,0,35.1,,-26
8845,revolving,North,personal,2024-10-13,602,570,16005.09,15380.84,43743.6,4.81,11,0,0,2.7,0.352,-32
8846,term,South,debt_consolidation,2022-07-01,696,665,25275.74,14277.25,,9.45,12,1,0,30.5,,-31
8847,term,South,personal,2022-03-17,611,577,11744.13,3887.51,,13.67,19,1,0,34.0,,-34
8848,term,South,personal,2022-12-14,657,606,7330.79,3408.19,,8.4,9,0,0,25.0,,-51
8849,revolving,North,personal,2023-05-11,725,699,51254.92,39527.95,83002.69,11.31,2,0,0,20.0,0.476,-26
8850,revolving,South,debt_consolidation,2023-03-28,656,625,18051.82,8648.11,22995.85,11.21,13,0,0,21.5,0.376,-31
8851,term,West,personal,2024-10-12,764,747,12122.28,11771.93,,7.92,0,0,0,2.7,,-17
8852,term,South,home_improvement,2022-07-23,677,643,8879.42,5675.29,,4.89,6,0,0,29.8,,-34
8853,revolving,East,debt_consolidation,2024-07-08,752,750,9055.98,8521.01,21412.11,7.18,2,1,0,5.9,0.398,-2
8854,term,South,debt_consolidation,2022-06-24,663,635,47865.27,31226.92,,9.94,10,1,0,30.7,,-28
8855,term,South,personal,2024-08-18,673,652,19726.95,18418.66,,12.16,8,0,0,4.5,,-21
8856,term,East,debt_consolidation,2022-06-12,749,721,9856.33,4485.07,,4.16,1,0,0,31.1,,-28
8857,term,South,auto,2024-05-20,669,641,13582.65,11297.78,,6.62,12,0,0,7.5,,-28
8858,term,West,personal,2024-07-10,702,685,25248.31,20899.58,,9.08,9,0,0,5.8,,-17
8859,revolving,East,debt_consolidation,2022-10-19,654,643,1000.0,447.82,1253.55,6.49,17,0,0,26.8,0.357,-11
8860,revolving,South,personal,2023-02-06,542,517,7528.73,2961.36,5409.42,13.33,21,0,0,23.2,0.547,-25
8861,revolving,South,personal,2021-04-17,644,602,21508.91,2393.07,5235.63,8.58,16,0,1,45.2,0.457,-42
8862,term,South,personal,2024-07-20,767,748,13149.28,11285.36,,9.81,3,0,0,5.5,,-19
8863,revolving,South,auto,2024-06-23,700,682,30442.21,25831.21,58151.77,6.49,11,0,0,6.4,0.444,-18
8864,revolving,South,debt_consolidation,2021-08-30,733,694,19865.2,2266.92,4317.4,11.16,3,0,0,40.7,0.525,-39
8865,term,North,home_improvement,2022-02-15,735,699,14936.07,5108.22,,6.24,1,0,0,35.0,,-36
8866,term,North,auto,2023-07-06,726,702,2639.75,1309.59,,10.35,5,0,0,18.2,,-24
8867,revolving,North,auto,2021-06-11,775,745,4603.94,1964.79,5880.83,13.8,0,0,0,43.3,0.334,-30
8868,term,West,home_improvement,2023-12-18,660,668,3633.57,2656.73,,11.48,9,0,0,12.7,,8
8869,term,North,auto,2021-11-01,769,741,21261.47,2126.15,,9.58,0,0,0,38.6,,-28
8870,term,North,auto,2022-09-08,720,711,6505.23,4221.91,,6.65,6,0,0,28.2,,-9
8871,term,South,personal,2023-05-02,706,692,9290.42,6082.57,,6.86,4,0,0,20.3,,-14
8872,revolving,West,home_improvement,2024-06-11,556,526,30936.72,28160.43,47804.5,10.33,14,1,0,6.8,0.589,-30
8873,term,East,home_improvement,2023-08-18,704,664,6739.99,4551.94,,9.43,7,0,0,16.7,,-40
8874,term,East,debt_consolidation,2023-11-22,735,716,7516.25,5084.28,,11.72,3,0,0,13.5,,-19
8875,revolving,West,auto,2023-12-13,693,710,19326.37,16808.51,27977.41,8.87,6,0,0,12.8,0.601,17
8876,revolving,South,debt_consolidation,2023-11-28,755,740,19908.58,14290.42,36699.05,10.6,0,0,0,13.3,0.389,-15
8877,term,East,home_improvement,2023-03-01,757,736,7737.68,3076.16,,9.3,3,0,0,22.4,,-21
8878,term,North,home_improvement,2024-11-23,663,628,20985.76,20477.04,,10.94,8,0,0,1.3,,-35
8879,term,North,home_improvement,2023-03-29,686,647,9464.29,6451.26,,8.08,9,0,0,21.5,,-39
8880,revolving,West,home_improvement,2023-08-20,664,644,40950.43,27116.33,48500.09,4.62,10,0,0,16.7,0.559,-20
8881,term,East,home_improvement,2021-11-16,654,637,16892.96,2021.81,,11.99,13,0,0,38.1,,-17
8882,term,South,personal,2023-09-20,685,677,8651.0,4750.15,,8.59,5,0,0,15.6,,-8
8883,term,North,auto,2021-02-06,694,655,17283.71,1728.37,,13.07,7,0,0,47.5,,-39
8884,term,West,home_improvement,2022-02-10,554,516,22935.49,11244.92,,9.31,22,0,0,35.2,,-38
8885,term,South,debt_consolidation,2023-05-10,677,660,18395.99,13642.84,,9.09,18,0,0,20.1,,-17
8886,term,South,auto,2021-11-26,704,651,7890.71,789.07,,13.0,5,0,0,37.7,,-53
8887,revolving,North,home_improvement,2021-03-21,687,669,24863.51,2486.35,6855.47,7.05,7,0,0,46.1,0.363,-18
8888,revolving,South,home_improvement,2024-07-17,675,626,7610.22,7169.97,11077.22,7.69,8,0,0,5.6,0.647,-49
8889,term,West,home_improvement,2021-11-03,619,572,6260.92,3266.9,,10.32,11,0,0,38.5,,-47
8890,term,East,personal,2021-05-19,601,575,11485.82,1148.58,,6.46,9,0,0,44.1,,-26
8891,term,North,home_improvement,2024-11-15,648,602,31338.17,30063.06,,14.38,14,0,0,1.6,,-46
8892,term,West,personal,2024-04-06,571,518,13250.57,11746.67,,8.06,17,0,0,9.0,,-53
8893,revolving,South,personal,2022-11-14,677,681,19241.09,11230.7,31732.69,8.43,14,0,0,26.0,0.354,4
8894,term,North,personal,2021-06-11,629,575,10032.81,1003.28,,13.08,19,0,0,43.3,,-54
8895,term,South,home_improvement,2021-06-01,692,687,15747.62,1574.76,,9.19,7,0,0,43.7,,-5
8896,term,North,auto,2024-05-26,646,625,6816.76,5606.54,,6.52,16,1,0,7.3,,-21
8897,term,South,debt_consolidation,2023-07-20,563,537,5870.43,4815.67,,11.92,13,0,0,17.7,,-26
8898,term,South,debt_consolidation,2023-05-28,621,622,20315.62,9059.59,,11.6,18,0,1,19.5,,1
8899,revolving,North,auto,2022-12-27,691,661,19929.15,14493.16,34875.15,5.65,9,0,0,24.5,0.416,-30
8900,term,East,personal,2022-03-01,726,722,21912.47,5275.47,,6.92,5,0,0,34.6,,-4
8901,term,West,debt_consolidation,2021-07-15,663,599,6499.02,3464.55,,6.03,11,0,0,42.2,,-64
8902,term,West,debt_consolidation,2024-01-13,695,690,3131.11,2501.41,,3.0,4,0,0,11.8,,-5
8903,revolving,West,debt_consolidation,2021-08-17,668,636,23691.02,8013.35,23016.44,15.34,6,0,0,41.1,0.348,-32
8904,revolving,West,personal,2021-09-16,667,641,5223.51,522.35,1262.17,4.77,10,0,1,40.1,0.414,-26
8905,term,East,auto,2023-08-15,631,595,3797.98,2185.53,,6.52,15,0,1,16.8,,-36
8906,term,West,debt_consolidation,2023-01-10,678,648,3706.78,1730.76,,10.49,9,0,0,24.1,,-30
8907,term,North,auto,2021-04-25,643,584,47301.13,4730.11,,10.02,7,0,0,44.9,,-59
8908,term,North,personal,2023-08-04,762,761,9980.92,6798.01,,10.97,1,0,0,17.2,,-1
8909,term,East,home_improvement,2023-08-30,639,610,9566.79,6663.17,,9.86,14,0,0,16.3,,-29
8910,revolving,West,debt_consolidation,2022-01-13,690,633,8958.59,895.86,1777.99,13.58,6,0,0,36.1,0.504,-57
8911,revolving,South,debt_consolidation,2024-05-01,616,591,20517.33,15912.74,32504.15,7.26,22,1,0,8.2,0.49,-25
8912,term,West,auto,2024-10-06,668,621,40686.51,38193.24,,14.27,6,0,0,2.9,,-47
8913,term,South,personal,2024-05-04,619,607,35340.55,28466.91,,7.78,12,0,0,8.1,,-12
8914,revolving,South,auto,2023-05-02,645,628,15229.92,11295.12,32069.77,5.2,11,0,0,20.3,0.352,-17
8915,revolving,East,home_improvement,2022-03-16,738,690,12539.52,1253.95,2089.09,7.85,4,0,0,34.1,0.6,-48
8916,revolving,North,home_improvement,2023-01-20,677,656,5211.73,1824.94,5101.06,10.53,4,0,0,23.7,0.358,-21
8917,revolving,West,auto,2024-12-14,729,691,16793.82,16516.12,27380.76,12.8,6,0,0,0.6,0.603,-38
8918,term,South,auto,2021-03-08,667,645,17238.4,1723.84,,11.05,15,0,0,46.5,,-22
8919,term,North,home_improvement,2023-12-14,724,709,20339.2,12654.12,,5.43,7,0,1,12.8,,-15
8920,revolving,West,home_improvement,2024-12-07,729,709,10355.98,10238.78,23468.49,6.4,7,1,0,0.8,0.436,-20
8921,term,East,personal,2024-09-23,722,713,6357.25,5932.39,,7.3,4,1,0,3.3,,-9
8922,term,East,auto,2021-07-21,737,757,9744.68,5628.73,,9.79,3,0,0,42.0,,20
8923,revolving,West,auto,2023-08-17,709,691,6778.91,3868.78,6925.13,12.07,3,0,0,16.8,0.559,-18
8924,revolving,West,personal,2024-05-12,654,653,9533.56,8035.23,14585.51,9.46,18,1,0,7.8,0.551,-1
8925,term,East,auto,2021-11-29,595,576,15543.57,1554.36,,4.1,12,0,0,37.6,,-19
8926,term,South,personal,2021-04-11,634,616,12477.32,1247.73,,13.07,9,0,0,45.4,,-18
8927,term,South,home_improvement,2021-07-09,703,682,5840.4,584.04,,7.11,6,1,0,42.4,,-21
8928,revolving,North,debt_consolidation,2024-05-23,746,720,14189.8,12813.99,20338.32,12.81,1,0,0,7.4,0.63,-26
8929,term,South,debt_consolidation,2023-03-09,709,692,20556.88,8032.29,,8.0,4,0,0,22.1,,-17
8930,term,North,home_improvement,2024-12-13,661,646,13023.63,12851.44,,8.4,9,0,0,0.6,,-15
8931,term,North,home_improvement,2021-10-13,654,607,18360.84,9037.64,,10.05,11,0,0,39.2,,-47
8932,term,West,debt_consolidation,2021-01-20,682,645,20404.78,2040.48,,11.71,7,0,0,48.1,,-37
8933,term,East,personal,2022-04-19,716,688,8099.52,1120.62,,15.54,3,0,0,32.9,,-28
8934,term,North,personal,2024-08-23,682,665,8274.13,7274.85,,7.8,6,0,0,4.4,,-17
8935,revolving,West,debt_consolidation,2023-05-16,650,645,11517.36,4923.79,11076.72,8.5,4,0,0,19.9,0.445,-5
8936,term,South,home_improvement,2021-02-15,629,586,6523.12,652.31,,6.32,9,0,0,47.2,,-43
8937,term,South,personal,2023-04-02,637,597,16025.59,8677.38,,6.5,15,0,0,21.3,,-40
8938,term,North,personal,2022-09-17,638,592,15913.86,2704.04,,8.4,12,0,0,27.9,,-46
8939,term,North,home_improvement,2024-05-24,676,638,10881.56,8618.71,,12.0,8,0,1,7.4,,-38
8940,term,North,home_improvement,2024-11-25,631,598,2664.85,2591.52,,7.3,14,1,0,1.2,,-33
8941,revolving,South,debt_consolidation,2021-09-07,646,625,35291.14,19194.76,28934.85,11.96,8,0,0,40.4,0.663,-21
8942,term,North,personal,2021-04-08,721,699,18845.75,1884.57,,7.86,3,0,0,45.5,,-22
8943,revolving,North,debt_consolidation,2023-01-25,715,691,4924.15,1570.28,3657.63,12.33,2,0,0,23.6,0.429,-24
8944,term,North,auto,2021-03-25,781,783,26894.42,2689.44,,3.0,0,0,0,45.9,,2
8945,term,East,personal,2021-08-17,700,673,20047.79,2004.78,,7.1,9,0,0,41.1,,-27
8946,revolving,East,debt_consolidation,2023-03-31,595,560,6519.1,4956.25,11661.39,12.05,18,1,1,21.4,0.425,-35
8947,term,South,debt_consolidation,2022-06-02,587,556,32939.59,9291.71,,10.38,13,1,0,31.5,,-31
8948,revolving,East,auto,2024-07-11,687,662,16885.76,15547.69,27214.1,8.62,6,0,0,5.8,0.571,-25
8949,term,South,auto,2024-05-27,677,650,9080.51,7340.73,,9.93,9,0,0,7.3,,-27
8950,revolving,East,home_improvement,2021-06-25,664,624,8274.2,4402.52,12234.7,10.37,7,0,0,42.9,0.36,-40
8951,term,East,personal,2023-06-17,609,559,30587.84,24037.74,,8.89,14,0,0,18.8,,-50
8952,term,East,debt_consolidation,2021-05-17,622,596,21084.59,11468.58,,8.1,14,0,0,44.2,,-26
8953,term,South,personal,2021-08-03,744,712,26977.06,15671.84,,11.77,3,0,1,41.6,,-32
8954,term,South,auto,2022-04-17,741,710,8768.47,5516.85,,11.62,2,0,0,33.0,,-31
8955,term,North,personal,2024-09-27,695,660,2822.42,2700.5,,12.14,3,0,0,3.2,,-35
8956,term,East,debt_consolidation,2022-04-05,717,704,12101.53,7096.57,,15.34,3,0,0,33.4,,-13
8957,revolving,South,home_improvement,2024-10-28,611,565,15560.59,14891.37,38237.4,9.95,15,0,0,2.2,0.389,-46
8958,revolving,North,personal,2023-10-17,698,649,22366.88,15101.85,36572.46,15.38,7,0,0,14.7,0.413,-49
8959,revolving,West,debt_consolidation,2024-11-06,641,610,15578.81,14851.93,23517.09,13.84,9,0,0,1.9,0.632,-31
8960,term,West,home_improvement,2024-04-05,754,726,6215.56,5490.06,,13.96,1,1,0,9.0,,-28
8961,term,West,debt_consolidation,2024-01-29,709,682,15415.43,13636.41,,10.47,6,0,0,11.3,,-27
8962,term,West,personal,2021-08-13,587,559,4226.09,422.61,,12.01,22,0,0,41.2,,-28
8963,term,South,home_improvement,2023-10-10,606,585,7095.99,5440.93,,14.12,10,0,0,15.0,,-21
8964,term,South,auto,2023-08-19,675,633,32437.04,26841.47,,5.8,15,0,0,16.7,,-42
8965,term,North,personal,2022-10-25,625,580,15633.67,11309.86,,8.92,16,0,0,26.6,,-45
8966,term,West,auto,2024-04-09,746,703,15571.7,12850.8,,9.86,4,0,0,8.9,,-43
8967,term,South,debt_consolidation,2024-02-12,568,528,36666.8,27068.07,,12.64,20,0,0,10.8,,-40
8968,revolving,North,auto,2023-08-21,675,664,10288.16,5822.61,10607.72,11.19,7,0,0,16.6,0.549,-11
8969,term,East,personal,2021-06-27,584,546,22172.67,6992.51,,11.8,20,0,0,42.8,,-38
8970,term,East,debt_consolidation,2021-09-01,657,624,7360.96,2342.99,,10.55,14,0,0,40.6,,-33
8971,revolving,South,personal,2024-09-03,605,550,13252.13,12203.26,28313.26,9.86,9,0,0,4.0,0.431,-55
8972,term,West,auto,2021-03-19,675,648,6244.73,2147.27,,4.25,13,0,0,46.1,,-27
8973,term,East,home_improvement,2022-12-14,625,562,5036.42,3008.58,,7.74,19,0,0,25.0,,-63
8974,term,West,personal,2022-03-14,638,613,7662.93,2082.96,,11.67,9,0,0,34.1,,-25
8975,revolving,West,home_improvement,2023-03-22,743,759,10417.99,5120.62,11642.42,9.1,1,0,0,21.7,0.44,16
8976,revolving,East,home_improvement,2023-06-13,653,608,5229.06,2532.61,5522.92,4.56,11,0,0,18.9,0.459,-45
8977,term,West,home_improvement,2023-10-04,515,477,28820.55,15971.79,,7.53,29,0,0,15.2,,-38
8978,revolving,South,personal,2023-10-19,670,636,18275.74,12022.13,32145.06,15.06,8,1,0,14.7,0.374,-34
8979,term,North,personal,2022-03-07,764,775,15713.08,1621.34,,4.6,0,0,0,34.4,,11
8980,term,East,auto,2021-12-02,701,631,20140.6,2014.06,,3.0,10,0,0,37.5,,-70
8981,revolving,West,personal,2022-06-21,735,717,19043.12,3028.91,7948.03,12.42,5,0,0,30.8,0.381,-18
8982,term,North,debt_consolidation,2024-04-30,643,604,16830.53,14689.07,,8.64,8,0,0,8.2,,-39
8983,term,East,debt_consolidation,2021-06-02,718,713,10761.81,1076.18,,10.73,4,0,0,43.6,,-5
8984,term,South,personal,2022-02-19,652,600,26730.24,2819.23,,11.67,11,0,0,34.9,,-52
8985,term,West,personal,2024-09-28,699,675,7125.1,6688.32,,5.11,4,0,0,3.2,,-24
8986,revolving,South,debt_consolidation,2023-03-25,750,757,10216.54,5670.62,11466.66,11.7,0,0,0,21.6,0.495,7
8987,term,North,auto,2021-04-16,615,570,13286.06,2272.21,,3.0,16,0,0,45.2,,-45
8988,term,West,home_improvement,2021-09-25,572,549,21917.4,4889.43,,10.02,18,0,0,39.8,,-23
8989,revolving,South,personal,2021-12-13,654,623,1008.66,326.46,766.64,11.43,8,0,0,37.2,0.426,-31
8990,term,North,home_improvement,2024-07-30,699,650,32785.3,28546.35,,9.45,7,1,0,5.2,,-49
8991,revolving,West,personal,2022-03-14,778,736,100000.0,10000.0,26893.94,5.12,0,0,0,34.1,0.372,-42
8992,term,West,personal,2024-06-25,685,657,14209.41,12468.75,,8.99,7,0,0,6.3,,-28
8993,term,North,personal,2021-04-18,717,705,26515.87,2651.59,,13.88,3,0,0,45.1,,-12
8994,term,West,personal,2024-08-17,638,631,8045.29,7001.62,,10.65,14,0,0,4.6,,-7
8995,term,East,auto,2023-07-05,640,625,13118.41,8882.91,,7.22,9,0,0,18.2,,-15
8996,term,North,auto,2024-05-09,700,672,8804.36,7751.6,,8.94,11,0,0,7.9,,-28
8997,term,North,home_improvement,2022-04-01,775,746,25007.58,16388.61,,11.89,1,0,0,33.5,,-29
8998,revolving,South,personal,2024-08-21,681,654,14705.31,13538.75,35446.21,13.71,7,0,0,4.4,0.382,-27
8999,term,North,personal,2023-11-03,695,661,17551.29,14186.78,,3.71,9,0,0,14.2,,-34
9000,term,East,personal,2022-11-12,639,568,28768.64,16231.94,,12.43,15,0,0,26.0,,-71
9001,term,North,auto,2021-09-09,646,614,3638.52,809.85,,12.02,16,0,0,40.3,,-32
9002,term,West,home_improvement,2022-03-17,747,727,5927.95,990.81,,6.2,1,0,0,34.0,,-20
9003,term,South,home_improvement,2021-03-06,592,544,2061.61,527.65,,10.51,17,0,0,46.6,,-48
9004,term,North,personal,2024-12-20,634,572,9355.35,9092.92,,8.24,8,0,0,0.4,,-62
9005,revolving,North,debt_consolidation,2023-12-15,665,638,23573.93,19621.82,39950.87,6.35,10,0,0,12.8,0.491,-27
9006,term,South,personal,2022-06-30,686,661,17001.96,6215.11,,8.6,7,0,0,30.5,,-25
9007,term,North,personal,2021-09-17,674,634,8481.65,1488.64,,4.79,9,0,0,40.1,,-40
9008,term,West,personal,2023-09-02,727,734,11636.55,8097.48,,9.24,2,0,0,16.2,,7
9009,term,West,home_improvement,2021-11-13,850,838,24606.4,5604.5,,7.62,0,0,0,38.2,,-12
9010,term,North,debt_consolidation,2024-03-12,616,571,9122.01,6627.09,,8.19,13,0,0,9.8,,-45
9011,term,South,debt_consolidation,2023-04-04,696,688,7886.16,4676.84,,8.07,6,0,0,21.3,,-8
9012,term,East,debt_consolidation,2021-01-04,639,594,10645.46,1064.55,,8.46,11,0,1,48.6,,-45
9013,term,East,debt_consolidation,2024-11-22,735,727,14539.94,14081.88,,6.79,7,0,0,1.3,,-8
9014,revolving,East,debt_consolidation,2024-07-11,790,784,21471.75,18714.98,41574.62,3.0,0,0,0,5.8,0.45,-6
9015,term,East,personal,2022-10-28,676,632,18353.2,6251.3,,14.87,9,1,0,26.5,,-44
9016,term,West,debt_consolidation,2021-10-29,740,739,14865.98,7814.7,,14.18,1,1,0,38.7,,-1
9017,revolving,West,debt_consolidation,2022-09-20,621,585,4034.64,1275.52,3592.26,11.19,17,0,0,27.8,0.355,-36
9018,term,East,auto,2024-01-03,756,728,30883.34,21270.63,,7.83,0,0,0,12.1,,-28
9019,revolving,West,personal,2023-09-21,783,755,9637.34,5266.95,11917.87,11.36,0,0,0,15.6,0.442,-28
9020,revolving,East,personal,2024-11-21,672,626,25847.82,25028.2,43780.21,3.76,7,0,0,1.4,0.572,-46
9021,term,South,debt_consolidation,2024-11-24,720,703,27541.36,26721.81,,11.77,1,0,0,1.3,,-17
9022,term,South,debt_consolidation,2023-09-29,605,575,6951.53,4617.32,,7.42,18,0,0,15.3,,-30
9023,term,North,home_improvement,2021-06-06,642,597,24822.12,2482.21,,5.02,16,0,0,43.5,,-45
9024,term,North,debt_consolidation,2022-01-03,712,683,12820.51,2382.71,,12.48,4,0,0,36.5,,-29
9025,term,South,personal,2023-09-19,822,783,1941.6,1428.81,,10.52,0,0,0,15.7,,-39
9026,term,East,debt_consolidation,2023-02-25,570,548,14127.79,7578.59,,7.55,17,0,0,22.5,,-22
9027,term,East,home_improvement,2024-03-15,691,655,5233.72,4225.39,,8.85,5,0,0,9.7,,-36
9028,revolving,West,auto,2024-09-22,755,724,9115.07,8458.83,16878.84,6.21,2,0,0,3.4,0.501,-31
9029,term,South,personal,2021-04-11,789,779,22886.09,2288.61,,10.56,0,0,0,45.4,,-10
9030,revolving,East,debt_consolidation,2021-06-12,667,625,9262.42,3301.49,6749.71,10.43,8,0,0,43.3,0.489,-42
9031,term,East,auto,2024-12-22,757,751,29067.4,28423.59,,10.11,2,0,0,0.3,,-6
9032,term,South,auto,2021-08-09,724,705,49576.83,4957.68,,3.0,5,0,0,41.4,,-19
9033,revolving,East,auto,2024-10-11,786,766,49064.71,47129.15,116192.0,9.71,0,0,0,2.7,0.406,-20
9034,term,East,home_improvement,2023-11-17,668,611,22467.41,15255.73,,5.63,8,0,0,13.7,,-57
9035,revolving,West,personal,2024-07-25,685,700,10623.27,9598.57,17085.82,11.68,9,0,0,5.3,0.562,15
9036,revolving,West,home_improvement,2024-09-15,642,574,19764.02,18941.08,38958.86,8.8,10,0,0,3.6,0.486,-68
9037,term,North,personal,2023-03-28,662,615,9657.5,4061.91,,15.57,3,0,0,21.5,,-47
9038,term,West,debt_consolidation,2023-07-09,661,639,13722.29,9343.32,,7.33,8,0,0,18.1,,-22
9039,term,North,debt_consolidation,2024-09-11,631,596,39406.77,36445.39,,4.79,10,0,0,3.7,,-35
9040,revolving,East,home_improvement,2022-10-31,787,800,12302.79,9023.1,21176.7,6.45,0,0,0,26.4,0.426,13
9041,revolving,South,debt_consolidation,2021-08-11,683,665,24134.05,10795.18,20030.15,9.03,6,0,0,41.3,0.539,-18
9042,term,North,personal,2024-03-19,651,607,18068.73,15821.21,,5.74,12,0,0,9.6,,-44
9043,term,East,personal,2022-01-22,655,653,13394.95,6534.84,,3.0,10,1,0,35.8,,-2
9044,term,East,home_improvement,2024-04-03,587,559,15766.12,13244.48,,10.92,9,0,0,9.1,,-28
9045,term,North,home_improvement,2022-02-24,716,698,19404.03,4871.25,,15.23,5,0,0,34.7,,-18
9046,term,South,personal,2024-03-14,628,602,7944.67,6609.5,,13.16,12,0,0,9.8,,-26
9047,term,West,auto,2023-02-09,643,639,9516.68,4971.52,,7.93,5,0,0,23.1,,-4
9048,term,North,auto,2024-02-18,748,732,1950.77,1378.8,,7.28,5,0,0,10.6,,-16
9049,revolving,South,personal,2022-04-15,647,609,35694.6,15867.19,38565.87,8.84,9,0,0,33.1,0.411,-38
9050,term,South,debt_consolidation,2024-04-08,707,681,1873.84,1387.39,,12.42,7,0,0,8.9,,-26
9051,term,West,auto,2021-11-22,646,602,9656.54,2007.62,,7.27,9,0,1,37.9,,-44
9052,term,West,debt_consolidation,2021-01-24,649,634,56775.42,5677.54,,8.38,6,0,0,47.9,,-15
9053,term,South,personal,2022-12-29,642,583,29057.33,14821.87,,15.73,12,1,0,24.5,,-59
9054,term,East,debt_consolidation,2022-02-04,669,661,13313.51,4111.56,,9.41,4,0,0,35.4,,-8
9055,term,North,auto,2022-01-04,596,546,8300.58,1296.01,,13.26,14,0,1,36.4,,-50
9056,term,South,debt_consolidation,2024-12-14,725,696,8143.58,7943.09,,9.98,7,0,0,0.6,,-29
9057,revolving,West,auto,2024-08-06,848,823,5834.99,5186.81,8741.98,8.86,0,0,0,4.9,0.593,-25
9058,term,East,auto,2021-02-20,715,676,15720.47,1572.05,,8.93,9,0,0,47.0,,-39
9059,term,North,personal,2024-03-04,624,598,3405.97,2940.88,,4.63,9,1,0,10.1,,-26
9060,revolving,North,debt_consolidation,2022-09-28,720,708,3618.09,2352.98,5523.04,10.29,11,0,0,27.5,0.426,-12
9061,term,South,auto,2024-04-15,587,560,26395.78,19992.16,,10.52,14,0,0,8.7,,-27
9062,revolving,North,personal,2021-09-03,633,571,13653.51,3829.02,8716.01,5.77,14,0,0,40.5,0.439,-62
9063,revolving,South,auto,2022-07-13,653,634,4614.28,2440.22,6735.12,12.47,5,0,0,30.1,0.362,-19
9064,revolving,East,personal,2024-03-18,742,706,26008.91,22103.35,44471.11,9.33,4,0,0,9.6,0.497,-36
9065,term,West,auto,2021-03-22,721,718,40717.56,7049.76,,8.21,5,0,0,46.0,,-3
9066,term,West,auto,2021-08-01,594,581,23650.81,6910.84,,13.55,18,0,0,41.6,,-13
9067,revolving,West,home_improvement,2021-04-19,728,693,3379.25,337.92,765.1,4.6,6,0,0,45.1,0.442,-35
9068,term,North,home_improvement,2022-11-27,646,579,15241.77,4434.96,,10.35,12,0,0,25.5,,-67
9069,term,North,personal,2023-05-19,716,690,1000.0,690.85,,10.96,4,0,0,19.8,,-26
9070,term,West,personal,2022-05-04,634,599,14763.71,7771.94,,9.83,13,0,0,32.4,,-35
9071,term,West,personal,2024-09-27,673,655,34564.0,32342.73,,7.36,10,0,0,3.2,,-18
9072,revolving,West,debt_consolidation,2023-05-28,630,603,26146.2,14214.61,29924.32,15.57,14,0,0,19.5,0.475,-27
9073,term,North,personal,2022-03-01,673,656,10263.11,1026.31,,11.17,7,0,0,34.6,,-17
9074,term,West,home_improvement,2021-12-12,608,569,10759.22,6297.8,,6.22,15,0,0,37.2,,-39
9075,revolving,North,personal,2024-05-11,628,617,2285.54,2081.61,3123.17,7.1,10,0,0,7.8,0.667,-11
9076,revolving,South,personal,2024-12-03,641,619,10763.13,10647.84,20019.49,3.54,6,0,0,1.0,0.532,-22
9077,revolving,North,auto,2022-05-31,621,575,14081.32,9241.41,16897.28,8.52,12,0,0,31.5,0.547,-46
9078,term,North,debt_consolidation,2024-03-09,657,642,6492.82,5309.29,,15.2,6,0,0,9.9,,-15
9079,revolving,East,personal,2021-01-03,685,668,24339.11,4336.24,10700.89,4.75,7,1,0,48.6,0.405,-17
9080,term,North,home_improvement,2021-05-15,759,723,24221.29,9646.52,,9.93,3,0,0,44.2,,-36
9081,term,South,debt_consolidation,2024-08-10,612,560,12980.86,11166.85,,7.95,17,0,0,4.8,,-52
9082,term,South,personal,2022-07-20,617,577,47436.28,14737.46,,9.96,16,1,0,29.9,,-40
9083,term,North,debt_consolidation,2023-06-07,682,656,10152.04,6307.84,,10.11,5,1,0,19.1,,-26
9084,term,South,auto,2021-07-09,581,528,8205.09,3768.94,,9.53,14,0,0,42.4,,-53
9085,revolving,North,debt_consolidation,2023-12-17,694,676,46570.09,36692.74,87349.15,4.71,8,0,0,12.7,0.42,-18
9086,term,South,auto,2022-07-21,680,670,17704.74,11966.04,,6.49,6,0,0,29.8,,-10
9087,revolving,West,personal,2024-09-02,712,669,10229.92,9675.41,19129.63,7.78,3,0,0,4.0,0.506,-43
9088,term,West,home_improvement,2022-02-21,814,789,25179.11,11395.05,,9.35,0,0,0,34.8,,-25
9089,revolving,East,auto,2024-01-29,683,670,24693.25,18904.43,44562.59,13.07,8,0,0,11.3,0.424,-13
9090,revolving,East,debt_consolidation,2023-06-17,647,627,5379.75,3955.19,10402.94,15.5,10,0,0,18.8,0.38,-20
9091,term,North,auto,2022-11-09,737,725,30482.03,21925.41,,8.65,3,0,0,26.1,,-12
9092,term,East,home_improvement,2022-10-04,679,651,24451.5,8356.24,,7.69,8,0,0,27.3,,-28
9093,revolving,South,auto,2024-06-16,670,648,30987.43,27488.45,73367.04,9.45,9,0,0,6.6,0.375,-22
9094,term,South,personal,2024-07-08,787,789,47138.27,43526.6,,9.84,0,0,0,5.9,,2
9095,term,North,personal,2023-10-12,725,721,16753.6,10219.56,,14.56,2,0,0,14.9,,-4
9096,revolving,West,auto,2023-06-05,622,584,3660.12,1630.64,3365.36,4.67,13,0,0,19.2,0.485,-38
9097,term,North,home_improvement,2021-04-27,624,594,26345.91,2634.59,,11.12,20,0,0,44.8,,-30
9098,term,East,debt_consolidation,2023-01-05,599,577,19514.91,11669.61,,12.46,17,0,0,24.2,,-22
9099,revolving,West,auto,2023-03-24,613,587,26398.14,9926.6,29040.67,6.25,12,0,0,21.6,0.342,-26
9100,term,West,debt_consolidation,2024-12-23,747,726,25421.04,24924.41,,12.9,2,0,0,0.3,,-21
9101,term,South,home_improvement,2022-04-15,649,631,38623.31,3862.33,,5.98,17,0,0,33.1,,-18
9102,term,South,auto,2021-05-02,572,531,22626.76,2262.68,,4.55,28,0,0,44.7,,-41
9103,term,West,personal,2024-09-20,707,690,3871.76,3670.71,,8.31,4,0,0,3.4,,-17
9104,term,South,home_improvement,2021-06-08,690,666,11370.44,1137.04,,11.3,10,0,1,43.4,,-24
9105,term,East,debt_consolidation,2021-06-29,653,613,17051.66,5424.04,,3.28,13,0,0,42.7,,-40
9106,term,West,personal,2023-02-20,641,592,30933.32,22317.07,,3.79,9,0,0,22.7,,-49
9107,revolving,East,auto,2021-05-14,681,686,28861.83,4480.86,7615.95,12.22,3,0,0,44.3,0.588,5
9108,revolving,South,home_improvement,2024-01-22,684,639,5955.58,4154.78,6429.99,8.54,8,0,1,11.5,0.646,-45
9109,term,North,auto,2022-12-30,704,681,47195.1,16330.18,,10.13,7,0,0,24.4,,-23
9110,term,East,debt_consolidation,2023-10-14,575,541,5456.8,3825.45,,10.76,14,1,0,14.8,,-34
9111,revolving,West,auto,2024-03-22,614,583,5187.61,3709.82,8335.92,4.59,18,0,0,9.5,0.445,-31
9112,term,North,auto,2023-04-19,653,637,41038.18,21058.43,,7.25,10,0,0,20.8,,-16
9113,term,West,debt_consolidation,2021-01-11,599,559,39189.71,3918.97,,8.88,12,0,0,48.4,,-40
9114,term,East,auto,2021-03-05,708,679,15729.53,1572.95,,6.32,9,0,0,46.6,,-29
9115,term,West,home_improvement,2021-03-27,720,698,19219.86,5806.78,,7.81,7,0,0,45.9,,-22
9116,revolving,East,personal,2022-03-06,643,588,9767.73,3718.61,11142.77,11.79,14,0,0,34.4,0.334,-55
9117,term,West,debt_consolidation,2021-07-19,719,681,13623.95,7569.77,,3.0,4,0,0,42.1,,-38
9118,term,South,debt_consolidation,2021-07-02,693,686,14834.99,7437.5,,9.49,5,0,0,42.6,,-7
9119,revolving,West,auto,2021-09-19,693,659,19881.55,1988.15,5735.73,5.86,4,0,0,40.0,0.347,-34
9120,revolving,South,auto,2021-09-26,507,436,5795.52,3194.67,9036.47,8.15,21,0,0,39.8,0.354,-71
9121,revolving,East,home_improvement,2021-01-25,668,617,8957.63,1753.15,4096.73,8.24,7,0,0,47.9,0.428,-51
9122,term,East,debt_consolidation,2022-01-31,644,601,11216.41,3127.03,,9.33,9,0,0,35.5,,-43
9123,term,South,home_improvement,2024-01-01,671,635,11388.45,7417.66,,8.78,15,0,0,12.2,,-36
9124,term,South,auto,2024-01-21,654,618,12814.53,10120.98,,9.9,7,0,0,11.5,,-36
9125,term,North,debt_consolidation,2022-08-21,608,596,1000.0,445.08,,10.85,18,0,0,28.8,,-12
9126,term,North,personal,2022-01-22,659,635,11217.74,2762.95,,4.29,12,0,0,35.8,,-24
9127,term,North,auto,2021-09-09,655,644,12958.2,5732.22,,7.95,9,0,1,40.3,,-11
9128,revolving,West,home_improvement,2024-09-15,734,717,34319.31,31973.89,80361.37,6.64,4,0,0,3.6,0.398,-17
9129,term,South,auto,2022-09-04,671,650,5931.97,3992.56,,3.8,14,0,0,28.3,,-21
9130,revolving,West,debt_consolidation,2022-12-26,645,610,2968.99,2047.6,4829.48,6.04,13,0,0,24.6,0.424,-35
9131,term,South,debt_consolidation,2023-12-21,605,589,11240.61,7365.24,,12.06,13,0,1,12.6,,-16
9132,term,North,debt_consolidation,2021-06-06,843,815,4872.11,487.21,,8.24,0,0,0,43.5,,-28
9133,term,South,home_improvement,2023-05-16,739,715,22742.65,17639.81,,10.54,4,0,0,19.9,,-24
9134,term,North,auto,2021-04-15,689,643,5627.66,1035.19,,10.3,8,0,0,45.2,,-46
9135,term,North,personal,2022-01-09,594,568,12906.44,1290.64,,6.29,16,0,0,36.3,,-26
9136,revolving,North,debt_consolidation,2023-08-29,588,576,7801.27,5439.57,15138.06,10.62,17,0,0,16.4,0.359,-12
9137,term,East,auto,2022-11-19,780,769,11836.08,6316.7,,5.69,0,0,0,25.8,,-11
9138,term,North,home_improvement,2022-06-10,776,720,21883.73,4709.19,,11.17,1,0,0,31.2,,-56
9139,revolving,East,home_improvement,2023-01-19,696,705,52835.8,31493.46,61311.66,7.22,6,0,0,23.8,0.514,9
9140,term,North,home_improvement,2021-10-27,631,596,7895.8,1377.02,,5.0,16,1,0,38.7,,-35
9141,revolving,East,debt_consolidation,2023-07-02,647,627,9103.22,7359.96,14440.27,9.42,17,0,0,18.3,0.51,-20
9142,term,North,auto,2021-02-10,627,597,1813.86,181.39,,6.88,11,0,0,47.4,,-30
9143,term,South,home_improvement,2021-07-18,804,779,30745.02,10983.34,,10.89,0,0,0,42.1,,-25
9144,term,East,auto,2024-04-06,667,621,19895.61,16782.53,,11.13,8,0,0,9.0,,-46
9145,term,West,home_improvement,2021-05-02,728,714,11014.29,1101.43,,3.0,3,0,0,44.7,,-14
9146,term,West,personal,2023-05-06,737,730,10070.11,5629.98,,19.33,2,0,0,20.2,,-7
9147,term,West,home_improvement,2024-12-03,602,558,24922.02,24441.79,,5.15,11,0,0,1.0,,-44
9148,term,North,home_improvement,2021-12-30,684,637,4803.76,2843.94,,11.15,9,0,0,36.6,,-47
9149,term,West,auto,2021-08-29,663,630,15637.84,1563.78,,7.64,14,0,0,40.7,,-33
9150,term,South,personal,2023-04-24,757,764,25795.03,18810.98,,9.99,0,0,0,20.6,,7
9151,term,West,home_improvement,2021-03-26,716,705,18735.95,9978.57,,7.13,5,0,0,45.9,,-11
9152,revolving,South,home_improvement,2021-06-18,676,647,1329.25,132.92,255.37,13.42,4,0,0,43.1,0.52,-29
9153,term,West,home_improvement,2022-08-04,688,645,12630.27,7424.11,,4.7,12,0,0,29.4,,-43
9154,term,West,debt_consolidation,2023-07-30,638,612,5604.68,3961.84,,12.1,8,0,0,17.4,,-26
9155,revolving,North,auto,2022-05-10,623,611,11975.86,6810.33,17937.11,3.26,15,0,1,32.2,0.38,-12
9156,term,South,debt_consolidation,2024-11-24,634,606,14965.21,14729.82,,9.29,12,0,0,1.3,,-28
9157,revolving,South,debt_consolidation,2022-09-09,709,689,25196.63,9848.86,19055.54,4.84,6,0,0,28.2,0.517,-20
9158,term,West,debt_consolidation,2021-06-10,735,725,17109.56,8419.38,,11.14,1,0,0,43.4,,-10
9159,revolving,West,home_improvement,2021-09-20,717,694,17942.94,1794.29,4351.53,10.03,2,0,0,40.0,0.412,-23
9160,term,West,personal,2022-05-14,586,544,12091.24,6356.26,,10.58,12,0,0,32.1,,-42
9161,term,South,personal,2023-04-09,699,680,2249.7,1729.28,,8.19,13,0,0,21.1,,-19
9162,term,North,personal,2024-01-03,716,702,15182.92,12510.69,,8.21,7,0,0,12.1,,-14
9163,revolving,East,debt_consolidation,2023-04-16,782,772,1977.96,1163.49,2521.63,8.59,0,0,0,20.9,0.461,-10
9164,term,North,home_improvement,2022-08-11,599,549,20145.14,9802.5,,5.48,18,0,0,29.1,,-50
9165,revolving,North,home_improvement,2023-11-06,744,725,3318.78,2768.77,4957.87,16.73,2,0,0,14.1,0.558,-19
9166,term,West,personal,2023-02-01,775,729,30869.47,12844.24,,6.61,0,0,0,23.3,,-46
9167,term,East,personal,2024-01-11,614,584,62119.81,42705.02,,7.8,14,0,0,11.9,,-30
9168,term,North,personal,2024-05-03,719,695,18228.63,14978.22,,9.96,6,0,0,8.1,,-24
9169,term,West,personal,2022-09-03,578,548,13049.46,8738.8,,7.66,11,1,0,28.4,,-30
9170,term,East,home_improvement,2024-12-06,678,643,7062.35,6890.46,,9.86,2,0,0,0.9,,-35
9171,term,South,debt_consolidation,2023-10-02,617,593,7204.49,6064.03,,3.45,12,0,1,15.2,,-24
9172,term,West,auto,2021-09-20,720,711,40900.63,4090.06,,8.89,4,0,0,40.0,,-9
9173,term,South,home_improvement,2022-06-22,677,647,2066.92,226.18,,6.18,8,0,0,30.8,,-30
9174,term,West,personal,2023-10-02,659,608,43264.47,27794.5,,10.21,9,0,0,15.2,,-51
9175,term,North,home_improvement,2023-04-07,716,699,39758.37,21823.03,,13.59,6,0,0,21.2,,-17
9176,term,North,auto,2022-01-18,628,590,2247.21,224.72,,14.68,9,0,1,36.0,,-38
9177,term,West,personal,2022-08-07,681,659,3316.17,1980.9,,7.64,7,0,0,29.3,,-22
9178,revolving,South,auto,2024-03-06,721,698,7149.92,6001.67,15576.77,3.0,5,1,0,10.0,0.385,-23
9179,term,East,debt_consolidation,2024-01-19,660,606,3795.24,2840.05,,9.98,11,1,0,11.6,,-54
9180,term,West,home_improvement,2023-05-22,687,665,26405.29,17553.17,,7.88,9,0,0,19.7,,-22
9181,term,West,home_improvement,2024-04-20,664,649,2422.29,2130.18,,6.19,6,0,0,8.5,,-15
9182,revolving,South,debt_consolidation,2023-05-02,765,738,2045.18,899.56,1495.0,9.77,0,0,0,20.3,0.602,-27
9183,revolving,North,auto,2022-04-13,764,713,4643.49,464.35,1235.9,9.63,1,0,0,33.1,0.376,-51
9184,term,South,personal,2022-08-24,675,654,9280.3,1710.79,,11.15,7,0,1,28.7,,-21
9185,term,West,personal,2023-10-03,672,641,7669.34,5251.61,,7.48,5,0,0,15.2,,-31
9186,term,South,personal,2022-03-29,619,614,7623.95,949.96,,7.19,15,0,0,33.6,,-5
9187,term,East,auto,2022-11-05,815,782,43776.32,24704.03,,7.11,0,0,0,26.3,,-33
9188,term,South,home_improvement,2022-07-19,726,734,8626.19,1650.51,,6.97,5,0,0,29.9,,8
9189,term,East,personal,2024-01-16,734,726,21774.84,17506.44,,11.03,1,0,0,11.7,,-8
9190,term,West,debt_consolidation,2023-03-13,765,746,29344.9,12699.49,,6.61,0,0,0,22.0,,-19
9191,term,West,home_improvement,2024-05-16,677,639,22072.81,18913.5,,4.7,12,0,0,7.7,,-38
9192,term,West,home_improvement,2021-07-08,663,623,9531.23,953.12,,10.47,8,0,0,42.4,,-40
9193,term,South,auto,2022-01-20,769,749,7574.51,4718.19,,10.34,0,0,0,35.9,,-20
9194,revolving,West,debt_consolidation,2023-08-02,647,635,33309.58,19581.69,39377.33,14.74,10,0,0,17.3,0.497,-12
9195,term,East,debt_consolidation,2022-11-29,669,623,17568.2,8592.54,,16.45,7,1,0,25.5,,-46
9196,term,East,home_improvement,2024-11-24,698,671,4547.24,4430.1,,13.56,3,0,0,1.3,,-27
9197,term,South,home_improvement,2023-05-23,615,570,51927.17,36035.55,,11.01,15,0,0,19.6,,-45
9198,term,South,home_improvement,2021-10-19,728,700,20734.16,5743.09,,8.94,3,0,0,39.0,,-28
9199,revolving,South,personal,2021-07-10,712,700,7412.26,741.23,2016.13,6.72,6,0,0,42.4,0.368,-12
9200,revolving,East,home_improvement,2024-11-27,647,616,26421.14,25843.75,38960.27,15.67,10,0,0,1.2,0.663,-31
9201,term,North,personal,2023-08-12,749,735,16024.07,9484.08,,10.17,5,0,0,16.9,,-14
9202,revolving,North,personal,2023-12-17,609,575,2927.04,2158.57,5286.39,13.36,21,0,0,12.7,0.408,-34
9203,revolving,East,auto,2021-10-22,657,604,11849.94,5838.76,14856.51,8.85,14,0,0,38.9,0.393,-53
9204,term,East,personal,2023-10-21,769,713,12531.15,7166.51,,10.53,0,0,0,14.6,,-56
9205,revolving,West,personal,2024-03-31,672,634,21641.09,17161.63,38863.68,9.58,17,0,0,9.2,0.442,-38
9206,revolving,East,auto,2024-02-13,591,577,8670.6,6569.94,18934.51,6.99,9,0,0,10.8,0.347,-14
9207,term,South,home_improvement,2022-05-12,694,687,33086.62,21140.66,,10.64,8,0,0,32.2,,-7
9208,revolving,South,home_improvement,2023-01-27,663,627,17855.32,7229.42,17957.58,15.77,10,1,0,23.5,0.403,-36
9209,revolving,South,personal,2022-05-16,711,697,18097.83,8043.5,19361.49,7.42,1,0,0,32.0,0.415,-14
9210,revolving,North,auto,2024-09-03,745,736,26564.32,24692.31,68242.18,8.37,0,0,0,4.0,0.362,-9
9211,term,South,auto,2023-06-24,675,664,10968.79,6162.17,,3.5,9,0,0,18.6,,-11
9212,term,West,auto,2023-06-25,537,501,13900.48,6743.5,,10.85,19,1,0,18.5,,-36
9213,revolving,West,home_improvement,2022-10-05,713,677,7907.06,4013.81,8458.16,10.79,6,0,0,27.3,0.475,-36
9214,term,North,debt_consolidation,2023-07-29,619,620,25735.5,16489.1,,10.7,15,0,0,17.4,,1
9215,term,South,auto,2021-01-16,710,694,24210.1,2421.01,,8.19,2,0,0,48.2,,-16
9216,revolving,North,auto,2021-07-10,731,709,20658.95,2065.89,5124.2,7.81,1,0,0,42.4,0.403,-22
9217,term,East,personal,2022-04-08,743,723,2120.25,414.58,,9.57,2,0,1,33.3,,-20
9218,term,East,auto,2022-01-28,730,708,2827.75,1642.35,,10.56,1,0,0,35.6,,-22
9219,term,East,auto,2024-02-17,661,647,12950.98,11088.43,,8.96,11,0,0,10.6,,-14
9220,term,West,personal,2022-03-10,672,634,31402.27,3140.23,,7.58,12,0,0,34.3,,-38
9221,term,West,home_improvement,2024-03-03,705,696,16405.77,12987.74,,4.24,9,0,0,10.1,,-9
9222,revolving,North,auto,2023-03-06,728,701,11953.95,7699.7,17133.65,11.91,5,0,0,22.2,0.449,-27
9223,term,North,auto,2024-05-07,620,579,16237.85,14520.28,,9.4,16,0,0,8.0,,-41
9224,revolving,South,home_improvement,2021-02-25,735,721,11044.2,1104.42,3300.81,4.75,1,0,0,46.9,0.335,-14
9225,revolving,West,debt_consolidation,2024-02-12,571,563,13263.28,10331.89,29302.08,10.87,25,0,0,10.8,0.353,-8
9226,revolving,West,personal,2024-03-12,554,532,2263.9,1632.86,4096.13,10.99,19,0,0,9.8,0.399,-22
9227,term,North,debt_consolidation,2023-05-15,580,540,3685.62,1888.99,,7.54,24,1,0,19.9,,-40
9228,revolving,North,auto,2022-11-26,711,725,7172.71,3984.18,8167.32,5.88,6,0,0,25.6,0.488,14
9229,revolving,West,personal,2023-11-14,717,705,1108.36,686.75,1820.52,12.14,9,0,0,13.8,0.377,-12
9230,revolving,South,auto,2021-03-28,692,680,16653.28,7461.5,19583.93,7.53,13,0,0,45.8,0.381,-12
9231,term,West,auto,2022-09-23,646,614,11954.78,5322.03,,3.0,16,0,0,27.7,,-32
9232,term,North,personal,2023-05-28,708,673,22944.47,11777.88,,8.79,7,0,0,19.5,,-35
9233,term,North,auto,2021-03-09,639,602,24945.79,2494.58,,9.43,12,0,0,46.5,,-37
9234,term,West,auto,2022-09-11,660,640,1585.67,804.11,,9.33,10,0,0,28.1,,-20
9235,term,West,home_improvement,2022-09-24,629,618,26440.53,5746.51,,6.85,14,0,0,27.7,,-11
9236,term,West,home_improvement,2024-02-20,718,697,42694.22,37050.78,,9.18,6,0,0,10.5,,-21
9237,term,East,auto,2022-04-30,645,620,7316.11,4727.16,,11.11,6,0,0,32.6,,-25
9238,revolving,South,personal,2022-08-01,703,694,20406.98,13429.68,30292.69,3.0,4,0,1,29.5,0.443,-9
9239,term,East,auto,2021-04-16,685,624,3585.24,358.52,,10.63,8,0,1,45.2,,-61
9240,revolving,North,debt_consolidation,2023-09-08,776,721,6105.38,4603.05,7597.89,11.55,0,1,0,16.0,0.606,-55
9241,term,South,auto,2022-12-17,684,654,23154.96,9044.24,,7.98,2,0,0,24.9,,-30
9242,term,West,home_improvement,2023-08-30,754,706,2082.95,1728.1,,4.98,2,0,0,16.3,,-48
9243,term,South,auto,2023-04-21,728,689,30951.98,17934.59,,11.7,4,0,0,20.7,,-39
9244,term,West,debt_consolidation,2022-01-24,612,580,13729.34,7200.12,,12.87,15,0,0,35.8,,-32
9245,revolving,East,personal,2021-08-19,646,602,10980.89,4344.14,9885.43,5.64,8,0,0,41.0,0.439,-44
9246,term,East,debt_consolidation,2022-01-12,663,620,18152.15,7612.79,,8.49,12,0,0,36.2,,-43
9247,term,East,home_improvement,2022-03-14,712,706,7446.27,3336.28,,6.05,5,0,0,34.1,,-6
9248,revolving,South,home_improvement,2021-03-25,726,708,12046.55,3290.48,8846.03,7.13,6,0,0,45.9,0.372,-18
9249,term,South,personal,2023-02-27,719,665,9826.19,7178.12,,8.86,2,0,0,22.5,,-54
9250,term,West,debt_consolidation,2022-04-24,632,617,17594.03,1759.4,,11.78,12,0,0,32.8,,-15
9251,term,South,debt_consolidation,2024-04-26,678,652,9061.16,6798.1,,10.84,11,1,0,8.3,,-26
9252,term,South,debt_consolidation,2021-08-21,654,639,2225.22,222.52,,9.42,14,0,0,41.0,,-15
9253,term,North,debt_consolidation,2024-06-26,702,657,12399.78,10286.23,,15.63,7,0,0,6.3,,-45
9254,revolving,West,auto,2024-10-16,582,550,17790.78,16815.15,38802.14,5.1,14,0,0,2.6,0.433,-32
9255,term,East,debt_consolidation,2022-09-08,678,650,30451.54,19546.44,,7.3,8,0,0,28.2,,-28
9256,term,South,personal,2022-01-31,574,546,2397.87,239.79,,9.32,17,0,0,35.5,,-28
9257,revolving,North,personal,2021-11-19,614,580,16596.82,5890.64,11050.13,8.07,18,0,0,38.0,0.533,-34
9258,term,East,auto,2022-07-20,777,740,38032.39,13247.08,,8.38,0,0,0,29.9,,-37
9259,term,South,home_improvement,2021-08-11,781,759,6591.94,1534.92,,11.59,0,0,0,41.3,,-22
9260,term,North,home_improvement,2022-07-02,640,613,24880.24,12773.2,,6.35,15,0,0,30.5,,-27
9261,term,South,personal,2024-11-28,709,654,4880.18,4769.58,,14.33,5,0,0,1.1,,-55
9262,term,North,personal,2022-11-10,708,659,2970.24,1344.83,,6.26,8,0,0,26.1,,-49
9263,revolving,West,auto,2021-03-07,761,737,9624.33,4773.76,8626.34,6.78,0,0,0,46.5,0.553,-24
9264,term,East,auto,2023-10-21,694,681,20276.16,17315.2,,12.41,6,0,0,14.6,,-13
9265,revolving,North,home_improvement,2021-04-04,617,579,2881.04,288.1,777.42,12.64,14,0,0,45.6,0.371,-38
9266,term,East,auto,2021-03-21,630,569,20563.39,2459.6,,8.03,15,1,1,46.1,,-61
9267,revolving,North,debt_consolidation,2024-01-27,703,674,1000.0,742.1,2199.02,12.73,9,1,0,11.3,0.337,-29
9268,term,North,personal,2021-12-29,570,531,9178.75,917.87,,6.28,20,0,0,36.6,,-39
9269,revolving,South,personal,2023-11-15,577,530,14229.42,9877.06,28339.6,3.28,21,0,0,13.8,0.349,-47
9270,revolving,North,personal,2023-08-15,730,705,24753.58,14410.4,38412.54,11.97,6,0,0,16.8,0.375,-25
9271,term,South,home_improvement,2023-08-18,838,822,21944.37,11573.15,,4.46,1,0,0,16.7,,-16
9272,term,East,home_improvement,2021-07-14,642,608,13567.63,1356.76,,8.96,10,0,0,42.2,,-34
9273,term,North,personal,2023-12-04,670,646,30685.54,19798.92,,14.71,7,0,0,13.1,,-24
9274,term,West,auto,2021-08-30,675,636,8241.63,824.16,,6.16,14,0,0,40.7,,-39
9275,term,West,home_improvement,2021-04-14,694,642,22041.26,8219.91,,5.12,8,0,0,45.3,,-52
9276,revolving,South,personal,2023-04-29,628,561,26457.76,14313.75,35534.87,6.14,13,0,1,20.4,0.403,-67
9277,term,South,auto,2024-01-10,673,657,12527.76,10470.24,,5.31,6,0,0,11.9,,-16
9278,term,East,home_improvement,2021-02-25,727,688,17154.58,1715.46,,5.68,3,0,1,46.9,,-39
9279,revolving,North,personal,2022-05-05,645,620,5410.88,3073.25,5404.95,4.39,7,0,0,32.4,0.569,-25
9280,term,North,home_improvement,2024-11-05,680,666,25918.36,24971.94,,11.91,2,0,0,1.9,,-14
9281,term,South,debt_consolidation,2021-04-26,742,714,14637.44,1463.74,,3.95,2,0,0,44.9,,-28
9282,term,South,home_improvement,2023-08-18,678,671,6532.94,3916.71,,10.95,10,0,0,16.7,,-7
9283,revolving,North,debt_consolidation,2021-07-03,587,571,1149.12,114.91,201.95,4.05,15,0,0,42.6,0.569,-16
9284,term,East,auto,2024-11-01,543,523,14932.47,14186.35,,9.46,21,1,0,2.0,,-20
9285,term,South,debt_consolidation,2023-03-28,611,604,7822.95,3930.74,,11.66,14,0,1,21.5,,-7
9286,term,North,auto,2022-11-08,750,752,3236.64,1441.77,,8.89,4,0,0,26.2,,2
9287,term,North,home_improvement,2024-05-30,664,652,17425.46,13939.6,,5.36,13,0,0,7.2,,-12
9288,term,South,auto,2023-04-10,700,644,31633.77,15540.02,,8.86,10,0,0,21.1,,-56
9289,term,West,personal,2022-07-24,757,734,8973.54,2368.96,,7.39,3,0,0,29.7,,-23
9290,term,West,debt_consolidation,2024-05-25,605,582,4117.51,3265.61,,8.44,14,0,0,7.4,,-23
9291,term,West,debt_consolidation,2023-05-01,839,825,13269.17,10124.32,,5.13,0,0,0,20.4,,-14
9292,term,North,home_improvement,2024-01-01,673,631,41034.15,31566.92,,10.08,10,0,0,12.2,,-42
9293,term,East,debt_consolidation,2023-11-08,712,698,1148.46,794.31,,8.17,4,0,0,14.0,,-14
9294,term,South,personal,2021-03-15,637,638,11118.56,4172.85,,11.29,11,0,1,46.3,,1
9295,term,East,auto,2022-02-09,622,593,20362.23,3053.53,,12.11,12,1,0,35.2,,-29
9296,term,East,home_improvement,2021-12-20,681,647,33131.88,16832.5,,10.05,8,0,0,36.9,,-34
9297,term,East,auto,2024-06-14,643,631,8933.78,7814.95,,8.03,9,0,0,6.7,,-12
9298,term,East,auto,2021-03-23,685,659,18734.85,1873.48,,6.69,6,0,0,46.0,,-26
9299,revolving,East,debt_consolidation,2021-08-23,552,527,10733.99,2798.91,7517.13,6.38,19,0,0,40.9,0.372,-25
9300,term,West,auto,2022-05-12,597,535,14659.36,8264.62,,10.0,20,0,0,32.2,,-62
9301,revolving,South,home_improvement,2023-03-13,648,610,18679.74,7367.4,19214.42,10.55,10,0,0,22.0,0.383,-38
9302,term,West,personal,2023-04-02,611,574,7796.71,3718.66,,8.6,20,0,0,21.3,,-37
9303,term,West,auto,2021-10-14,850,816,21566.9,8527.9,,8.96,0,0,0,39.2,,-34
9304,revolving,West,home_improvement,2024-09-21,690,649,9565.9,9127.32,14419.62,4.84,10,0,0,3.4,0.633,-41
9305,revolving,North,personal,2022-04-19,696,668,8373.94,1731.91,2880.45,9.43,4,0,0,32.9,0.601,-28
9306,term,South,auto,2022-12-08,614,584,25836.16,14341.45,,7.62,15,0,0,25.2,,-30
9307,revolving,West,personal,2024-10-26,638,611,5670.16,5395.28,16172.45,12.48,9,0,0,2.2,0.334,-27
9308,term,North,personal,2024-08-30,649,631,7517.11,7058.03,,9.97,11,0,1,4.1,,-18
9309,revolving,North,debt_consolidation,2022-04-15,748,749,10253.16,1328.18,2578.34,8.09,0,0,0,33.1,0.515,1
9310,term,North,personal,2022-10-05,594,570,6838.98,4336.26,,10.18,10,0,1,27.3,,-24
9311,revolving,East,personal,2024-09-18,659,606,5132.59,4938.7,13297.31,14.64,9,0,0,3.5,0.371,-53
9312,term,East,home_improvement,2024-03-31,706,680,16993.23,12354.01,,11.62,7,0,0,9.2,,-26
9313,term,West,home_improvement,2023-12-04,541,487,18648.51,12088.78,,7.29,17,0,0,13.1,,-54
9314,revolving,West,home_improvement,2023-06-10,580,532,8250.22,3648.91,9986.49,10.53,16,0,0,19.0,0.365,-48
9315,revolving,North,personal,2024-12-22,595,564,3901.9,3845.93,9565.45,17.7,10,0,0,0.3,0.402,-31
9316,revolving,North,home_improvement,2024-02-22,668,640,5366.51,4369.1,8827.1,11.63,14,0,0,10.5,0.495,-28
9317,term,West,auto,2022-03-10,652,636,19447.53,1944.75,,8.62,11,0,1,34.3,,-16
9318,revolving,North,debt_consolidation,2024-01-02,735,704,12895.42,8780.55,14062.82,12.73,3,0,0,12.2,0.624,-31
9319,term,West,auto,2022-08-13,546,519,3060.41,1820.24,,3.61,15,0,0,29.1,,-27
9320,revolving,West,home_improvement,2024-04-04,655,619,16939.09,12899.71,24070.17,5.85,16,0,0,9.1,0.536,-36
9321,term,North,personal,2021-03-31,750,717,13364.7,1336.47,,3.35,1,0,0,45.7,,-33
9322,revolving,East,home_improvement,2024-05-27,585,562,5717.03,4575.06,10746.35,4.25,16,0,0,7.3,0.426,-23
9323,revolving,South,debt_consolidation,2023-11-24,673,676,46006.86,33905.0,64061.16,9.04,12,0,0,13.5,0.529,3
9324,term,South,home_improvement,2022-03-04,725,703,42423.59,12615.53,,4.86,4,0,0,34.5,,-22
9325,revolving,West,personal,2023-04-08,764,731,16586.43,7071.04,15984.12,5.98,0,0,0,21.1,0.442,-33
9326,term,East,debt_consolidation,2024-03-29,604,579,25474.78,20489.86,,3.85,18,0,0,9.3,,-25
9327,term,South,home_improvement,2023-05-25,702,674,11440.88,7232.89,,10.39,6,1,0,19.6,,-28
9328,term,East,home_improvement,2023-01-13,682,663,11370.07,5096.76,,5.32,6,0,0,24.0,,-19
9329,revolving,East,auto,2023-03-17,617,587,13413.58,8266.21,18828.21,11.62,15,0,0,21.9,0.439,-30
9330,term,North,auto,2023-01-13,606,595,5144.47,2849.08,,8.59,12,0,0,24.0,,-11
9331,term,North,home_improvement,2022-08-28,604,586,6640.91,2325.64,,13.19,15,0,0,28.6,,-18
9332,revolving,North,home_improvement,2023-05-04,850,850,3963.8,2830.48,4665.48,7.93,0,0,0,20.3,0.607,0
9333,term,West,personal,2022-10-06,750,757,4845.79,1957.21,,11.6,2,0,0,27.3,,7
9334,term,East,home_improvement,2024-10-05,684,669,10042.82,9354.17,,9.62,7,0,0,2.9,,-15
9335,revolving,South,home_improvement,2022-11-03,629,605,17421.29,5231.24,15579.65,10.82,14,1,0,26.3,0.336,-24
9336,term,East,auto,2022-09-26,713,676,24892.31,5279.52,,11.85,8,0,0,27.6,,-37
9337,term,South,debt_consolidation,2023-10-22,606,550,3436.59,2378.03,,9.55,11,0,1,14.6,,-56
9338,revolving,East,auto,2024-12-14,699,684,4681.8,4580.07,13477.42,10.14,5,0,0,0.6,0.34,-15
9339,term,North,home_improvement,2022-09-08,730,732,20036.68,13342.46,,10.68,4,0,0,28.2,,2
9340,term,West,home_improvement,2023-10-28,670,667,8804.3,7319.96,,4.16,17,0,1,14.4,,-3
9341,term,East,debt_consolidation,2024-06-07,643,604,8938.59,7735.18,,10.11,9,0,0,6.9,,-39
9342,revolving,West,auto,2024-06-06,649,602,25642.01,22677.54,41522.86,11.51,6,0,0,7.0,0.546,-47
9343,term,East,debt_consolidation,2023-11-23,738,713,9676.93,6012.78,,8.75,4,0,0,13.5,,-25
9344,revolving,East,home_improvement,2023-04-27,677,623,2336.44,1445.72,4143.84,4.94,13,0,0,20.5,0.349,-54
9345,term,South,auto,2024-09-30,779,742,6653.55,6356.3,,10.5,1,0,0,3.1,,-37
9346,revolving,West,home_improvement,2021-05-07,570,534,28138.54,8914.32,26739.17,4.79,19,0,1,44.5,0.333,-36
9347,revolving,South,auto,2022-06-21,603,576,27229.7,7654.46,14587.3,3.95,12,0,0,30.8,0.525,-27
9348,term,West,auto,2022-04-07,685,656,14409.13,9007.62,,12.49,11,0,1,33.3,,-29
9349,revolving,West,home_improvement,2024-08-30,707,662,65442.49,62258.04,95404.52,10.57,8,0,0,4.1,0.653,-45
9350,term,North,home_improvement,2021-05-20,675,669,13150.66,1315.07,,6.6,6,0,0,44.1,,-6
9351,term,West,personal,2022-08-11,764,743,2452.81,1666.42,,10.27,2,0,0,29.1,,-21
9352,term,East,home_improvement,2021-07-27,623,594,7182.26,1427.98,,8.41,7,0,0,41.8,,-29
9353,revolving,West,home_improvement,2023-02-18,680,641,7731.38,4887.81,9962.05,11.42,5,0,0,22.8,0.491,-39
9354,term,West,auto,2021-07-16,745,726,12992.03,1334.47,,18.16,1,0,0,42.2,,-19
9355,term,North,personal,2024-09-19,786,792,45843.05,41215.36,,6.34,0,0,0,3.5,,6
9356,term,East,debt_consolidation,2022-07-10,667,631,5472.87,731.46,,7.95,8,0,0,30.2,,-36
9357,revolving,West,debt_consolidation,2023-05-11,841,840,20884.54,8619.16,22292.76,5.46,0,0,0,20.0,0.387,-1
9358,term,North,personal,2021-11-18,685,667,2135.62,931.21,,12.14,12,0,0,38.0,,-18
9359,term,North,personal,2022-07-16,781,750,11561.45,2326.97,,8.31,0,0,0,30.0,,-31
9360,revolving,South,home_improvement,2021-01-12,659,626,8405.08,2098.77,4990.47,8.33,8,0,0,48.3,0.421,-33
9361,revolving,South,home_improvement,2022-03-29,670,659,14774.97,2609.9,6877.26,7.72,9,0,0,33.6,0.379,-11
9362,term,West,debt_consolidation,2024-12-11,750,754,50975.38,50294.42,,7.25,2,0,0,0.7,,4
9363,term,East,auto,2024-08-30,729,727,12186.72,10772.46,,7.43,5,0,0,4.1,,-2
9364,term,South,auto,2024-04-15,678,660,7786.41,6843.82,,7.84,14,0,0,8.7,,-18
9365,term,West,personal,2024-04-01,617,579,12098.41,9498.06,,11.36,12,0,0,9.2,,-38
9366,term,East,auto,2023-04-25,837,815,7138.53,3514.07,,11.79,0,0,0,20.6,,-22
9367,revolving,West,home_improvement,2021-04-13,663,638,6370.21,1756.0,4881.66,9.47,7,0,0,45.3,0.36,-25
9368,term,East,personal,2022-05-03,684,649,9231.04,1141.28,,13.32,6,0,0,32.5,,-35
9369,term,West,debt_consolidation,2024-06-12,564,505,24261.03,19742.07,,10.89,21,0,0,6.8,,-59
9370,revolving,West,auto,2024-07-13,646,625,10941.71,10007.12,27762.71,7.11,14,0,0,5.7,0.36,-21
9371,term,West,home_improvement,2024-08-29,733,714,5194.95,4829.09,,11.63,5,0,0,4.2,,-19
9372,term,South,debt_consolidation,2023-08-17,671,641,10884.79,8238.07,,11.81,11,0,1,16.8,,-30
9373,term,West,debt_consolidation,2022-04-08,839,824,23089.85,14313.07,,9.51,0,0,0,33.3,,-15
9374,term,West,personal,2021-03-04,697,687,8735.13,2630.19,,8.16,6,0,0,46.6,,-10
9375,revolving,West,debt_consolidation,2022-02-26,644,635,17422.58,3461.53,10022.04,4.96,14,0,1,34.7,0.345,-9
9376,term,West,personal,2023-08-27,782,777,22946.51,13317.61,,7.59,0,0,0,16.4,,-5
9377,revolving,East,home_improvement,2021-11-13,827,828,11394.79,1139.48,2385.39,3.44,0,0,0,38.2,0.478,1
9378,term,East,auto,2022-12-31,760,726,2245.75,1157.98,,7.94,3,0,0,24.4,,-34
9379,term,East,auto,2024-05-02,688,683,22432.04,19906.48,,9.14,5,0,0,8.1,,-5
9380,term,South,debt_consolidation,2022-06-30,668,638,9178.85,5111.17,,12.26,9,0,0,30.5,,-30
9381,revolving,South,debt_consolidation,2021-01-22,581,561,37400.85,19405.42,39664.43,7.41,14,0,0,48.0,0.489,-20
9382,revolving,South,home_improvement,2021-12-04,701,649,21177.16,2117.72,3852.63,9.76,7,1,0,37.5,0.55,-52
9383,term,South,debt_consolidation,2021-12-30,703,698,6172.15,1326.41,,12.43,8,0,0,36.6,,-5
9384,term,South,home_improvement,2021-05-06,611,555,4329.16,2222.45,,5.59,9,0,0,44.5,,-56
9385,term,South,home_improvement,2024-05-22,684,686,4934.84,4366.43,,10.7,4,0,0,7.5,,2
9386,term,North,auto,2021-12-11,747,714,11775.92,4941.22,,4.02,2,0,0,37.2,,-33
9387,term,West,auto,2024-05-19,663,631,10871.26,9025.8,,6.14,12,1,0,7.6,,-32
9388,revolving,East,home_improvement,2021-04-30,699,655,31163.32,4079.98,11363.12,6.42,6,0,0,44.7,0.359,-44
9389,term,South,debt_consolidation,2023-05-25,559,506,10881.15,6114.38,,6.93,28,0,0,19.6,,-53
9390,term,East,auto,2022-06-09,789,787,7558.38,3453.72,,6.85,1,0,0,31.2,,-2
9391,term,North,home_improvement,2022-05-04,639,608,23790.5,3321.83,,10.02,11,0,0,32.4,,-31
9392,term,North,personal,2024-09-04,662,617,34888.0,31163.02,,8.37,11,0,0,4.0,,-45
9393,term,West,debt_consolidation,2021-11-22,695,671,3853.25,385.32,,5.9,5,0,0,37.9,,-24
9394,revolving,North,auto,2022-12-21,668,647,64348.12,18383.73,28696.97,4.44,8,0,0,24.7,0.641,-21
9395,revolving,South,home_improvement,2021-07-16,737,716,49831.24,25136.49,47315.81,11.04,3,0,0,42.2,0.531,-21
9396,revolving,South,auto,2022-02-25,657,630,33969.85,14561.16,24971.03,11.87,11,0,0,34.7,0.583,-27
9397,revolving,West,auto,2023-03-05,645,607,13176.97,8143.93,24229.09,8.97,8,0,0,22.3,0.336,-38
9398,term,North,home_improvement,2022-07-13,735,702,36774.48,21083.52,,3.0,2,0,0,30.1,,-33
9399,term,West,home_improvement,2022-10-19,516,425,2022.88,442.4,,7.47,26,0,0,26.8,,-91
9400,revolving,East,personal,2022-12-19,603,601,4345.59,1930.32,3477.51,6.96,15,0,0,24.8,0.555,-2
9401,term,South,debt_consolidation,2024-07-25,694,690,14383.39,12858.67,,7.44,10,0,0,5.3,,-4
9402,term,North,auto,2022-07-05,730,701,11690.38,6545.88,,12.94,4,0,0,30.4,,-29
9403,term,East,debt_consolidation,2023-05-13,730,683,18326.95,11128.32,,11.01,2,0,0,20.0,,-47
9404,term,South,home_improvement,2024-11-01,516,470,13403.3,12666.68,,11.38,25,1,0,2.0,,-46
9405,revolving,North,home_improvement,2021-04-15,650,608,39631.85,10380.19,20655.42,12.18,7,0,0,45.2,0.503,-42
9406,term,North,home_improvement,2024-10-25,731,705,3488.1,3404.16,,7.81,5,0,0,2.3,,-26
9407,revolving,East,home_improvement,2024-12-19,618,587,7698.4,7507.84,18728.4,7.99,12,0,0,0.4,0.401,-31
9408,term,North,debt_consolidation,2023-05-17,665,624,23871.27,10429.78,,9.25,9,0,0,19.8,,-41
9409,term,North,home_improvement,2021-10-29,707,674,11214.0,6699.79,,7.29,6,0,0,38.7,,-33
9410,term,East,auto,2023-01-03,683,671,28883.5,7870.3,,7.23,8,0,0,24.3,,-12
9411,term,North,debt_consolidation,2023-03-08,709,715,22644.92,8527.02,,11.52,6,0,0,22.2,,6
9412,term,South,home_improvement,2022-04-21,669,648,33307.73,7334.14,,10.75,11,0,0,32.9,,-21
9413,term,North,personal,2022-10-22,714,681,35606.82,15469.72,,3.0,3,0,0,26.7,,-33
9414,term,East,debt_consolidation,2024-09-10,715,705,44889.08,42809.15,,8.43,5,1,0,3.8,,-10
9415,term,South,personal,2022-09-16,731,703,8823.54,5402.67,,12.53,3,0,0,27.9,,-28
9416,term,West,personal,2024-04-24,727,713,4947.52,4315.73,,11.35,3,0,1,8.4,,-14
9417,revolving,South,debt_consolidation,2021-10-11,739,711,80628.21,8062.82,14526.27,9.33,1,0,0,39.3,0.555,-28
9418,term,East,personal,2023-07-16,651,625,52536.9,26122.73,,13.59,7,0,0,17.8,,-26
9419,term,South,debt_consolidation,2023-09-09,654,628,12704.31,9703.67,,7.78,9,0,0,16.0,,-26
9420,term,South,home_improvement,2022-07-30,692,662,16369.27,3975.18,,8.29,7,0,0,29.5,,-30
9421,term,West,home_improvement,2021-04-02,797,761,2637.5,1321.03,,3.0,0,0,0,45.7,,-36
9422,term,East,home_improvement,2022-06-23,693,665,15119.32,8528.11,,8.96,4,0,0,30.8,,-28
9423,term,West,auto,2023-09-13,780,761,20229.11,16298.05,,14.61,0,0,0,15.9,,-19
9424,revolving,East,personal,2024-03-23,768,755,7291.3,6085.08,11667.4,8.96,0,0,0,9.5,0.522,-13
9425,term,West,debt_consolidation,2021-12-14,769,756,15349.8,1534.98,,9.63,1,0,0,37.1,,-13
9426,term,West,auto,2024-12-16,764,763,7750.82,7641.89,,8.46,0,0,0,0.5,,-1
9427,term,South,auto,2023-06-14,623,581,37665.47,29988.73,,10.36,13,0,0,18.9,,-42
9428,term,East,debt_consolidation,2022-02-07,615,592,5605.79,560.58,,7.02,9,0,0,35.3,,-23
9429,revolving,North,auto,2023-07-26,628,598,18701.91,10004.75,23682.6,14.34,6,1,0,17.5,0.422,-30
9430,term,South,personal,2023-09-16,747,718,24656.82,15937.49,,12.26,1,0,0,15.8,,-29
9431,term,West,debt_consolidation,2023-09-11,663,645,32197.07,26677.12,,11.12,9,0,0,15.9,,-18
9432,term,West,auto,2024-05-22,643,606,15666.38,12585.25,,12.52,11,0,0,7.5,,-37
9433,term,West,auto,2022-02-08,654,617,11051.39,6163.43,,8.91,7,0,0,35.3,,-37
9434,term,North,auto,2021-10-06,708,632,14332.71,2823.96,,7.01,6,0,0,39.4,,-76
9435,term,South,debt_consolidation,2021-06-05,638,637,8861.16,4699.21,,10.11,16,1,0,43.5,,-1
9436,revolving,North,home_improvement,2022-10-23,649,609,28566.13,6943.58,14284.51,12.59,11,1,0,26.7,0.486,-40
9437,revolving,South,auto,2024-07-28,661,647,13844.52,13017.3,21197.24,8.15,7,0,0,5.2,0.614,-14
9438,term,South,personal,2023-03-12,735,700,24901.17,16897.56,,8.11,6,0,0,22.0,,-35
9439,term,North,home_improvement,2023-08-22,580,533,5136.67,3596.28,,9.35,16,0,0,16.6,,-47
9440,term,West,personal,2023-04-21,680,650,10995.58,7462.5,,3.07,1,0,0,20.7,,-30
9441,term,North,debt_consolidation,2022-07-24,658,641,7121.04,2990.94,,5.89,15,0,0,29.7,,-17
9442,revolving,South,home_improvement,2023-08-02,716,707,14075.9,6971.79,17184.51,7.28,10,0,0,17.3,0.406,-9
9443,term,West,personal,2023-05-07,673,650,2373.67,1705.85,,12.53,7,1,0,20.2,,-23
9444,revolving,West,auto,2022-12-22,624,601,21109.39,11785.85,29811.35,10.22,9,0,0,24.7,0.395,-23
9445,revolving,North,home_improvement,2021-12-29,808,800,14029.49,6528.84,19076.96,5.85,0,0,0,36.6,0.342,-8
9446,revolving,North,home_improvement,2024-03-11,772,760,28689.63,20659.84,56699.88,10.02,0,0,0,9.9,0.364,-12
9447,term,West,debt_consolidation,2021-07-05,694,671,3548.41,354.84,,9.31,10,0,0,42.5,,-23
9448,term,South,home_improvement,2024-04-12,715,683,43111.84,34053.74,,7.46,5,0,0,8.8,,-32
9449,term,North,debt_consolidation,2024-09-26,635,603,8263.54,7565.6,,7.15,13,0,0,3.2,,-32
9450,term,South,home_improvement,2024-09-08,692,681,15436.35,14520.72,,16.1,8,0,0,3.8,,-11
9451,term,South,debt_consolidation,2024-01-29,839,833,8647.13,7035.87,,3.66,0,0,0,11.3,,-6
9452,term,South,debt_consolidation,2023-08-19,754,743,8420.03,5781.6,,7.33,2,0,0,16.7,,-11
9453,revolving,North,personal,2022-04-15,616,595,10572.09,5002.79,7611.57,11.44,11,0,0,33.1,0.657,-21
9454,term,South,home_improvement,2024-02-09,704,702,25222.54,21131.77,,6.4,9,0,0,10.9,,-2
9455,term,South,auto,2024-04-05,684,666,21206.99,18680.28,,7.36,6,0,0,9.0,,-18
9456,term,West,auto,2022-07-18,711,678,29939.76,6065.33,,5.44,3,0,0,29.9,,-33
9457,term,North,personal,2021-02-24,786,776,14381.81,1438.18,,9.76,0,0,0,46.9,,-10
9458,revolving,West,personal,2022-01-06,625,564,12294.49,7153.93,14584.92,10.1,14,0,0,36.4,0.491,-61
9459,term,South,home_improvement,2023-02-01,667,643,4362.59,2628.97,,5.75,8,0,0,23.3,,-24
9460,term,North,home_improvement,2024-09-09,612,571,9230.59,8438.0,,13.33,9,0,0,3.8,,-41
9461,revolving,East,auto,2024-07-22,692,672,1370.74,1258.87,3716.68,6.11,2,0,0,5.4,0.339,-20
9462,term,West,auto,2023-10-11,686,670,30688.31,17724.74,,10.37,10,0,0,14.9,,-16
9463,term,West,personal,2022-10-29,804,781,10798.2,2237.81,,5.15,0,0,0,26.5,,-23
9464,term,East,personal,2023-10-06,628,591,25639.68,14457.5,,10.66,18,0,0,15.1,,-37
9465,term,North,home_improvement,2021-10-01,734,727,8558.33,2927.79,,10.55,5,0,0,39.6,,-7
9466,revolving,South,debt_consolidation,2023-05-24,522,486,17819.81,11528.39,23349.4,6.81,28,0,1,19.6,0.494,-36
9467,term,East,debt_consolidation,2022-07-19,795,762,11150.86,3887.92,,10.13,0,0,0,29.9,,-33
9468,term,East,auto,2023-11-04,681,677,27432.16,18172.29,,10.04,8,0,0,14.1,,-4
9469,term,North,debt_consolidation,2024-03-02,688,665,7247.64,5826.04,,8.31,2,1,0,10.2,,-23
9470,term,North,personal,2023-05-05,666,636,25052.95,13366.54,,11.48,12,0,1,20.2,,-30
9471,term,East,debt_consolidation,2024-08-09,708,677,6221.37,5872.48,,6.33,8,0,0,4.8,,-31
9472,term,East,home_improvement,2021-10-25,644,599,1708.95,287.78,,12.72,9,0,0,38.8,,-45
9473,term,West,personal,2024-12-04,688,652,8553.4,8429.58,,10.63,5,0,0,0.9,,-36
9474,term,South,home_improvement,2021-10-10,760,723,51639.35,5163.93,,5.18,0,0,0,39.3,,-37
9475,revolving,South,personal,2023-09-01,656,626,8030.49,4432.06,8481.37,10.67,5,1,0,16.3,0.523,-30
9476,term,West,debt_consolidation,2022-09-07,661,619,26070.16,6963.83,,8.36,6,1,0,28.2,,-42
9477,revolving,North,home_improvement,2022-07-08,663,623,16064.4,2416.37,4448.77,7.25,8,0,0,30.3,0.543,-40
9478,term,East,personal,2021-12-25,737,739,21864.16,4843.65,,11.31,3,0,0,36.8,,2
9479,revolving,West,personal,2021-02-06,670,626,35651.47,15430.5,42567.89,12.14,6,0,0,47.5,0.362,-44
9480,term,West,auto,2024-02-08,653,617,21646.94,14654.23,,3.0,10,0,0,10.9,,-36
9481,revolving,South,personal,2022-05-03,690,668,15755.35,6988.67,14927.8,8.84,3,0,0,32.5,0.468,-22
9482,revolving,South,home_improvement,2023-07-13,743,728,32493.08,24387.68,37795.7,8.6,3,0,0,17.9,0.645,-15
9483,term,North,debt_consolidation,2024-12-19,601,568,1092.09,1075.07,,7.41,13,0,0,0.4,,-33
9484,term,East,debt_consolidation,2023-12-29,724,693,19615.37,14033.47,,9.58,6,0,0,12.3,,-31
9485,term,East,auto,2024-12-11,701,652,19324.67,18749.87,,12.12,14,0,0,0.7,,-49
9486,revolving,North,personal,2023-07-16,703,679,23537.86,14179.75,36170.31,5.11,4,0,0,17.8,0.392,-24
9487,term,West,home_improvement,2024-02-14,681,673,23020.85,17376.75,,6.76,6,0,0,10.7,,-8
9488,term,South,auto,2024-08-28,681,631,11618.11,10674.65,,6.81,16,0,0,4.2,,-50
9489,term,North,personal,2023-09-13,722,696,3693.23,2991.07,,10.72,6,0,0,15.9,,-26
9490,revolving,North,personal,2024-07-10,587,524,13632.57,12147.74,34179.67,7.29,23,1,0,5.8,0.355,-63
9491,term,West,home_improvement,2024-08-29,631,610,14158.76,12983.72,,11.29,20,0,0,4.2,,-21
9492,term,East,auto,2023-12-27,578,552,4996.08,3724.85,,11.75,14,0,0,12.4,,-26
9493,term,West,auto,2021-06-23,788,760,18264.19,2337.7,,8.36,0,0,0,42.9,,-28
9494,revolving,East,debt_consolidation,2021-06-05,755,735,18395.68,2426.4,5297.56,9.55,3,0,0,43.5,0.458,-20
9495,term,North,auto,2023-12-05,549,518,46885.04,30736.48,,8.6,25,0,0,13.1,,-31
9496,term,South,debt_consolidation,2023-08-14,701,682,7052.71,4570.76,,15.1,12,0,0,16.9,,-19
9497,term,South,auto,2022-10-09,666,643,31134.0,8808.98,,6.13,8,0,0,27.2,,-23
9498,term,South,personal,2022-07-12,715,694,12631.69,2012.23,,4.49,6,0,0,30.1,,-21
9499,term,North,home_improvement,2023-02-16,700,707,6103.65,2798.79,,3.0,6,0,0,22.8,,7
9500,revolving,North,auto,2022-11-05,671,662,30992.81,7185.62,20021.95,9.65,4,0,0,26.3,0.359,-9
9501,term,East,personal,2024-08-29,676,651,7051.29,6617.56,,9.71,7,0,0,4.2,,-25
9502,term,North,auto,2024-06-06,741,720,13453.17,11171.14,,5.6,4,0,0,7.0,,-21
9503,term,East,debt_consolidation,2024-06-30,644,620,15008.28,13572.5,,6.72,8,0,0,6.2,,-24
9504,term,South,personal,2023-01-26,656,651,5276.32,2873.43,,11.97,10,0,0,23.5,,-5
9505,term,North,debt_consolidation,2021-02-07,718,706,7257.07,725.71,,11.47,6,0,0,47.5,,-12
9506,revolving,West,auto,2021-07-15,731,735,39231.42,3923.14,7400.37,8.28,2,0,0,42.2,0.53,4
9507,revolving,East,personal,2021-09-03,697,684,15738.99,1573.9,4166.3,7.64,11,0,1,40.5,0.378,-13
9508,term,South,debt_consolidation,2022-06-23,651,625,18372.24,6757.95,,7.51,5,0,0,30.8,,-26
9509,term,East,auto,2021-08-10,579,532,8514.48,4460.94,,10.07,14,0,1,41.3,,-47
9510,term,North,home_improvement,2023-10-11,582,565,23575.37,14823.71,,10.12,14,0,0,14.9,,-17
9511,revolving,South,home_improvement,2024-10-08,667,630,17291.05,16634.44,36130.55,11.38,10,0,0,2.8,0.46,-37
9512,revolving,West,home_improvement,2023-04-16,689,691,10546.36,4642.51,9795.95,11.03,9,0,0,20.9,0.474,2
9513,term,South,home_improvement,2023-10-11,658,610,12946.19,9817.41,,6.65,11,0,0,14.9,,-48
9514,revolving,South,personal,2023-11-25,616,564,14266.33,8739.05,21737.49,9.34,15,0,0,13.4,0.402,-52
9515,term,North,home_improvement,2021-02-13,607,577,8923.55,1181.15,,10.43,16,0,1,47.3,,-30
9516,term,North,debt_consolidation,2024-03-29,689,667,11475.51,9529.82,,7.4,3,0,0,9.3,,-22
9517,revolving,North,debt_consolidation,2024-02-04,761,763,14453.59,11050.58,25463.23,8.96,0,0,0,11.1,0.434,2
9518,term,West,auto,2022-07-11,635,622,22343.49,2436.6,,7.03,10,0,0,30.2,,-13
9519,term,South,home_improvement,2023-10-12,678,660,18022.09,13032.83,,6.43,9,0,0,14.9,,-18
9520,term,North,home_improvement,2024-05-05,637,612,12199.8,9636.04,,5.27,12,0,0,8.0,,-25
9521,term,East,debt_consolidation,2021-04-30,716,695,12877.27,1287.73,,5.54,4,0,0,44.7,,-21
9522,term,East,debt_consolidation,2024-06-04,672,653,2617.61,2429.78,,7.81,7,0,0,7.0,,-19
9523,revolving,South,personal,2021-06-02,739,718,17044.02,1704.4,3178.28,7.13,3,0,0,43.6,0.536,-21
9524,term,East,auto,2023-05-23,687,644,18540.61,10441.51,,11.66,7,0,0,19.6,,-43
9525,revolving,East,personal,2024-02-14,687,628,3311.06,2875.11,7251.91,6.8,11,0,0,10.7,0.396,-59
9526,term,North,personal,2021-09-09,628,597,4900.15,639.15,,8.53,12,0,0,40.3,,-31
9527,term,South,home_improvement,2021-11-14,629,593,10475.62,1047.56,,9.61,15,0,0,38.1,,-36
9528,revolving,North,debt_consolidation,2021-05-16,707,649,28293.17,10609.53,28341.02,6.46,7,0,0,44.2,0.374,-58
9529,term,East,auto,2024-09-14,693,692,38288.98,36329.71,,7.85,7,0,0,3.6,,-1
9530,term,East,auto,2024-11-06,800,772,11637.98,11403.53,,3.0,0,0,0,1.9,,-28
9531,term,East,personal,2023-07-03,614,579,14864.24,9089.88,,12.21,18,0,1,18.3,,-35
9532,term,South,personal,2021-02-23,739,708,4247.66,1540.81,,9.9,3,0,0,46.9,,-31
9533,revolving,West,auto,2022-07-10,687,659,21763.7,11548.77,21334.11,17.41,3,0,0,30.2,0.541,-28
9534,term,East,debt_consolidation,2022-03-27,621,603,20912.55,9698.65,,8.61,11,0,0,33.7,,-18
9535,term,East,debt_consolidation,2022-01-15,519,479,12032.68,5758.03,,10.94,17,0,0,36.1,,-40
9536,revolving,West,personal,2024-10-02,641,633,10469.75,9587.27,21262.58,11.88,11,0,0,3.0,0.451,-8
9537,revolving,West,auto,2021-10-17,649,617,69605.97,16195.33,35747.24,9.55,9,0,0,39.1,0.453,-32
9538,term,South,debt_consolidation,2023-02-23,649,597,6706.99,4241.9,,4.53,8,0,0,22.6,,-52
9539,revolving,West,auto,2021-09-05,734,702,20908.5,12033.91,19494.37,15.4,5,0,0,40.5,0.617,-32
9540,term,West,debt_consolidation,2021-06-25,652,599,9240.24,4810.58,,8.36,11,0,0,42.9,,-53
9541,revolving,North,debt_consolidation,2023-06-14,696,668,4380.25,3256.48,5141.4,7.94,8,0,0,18.9,0.633,-28
9542,revolving,West,auto,2024-08-02,596,553,12184.0,10408.54,29226.65,9.45,25,0,1,5.1,0.356,-43
9543,term,West,personal,2022-11-30,703,681,12392.48,7348.47,,14.02,3,0,0,25.4,,-22
9544,term,South,personal,2023-11-26,602,564,6170.09,5013.18,,11.56,11,0,0,13.4,,-38
9545,term,South,auto,2022-04-03,720,670,9023.99,2862.3,,11.7,6,0,1,33.5,,-50
9546,term,North,debt_consolidation,2022-09-04,738,721,7916.37,4810.7,,8.35,4,0,0,28.3,,-17
9547,term,South,personal,2022-06-19,590,551,4576.69,471.57,,13.55,11,0,0,30.9,,-39
9548,term,North,home_improvement,2024-10-04,795,776,28965.97,27795.52,,8.31,0,0,0,3.0,,-19
9549,revolving,West,home_improvement,2023-12-17,652,614,24399.91,15211.76,38287.11,4.88,13,0,0,12.7,0.397,-38
9550,term,West,personal,2021-08-11,701,692,1000.0,345.44,,8.8,5,0,0,41.3,,-9
9551,term,West,debt_consolidation,2022-02-28,725,683,52075.65,27430.5,,8.98,5,0,0,34.6,,-42
9552,term,East,home_improvement,2022-11-20,639,615,15106.42,5936.64,,6.05,8,1,0,25.8,,-24
9553,revolving,South,personal,2023-09-04,637,593,6761.64,5236.11,8096.51,7.21,8,1,0,16.2,0.647,-44
9554,term,North,home_improvement,2024-03-02,654,654,1336.43,954.09,,6.9,8,0,0,10.2,,0
9555,term,South,personal,2023-03-13,707,701,23215.56,9946.76,,12.77,18,0,0,22.0,,-6
9556,term,North,personal,2021-06-02,715,700,17203.35,1720.33,,7.71,5,0,1,43.6,,-15
9557,revolving,West,auto,2024-02-21,763,761,6449.72,5069.16,14305.38,10.91,1,0,0,10.5,0.354,-2
9558,revolving,North,personal,2021-03-18,754,754,13481.21,1348.12,3243.12,11.24,0,0,0,46.2,0.416,0
9559,revolving,West,personal,2024-09-16,753,714,11076.73,10214.33,29709.45,11.74,1,0,0,3.6,0.344,-39
9560,term,North,debt_consolidation,2021-06-17,732,718,12616.85,1261.68,,10.98,5,0,0,43.1,,-14
9561,revolving,West,auto,2024-11-26,727,699,41649.03,40227.56,87644.7,9.95,7,0,0,1.2,0.459,-28
9562,term,East,debt_consolidation,2024-10-06,655,648,45154.64,41968.59,,3.0,14,1,0,2.9,,-7
9563,term,West,personal,2022-01-21,646,599,5600.29,560.03,,3.63,8,0,0,35.9,,-47
9564,term,South,debt_consolidation,2023-09-01,587,560,1000.0,710.63,,6.43,14,1,0,16.3,,-27
9565,revolving,North,personal,2024-02-07,763,731,14346.45,10562.44,16444.54,7.23,2,0,0,11.0,0.642,-32
9566,revolving,West,debt_consolidation,2021-05-19,682,680,19332.6,8681.02,15414.98,7.0,7,0,0,44.1,0.563,-2
9567,term,West,home_improvement,2024-12-14,700,673,31898.77,31432.02,,9.47,10,0,0,0.6,,-27
9568,term,West,home_improvement,2023-06-24,511,476,17607.8,11882.06,,9.42,23,0,0,18.6,,-35
9569,term,West,personal,2022-06-28,640,620,5592.11,1779.23,,4.54,9,0,0,30.6,,-20
9570,revolving,East,auto,2024-11-04,738,700,4435.63,4201.7,6536.14,11.54,3,0,0,1.9,0.643,-38
9571,term,East,auto,2022-07-22,699,678,1803.77,683.1,,9.93,8,0,0,29.8,,-21
9572,revolving,North,home_improvement,2021-04-22,640,631,22785.08,4236.13,11023.93,8.14,10,1,0,45.0,0.384,-9
9573,term,East,debt_consolidation,2021-08-18,672,652,4005.21,400.52,,9.04,13,0,0,41.1,,-20
9574,revolving,South,personal,2023-10-18,798,763,6053.45,3411.12,9827.93,12.53,0,1,0,14.7,0.347,-35
9575,term,South,home_improvement,2024-07-17,665,628,22680.62,21152.89,,9.31,7,0,0,5.6,,-37
9576,term,South,debt_consolidation,2023-01-22,687,687,34358.4,10454.98,,10.72,7,1,0,23.7,,0
9577,term,North,auto,2021-04-22,679,668,9332.63,1263.37,,4.95,10,0,0,45.0,,-11
9578,revolving,North,auto,2023-09-17,692,681,4625.66,2860.38,7672.84,8.65,9,0,0,15.7,0.373,-11
9579,term,North,debt_consolidation,2022-07-21,752,720,14862.88,9841.22,,7.64,0,0,0,29.8,,-32
9580,term,South,auto,2021-11-04,828,814,12261.36,4357.12,,7.32,0,0,0,38.5,,-14
9581,term,West,home_improvement,2024-01-26,768,742,6665.88,4680.78,,8.47,0,0,0,11.4,,-26
9582,term,West,auto,2022-06-10,694,655,7718.24,5252.63,,9.82,4,0,0,31.2,,-39
9583,term,South,personal,2023-05-13,751,744,13186.91,7910.72,,9.62,1,0,0,20.0,,-7
9584,revolving,East,auto,2022-03-23,590,546,14851.61,3945.12,10325.96,9.99,10,0,0,33.8,0.382,-44
9585,revolving,North,auto,2022-10-03,678,637,17091.94,3442.72,10140.55,3.0,11,0,0,27.4,0.34,-41
9586,term,North,auto,2022-12-13,637,623,6752.68,4194.02,,10.0,12,0,0,25.0,,-14
9587,term,West,debt_consolidation,2023-12-15,645,643,4938.77,3486.43,,10.71,15,0,0,12.8,,-2
9588,term,West,personal,2023-06-04,737,716,51300.17,28694.03,,5.51,3,1,0,19.2,,-21
9589,term,East,home_improvement,2022-05-11,761,721,3721.12,755.95,,10.84,1,0,0,32.2,,-40
9590,term,West,auto,2022-07-20,600,566,40964.74,22148.12,,12.14,18,0,0,29.9,,-34
9591,revolving,East,debt_consolidation,2023-06-27,669,625,9871.47,6852.86,18608.66,9.5,8,0,0,18.5,0.368,-44
9592,term,North,debt_consolidation,2022-12-18,640,603,19050.37,13742.48,,8.31,18,0,0,24.8,,-37
9593,term,South,auto,2021-03-21,720,698,6986.19,698.62,,8.99,6,0,0,46.1,,-22
9594,revolving,South,debt_consolidation,2021-07-05,746,737,8054.66,4021.88,9980.46,6.04,0,0,0,42.5,0.403,-9
9595,revolving,West,debt_consolidation,2023-09-16,815,803,5720.46,3178.88,5168.1,7.75,0,0,0,15.8,0.615,-12
9596,revolving,North,debt_consolidation,2023-06-25,751,719,6815.74,4570.65,13607.1,9.94,2,0,0,18.5,0.336,-32
9597,revolving,South,debt_consolidation,2024-12-27,748,750,17904.33,17596.83,49092.98,13.26,1,0,0,0.2,0.358,2
9598,term,North,debt_consolidation,2024-03-29,619,597,42379.72,30663.33,,11.44,10,0,0,9.3,,-22
9599,revolving,West,home_improvement,2022-11-21,639,633,5897.5,3848.92,9966.12,3.36,13,0,0,25.7,0.386,-6
9600,revolving,West,debt_consolidation,2022-04-11,683,657,34304.03,15194.61,40151.25,6.04,10,0,0,33.2,0.378,-26
9601,term,North,debt_consolidation,2024-11-19,834,828,1730.12,1695.06,,7.33,0,0,0,1.4,,-6
9602,revolving,South,home_improvement,2022-08-11,684,639,20640.67,3300.91,6805.47,10.37,20,0,0,29.1,0.485,-45
9603,term,West,personal,2024-07-19,765,758,18712.71,16019.26,,9.17,0,0,0,5.5,,-7
9604,revolving,South,debt_consolidation,2021-11-27,654,609,2576.16,306.15,772.53,17.56,8,0,0,37.7,0.396,-45
9605,term,West,debt_consolidation,2022-08-29,678,643,7717.77,2078.53,,10.96,13,0,0,28.5,,-35
9606,term,West,home_improvement,2023-05-15,678,644,19546.15,10193.53,,10.38,11,0,0,19.9,,-34
9607,term,North,home_improvement,2022-11-04,650,625,29745.96,16866.06,,10.72,13,0,0,26.3,,-25
9608,revolving,North,personal,2023-04-17,721,683,6428.31,3752.14,10584.42,9.57,6,0,0,20.8,0.354,-38
9609,term,North,home_improvement,2024-03-14,602,605,14592.98,11470.97,,12.53,17,0,0,9.8,,3
9610,revolving,West,debt_consolidation,2024-04-26,570,516,13801.52,11965.59,32843.67,8.32,20,1,0,8.3,0.364,-54
9611,term,North,debt_consolidation,2023-12-23,664,606,38584.69,32715.91,,5.64,4,0,0,12.5,,-58
9612,revolving,West,home_improvement,2024-08-06,713,688,39881.05,36373.7,69058.55,10.36,0,0,0,4.9,0.527,-25
9613,term,East,debt_consolidation,2023-02-23,634,609,26738.19,19256.18,,12.19,12,0,0,22.6,,-25
9614,revolving,West,debt_consolidation,2024-04-17,819,825,17881.01,16190.19,44720.4,9.51,0,0,0,8.6,0.362,6
9615,term,East,auto,2023-02-16,679,667,30241.94,12982.0,,7.99,10,0,1,22.8,,-12
9616,revolving,North,home_improvement,2023-09-19,684,671,8999.28,5928.03,10473.29,16.75,6,0,0,15.7,0.566,-13
9617,term,North,debt_consolidation,2022-04-29,619,598,19796.48,4429.37,,5.34,12,0,0,32.6,,-21
9618,revolving,South,debt_consolidation,2024-07-30,717,705,24292.74,21654.54,59417.07,9.01,6,0,0,5.2,0.364,-12
9619,term,North,auto,2024-10-21,741,721,20563.58,19419.7,,11.11,5,0,0,2.4,,-20
9620,revolving,North,home_improvement,2021-06-25,691,648,9706.12,2261.69,5663.31,8.68,8,0,0,42.9,0.399,-43
9621,revolving,South,home_improvement,2021-12-31,698,656,14400.23,4644.07,8655.19,9.28,9,0,0,36.6,0.537,-42
9622,term,South,home_improvement,2023-07-15,694,664,27286.79,17990.82,,8.14,10,0,0,17.9,,-30
9623,term,North,auto,2023-10-19,625,592,31970.51,17991.96,,10.82,10,0,0,14.7,,-33
9624,term,South,debt_consolidation,2021-04-01,766,764,27922.81,15076.27,,9.64,0,0,0,45.7,,-2
9625,term,East,auto,2023-07-07,661,635,17679.19,10915.05,,10.04,11,0,0,18.1,,-26
9626,term,East,auto,2021-07-25,783,759,13984.15,7435.08,,6.99,0,0,0,41.9,,-24
9627,revolving,West,home_improvement,2021-10-21,607,612,12467.11,1246.71,3243.0,10.46,17,0,0,38.9,0.384,5
9628,term,East,auto,2022-01-25,734,724,31196.47,3119.65,,4.0,6,0,0,35.7,,-10
9629,revolving,East,home_improvement,2023-05-27,691,655,15060.9,7087.9,11598.2,10.82,9,0,0,19.5,0.611,-36
9630,term,East,debt_consolidation,2022-02-05,685,653,6071.8,3212.99,,16.89,5,0,0,35.4,,-32
9631,term,East,debt_consolidation,2021-11-12,644,577,59465.07,18919.9,,10.44,10,0,1,38.2,,-67
9632,term,East,personal,2023-08-06,720,725,14380.17,7458.19,,8.92,7,0,0,17.1,,5
9633,revolving,South,auto,2021-01-24,712,704,18443.48,5333.84,14805.22,10.85,4,0,0,47.9,0.36,-8
9634,term,West,home_improvement,2023-10-02,787,784,6639.39,4300.22,,9.21,0,0,0,15.2,,-3
9635,term,South,debt_consolidation,2024-12-29,720,689,10878.13,10652.0,,14.04,7,0,0,0.1,,-31
9636,revolving,West,home_improvement,2023-11-05,655,652,3567.36,2132.49,3405.1,12.69,19,0,0,14.1,0.626,-3
9637,term,West,personal,2022-10-30,654,629,29174.16,6156.55,,8.43,8,0,0,26.5,,-25
9638,term,West,debt_consolidation,2023-02-21,699,645,4430.14,2186.74,,6.18,6,0,0,22.7,,-54
9639,term,South,home_improvement,2024-03-08,769,748,7477.6,5425.62,,9.66,0,0,0,10.0,,-21
9640,term,South,debt_consolidation,2022-05-28,703,669,15402.37,4424.61,,9.65,5,0,0,31.6,,-34
9641,revolving,South,personal,2024-11-25,741,711,16289.73,15768.92,40695.51,10.23,5,0,0,1.2,0.387,-30
9642,term,East,debt_consolidation,2023-10-01,697,645,21689.08,15243.34,,12.28,8,0,0,15.3,,-52
9643,term,North,auto,2023-03-30,567,535,13638.67,5734.19,,14.49,15,0,0,21.4,,-32
9644,term,West,personal,2022-12-30,707,664,32551.01,21337.58,,7.92,4,1,0,24.4,,-43
9645,revolving,North,home_improvement,2024-08-26,668,657,15879.44,14611.82,27389.13,4.88,9,0,0,4.3,0.533,-11
9646,term,West,auto,2023-10-21,753,717,6741.9,4860.46,,5.92,2,1,0,14.6,,-36
9647,term,South,home_improvement,2021-04-13,779,747,16752.11,1675.21,,6.96,0,1,0,45.3,,-32
9648,term,West,home_improvement,2023-06-30,788,753,12185.23,6696.85,,12.2,0,0,0,18.4,,-35
9649,term,North,auto,2023-04-24,669,656,6652.05,4067.29,,3.56,7,0,0,20.6,,-13
9650,term,North,home_improvement,2022-08-10,651,622,36349.69,15880.37,,9.44,7,0,0,29.2,,-29
9651,revolving,West,personal,2022-01-06,660,630,4745.25,2021.61,4594.39,5.36,10,0,0,36.4,0.44,-30
9652,term,West,auto,2022-07-31,672,642,9280.9,1493.39,,8.45,5,0,0,29.5,,-30
9653,term,East,debt_consolidation,2022-10-29,689,678,48742.2,33773.9,,7.57,8,1,0,26.5,,-11
9654,revolving,East,auto,2022-03-04,624,615,10248.18,1024.82,2408.98,3.75,19,0,0,34.5,0.425,-9
9655,term,North,auto,2024-02-22,681,650,14614.36,11262.6,,10.78,10,0,0,10.5,,-31
9656,term,East,auto,2022-03-06,558,497,11615.31,7432.64,,6.14,22,0,0,34.4,,-61
9657,term,East,auto,2021-04-05,809,803,4529.98,453.0,,9.8,0,0,0,45.6,,-6
9658,term,North,personal,2021-02-26,666,645,23034.04,2303.4,,14.61,13,0,0,46.8,,-21
9659,term,West,auto,2023-11-01,654,609,8321.64,5029.65,,6.13,8,0,0,14.2,,-45
9660,revolving,East,home_improvement,2022-08-09,712,648,23366.2,15561.53,36212.11,10.73,4,0,0,29.2,0.43,-64
9661,revolving,South,personal,2022-07-03,730,695,6043.47,836.33,1824.25,6.78,4,0,0,30.4,0.458,-35
9662,term,South,home_improvement,2023-08-26,558,550,1000.0,725.75,,4.32,24,0,0,16.5,,-8
9663,revolving,West,personal,2022-10-18,638,587,9665.74,4572.13,8873.38,13.84,13,0,0,26.9,0.515,-51
9664,term,North,personal,2022-08-20,765,749,42426.17,11900.14,,9.53,0,0,0,28.8,,-16
9665,term,North,auto,2024-07-11,732,731,7439.47,6850.61,,10.14,4,0,0,5.8,,-1
9666,term,South,personal,2021-10-18,609,559,15698.67,8285.34,,4.78,14,0,1,39.0,,-50
9667,term,East,debt_consolidation,2023-08-31,751,728,14196.19,9829.28,,6.89,4,0,0,16.3,,-23
9668,term,North,debt_consolidation,2021-05-21,725,704,7132.47,3170.13,,7.59,1,0,0,44.0,,-21
9669,revolving,East,home_improvement,2021-09-18,631,613,2185.58,435.33,914.67,8.81,17,1,0,40.0,0.476,-18
9670,term,East,auto,2023-09-20,679,641,10541.32,8863.17,,11.58,6,0,0,15.6,,-38
9671,term,West,personal,2023-02-23,577,519,6941.56,3417.48,,10.45,23,0,0,22.6,,-58
9672,revolving,North,auto,2023-01-25,728,724,13013.01,5782.65,16791.49,7.63,3,0,0,23.6,0.344,-4
9673,term,South,auto,2021-10-03,772,753,2867.38,741.27,,6.63,0,0,0,39.5,,-19
9674,term,South,debt_consolidation,2022-03-02,659,611,24518.17,9533.03,,7.84,8,0,0,34.5,,-48
9675,revolving,South,home_improvement,2021-07-27,679,663,9198.17,919.82,1583.64,8.46,6,1,0,41.8,0.581,-16
9676,term,West,personal,2024-10-28,705,689,18610.0,17750.29,,7.58,8,0,0,2.2,,-16
9677,term,West,home_improvement,2024-10-07,666,665,6465.7,5930.43,,8.33,9,0,1,2.9,,-1
9678,term,South,debt_consolidation,2023-09-19,555,499,4403.55,3403.17,,12.43,19,0,0,15.7,,-56
9679,term,West,debt_consolidation,2023-08-22,744,713,16704.89,9836.29,,7.37,3,0,0,16.6,,-31
9680,term,South,personal,2022-12-18,752,737,30881.38,14071.15,,6.38,2,0,0,24.8,,-15
9681,term,South,personal,2024-07-08,721,720,8972.57,7431.36,,10.07,6,0,0,5.9,,-1
9682,term,East,auto,2024-03-04,763,767,14989.04,13294.2,,6.73,1,0,0,10.1,,4
9683,revolving,South,debt_consolidation,2022-04-06,672,659,15188.75,2089.51,5873.02,8.33,5,0,0,33.4,0.356,-13
9684,revolving,North,auto,2023-11-12,706,671,19048.24,13091.53,35100.53,5.15,2,0,0,13.9,0.373,-35
9685,term,West,home_improvement,2024-02-28,637,596,12284.75,8833.29,,9.27,7,0,0,10.3,,-41
9686,term,North,debt_consolidation,2024-10-15,627,600,28998.48,27085.39,,8.2,13,0,0,2.6,,-27
9687,term,South,home_improvement,2023-06-23,601,536,35880.96,28134.71,,6.3,12,0,1,18.6,,-65
9688,term,South,personal,2023-02-10,700,699,19816.52,7865.39,,7.31,7,0,0,23.0,,-1
9689,revolving,North,auto,2024-03-03,685,669,9390.16,7798.06,20922.86,8.06,9,0,0,10.1,0.373,-16
9690,term,North,personal,2022-10-03,745,751,1109.91,263.02,,14.59,3,0,0,27.4,,6
9691,term,West,home_improvement,2024-05-19,575,524,21221.51,17796.69,,7.56,16,0,1,7.6,,-51
9692,term,North,personal,2023-08-20,695,657,13128.7,10647.58,,14.57,9,0,0,16.7,,-38
9693,revolving,South,debt_consolidation,2021-12-22,783,789,6239.17,2612.37,4708.12,9.91,0,0,0,36.9,0.555,6
9694,term,West,auto,2022-11-23,687,657,29829.98,7284.0,,5.52,9,0,0,25.7,,-30
9695,term,West,home_improvement,2024-08-09,734,723,4987.07,4388.57,,9.64,1,0,0,4.8,,-11
9696,term,North,auto,2023-10-18,820,774,1508.41,946.22,,9.85,0,0,0,14.7,,-46
9697,term,South,home_improvement,2024-08-24,761,734,22437.05,19757.67,,12.39,0,0,0,4.3,,-27
9698,term,West,debt_consolidation,2023-05-23,594,558,6853.93,4170.73,,8.1,28,0,0,19.6,,-36
9699,revolving,South,home_improvement,2024-08-12,661,641,15384.63,14438.21,22350.51,12.22,10,0,1,4.7,0.646,-20
9700,term,South,debt_consolidation,2021-08-03,701,681,21730.73,2173.07,,11.86,10,0,1,41.6,,-20
9701,term,South,auto,2024-11-02,676,653,19466.89,18656.98,,5.58,11,0,0,2.0,,-23
9702,term,North,auto,2021-01-08,758,743,5377.28,537.73,,5.69,1,0,0,48.5,,-15
9703,term,East,personal,2024-03-12,678,656,24695.33,22053.99,,3.86,8,0,0,9.8,,-22
9704,revolving,West,home_improvement,2024-10-25,675,638,9542.77,8921.43,21407.33,11.76,8,0,0,2.3,0.417,-37
9705,term,West,debt_consolidation,2022-07-08,745,717,4908.77,1478.49,,5.1,4,0,0,30.3,,-28
9706,revolving,West,auto,2024-01-16,595,578,2073.41,1420.44,2556.91,12.49,18,0,0,11.7,0.556,-17
9707,term,East,debt_consolidation,2022-09-04,709,684,10661.0,2426.39,,13.11,5,0,0,28.3,,-25
9708,term,West,auto,2024-06-18,642,601,13273.65,10827.11,,15.5,15,0,0,6.6,,-41
9709,term,East,personal,2024-02-13,726,719,4452.49,3830.71,,10.88,7,0,0,10.8,,-7
9710,term,North,debt_consolidation,2024-10-12,658,623,23625.38,22073.87,,11.3,11,1,0,2.7,,-35
9711,revolving,North,debt_consolidation,2023-11-02,710,698,18337.04,11595.94,21279.09,8.89,3,0,0,14.2,0.545,-12
9712,term,South,home_improvement,2022-07-18,647,607,12661.09,8465.25,,4.55,3,0,0,29.9,,-40
9713,term,West,auto,2024-04-22,561,499,29683.37,23899.05,,5.53,23,0,1,8.5,,-62
9714,revolving,West,debt_consolidation,2024-09-23,701,671,14521.03,13558.82,34128.44,7.37,4,0,0,3.3,0.397,-30
9715,term,West,personal,2023-08-10,602,556,26539.82,21974.98,,10.73,20,0,0,17.0,,-46
9716,term,East,personal,2023-09-13,769,746,19769.33,15456.96,,7.64,0,0,0,15.9,,-23
9717,term,North,home_improvement,2021-02-27,713,684,16186.0,1618.6,,7.35,5,0,0,46.8,,-29
9718,term,South,debt_consolidation,2024-04-19,723,705,25357.6,20373.66,,14.22,6,0,0,8.6,,-18
9719,term,South,debt_consolidation,2021-06-27,663,632,14976.79,2793.75,,6.82,15,0,0,42.8,,-31
9720,term,South,personal,2024-05-28,678,652,17840.57,15496.0,,5.46,9,0,0,7.3,,-26
9721,revolving,West,debt_consolidation,2022-11-13,538,474,24635.0,13019.92,30968.31,11.91,24,0,0,26.0,0.42,-64
9722,term,West,personal,2024-07-01,703,705,9650.23,8863.45,,12.01,7,0,0,6.1,,2
9723,revolving,South,home_improvement,2021-08-13,611,602,18208.53,9457.19,20987.67,12.08,17,0,0,41.2,0.451,-9
9724,revolving,South,personal,2022-04-07,698,684,19353.67,5637.04,13301.81,7.22,9,0,0,33.3,0.424,-14
9725,term,South,auto,2024-09-06,614,588,13213.39,12210.19,,7.3,10,0,0,3.9,,-26
9726,revolving,North,auto,2022-07-31,716,695,22137.63,2574.54,4460.32,13.52,5,1,0,29.5,0.577,-21
9727,revolving,West,personal,2024-08-31,690,638,7983.39,7458.86,22142.23,8.01,10,0,0,4.1,0.337,-52
9728,revolving,South,personal,2021-12-13,601,598,15322.62,5222.36,14200.7,9.61,13,0,0,37.2,0.368,-3
9729,term,West,personal,2024-05-08,761,726,16922.85,13495.6,,13.58,1,0,0,7.9,,-35
9730,revolving,North,personal,2024-07-23,668,632,16646.11,15652.63,34783.05,6.93,2,0,0,5.4,0.45,-36
9731,revolving,North,home_improvement,2024-04-29,627,606,55879.75,43072.36,70368.28,7.05,12,0,0,8.2,0.612,-21
9732,term,East,auto,2023-12-20,742,751,9699.04,7800.62,,8.15,1,0,0,12.6,,9
9733,term,East,auto,2024-01-30,646,627,21503.85,14958.77,,9.99,5,0,0,11.2,,-19
9734,revolving,West,home_improvement,2023-04-13,669,644,18690.48,7629.48,15463.82,5.56,11,0,0,21.0,0.493,-25
9735,term,West,debt_consolidation,2021-03-30,771,747,11050.61,3650.6,,5.42,0,0,0,45.8,,-24
9736,revolving,West,home_improvement,2023-12-13,703,690,4980.72,3546.88,8964.1,7.63,7,0,0,12.8,0.396,-13
9737,revolving,South,auto,2024-01-19,717,690,8883.15,7591.66,18305.59,11.06,4,0,0,11.6,0.415,-27
9738,term,West,home_improvement,2021-03-05,673,633,26278.26,2627.83,,10.32,5,0,0,46.6,,-40
9739,revolving,West,personal,2024-09-03,640,586,32749.42,30516.89,58790.05,7.97,13,0,0,4.0,0.519,-54
9740,term,South,debt_consolidation,2024-07-21,660,641,8273.43,7244.87,,10.63,9,0,0,5.5,,-19
9741,term,East,personal,2021-05-18,538,513,3052.52,305.25,,5.46,22,0,0,44.1,,-25
9742,revolving,South,home_improvement,2023-02-14,720,687,2722.0,1352.86,2832.58,9.2,3,0,0,22.9,0.478,-33
9743,term,North,debt_consolidation,2022-08-09,715,705,4288.59,910.03,,8.95,8,0,0,29.2,,-10
9744,term,North,debt_consolidation,2021-07-17,590,571,6706.7,2853.59,,12.97,14,0,0,42.1,,-19
9745,revolving,West,debt_consolidation,2022-10-06,702,644,11687.42,7278.49,18373.24,10.14,3,0,0,27.3,0.396,-58
9746,term,West,debt_consolidation,2022-07-06,500,432,2905.11,1386.17,,3.0,23,0,0,30.3,,-68
9747,term,West,debt_consolidation,2023-01-15,808,793,10923.04,7460.86,,5.22,1,0,0,23.9,,-15
9748,revolving,South,auto,2022-04-20,645,610,44601.79,25722.83,72623.48,10.15,4,0,0,32.9,0.354,-35
9749,term,East,personal,2022-01-16,649,620,9842.1,5432.9,,3.18,12,0,0,36.0,,-29
9750,term,South,personal,2021-02-24,724,695,1169.52,326.53,,8.83,6,0,0,46.9,,-29
9751,term,West,debt_consolidation,2021-10-12,708,684,18524.62,1852.46,,7.39,2,0,0,39.2,,-24
9752,revolving,East,personal,2024-12-17,588,550,36866.11,36418.21,90763.31,8.86,18,0,0,0.5,0.401,-38
9753,term,North,auto,2021-06-30,682,658,8217.65,821.76,,7.02,6,0,0,42.7,,-24
9754,term,East,personal,2022-02-11,705,679,24597.95,7068.33,,11.69,7,0,0,35.2,,-26
9755,term,East,personal,2023-01-05,629,594,16828.93,5544.43,,7.84,16,0,0,24.2,,-35
9756,revolving,South,auto,2023-01-10,727,733,15676.53,6820.49,10325.29,10.38,3,0,0,24.1,0.661,6
9757,term,East,personal,2024-04-27,603,547,9715.69,7929.03,,10.31,12,0,0,8.3,,-56
9758,term,East,personal,2022-11-08,716,727,8522.12,2951.98,,5.33,7,0,0,26.2,,11
9759,term,North,home_improvement,2024-03-02,590,542,15509.22,13328.24,,9.85,13,0,0,10.2,,-48
9760,revolving,East,personal,2022-03-29,654,619,19997.56,5807.31,12414.37,7.29,15,0,0,33.6,0.468,-35
9761,term,South,debt_consolidation,2022-10-08,582,541,26330.02,17163.6,,10.18,17,0,0,27.2,,-41
9762,revolving,North,debt_consolidation,2021-08-30,728,728,33350.33,13459.44,35479.58,5.73,6,0,1,40.7,0.379,0
9763,term,East,auto,2023-04-18,755,742,4512.73,2353.93,,8.06,0,0,0,20.8,,-13
9764,term,West,auto,2022-12-17,782,775,13894.27,6665.52,,10.17,0,0,0,24.9,,-7
9765,term,East,debt_consolidation,2021-06-10,655,648,4437.19,1840.77,,9.97,8,0,0,43.4,,-7
9766,term,North,debt_consolidation,2024-11-22,633,588,13495.53,13175.99,,6.25,10,0,0,1.3,,-45
9767,term,East,debt_consolidation,2022-11-03,740,722,6226.06,3191.79,,9.85,2,0,0,26.3,,-18
9768,term,North,home_improvement,2022-03-25,683,686,8404.65,1021.43,,10.23,5,0,0,33.8,,3
9769,term,North,debt_consolidation,2022-05-14,641,596,21494.43,9751.53,,4.76,10,0,0,32.1,,-45
9770,revolving,South,auto,2022-08-16,640,626,13281.62,7254.11,15990.6,3.95,10,0,0,29.0,0.454,-14
9771,revolving,East,home_improvement,2022-06-28,681,647,16607.54,11218.69,31117.9,10.8,10,1,0,30.6,0.361,-34
9772,term,West,auto,2022-04-28,753,731,11143.06,5988.55,,5.46,2,1,0,32.6,,-22
9773,term,North,home_improvement,2024-06-29,616,593,3941.22,3222.29,,9.29,15,0,1,6.2,,-23
9774,term,North,home_improvement,2023-02-02,759,727,18080.25,8868.08,,8.51,0,0,0,23.3,,-32
9775,revolving,South,auto,2023-12-20,669,650,9336.44,6710.98,17671.17,7.43,11,0,0,12.6,0.38,-19
9776,term,South,home_improvement,2023-04-15,752,739,15055.15,6222.87,,13.69,4,0,0,20.9,,-13
9777,term,South,home_improvement,2023-09-03,667,648,34692.19,23336.37,,5.9,7,0,0,16.2,,-19
9778,term,North,personal,2023-07-09,730,707,44596.16,28662.71,,6.54,2,1,0,18.1,,-23
9779,revolving,West,debt_consolidation,2021-12-02,630,585,31955.75,14116.27,29441.05,10.96,10,0,0,37.5,0.479,-45
9780,term,North,home_improvement,2021-03-15,705,683,11754.92,5038.04,,9.95,7,0,0,46.3,,-22
9781,term,South,home_improvement,2022-01-31,719,700,12332.47,1382.01,,9.4,3,0,0,35.5,,-19
9782,term,South,auto,2023-07-07,568,553,25186.78,13719.7,,9.84,14,0,0,18.1,,-15
9783,revolving,South,auto,2024-02-03,778,781,24868.24,20107.17,55281.43,7.28,0,0,0,11.1,0.364,3
9784,term,South,personal,2021-10-22,592,548,1899.68,189.97,,5.81,23,0,1,38.9,,-44
9785,term,North,auto,2021-11-05,745,742,17359.74,1735.97,,13.69,1,0,0,38.4,,-3
9786,term,South,debt_consolidation,2022-11-26,650,625,4011.94,1021.37,,5.59,13,0,0,25.6,,-25
9787,term,West,personal,2022-06-15,726,722,10860.68,5188.27,,3.03,6,0,0,31.0,,-4
9788,term,West,debt_consolidation,2021-11-18,705,693,6618.25,3882.01,,6.81,7,0,0,38.0,,-12
9789,term,North,debt_consolidation,2024-03-19,659,648,24042.06,21256.98,,11.42,12,0,1,9.6,,-11
9790,term,South,home_improvement,2024-10-15,626,588,10331.45,9637.08,,3.0,19,0,0,2.6,,-38
9791,term,East,debt_consolidation,2023-08-09,665,636,12140.32,8302.88,,6.47,15,0,0,17.0,,-29
9792,term,East,personal,2024-07-07,651,624,2867.1,2510.9,,11.73,14,0,1,5.9,,-27
9793,revolving,North,personal,2023-04-26,702,676,24432.3,13544.04,36687.26,5.22,10,0,0,20.5,0.369,-26
9794,term,South,home_improvement,2021-04-01,685,677,27825.41,2782.54,,9.54,5,0,0,45.7,,-8
9795,term,West,auto,2022-08-19,632,605,6050.91,2017.17,,9.01,10,0,0,28.9,,-27
9796,term,South,debt_consolidation,2022-10-02,606,590,21894.04,4780.34,,9.18,12,0,0,27.4,,-16
9797,term,West,debt_consolidation,2024-09-05,655,636,12150.58,11145.36,,10.85,12,1,0,3.9,,-19
9798,term,West,home_improvement,2024-12-17,675,642,27318.26,26889.91,,5.21,10,0,0,0.5,,-33
9799,term,West,auto,2022-01-17,634,620,19301.41,7400.35,,11.74,22,0,0,36.0,,-14
9800,term,West,personal,2022-12-31,702,659,23842.75,16263.93,,5.4,8,0,0,24.4,,-43
9801,term,West,home_improvement,2021-10-08,666,642,12062.73,3715.06,,7.55,10,0,0,39.4,,-24
9802,term,West,personal,2024-01-01,738,722,16321.09,10355.48,,7.94,6,0,0,12.2,,-16
9803,term,West,home_improvement,2021-10-16,702,686,12531.09,2700.52,,10.27,6,1,0,39.1,,-16
9804,term,South,auto,2022-11-11,715,698,5859.22,3254.27,,4.28,6,0,0,26.1,,-17
9805,revolving,West,debt_consolidation,2023-11-23,645,624,26013.58,19974.89,32576.99,13.86,11,1,0,13.5,0.613,-21
9806,term,South,debt_consolidation,2024-01-23,756,749,23959.23,16222.12,,8.15,1,0,0,11.5,,-7
9807,term,East,home_improvement,2022-12-17,695,664,18697.25,5932.64,,11.37,5,0,0,24.9,,-31
9808,term,North,home_improvement,2023-05-19,759,749,13757.81,7829.38,,5.31,1,0,0,19.8,,-10
9809,term,East,auto,2024-02-06,732,711,7528.23,6084.84,,7.41,3,0,0,11.0,,-21
9810,term,East,debt_consolidation,2021-11-12,667,620,28617.5,7317.86,,3.0,10,0,0,38.2,,-47
9811,term,South,personal,2023-11-15,643,610,14974.91,11702.79,,11.51,10,0,0,13.8,,-33
9812,revolving,North,home_improvement,2022-04-29,686,687,19268.58,6877.57,16927.93,5.93,7,0,0,32.6,0.406,1
9813,revolving,North,debt_consolidation,2023-09-25,662,610,10087.99,6960.73,17791.3,5.52,8,0,0,15.5,0.391,-52
9814,revolving,West,personal,2021-02-18,637,612,20876.49,2087.65,5214.72,10.62,15,0,0,47.1,0.4,-25
9815,revolving,East,auto,2022-12-06,616,595,10720.73,6365.02,16280.86,3.0,17,0,0,25.2,0.391,-21
9816,revolving,East,personal,2023-03-17,795,770,2845.0,2128.13,3947.07,8.33,0,0,0,21.9,0.539,-25
9817,revolving,South,debt_consolidation,2023-06-22,598,559,12638.4,6530.26,16136.56,14.35,8,0,0,18.6,0.405,-39
9818,term,West,personal,2021-02-08,564,501,18336.35,1833.63,,5.98,26,0,0,47.4,,-63
9819,term,North,auto,2022-02-20,703,699,48199.21,30006.29,,6.33,9,1,0,34.9,,-4
9820,revolving,East,debt_consolidation,2021-03-13,636,610,14342.99,1434.3,3641.02,11.79,9,0,0,46.3,0.394,-26
9821,term,East,home_improvement,2021-11-01,662,656,28533.54,2853.35,,5.43,5,0,0,38.6,,-6
9822,term,East,debt_consolidation,2023-03-09,597,564,18069.87,12476.43,,13.27,13,0,0,22.1,,-33
9823,revolving,South,personal,2024-01-22,704,658,13756.09,9435.19,22631.96,12.28,8,1,0,11.5,0.417,-46
9824,term,South,personal,2023-04-14,696,680,8846.95,4073.68,,10.56,9,0,1,20.9,,-16
9825,term,North,auto,2022-03-11,737,732,15892.49,6653.11,,6.1,3,0,0,34.2,,-5
9826,term,West,home_improvement,2022-04-23,713,686,6170.18,617.02,,8.71,6,0,0,32.8,,-27
9827,revolving,South,debt_consolidation,2021-04-23,662,660,18553.34,4047.88,6882.61,8.18,6,0,0,45.0,0.588,-2
9828,revolving,North,personal,2024-12-20,583,546,17561.43,17332.83,43523.14,9.26,22,0,0,0.4,0.398,-37
9829,term,East,home_improvement,2021-10-27,632,606,4944.9,911.21,,9.93,8,0,1,38.7,,-26
9830,term,North,personal,2023-10-27,629,617,8374.97,5032.46,,7.41,17,0,0,14.4,,-12
9831,term,North,home_improvement,2024-08-20,613,572,3984.1,3691.29,,7.38,9,0,0,4.5,,-41
9832,term,East,home_improvement,2021-02-26,757,738,13546.47,6496.6,,11.17,1,0,0,46.8,,-19
9833,term,East,debt_consolidation,2024-09-09,763,718,11770.7,11253.54,,15.97,1,0,0,3.8,,-45
9834,term,South,debt_consolidation,2021-09-18,649,623,24237.17,2423.72,,5.34,6,0,0,40.0,,-26
9835,term,East,personal,2022-06-13,728,703,7189.82,3056.84,,11.25,6,0,0,31.1,,-25
9836,revolving,East,auto,2021-05-29,695,668,7107.01,710.7,1896.87,10.59,5,0,0,43.8,0.375,-27
9837,revolving,West,personal,2021-08-15,644,624,12249.75,1224.97,3347.85,10.41,9,0,0,41.2,0.366,-20
9838,revolving,East,personal,2021-06-12,685,644,15075.87,3230.23,5249.46,9.71,7,1,0,43.3,0.615,-41
9839,term,West,home_improvement,2023-06-06,562,522,6935.63,4646.5,,7.35,18,0,0,19.2,,-40
9840,revolving,East,home_improvement,2021-11-04,585,564,12346.54,3629.99,5446.05,9.43,19,0,0,38.5,0.667,-21
9841,revolving,South,debt_consolidation,2024-03-17,705,702,4924.16,3666.22,7724.73,8.12,6,1,1,9.7,0.475,-3
9842,revolving,East,personal,2023-09-22,736,708,15958.63,13016.65,26237.86,10.66,3,1,0,15.6,0.496,-28
9843,term,North,home_improvement,2024-10-07,734,739,9836.44,9330.37,,10.38,6,0,0,2.9,,5
9844,term,North,auto,2024-07-29,616,609,19244.69,18004.59,,3.0,12,0,0,5.2,,-7
9845,term,East,personal,2022-03-19,732,701,49904.94,13177.25,,9.55,3,0,0,34.0,,-31
9846,revolving,North,debt_consolidation,2022-10-07,719,698,17516.44,12267.66,35376.37,9.7,7,0,0,27.2,0.347,-21
9847,term,South,auto,2021-06-03,707,692,12017.16,5539.52,,12.16,5,0,0,43.6,,-15
9848,term,East,home_improvement,2022-07-02,671,628,13604.04,8599.83,,9.03,7,0,0,30.5,,-43
9849,term,East,home_improvement,2022-06-03,648,601,8047.22,4643.86,,7.76,12,0,0,31.4,,-47
9850,revolving,South,auto,2021-08-20,724,706,5632.2,3197.02,6313.93,11.81,6,1,0,41.0,0.506,-18
9851,revolving,East,personal,2022-08-26,727,712,8071.12,2058.75,3381.9,6.76,8,0,0,28.6,0.609,-15
9852,term,East,personal,2021-01-08,667,637,12391.51,1239.15,,4.42,9,0,0,48.5,,-30
9853,term,West,debt_consolidation,2022-02-10,705,665,12061.64,1206.16,,10.87,2,0,0,35.2,,-40
9854,term,South,debt_consolidation,2023-02-15,707,693,31431.11,15516.48,,12.92,9,0,0,22.9,,-14
9855,revolving,North,debt_consolidation,2022-10-28,673,643,8264.52,2147.92,3712.1,7.93,12,0,0,26.5,0.579,-30
9856,term,East,auto,2022-06-29,638,609,4824.11,1746.82,,6.75,13,0,1,30.6,,-29
9857,term,East,auto,2024-08-15,684,641,9687.48,8955.77,,12.62,9,0,0,4.6,,-43
9858,term,West,personal,2022-10-22,731,716,4112.67,1093.49,,10.54,1,0,0,26.7,,-15
9859,revolving,East,personal,2021-08-24,627,597,22752.95,10008.53,25126.38,8.18,13,0,0,40.9,0.398,-30
9860,term,West,debt_consolidation,2024-09-13,749,722,19826.68,17862.09,,9.76,3,0,0,3.7,,-27
9861,revolving,West,home_improvement,2023-06-02,635,578,6550.79,3808.7,10013.43,6.04,15,0,0,19.3,0.38,-57
9862,term,West,home_improvement,2024-10-26,789,798,3882.67,3744.17,,9.99,0,0,0,2.2,,9
9863,term,West,personal,2022-07-10,727,692,16947.8,2321.22,,3.07,5,0,0,30.2,,-35
9864,term,North,debt_consolidation,2022-05-10,653,655,13132.38,8305.68,,6.42,5,0,0,32.2,,2
9865,term,South,debt_consolidation,2023-07-10,598,561,39492.13,25500.61,,8.52,20,1,0,18.0,,-37
9866,term,South,auto,2024-08-13,647,631,16196.11,13967.29,,9.48,11,0,0,4.7,,-16
9867,revolving,East,personal,2023-03-30,661,644,1136.89,611.33,1685.76,7.81,13,0,0,21.4,0.363,-17
9868,term,South,home_improvement,2021-01-20,660,614,36290.07,12573.46,,11.91,13,0,0,48.1,,-46
9869,revolving,West,auto,2024-09-23,639,634,27700.29,26117.52,46173.61,9.53,10,1,0,3.3,0.566,-5
9870,term,West,auto,2021-02-19,682,653,27508.04,2750.8,,7.57,5,0,0,47.1,,-29
9871,revolving,North,home_improvement,2023-10-29,674,660,17241.2,14559.95,30735.02,8.37,11,0,1,14.3,0.474,-14
9872,revolving,North,home_improvement,2022-11-10,632,568,5336.02,3736.24,7669.63,10.93,10,0,0,26.1,0.487,-64
9873,term,East,auto,2023-04-26,743,714,8903.17,3613.87,,10.16,2,0,0,20.5,,-29
9874,revolving,South,auto,2024-08-09,747,724,17662.15,16577.4,40963.16,8.06,3,0,0,4.8,0.405,-23
9875,term,North,auto,2024-02-16,680,666,23427.84,17449.18,,13.37,6,0,1,10.7,,-14
9876,term,West,home_improvement,2021-02-23,736,714,9776.18,2236.3,,6.2,4,0,0,46.9,,-22
9877,term,West,home_improvement,2024-09-05,718,721,27214.36,25137.31,,13.53,5,0,0,3.9,,3
9878,revolving,North,auto,2023-08-26,643,587,34342.88,22285.14,48147.89,4.69,9,1,0,16.5,0.463,-56
9879,term,North,personal,2022-08-19,706,667,22305.65,10755.04,,5.28,4,0,0,28.9,,-39
9880,term,North,auto,2022-07-12,627,584,42026.31,18624.69,,5.61,15,0,0,30.1,,-43
9881,term,South,auto,2024-10-07,623,573,8108.31,7473.37,,12.59,14,0,0,2.9,,-50
9882,term,West,auto,2021-10-09,716,689,11878.87,1353.11,,7.25,6,0,0,39.3,,-27
9883,term,East,debt_consolidation,2023-05-20,710,660,30754.24,13428.41,,8.11,5,0,0,19.7,,-50
9884,term,South,debt_consolidation,2022-11-03,707,662,10821.61,5181.76,,4.83,4,0,0,26.3,,-45
9885,term,East,home_improvement,2022-03-07,688,632,4080.94,2397.52,,7.45,4,0,0,34.4,,-56
9886,term,North,auto,2022-07-14,577,552,25458.72,2979.8,,8.27,17,0,0,30.1,,-25
9887,term,North,debt_consolidation,2023-02-17,590,543,23140.71,13486.13,,10.77,11,0,0,22.8,,-47
9888,term,West,auto,2022-12-17,702,674,35217.24,19481.11,,10.05,5,0,0,24.9,,-28
9889,term,West,debt_consolidation,2023-03-06,724,707,6112.58,2327.68,,7.0,3,0,0,22.2,,-17
9890,revolving,North,auto,2023-06-11,637,601,6213.97,4675.0,11648.82,4.94,8,0,0,19.0,0.401,-36
9891,term,East,debt_consolidation,2021-01-10,781,733,10576.42,1057.64,,8.24,0,0,0,48.4,,-48
9892,term,South,home_improvement,2023-04-05,641,621,15571.03,8338.01,,14.42,9,0,0,21.2,,-20
9893,revolving,North,personal,2021-05-22,751,725,11297.24,1915.87,3018.55,9.93,0,0,0,44.0,0.635,-26
9894,term,East,personal,2024-05-13,580,572,7844.18,6242.76,,5.67,12,0,0,7.8,,-8
9895,term,North,home_improvement,2021-10-03,629,597,11344.04,2379.61,,4.35,13,0,1,39.5,,-32
9896,term,West,home_improvement,2024-12-02,700,678,20130.78,19816.4,,6.02,2,0,0,1.0,,-22
9897,revolving,East,debt_consolidation,2022-02-04,661,625,9021.31,3314.81,9306.51,8.08,3,0,1,35.4,0.356,-36
9898,term,South,auto,2021-12-12,729,709,7695.65,3381.75,,12.63,3,0,0,37.2,,-20
9899,term,West,auto,2024-05-05,695,684,8993.29,7334.72,,3.0,5,0,0,8.0,,-11
9900,term,North,debt_consolidation,2023-09-17,766,769,1000.0,657.34,,9.85,0,0,0,15.7,,3
9901,term,North,personal,2021-06-23,650,636,7077.66,1813.7,,6.09,5,0,0,42.9,,-14
9902,term,South,personal,2022-10-24,614,546,13332.95,6226.84,,11.08,12,0,1,26.7,,-68
9903,term,North,auto,2024-08-11,666,629,22096.67,19890.03,,9.7,5,0,0,4.8,,-37
9904,term,South,home_improvement,2021-02-14,655,610,11529.99,1153.0,,15.38,10,0,0,47.2,,-45
9905,term,South,debt_consolidation,2024-05-30,639,617,15827.61,13445.59,,9.39,13,0,0,7.2,,-22
9906,revolving,North,home_improvement,2022-02-06,627,581,18675.18,2301.92,5979.92,13.77,11,0,0,35.3,0.385,-46
9907,term,East,home_improvement,2021-05-17,594,561,5862.0,586.2,,6.44,14,0,0,44.2,,-33
9908,term,South,personal,2021-01-18,757,722,8125.89,812.59,,8.11,3,0,0,48.1,,-35
9909,term,North,personal,2024-03-20,590,566,37459.95,28210.02,,3.1,10,0,0,9.6,,-24
9910,term,South,debt_consolidation,2024-03-09,674,656,13853.26,11698.48,,9.47,13,0,0,9.9,,-18
9911,term,West,home_improvement,2021-03-16,687,660,14921.75,1492.17,,8.23,11,0,0,46.2,,-27
9912,term,East,debt_consolidation,2023-02-08,701,689,16301.71,9814.89,,10.23,5,1,0,23.1,,-12
9913,term,East,auto,2024-05-01,677,666,24061.02,18937.23,,8.5,10,0,0,8.2,,-11
9914,revolving,South,auto,2024-07-08,593,559,64151.84,54076.61,116732.56,13.25,10,0,0,5.9,0.463,-34
9915,revolving,East,debt_consolidation,2023-03-06,632,616,13737.09,4634.19,9609.02,8.26,21,1,0,22.2,0.482,-16
9916,term,South,home_improvement,2023-12-16,676,671,14999.0,9634.42,,10.61,9,0,0,12.7,,-5
9917,term,West,personal,2021-07-29,679,659,6177.21,3362.19,,13.88,5,0,0,41.7,,-20
9918,term,East,auto,2021-08-27,608,572,7562.04,3568.23,,14.29,21,0,0,40.8,,-36
9919,term,North,home_improvement,2024-09-02,717,708,31076.26,27572.03,,10.2,1,0,0,4.0,,-9
9920,term,East,personal,2022-02-26,625,603,14752.34,1475.23,,9.43,18,0,1,34.7,,-22
9921,term,East,home_improvement,2024-11-12,780,746,22420.74,21703.97,,10.24,0,0,0,1.7,,-34
9922,term,South,personal,2023-03-20,564,518,4719.48,2961.38,,13.88,21,0,0,21.8,,-46
9923,term,North,debt_consolidation,2023-02-12,712,708,6116.99,3700.49,,9.3,4,0,0,23.0,,-4
9924,term,North,personal,2023-07-24,688,665,10165.64,6978.87,,9.45,3,0,0,17.6,,-23
9925,revolving,East,debt_consolidation,2024-12-19,669,648,19783.19,19269.44,48121.7,6.49,15,0,1,0.4,0.4,-21
9926,term,North,auto,2024-11-27,717,691,5820.92,5697.93,,6.67,4,0,0,1.2,,-26
9927,term,North,personal,2024-10-24,636,628,23930.21,23308.25,,10.71,13,1,0,2.3,,-8
9928,term,East,home_improvement,2021-07-15,660,619,15744.07,1574.41,,6.3,9,0,0,42.2,,-41
9929,term,North,personal,2023-11-08,614,595,9591.5,6332.8,,9.96,11,0,1,14.0,,-19
9930,term,East,auto,2021-06-18,760,755,20656.92,8488.89,,8.15,1,0,0,43.1,,-5
9931,revolving,West,personal,2024-06-06,647,638,31032.85,28362.45,52638.86,7.09,6,0,0,7.0,0.539,-9
9932,term,North,debt_consolidation,2024-04-19,645,617,26633.62,21955.82,,6.47,11,0,0,8.6,,-28
9933,revolving,North,home_improvement,2022-06-24,758,752,33625.62,13770.39,34848.55,16.23,0,0,0,30.7,0.395,-6
9934,term,North,home_improvement,2022-02-05,577,553,12431.77,1243.18,,10.63,20,0,0,35.4,,-24
9935,term,South,home_improvement,2024-05-17,779,757,3322.5,2754.31,,4.88,0,0,0,7.6,,-22
9936,revolving,West,debt_consolidation,2023-05-29,673,655,21556.47,14730.78,26061.2,16.48,8,0,0,19.4,0.565,-18
9937,term,East,personal,2024-12-05,740,723,5053.43,4975.39,,9.45,3,0,0,0.9,,-17
9938,revolving,North,personal,2022-10-29,711,710,23188.43,8533.61,18168.57,6.84,5,0,0,26.5,0.47,-1
9939,revolving,North,auto,2022-01-20,562,523,10815.2,3670.07,8119.11,8.4,18,0,0,35.9,0.452,-39
9940,term,East,personal,2023-07-12,720,709,2327.0,1219.69,,13.82,6,0,0,18.0,,-11
9941,revolving,West,auto,2023-11-25,615,593,14530.17,11371.91,19434.21,6.87,12,0,0,13.4,0.585,-22
9942,term,West,debt_consolidation,2022-07-14,665,624,21511.77,2474.29,,7.75,8,0,0,30.1,,-41
9943,term,East,home_improvement,2023-08-04,781,755,13368.31,9951.08,,10.69,1,0,0,17.2,,-26
9944,term,East,auto,2021-05-06,646,602,12873.52,1287.35,,8.31,19,0,0,44.5,,-44
9945,term,North,personal,2022-12-06,747,732,7872.5,5109.25,,13.12,3,0,0,25.2,,-15
9946,revolving,East,home_improvement,2021-06-04,622,604,4522.41,1565.22,3065.05,6.7,14,0,0,43.6,0.511,-18
9947,term,South,debt_consolidation,2022-02-09,768,757,11693.16,4046.98,,6.94,0,0,0,35.2,,-11
9948,term,North,auto,2023-03-19,672,658,7767.31,2950.6,,7.89,5,1,0,21.8,,-14
9949,term,North,debt_consolidation,2024-09-23,706,689,43419.49,39310.26,,8.2,4,0,0,3.3,,-17
9950,term,East,home_improvement,2023-04-17,674,626,7474.11,3074.02,,10.04,10,0,0,20.8,,-48
9951,revolving,East,debt_consolidation,2022-03-01,681,657,9417.34,2927.64,6773.34,8.4,8,0,1,34.6,0.432,-24
9952,revolving,South,home_improvement,2022-09-11,598,572,7421.99,5122.84,14553.61,6.84,16,0,0,28.1,0.352,-26
9953,revolving,South,auto,2021-06-22,649,635,6060.45,2899.94,7872.84,10.51,11,0,0,43.0,0.368,-14
9954,term,North,debt_consolidation,2023-10-28,636,612,12624.18,10241.62,,6.65,17,0,0,14.4,,-24
9955,term,North,personal,2021-10-01,601,581,14579.93,3715.66,,11.52,16,0,1,39.6,,-20
9956,term,East,debt_consolidation,2024-09-06,684,667,12857.11,11961.92,,3.23,8,0,0,3.9,,-17
9957,term,East,home_improvement,2024-04-29,764,748,21026.52,18718.39,,9.74,0,0,0,8.2,,-16
9958,term,South,debt_consolidation,2022-06-06,626,567,6929.71,692.97,,8.8,13,0,0,31.3,,-59
9959,revolving,South,debt_consolidation,2021-01-09,780,767,1926.93,192.69,347.64,10.15,0,0,0,48.4,0.554,-13
9960,term,West,auto,2022-04-13,671,657,18877.6,4767.23,,10.52,8,0,0,33.1,,-14
9961,term,West,home_improvement,2024-12-03,652,605,6157.52,6091.65,,9.1,9,1,0,1.0,,-47
9962,revolving,South,debt_consolidation,2024-08-27,663,621,5431.14,5055.06,11560.91,15.25,8,0,0,4.2,0.437,-42
9963,revolving,East,personal,2022-02-04,814,811,17044.4,2391.14,6113.31,10.94,0,0,0,35.4,0.391,-3
9964,revolving,South,auto,2022-02-08,702,693,14394.8,1854.84,5082.04,14.52,10,0,0,35.3,0.365,-9
9965,term,East,auto,2021-05-06,702,656,19622.16,5555.64,,9.88,7,1,0,44.5,,-46
9966,term,East,personal,2023-05-09,716,692,53026.48,24826.54,,7.19,3,0,0,20.1,,-24
9967,revolving,South,auto,2022-06-18,600,576,3164.77,2116.29,3186.02,3.0,23,0,0,30.9,0.664,-24
9968,term,East,home_improvement,2021-04-12,746,720,26398.52,2639.85,,10.11,3,0,0,45.3,,-26
9969,revolving,East,personal,2023-10-28,630,602,4487.51,3751.52,7559.05,10.92,15,0,0,14.4,0.496,-28
9970,term,East,personal,2024-05-04,622,558,15451.37,13819.62,,5.23,10,0,0,8.1,,-64
9971,revolving,South,personal,2024-01-29,652,639,19120.75,14304.48,22445.29,9.12,10,0,0,11.3,0.637,-13
9972,term,West,home_improvement,2023-08-06,665,627,10266.7,6147.19,,4.79,13,0,0,17.1,,-38
9973,term,East,auto,2023-06-08,680,661,3897.12,1977.22,,11.49,4,0,0,19.1,,-19
9974,term,East,debt_consolidation,2022-11-10,661,626,15558.5,3994.41,,11.02,10,1,0,26.1,,-35
9975,revolving,West,auto,2023-07-15,646,584,6287.03,4187.19,11750.39,3.49,7,0,0,17.9,0.356,-62
9976,term,West,debt_consolidation,2022-11-08,640,584,8071.65,5588.98,,4.6,11,1,0,26.2,,-56
9977,term,South,personal,2021-02-06,682,654,13573.57,1357.36,,3.0,7,0,0,47.5,,-28
9978,term,West,home_improvement,2023-06-24,574,541,5965.8,4364.76,,10.11,18,1,1,18.6,,-33
9979,term,East,home_improvement,2024-01-16,681,662,11184.52,9218.46,,10.14,5,0,0,11.7,,-19
9980,term,South,debt_consolidation,2023-01-03,756,732,16154.33,11141.36,,11.61,1,0,0,24.3,,-24
9981,revolving,South,home_improvement,2024-04-19,698,647,10769.05,8434.76,22254.64,5.71,7,0,0,8.6,0.379,-51
9982,term,West,personal,2022-11-14,724,681,24778.09,7604.72,,7.64,6,0,0,26.0,,-43
9983,term,East,debt_consolidation,2024-05-05,762,733,12851.9,11176.29,,6.69,1,1,0,8.0,,-29
9984,term,East,auto,2022-09-01,717,691,13218.53,8869.41,,6.24,8,0,0,28.4,,-26
9985,term,North,home_improvement,2021-12-26,645,625,13992.39,8618.12,,6.17,9,0,0,36.7,,-20
9986,revolving,North,auto,2024-01-28,650,617,23474.01,19251.13,55370.69,5.14,10,1,0,11.3,0.348,-33
9987,revolving,East,home_improvement,2024-10-22,686,646,23102.26,22039.24,61689.3,10.16,9,0,0,2.4,0.357,-40
9988,term,West,home_improvement,2024-08-21,606,557,12058.62,11067.82,,13.37,17,0,0,4.4,,-49
9989,revolving,South,personal,2024-12-04,831,822,15345.61,15181.79,25556.84,11.65,0,0,0,0.9,0.594,-9
9990,revolving,South,personal,2023-11-24,680,657,7360.95,5954.25,17625.7,7.78,6,0,0,13.5,0.338,-23
9991,term,West,debt_consolidation,2022-11-17,769,744,21094.24,12788.9,,8.67,0,0,0,25.9,,-25
9992,term,West,personal,2023-01-01,670,634,10233.7,6190.55,,10.18,14,0,0,24.4,,-36
9993,revolving,North,auto,2022-03-14,684,654,12129.11,2526.79,6770.49,9.45,8,0,0,34.1,0.373,-30
9994,term,South,personal,2021-02-07,677,677,8194.12,2996.84,,6.29,10,0,0,47.5,,0
9995,term,West,personal,2024-02-17,756,723,89331.12,77372.64,,10.35,3,0,0,10.6,,-33
9996,term,North,home_improvement,2021-04-24,829,791,28660.16,4373.72,,10.55,0,0,0,44.9,,-38
9997,term,South,personal,2022-10-11,592,551,4774.03,2935.57,,6.17,18,1,0,27.1,,-41
9998,term,East,auto,2024-10-25,665,641,2978.79,2829.12,,9.37,6,0,0,2.3,,-24
9999,term,West,personal,2021-02-27,705,670,5158.23,515.82,,8.33,6,0,0,46.8,,-35
10000,term,South,debt_consolidation,2022-12-02,575,552,20076.82,8436.04,,10.42,15,1,0,25.4,,-23
