loan_id,loan_type,current_balance,credit_limit,EAD
1,term,1410.48,,1410.48
2,revolving,7287.52,13478.76,10383.14
3,revolving,20183.16,33870.13,27026.64
4,term,1598.14,,1598.14
5,term,3752.12,,3752.12
6,term,11193.45,,11193.45
7,term,4537.56,,4537.56
8,revolving,12763.92,26947.14,19855.53
9,term,16035.77,,16035.77
10,revolving,2991.09,4965.63,3978.36
11,term,7221.1,,7221.1
12,revolving,3469.61,9024.78,6247.2
13,revolving,5394.18,8970.01,7182.1
14,term,8311.3,,8311.3
15,term,21661.18,,21661.18
16,term,9360.91,,9360.91
17,term,27066.73,,27066.73
18,term,18184.17,,18184.17
19,term,2667.53,,2667.53
20,term,9722.46,,9722.46
21,term,17794.82,,17794.82
22,term,11544.3,,11544.3
23,term,3301.29,,3301.29
24,term,8842.31,,8842.31
25,term,10249.29,,10249.29
26,revolving,19002.31,45907.91,32455.11
27,term,3034.25,,3034.25
28,term,5187.28,,5187.28
29,term,2162.85,,2162.85
30,term,4608.69,,4608.69
31,term,6695.92,,6695.92
32,term,16842.01,,16842.01
33,term,7860.7,,7860.7
34,revolving,4328.43,11613.43,7970.93
35,revolving,13255.19,25090.57,19172.88
36,revolving,5624.17,14820.17,10222.17
37,term,1629.33,,1629.33
38,term,3456.29,,3456.29
39,term,2718.36,,2718.36
40,term,10239.93,,10239.93
41,term,2765.06,,2765.06
42,term,19572.63,,19572.63
43,term,14031.57,,14031.57
44,revolving,7589.51,19879.05,13734.28
45,term,777.66,,777.66
46,term,3106.95,,3106.95
47,term,9633.77,,9633.77
48,term,9341.98,,9341.98
49,term,7151.44,,7151.44
50,term,8958.18,,8958.18
51,revolving,21763.02,41715.74,31739.38
52,revolving,7939.99,22692.95,15316.47
53,revolving,3660.53,6602.83,5131.68
54,revolving,796.69,1340.49,1068.59
55,term,7009.38,,7009.38
56,revolving,22806.7,45209.41,34008.06
57,term,4390.55,,4390.55
58,term,1630.73,,1630.73
59,term,4916.49,,4916.49
60,term,6112.59,,6112.59
61,term,3677.26,,3677.26
62,term,1763.62,,1763.62
63,revolving,7292.41,12378.83,9835.62
64,term,2366.0,,2366.0
65,term,4537.63,,4537.63
66,term,17434.8,,17434.8
67,term,15754.64,,15754.64
68,revolving,6038.03,15486.14,10762.08
69,term,980.91,,980.91
70,revolving,11498.01,25614.53,18556.27
71,revolving,7021.4,12848.88,9935.14
72,term,31008.96,,31008.96
73,term,9813.41,,9813.41
74,revolving,2217.08,6557.54,4387.31
75,revolving,9231.58,18606.56,13919.07
76,revolving,9035.79,18526.66,13781.22
77,revolving,13596.95,27069.22,20333.08
78,term,10283.92,,10283.92
79,term,11380.45,,11380.45
80,term,8098.27,,8098.27
81,revolving,4597.57,12879.81,8738.69
82,term,13284.67,,13284.67
83,term,2683.28,,2683.28
84,term,645.52,,645.52
85,term,1042.54,,1042.54
86,term,11443.61,,11443.61
87,revolving,18861.68,47743.61,33302.65
88,term,6376.93,,6376.93
89,revolving,3975.91,10989.32,7482.62
90,term,9078.81,,9078.81
91,term,3761.91,,3761.91
92,revolving,10221.52,16301.35,13261.44
93,revolving,10084.57,20702.29,15393.43
94,term,27934.72,,27934.72
95,revolving,6099.72,17037.13,11568.42
96,term,4409.64,,4409.64
97,term,5068.52,,5068.52
98,term,4046.71,,4046.71
99,term,5347.67,,5347.67
100,term,5066.41,,5066.41
101,term,22595.04,,22595.04
102,term,18066.19,,18066.19
103,term,1945.06,,1945.06
104,term,11860.44,,11860.44
105,revolving,2222.53,3551.2,2886.86
106,term,25543.78,,25543.78
107,term,12757.55,,12757.55
108,revolving,1328.25,3760.59,2544.42
109,term,3806.77,,3806.77
110,term,15303.14,,15303.14
111,term,8988.9,,8988.9
112,term,29837.65,,29837.65
113,revolving,19703.26,32248.7,25975.98
114,revolving,885.17,1468.36,1176.76
115,term,9834.79,,9834.79
116,revolving,1079.05,2624.05,1851.55
117,revolving,735.19,1179.6,957.4
118,term,2991.18,,2991.18
119,revolving,20287.53,32343.52,26315.52
120,term,11318.21,,11318.21
121,revolving,4548.59,12861.49,8705.04
122,revolving,2272.59,5153.13,3712.86
123,term,536.32,,536.32
124,term,10774.05,,10774.05
125,term,12741.89,,12741.89
126,term,746.41,,746.41
127,revolving,4406.09,8622.97,6514.53
128,revolving,6086.48,12469.23,9277.86
129,term,15141.13,,15141.13
130,term,13252.37,,13252.37
131,term,5770.35,,5770.35
132,term,1190.65,,1190.65
133,term,3903.32,,3903.32
134,term,1783.07,,1783.07
135,revolving,745.09,1326.93,1036.01
136,term,26820.08,,26820.08
137,term,1486.12,,1486.12
138,revolving,14214.62,36082.16,25148.39
139,term,6503.84,,6503.84
140,revolving,2553.52,4680.54,3617.03
141,revolving,11293.76,25084.93,18189.34
142,term,9244.77,,9244.77
143,term,3546.02,,3546.02
144,term,7051.5,,7051.5
145,term,3636.57,,3636.57
146,term,11104.68,,11104.68
147,term,11531.77,,11531.77
148,term,3466.63,,3466.63
149,term,534.69,,534.69
150,term,4554.35,,4554.35
151,revolving,8015.69,23776.34,15896.02
152,term,3813.19,,3813.19
153,term,253.66,,253.66
154,term,8055.72,,8055.72
155,revolving,21818.46,47672.84,34745.65
156,term,2313.59,,2313.59
157,term,4164.08,,4164.08
158,revolving,4897.93,14018.92,9458.42
159,term,3444.87,,3444.87
160,revolving,3035.09,4821.66,3928.38
161,term,3752.16,,3752.16
162,term,22108.34,,22108.34
163,term,11015.53,,11015.53
164,term,1066.23,,1066.23
165,term,22421.62,,22421.62
166,revolving,619.78,933.94,776.86
167,term,394.09,,394.09
168,term,1317.17,,1317.17
169,term,8848.2,,8848.2
170,term,12037.1,,12037.1
171,term,2102.82,,2102.82
172,term,1716.31,,1716.31
173,term,14341.01,,14341.01
174,term,26903.9,,26903.9
175,term,625.9,,625.9
176,term,803.63,,803.63
177,term,6036.64,,6036.64
178,term,2375.97,,2375.97
179,revolving,3893.34,7066.6,5479.97
180,term,5011.07,,5011.07
181,term,19648.39,,19648.39
182,term,1661.24,,1661.24
183,revolving,17818.26,28620.55,23219.4
184,revolving,2535.5,7044.38,4789.94
185,term,905.8,,905.8
186,term,5780.22,,5780.22
187,revolving,19016.87,48848.01,33932.44
188,term,26943.53,,26943.53
189,term,5728.54,,5728.54
190,term,12639.25,,12639.25
191,term,726.37,,726.37
192,revolving,9033.93,16266.3,12650.12
193,revolving,8505.55,19368.86,13937.2
194,term,14044.42,,14044.42
195,term,4406.18,,4406.18
196,term,11269.51,,11269.51
197,revolving,3471.57,8340.97,5906.27
198,revolving,4269.47,7479.35,5874.41
199,revolving,1745.46,3619.54,2682.5
200,revolving,11664.85,17785.28,14725.06
201,term,6522.18,,6522.18
202,term,1006.05,,1006.05
203,term,1551.22,,1551.22
204,revolving,4929.42,13862.59,9396.01
205,term,501.0,,501.0
206,term,5057.4,,5057.4
207,term,3328.76,,3328.76
208,term,21186.6,,21186.6
209,term,5043.9,,5043.9
210,term,3253.36,,3253.36
211,term,9807.71,,9807.71
212,term,7272.63,,7272.63
213,term,1336.31,,1336.31
214,term,9623.89,,9623.89
215,revolving,15243.8,33343.59,24293.7
216,term,2425.64,,2425.64
217,term,2627.31,,2627.31
218,revolving,10161.91,25080.4,17621.16
219,term,4897.97,,4897.97
220,revolving,5906.11,16489.86,11197.98
221,term,1216.01,,1216.01
222,term,959.14,,959.14
223,term,9119.23,,9119.23
224,term,12619.89,,12619.89
225,term,2395.74,,2395.74
226,term,6260.89,,6260.89
227,revolving,3408.81,6397.67,4903.24
228,term,12952.89,,12952.89
229,revolving,564.78,1628.03,1096.4
230,term,20038.46,,20038.46
231,revolving,14629.81,33922.81,24276.31
232,term,2534.43,,2534.43
233,term,1983.27,,1983.27
234,term,3452.34,,3452.34
235,term,1372.46,,1372.46
236,revolving,4215.23,7013.84,5614.54
237,term,3506.96,,3506.96
238,term,6644.98,,6644.98
239,term,1376.87,,1376.87
240,term,11009.15,,11009.15
241,revolving,1467.99,3109.88,2288.94
242,revolving,438.98,1104.19,771.58
243,revolving,22144.44,47819.22,34981.83
244,term,24893.57,,24893.57
245,term,5820.28,,5820.28
246,revolving,3942.27,7821.12,5881.7
247,term,17099.87,,17099.87
248,revolving,2967.94,4643.84,3805.89
249,revolving,6004.33,16819.05,11411.69
250,revolving,726.32,1135.24,930.78
251,term,10053.19,,10053.19
252,term,5971.62,,5971.62
253,revolving,7966.58,15923.03,11944.8
254,term,5791.34,,5791.34
255,term,11769.82,,11769.82
256,term,9074.32,,9074.32
257,revolving,19754.99,32076.44,25915.72
258,term,11916.3,,11916.3
259,term,5285.42,,5285.42
260,term,14097.26,,14097.26
261,term,5575.97,,5575.97
262,revolving,19923.11,44516.45,32219.78
263,term,4424.81,,4424.81
264,term,23627.68,,23627.68
265,revolving,14250.34,24749.41,19499.88
266,revolving,3007.76,4899.38,3953.57
267,term,4530.02,,4530.02
268,revolving,1710.74,4743.87,3227.3
269,term,4927.94,,4927.94
270,term,4053.23,,4053.23
271,revolving,6405.01,12671.12,9538.06
272,revolving,8323.5,19316.11,13819.8
273,revolving,24871.82,67645.23,46258.52
274,revolving,10504.57,21725.76,16115.16
275,term,897.46,,897.46
276,term,652.44,,652.44
277,revolving,10839.19,31300.84,21070.02
278,term,12825.67,,12825.67
279,revolving,6893.23,16450.11,11671.67
280,revolving,30585.97,83400.94,56993.46
281,revolving,2814.88,6846.14,4830.51
282,term,14359.03,,14359.03
283,term,728.5,,728.5
284,term,14813.4,,14813.4
285,term,502.78,,502.78
286,term,2139.88,,2139.88
287,term,5276.85,,5276.85
288,term,13607.25,,13607.25
289,term,9561.25,,9561.25
290,term,9482.29,,9482.29
291,term,1016.69,,1016.69
292,term,7584.52,,7584.52
293,revolving,20775.85,38187.1,29481.48
294,term,10775.19,,10775.19
295,term,9977.17,,9977.17
296,term,15724.27,,15724.27
297,revolving,6393.43,16657.56,11525.5
298,term,6128.28,,6128.28
299,term,7234.44,,7234.44
300,term,11403.42,,11403.42
301,term,6665.8,,6665.8
302,term,3754.62,,3754.62
303,term,11040.87,,11040.87
304,term,10705.42,,10705.42
305,revolving,4890.86,7663.92,6277.39
306,revolving,8726.72,15227.52,11977.12
307,term,9436.84,,9436.84
308,term,6708.13,,6708.13
309,revolving,9882.79,22917.0,16399.9
310,term,3582.55,,3582.55
311,term,10246.63,,10246.63
312,term,46481.63,,46481.63
313,term,11438.76,,11438.76
314,revolving,9048.03,19289.49,14168.76
315,revolving,1579.48,4559.65,3069.56
316,term,1789.29,,1789.29
317,term,1825.33,,1825.33
318,term,18713.78,,18713.78
319,term,6612.64,,6612.64
320,term,749.84,,749.84
321,term,7994.59,,7994.59
322,revolving,15801.9,25260.08,20530.99
323,term,2808.07,,2808.07
324,term,14778.86,,14778.86
325,revolving,3196.28,5272.76,4234.52
326,revolving,12506.98,34051.26,23279.12
327,term,2804.59,,2804.59
328,term,14514.66,,14514.66
329,term,6247.12,,6247.12
330,term,15796.4,,15796.4
331,term,4581.1,,4581.1
332,revolving,12062.17,30864.73,21463.45
333,term,822.85,,822.85
334,term,21939.36,,21939.36
335,term,21658.72,,21658.72
336,term,1773.03,,1773.03
337,revolving,2742.19,5997.07,4369.63
338,revolving,8913.98,24369.62,16641.8
339,term,34603.27,,34603.27
340,term,797.24,,797.24
341,term,4879.15,,4879.15
342,term,463.31,,463.31
343,term,4926.9,,4926.9
344,term,18572.09,,18572.09
345,term,565.88,,565.88
346,term,22938.37,,22938.37
347,term,431.73,,431.73
348,term,6251.32,,6251.32
349,term,24922.69,,24922.69
350,term,2238.61,,2238.61
351,term,13286.45,,13286.45
352,revolving,1358.17,2982.99,2170.58
353,term,2664.68,,2664.68
354,term,10792.23,,10792.23
355,term,23899.26,,23899.26
356,term,11454.84,,11454.84
357,term,13082.2,,13082.2
358,term,10358.65,,10358.65
359,revolving,6410.46,16756.74,11583.6
360,term,5911.61,,5911.61
361,term,14367.3,,14367.3
362,term,1060.07,,1060.07
363,term,6908.66,,6908.66
364,term,1451.04,,1451.04
365,revolving,9463.91,17968.17,13716.04
366,term,3690.41,,3690.41
367,revolving,4130.66,6451.54,5291.1
368,revolving,3243.48,5931.6,4587.54
369,term,794.05,,794.05
370,term,1103.36,,1103.36
371,term,31893.01,,31893.01
372,term,25906.45,,25906.45
373,term,3344.5,,3344.5
374,term,12759.99,,12759.99
375,term,13327.87,,13327.87
376,term,2532.05,,2532.05
377,revolving,2945.55,7613.9,5279.72
378,term,1086.34,,1086.34
379,revolving,9077.2,23631.37,16354.28
380,term,514.64,,514.64
381,term,15169.06,,15169.06
382,term,2375.12,,2375.12
383,term,1968.58,,1968.58
384,revolving,3280.98,6858.88,5069.93
385,revolving,1320.63,2149.15,1734.89
386,revolving,8120.56,23298.68,15709.62
387,term,2040.97,,2040.97
388,term,1524.23,,1524.23
389,revolving,4940.03,9314.27,7127.15
390,revolving,1398.05,2612.24,2005.14
391,revolving,30072.66,89074.13,59573.4
392,term,21517.03,,21517.03
393,term,439.83,,439.83
394,revolving,911.32,1916.29,1413.8
395,term,27909.57,,27909.57
396,revolving,4836.58,10766.96,7801.77
397,revolving,2540.7,4948.46,3744.58
398,term,439.55,,439.55
399,revolving,28051.61,48726.46,38389.04
400,revolving,3511.86,5976.95,4744.4
401,term,2327.03,,2327.03
402,revolving,14646.93,27044.07,20845.5
403,term,1348.61,,1348.61
404,revolving,982.74,1504.81,1243.78
405,term,360.74,,360.74
406,revolving,155.42,414.63,285.02
407,term,4910.11,,4910.11
408,term,1401.74,,1401.74
409,revolving,3435.74,8443.15,5939.44
410,term,321.28,,321.28
411,term,6419.1,,6419.1
412,revolving,36160.82,75643.55,55902.18
413,revolving,4045.58,6706.08,5375.83
414,term,2331.22,,2331.22
415,term,8969.7,,8969.7
416,term,3512.41,,3512.41
417,term,6467.55,,6467.55
418,term,1024.06,,1024.06
419,term,5731.06,,5731.06
420,revolving,14984.22,40158.71,27571.46
421,revolving,1357.25,3472.45,2414.85
422,revolving,9094.8,24760.32,16927.56
423,term,3678.51,,3678.51
424,term,19789.36,,19789.36
425,term,2207.0,,2207.0
426,term,1006.93,,1006.93
427,term,11310.38,,11310.38
428,revolving,3298.58,5305.95,4302.26
429,term,14915.48,,14915.48
430,term,4441.67,,4441.67
431,term,3054.17,,3054.17
432,revolving,10196.62,23731.95,16964.28
433,term,619.67,,619.67
434,term,4380.81,,4380.81
435,term,13296.15,,13296.15
436,revolving,1582.11,3346.45,2464.28
437,term,6027.75,,6027.75
438,revolving,8543.76,13400.32,10972.04
439,revolving,3913.49,10550.75,7232.12
440,term,4627.14,,4627.14
441,term,12826.22,,12826.22
442,revolving,1706.55,4813.04,3259.8
443,term,5412.03,,5412.03
444,term,760.1,,760.1
445,revolving,39252.29,98174.09,68713.19
446,revolving,19370.99,35784.04,27577.52
447,revolving,3179.59,7746.93,5463.26
448,revolving,13042.24,35161.19,24101.72
449,term,644.49,,644.49
450,term,2400.38,,2400.38
451,revolving,4141.52,11968.15,8054.84
452,term,10658.34,,10658.34
453,term,667.74,,667.74
454,revolving,6414.82,14933.43,10674.12
455,term,27926.45,,27926.45
456,term,444.13,,444.13
457,term,2988.59,,2988.59
458,term,36775.82,,36775.82
459,term,11004.3,,11004.3
460,term,7517.63,,7517.63
461,term,1081.99,,1081.99
462,term,1892.65,,1892.65
463,revolving,5397.37,15441.39,10419.38
464,term,13737.12,,13737.12
465,revolving,2642.06,7185.44,4913.75
466,term,1403.07,,1403.07
467,term,5950.41,,5950.41
468,revolving,17457.5,49785.58,33621.54
469,term,14070.23,,14070.23
470,revolving,3125.95,5718.58,4422.26
471,term,7339.04,,7339.04
472,revolving,26524.33,77959.2,52241.76
473,term,11244.18,,11244.18
474,revolving,3953.66,6922.59,5438.12
475,term,3874.2,,3874.2
476,revolving,4353.73,10691.18,7522.46
477,term,7996.6,,7996.6
478,term,12696.68,,12696.68
479,revolving,3711.88,6723.42,5217.65
480,term,6444.45,,6444.45
481,term,9473.83,,9473.83
482,term,4482.28,,4482.28
483,term,3964.14,,3964.14
484,term,2626.7,,2626.7
485,term,6822.53,,6822.53
486,revolving,21928.15,52575.15,37251.65
487,term,1983.94,,1983.94
488,term,3840.25,,3840.25
489,revolving,10079.5,17703.99,13891.74
490,revolving,3717.91,8540.93,6129.42
491,term,5717.24,,5717.24
492,term,1429.28,,1429.28
493,term,5955.91,,5955.91
494,term,9360.91,,9360.91
495,term,2778.6,,2778.6
496,term,178.78,,178.78
497,term,3928.36,,3928.36
498,term,17031.05,,17031.05
499,revolving,4857.76,12077.21,8467.48
500,revolving,5161.91,12378.04,8769.98
501,term,3416.22,,3416.22
502,term,7929.06,,7929.06
503,term,9021.07,,9021.07
504,revolving,8778.33,23634.29,16206.31
505,term,3469.06,,3469.06
506,term,9979.62,,9979.62
507,revolving,4426.5,13022.33,8724.42
508,revolving,3061.76,6595.71,4828.74
509,revolving,8722.67,24023.66,16373.16
510,revolving,9167.45,26656.8,17912.12
511,term,20475.77,,20475.77
512,term,2579.92,,2579.92
513,revolving,4833.16,13524.53,9178.85
514,revolving,29063.07,48682.14,38872.6
515,term,5784.03,,5784.03
516,term,3826.8,,3826.8
517,term,14487.44,,14487.44
518,revolving,7556.83,20979.17,14268.0
519,revolving,19139.19,30800.34,24969.76
520,term,615.88,,615.88
521,term,6693.03,,6693.03
522,term,14612.59,,14612.59
523,revolving,11596.7,33043.45,22320.07
524,revolving,2352.25,5214.27,3783.26
525,revolving,3988.11,7823.12,5905.62
526,term,5392.53,,5392.53
527,term,11208.1,,11208.1
528,term,568.72,,568.72
529,term,7153.29,,7153.29
530,revolving,16491.13,25742.26,21116.7
531,revolving,1533.09,3867.54,2700.31
532,revolving,17074.61,44049.88,30562.24
533,revolving,5474.37,13789.81,9632.09
534,term,7749.6,,7749.6
535,revolving,19473.86,58212.16,38843.01
536,revolving,1396.77,2846.74,2121.76
537,revolving,7799.07,13561.53,10680.3
538,term,8425.98,,8425.98
539,term,5704.86,,5704.86
540,term,2861.33,,2861.33
541,revolving,824.12,2428.52,1626.32
542,term,5180.82,,5180.82
543,term,2091.24,,2091.24
544,term,1638.45,,1638.45
545,term,19180.27,,19180.27
546,term,3135.08,,3135.08
547,term,17251.49,,17251.49
548,term,19285.75,,19285.75
549,term,18261.55,,18261.55
550,revolving,8586.46,16054.29,12320.38
551,term,5789.57,,5789.57
552,revolving,11224.48,25948.25,18586.36
553,term,3768.3,,3768.3
554,term,193.19,,193.19
555,revolving,14833.12,35521.78,25177.45
556,term,354.61,,354.61
557,term,6124.4,,6124.4
558,term,1141.5,,1141.5
559,revolving,10891.25,24154.42,17522.84
560,term,3148.85,,3148.85
561,revolving,2423.74,5074.37,3749.06
562,term,9187.06,,9187.06
563,term,463.88,,463.88
564,term,4452.52,,4452.52
565,term,9314.93,,9314.93
566,term,1555.54,,1555.54
567,term,5059.04,,5059.04
568,term,36558.4,,36558.4
569,revolving,4442.84,8377.07,6409.96
570,term,18409.51,,18409.51
571,term,7220.08,,7220.08
572,revolving,7598.0,15147.0,11372.5
573,term,1979.65,,1979.65
574,term,8497.03,,8497.03
575,revolving,2719.81,4080.98,3400.4
576,revolving,14081.93,21559.38,17820.66
577,term,9228.62,,9228.62
578,revolving,155.0,246.24,200.62
579,term,4741.34,,4741.34
580,term,21210.76,,21210.76
581,term,21492.87,,21492.87
582,revolving,12737.69,31078.91,21908.3
583,term,7770.52,,7770.52
584,term,8853.65,,8853.65
585,term,4676.21,,4676.21
586,term,16082.29,,16082.29
587,term,8933.63,,8933.63
588,term,1708.58,,1708.58
589,term,7677.51,,7677.51
590,term,3247.9,,3247.9
591,term,4480.06,,4480.06
592,term,1252.84,,1252.84
593,term,15064.72,,15064.72
594,term,9006.38,,9006.38
595,revolving,59195.23,141321.0,100258.12
596,term,1843.79,,1843.79
597,term,972.12,,972.12
598,term,8979.94,,8979.94
599,term,9412.23,,9412.23
600,term,771.62,,771.62
601,term,100.0,,100.0
602,term,3122.4,,3122.4
603,term,8179.7,,8179.7
604,term,236.76,,236.76
605,term,5401.92,,5401.92
606,term,12723.73,,12723.73
607,term,4966.45,,4966.45
608,term,6208.9,,6208.9
609,term,5259.5,,5259.5
610,term,6320.44,,6320.44
611,term,3608.76,,3608.76
612,revolving,365.2,866.18,615.69
613,term,2827.1,,2827.1
614,term,8179.33,,8179.33
615,revolving,4502.61,11809.6,8156.1
616,revolving,12773.39,22569.56,17671.47
617,term,21298.65,,21298.65
618,term,1453.2,,1453.2
619,revolving,15502.32,40793.47,28147.9
620,revolving,13990.96,22063.05,18027.0
621,term,23663.74,,23663.74
622,term,6905.05,,6905.05
623,term,4864.04,,4864.04
624,term,4413.81,,4413.81
625,term,2973.28,,2973.28
626,term,11858.34,,11858.34
627,term,12687.61,,12687.61
628,revolving,5947.31,14130.31,10038.81
629,term,7358.67,,7358.67
630,term,436.35,,436.35
631,revolving,5358.51,12409.44,8883.98
632,revolving,2600.92,4402.74,3501.83
633,term,2683.67,,2683.67
634,term,2033.02,,2033.02
635,term,12540.94,,12540.94
636,term,1993.97,,1993.97
637,term,7245.06,,7245.06
638,term,1179.78,,1179.78
639,term,6681.59,,6681.59
640,term,13289.26,,13289.26
641,term,8920.31,,8920.31
642,term,7899.79,,7899.79
643,term,3185.97,,3185.97
644,term,7008.71,,7008.71
645,term,3814.07,,3814.07
646,revolving,8116.27,15064.39,11590.33
647,term,2650.71,,2650.71
648,term,1612.71,,1612.71
649,revolving,10964.06,25087.07,18025.56
650,term,1885.93,,1885.93
651,term,3426.36,,3426.36
652,term,1110.39,,1110.39
653,term,20688.9,,20688.9
654,revolving,6534.94,13249.14,9892.04
655,term,7246.83,,7246.83
656,term,7954.03,,7954.03
657,term,4956.18,,4956.18
658,term,8593.57,,8593.57
659,term,2179.5,,2179.5
660,term,3354.26,,3354.26
661,term,7303.83,,7303.83
662,revolving,10864.64,17394.87,14129.76
663,term,3013.22,,3013.22
664,term,2459.84,,2459.84
665,term,34578.57,,34578.57
666,term,9997.62,,9997.62
667,term,1814.85,,1814.85
668,term,3817.35,,3817.35
669,term,3512.07,,3512.07
670,term,20084.38,,20084.38
671,term,23848.59,,23848.59
672,revolving,2793.09,8303.33,5548.21
673,term,17522.88,,17522.88
674,term,11261.66,,11261.66
675,term,21926.78,,21926.78
676,revolving,17558.26,52661.57,35109.91
677,term,9644.87,,9644.87
678,term,565.94,,565.94
679,revolving,9861.67,22754.44,16308.06
680,revolving,3149.22,9115.17,6132.2
681,revolving,6516.68,16423.25,11469.96
682,term,22069.28,,22069.28
683,term,1514.43,,1514.43
684,term,19094.61,,19094.61
685,revolving,13900.58,41162.48,27531.53
686,term,10265.59,,10265.59
687,term,7102.24,,7102.24
688,term,16173.25,,16173.25
689,revolving,5376.0,8753.66,7064.83
690,term,50241.81,,50241.81
691,term,2598.74,,2598.74
692,term,879.64,,879.64
693,term,7081.66,,7081.66
694,term,29461.51,,29461.51
695,term,1665.01,,1665.01
696,term,1757.92,,1757.92
697,term,12622.79,,12622.79
698,term,4802.65,,4802.65
699,term,2462.15,,2462.15
700,term,11390.86,,11390.86
701,term,596.2,,596.2
702,term,7659.22,,7659.22
703,term,7660.28,,7660.28
704,term,15857.93,,15857.93
705,term,3891.28,,3891.28
706,revolving,3860.12,7785.12,5822.62
707,term,32638.51,,32638.51
708,revolving,5696.78,9228.26,7462.52
709,term,13611.55,,13611.55
710,term,3005.02,,3005.02
711,revolving,16995.64,30407.82,23701.73
712,term,5088.32,,5088.32
713,term,6243.96,,6243.96
714,term,9371.89,,9371.89
715,term,1900.67,,1900.67
716,revolving,5839.77,10719.71,8279.74
717,revolving,1444.37,2310.59,1877.48
718,revolving,9205.86,16805.02,13005.44
719,term,26821.47,,26821.47
720,revolving,1005.05,2706.04,1855.54
721,revolving,17921.7,49274.79,33598.25
722,term,4526.97,,4526.97
723,term,2225.75,,2225.75
724,revolving,19780.4,33083.81,26432.1
725,term,4106.35,,4106.35
726,revolving,22509.55,47506.36,35007.96
727,term,6695.98,,6695.98
728,revolving,1659.69,2827.0,2243.35
729,term,5896.28,,5896.28
730,term,11177.95,,11177.95
731,term,8638.34,,8638.34
732,revolving,15084.32,36801.67,25943.0
733,term,12755.76,,12755.76
734,term,8163.23,,8163.23
735,term,494.63,,494.63
736,revolving,17233.14,41272.42,29252.78
737,term,5470.21,,5470.21
738,revolving,6530.95,15145.71,10838.33
739,term,14608.28,,14608.28
740,term,15722.15,,15722.15
741,term,13560.7,,13560.7
742,term,6648.34,,6648.34
743,revolving,1450.65,3019.37,2235.01
744,term,12814.39,,12814.39
745,term,10682.86,,10682.86
746,revolving,2809.05,6471.85,4640.45
747,term,2218.51,,2218.51
748,term,3870.88,,3870.88
749,revolving,8412.73,20718.8,14565.76
750,term,7154.04,,7154.04
751,term,6352.14,,6352.14
752,revolving,5039.67,8895.89,6967.78
753,term,3878.87,,3878.87
754,term,2542.35,,2542.35
755,term,14994.6,,14994.6
756,revolving,1204.33,2212.04,1708.18
757,term,41236.29,,41236.29
758,term,8713.86,,8713.86
759,revolving,37416.54,83914.43,60665.48
760,revolving,38011.33,75586.43,56798.88
761,term,1832.44,,1832.44
762,term,6136.36,,6136.36
763,term,4904.87,,4904.87
764,revolving,5921.38,12116.8,9019.09
765,term,20206.78,,20206.78
766,term,4093.95,,4093.95
767,revolving,3692.59,7413.6,5553.1
768,revolving,8427.63,17336.16,12881.9
769,term,5241.21,,5241.21
770,revolving,2530.72,4077.31,3304.02
771,term,6625.29,,6625.29
772,revolving,3775.8,8443.97,6109.88
773,term,9953.11,,9953.11
774,term,4731.91,,4731.91
775,revolving,577.76,1516.69,1047.22
776,term,734.0,,734.0
777,term,10904.13,,10904.13
778,revolving,9653.24,28559.43,19106.34
779,revolving,348.75,957.6,653.17
780,term,2215.93,,2215.93
781,term,16657.55,,16657.55
782,term,6485.68,,6485.68
783,term,3211.8,,3211.8
784,term,658.46,,658.46
785,term,15267.93,,15267.93
786,revolving,4842.87,8695.94,6769.41
787,term,2381.31,,2381.31
788,term,619.27,,619.27
789,term,1320.17,,1320.17
790,revolving,4528.43,7391.73,5960.08
791,term,8132.62,,8132.62
792,term,3330.48,,3330.48
793,term,20948.13,,20948.13
794,term,3396.14,,3396.14
795,term,1251.33,,1251.33
796,revolving,577.68,1333.17,955.42
797,revolving,9420.03,17860.22,13640.12
798,term,6156.86,,6156.86
799,term,9096.23,,9096.23
800,revolving,4459.66,7717.27,6088.46
801,revolving,16190.38,45043.85,30617.12
802,term,10834.12,,10834.12
803,term,15466.59,,15466.59
804,term,2949.4,,2949.4
805,term,29337.64,,29337.64
806,revolving,730.21,1436.87,1083.54
807,revolving,8525.51,19012.42,13768.96
808,revolving,660.26,1951.99,1306.12
809,term,5546.74,,5546.74
810,term,540.66,,540.66
811,revolving,5968.35,17261.39,11614.87
812,revolving,9932.11,15660.44,12796.28
813,term,19637.51,,19637.51
814,revolving,7277.5,17368.03,12322.76
815,revolving,821.13,1961.92,1391.52
816,term,9570.2,,9570.2
817,term,1843.5,,1843.5
818,term,8725.39,,8725.39
819,term,10198.5,,10198.5
820,term,1696.32,,1696.32
821,revolving,14119.38,41339.13,27729.25
822,term,317.03,,317.03
823,term,10450.75,,10450.75
824,term,2696.64,,2696.64
825,term,9507.7,,9507.7
826,revolving,5469.22,15102.0,10285.61
827,term,4213.57,,4213.57
828,term,2122.9,,2122.9
829,revolving,1375.42,2937.06,2156.24
830,term,1007.08,,1007.08
831,term,2196.88,,2196.88
832,term,12996.73,,12996.73
833,term,7149.51,,7149.51
834,term,1060.1,,1060.1
835,term,578.53,,578.53
836,term,3922.89,,3922.89
837,revolving,3152.17,8799.5,5975.84
838,term,25796.85,,25796.85
839,term,18101.9,,18101.9
840,term,2755.29,,2755.29
841,term,3988.4,,3988.4
842,term,22824.6,,22824.6
843,term,15729.99,,15729.99
844,revolving,1191.99,3052.75,2122.37
845,term,16732.81,,16732.81
846,term,22145.13,,22145.13
847,term,884.34,,884.34
848,revolving,3665.53,10426.92,7046.22
849,term,8353.11,,8353.11
850,term,9049.25,,9049.25
851,term,36851.78,,36851.78
852,revolving,1482.28,2955.14,2218.71
853,term,1768.34,,1768.34
854,revolving,5170.49,7760.12,6465.3
855,term,5626.3,,5626.3
856,term,950.7,,950.7
857,term,3175.07,,3175.07
858,term,9526.79,,9526.79
859,term,791.48,,791.48
860,term,1405.06,,1405.06
861,revolving,1276.85,2566.87,1921.86
862,term,5568.79,,5568.79
863,term,5424.17,,5424.17
864,term,11193.1,,11193.1
865,term,8832.31,,8832.31
866,term,3301.38,,3301.38
867,term,2265.65,,2265.65
868,term,876.79,,876.79
869,revolving,10711.57,19688.23,15199.9
870,revolving,1767.76,3462.28,2615.02
871,term,17746.68,,17746.68
872,term,825.99,,825.99
873,term,16564.36,,16564.36
874,term,10607.06,,10607.06
875,term,1288.8,,1288.8
876,term,3092.52,,3092.52
877,revolving,11609.55,26592.67,19101.11
878,term,15953.52,,15953.52
879,term,6483.29,,6483.29
880,term,4887.07,,4887.07
881,term,6222.51,,6222.51
882,term,10547.37,,10547.37
883,term,282.06,,282.06
884,term,1475.56,,1475.56
885,revolving,3075.64,8301.72,5688.68
886,term,1821.67,,1821.67
887,term,1931.42,,1931.42
888,term,4133.41,,4133.41
889,term,1132.82,,1132.82
890,term,10046.02,,10046.02
891,revolving,694.01,1868.43,1281.22
892,revolving,12175.2,26990.95,19583.08
893,revolving,3030.42,5402.63,4216.52
894,term,9261.04,,9261.04
895,term,236.46,,236.46
896,term,19333.21,,19333.21
897,term,3159.9,,3159.9
898,revolving,2648.73,6255.0,4451.86
899,term,3375.03,,3375.03
900,term,1309.16,,1309.16
901,term,1354.81,,1354.81
902,term,17860.19,,17860.19
903,term,2404.84,,2404.84
904,term,923.2,,923.2
905,term,2276.96,,2276.96
906,revolving,1864.74,3234.68,2549.71
907,revolving,7001.37,11388.79,9195.08
908,term,8447.43,,8447.43
909,term,1583.23,,1583.23
910,term,13322.41,,13322.41
911,term,31584.46,,31584.46
912,term,2237.68,,2237.68
913,term,20085.56,,20085.56
914,term,1524.69,,1524.69
915,term,1303.4,,1303.4
916,term,15596.05,,15596.05
917,term,5872.57,,5872.57
918,revolving,2171.19,4352.17,3261.68
919,revolving,35404.99,88373.75,61889.37
920,term,2425.31,,2425.31
921,revolving,2105.39,6067.46,4086.42
922,term,12683.67,,12683.67
923,revolving,1437.99,2983.01,2210.5
924,revolving,3370.48,5205.29,4287.88
925,term,440.2,,440.2
926,term,15128.27,,15128.27
927,term,4918.47,,4918.47
928,term,4762.02,,4762.02
929,term,6647.69,,6647.69
930,term,5527.24,,5527.24
931,term,12121.85,,12121.85
932,revolving,22959.38,44264.81,33612.1
933,revolving,4641.38,9064.83,6853.1
934,term,9803.55,,9803.55
935,term,1808.33,,1808.33
936,term,2456.02,,2456.02
937,term,6144.21,,6144.21
938,revolving,5617.69,11193.29,8405.49
939,term,1514.98,,1514.98
940,term,10688.53,,10688.53
941,term,1121.31,,1121.31
942,term,305.72,,305.72
943,term,13769.8,,13769.8
944,revolving,1284.64,2220.63,1752.64
945,term,14921.4,,14921.4
946,term,1568.15,,1568.15
947,term,2925.57,,2925.57
948,revolving,18514.78,37124.62,27819.7
949,revolving,3621.14,10009.34,6815.24
950,term,2779.51,,2779.51
951,term,6800.31,,6800.31
952,term,46712.43,,46712.43
953,term,3722.31,,3722.31
954,revolving,2276.92,4023.74,3150.33
955,term,5162.71,,5162.71
956,term,17774.94,,17774.94
957,term,2898.11,,2898.11
958,term,10059.3,,10059.3
959,term,13296.7,,13296.7
960,revolving,1439.25,2507.14,1973.2
961,term,23302.1,,23302.1
962,term,371.8,,371.8
963,term,12614.48,,12614.48
964,term,14349.49,,14349.49
965,term,8796.87,,8796.87
966,term,4744.1,,4744.1
967,revolving,4287.35,9408.47,6847.91
968,term,15674.46,,15674.46
969,term,10945.43,,10945.43
970,term,4670.19,,4670.19
971,term,4728.78,,4728.78
972,revolving,6699.11,12640.8,9669.96
973,revolving,1773.35,3613.97,2693.66
974,term,5746.26,,5746.26
975,term,6976.33,,6976.33
976,term,407.11,,407.11
977,term,1801.75,,1801.75
978,term,7705.83,,7705.83
979,term,13971.99,,13971.99
980,term,2391.21,,2391.21
981,term,14823.69,,14823.69
982,revolving,20011.46,60030.45,40020.96
983,term,2537.54,,2537.54
984,term,1699.52,,1699.52
985,revolving,6979.92,19524.98,13252.45
986,term,18990.8,,18990.8
987,term,13481.64,,13481.64
988,term,2259.63,,2259.63
989,term,10701.82,,10701.82
990,revolving,5306.46,15282.15,10294.3
991,revolving,8606.07,21347.12,14976.6
992,term,6885.33,,6885.33
993,term,3582.24,,3582.24
994,term,7546.98,,7546.98
995,term,696.66,,696.66
996,term,33993.29,,33993.29
997,revolving,17870.97,43951.92,30911.44
998,term,7172.79,,7172.79
999,revolving,6919.12,16318.25,11618.69
1000,term,2635.73,,2635.73
1001,term,3334.16,,3334.16
1002,term,3208.24,,3208.24
1003,revolving,3921.29,7067.76,5494.52
1004,revolving,10619.25,25637.97,18128.61
1005,revolving,11903.55,29098.13,20500.84
1006,term,12919.56,,12919.56
1007,term,3579.28,,3579.28
1008,revolving,3154.9,8639.42,5897.16
1009,term,2643.57,,2643.57
1010,term,12377.52,,12377.52
1011,term,3900.61,,3900.61
1012,revolving,3396.43,9553.09,6474.76
1013,revolving,2689.46,6976.83,4833.15
1014,term,19146.7,,19146.7
1015,revolving,1070.65,2735.27,1902.96
1016,revolving,29753.13,78614.8,54183.96
1017,term,5443.35,,5443.35
1018,term,16178.16,,16178.16
1019,revolving,1054.72,1939.53,1497.12
1020,term,14435.02,,14435.02
1021,term,1143.76,,1143.76
1022,term,3265.77,,3265.77
1023,revolving,8627.44,24394.91,16511.18
1024,revolving,9842.71,25568.94,17705.82
1025,revolving,3611.6,8715.41,6163.5
1026,term,7721.74,,7721.74
1027,revolving,2527.25,5610.95,4069.1
1028,revolving,6146.01,13658.59,9902.3
1029,term,5341.7,,5341.7
1030,revolving,1382.84,2809.36,2096.1
1031,term,6961.42,,6961.42
1032,term,5625.4,,5625.4
1033,term,15562.73,,15562.73
1034,term,5341.87,,5341.87
1035,term,1526.04,,1526.04
1036,term,7922.69,,7922.69
1037,term,6269.1,,6269.1
1038,revolving,5300.61,10482.09,7891.35
1039,term,24613.11,,24613.11
1040,term,3176.81,,3176.81
1041,term,3994.9,,3994.9
1042,revolving,2470.23,6497.62,4483.92
1043,term,4993.11,,4993.11
1044,term,2607.27,,2607.27
1045,revolving,2831.83,5056.26,3944.04
1046,term,677.47,,677.47
1047,term,5589.55,,5589.55
1048,term,6037.52,,6037.52
1049,revolving,25086.89,70589.26,47838.08
1050,term,10644.39,,10644.39
1051,revolving,13384.17,20245.66,16814.92
1052,term,2289.13,,2289.13
1053,revolving,1011.35,2293.06,1652.2
1054,revolving,3019.46,6043.47,4531.46
1055,revolving,16379.15,34087.75,25233.45
1056,term,3910.95,,3910.95
1057,revolving,10672.25,28407.52,19539.89
1058,term,9146.03,,9146.03
1059,term,5824.9,,5824.9
1060,term,1500.76,,1500.76
1061,revolving,11084.44,16775.06,13929.75
1062,revolving,6719.39,17516.0,12117.7
1063,revolving,9974.97,28128.39,19051.68
1064,term,6089.27,,6089.27
1065,term,4754.05,,4754.05
1066,revolving,11148.51,19646.75,15397.63
1067,term,2622.61,,2622.61
1068,term,12726.41,,12726.41
1069,term,2954.62,,2954.62
1070,term,4576.59,,4576.59
1071,term,14542.54,,14542.54
1072,term,4419.52,,4419.52
1073,term,8638.49,,8638.49
1074,term,10696.74,,10696.74
1075,revolving,1028.77,2853.59,1941.18
1076,term,9336.18,,9336.18
1077,term,6727.54,,6727.54
1078,term,566.47,,566.47
1079,term,3971.91,,3971.91
1080,revolving,7126.61,18084.4,12605.5
1081,revolving,5177.98,9227.34,7202.66
1082,term,5004.6,,5004.6
1083,term,4819.9,,4819.9
1084,revolving,1266.44,3600.22,2433.33
1085,revolving,14855.32,22799.29,18827.3
1086,term,2167.35,,2167.35
1087,term,4595.34,,4595.34
1088,term,13984.16,,13984.16
1089,revolving,16332.91,25635.26,20984.08
1090,term,961.35,,961.35
1091,revolving,41904.13,101475.42,71689.77
1092,term,35129.74,,35129.74
1093,term,19118.58,,19118.58
1094,term,10060.74,,10060.74
1095,term,2931.22,,2931.22
1096,term,8709.93,,8709.93
1097,term,2039.44,,2039.44
1098,term,13877.87,,13877.87
1099,revolving,2076.27,3214.71,2645.49
1100,term,13610.56,,13610.56
1101,term,1850.86,,1850.86
1102,revolving,21603.97,59020.07,40312.02
1103,revolving,9501.34,15669.67,12585.5
1104,revolving,4084.43,6871.53,5477.98
1105,revolving,22185.28,57382.54,39783.91
1106,term,2892.39,,2892.39
1107,term,8743.39,,8743.39
1108,revolving,4897.93,9894.36,7396.14
1109,term,11137.82,,11137.82
1110,term,15193.01,,15193.01
1111,revolving,14035.0,23999.54,19017.27
1112,term,2709.72,,2709.72
1113,term,38727.04,,38727.04
1114,term,27284.17,,27284.17
1115,term,23447.43,,23447.43
1116,term,4481.74,,4481.74
1117,term,4283.8,,4283.8
1118,revolving,992.32,2672.98,1832.65
1119,term,3182.36,,3182.36
1120,term,11501.03,,11501.03
1121,revolving,5878.93,9148.42,7513.68
1122,revolving,1761.36,3438.21,2599.78
1123,revolving,1881.27,2830.76,2356.02
1124,revolving,12955.3,38055.68,25505.49
1125,term,152.1,,152.1
1126,term,1451.33,,1451.33
1127,term,6508.96,,6508.96
1128,term,15881.14,,15881.14
1129,term,1465.57,,1465.57
1130,term,1169.06,,1169.06
1131,revolving,2699.24,4769.71,3734.48
1132,term,9326.41,,9326.41
1133,term,2198.24,,2198.24
1134,term,22347.4,,22347.4
1135,term,16424.78,,16424.78
1136,term,1662.78,,1662.78
1137,revolving,13059.46,30145.26,21602.36
1138,term,1814.94,,1814.94
1139,term,4993.0,,4993.0
1140,term,4919.94,,4919.94
1141,revolving,7548.23,20648.95,14098.59
1142,term,22704.52,,22704.52
1143,term,23833.66,,23833.66
1144,term,8364.0,,8364.0
1145,term,7337.8,,7337.8
1146,revolving,467.32,1282.35,874.84
1147,revolving,26211.21,76361.14,51286.18
1148,term,6579.31,,6579.31
1149,revolving,722.92,2018.66,1370.79
1150,revolving,6179.25,13239.3,9709.28
1151,revolving,1539.54,2776.73,2158.14
1152,revolving,2151.42,3788.13,2969.78
1153,term,10062.53,,10062.53
1154,term,2686.81,,2686.81
1155,term,20924.9,,20924.9
1156,revolving,1493.64,4016.08,2754.86
1157,term,3978.96,,3978.96
1158,revolving,3670.68,10657.63,7164.15
1159,revolving,4097.51,6870.0,5483.76
1160,term,8222.98,,8222.98
1161,revolving,100.0,285.36,192.68
1162,term,21672.1,,21672.1
1163,term,1966.94,,1966.94
1164,revolving,11327.14,28947.93,20137.54
1165,term,14828.56,,14828.56
1166,revolving,1595.11,4697.76,3146.44
1167,revolving,5433.52,11240.77,8337.14
1168,term,856.38,,856.38
1169,term,10433.01,,10433.01
1170,term,18230.75,,18230.75
1171,term,6686.7,,6686.7
1172,revolving,6204.18,14200.5,10202.34
1173,term,2782.43,,2782.43
1174,term,5546.4,,5546.4
1175,term,214.77,,214.77
1176,term,2919.97,,2919.97
1177,revolving,355.15,753.68,554.42
1178,term,9532.87,,9532.87
1179,revolving,9962.18,15635.69,12798.94
1180,term,25274.13,,25274.13
1181,revolving,2835.33,7351.23,5093.28
1182,term,12232.07,,12232.07
1183,term,5449.64,,5449.64
1184,revolving,27359.28,61286.33,44322.8
1185,term,6822.49,,6822.49
1186,revolving,5275.53,12955.57,9115.55
1187,term,8333.39,,8333.39
1188,term,7455.66,,7455.66
1189,term,3207.65,,3207.65
1190,revolving,3716.98,10289.4,7003.19
1191,term,1077.62,,1077.62
1192,term,2784.31,,2784.31
1193,term,24897.69,,24897.69
1194,term,1027.53,,1027.53
1195,term,360.98,,360.98
1196,revolving,4967.32,9682.05,7324.68
1197,revolving,6163.36,10546.72,8355.04
1198,revolving,687.34,1509.44,1098.39
1199,revolving,5933.67,11887.12,8910.4
1200,term,1228.54,,1228.54
1201,revolving,7582.07,16106.44,11844.26
1202,term,2767.77,,2767.77
1203,term,4512.68,,4512.68
1204,term,16797.75,,16797.75
1205,term,2699.32,,2699.32
1206,revolving,229.12,649.79,439.46
1207,term,10675.88,,10675.88
1208,term,11318.43,,11318.43
1209,term,9761.59,,9761.59
1210,revolving,37379.6,65580.68,51480.14
1211,term,2242.76,,2242.76
1212,term,1381.04,,1381.04
1213,term,9835.1,,9835.1
1214,revolving,1998.28,4506.17,3252.23
1215,term,24454.8,,24454.8
1216,term,9130.83,,9130.83
1217,term,4866.97,,4866.97
1218,term,2792.99,,2792.99
1219,term,5370.16,,5370.16
1220,term,5932.45,,5932.45
1221,revolving,24717.74,43183.47,33950.61
1222,term,1054.74,,1054.74
1223,term,4925.49,,4925.49
1224,revolving,617.52,1810.67,1214.1
1225,term,9990.88,,9990.88
1226,term,14192.54,,14192.54
1227,term,2708.46,,2708.46
1228,term,5859.78,,5859.78
1229,revolving,14945.03,22528.21,18736.62
1230,term,6079.7,,6079.7
1231,revolving,1945.77,5238.44,3592.1
1232,term,11755.19,,11755.19
1233,term,17780.92,,17780.92
1234,term,2607.66,,2607.66
1235,term,2371.88,,2371.88
1236,term,6665.16,,6665.16
1237,revolving,20592.01,54816.37,37704.19
1238,term,764.22,,764.22
1239,revolving,6684.23,14587.24,10635.74
1240,term,10691.76,,10691.76
1241,revolving,49308.09,103385.83,76346.96
1242,revolving,6431.19,10364.28,8397.74
1243,revolving,5195.69,11051.07,8123.38
1244,revolving,547.16,1290.27,918.71
1245,revolving,3701.45,5634.04,4667.74
1246,term,3072.19,,3072.19
1247,term,11959.25,,11959.25
1248,term,1657.46,,1657.46
1249,revolving,5802.5,14871.43,10336.96
1250,term,967.89,,967.89
1251,revolving,17437.23,28770.28,23103.75
1252,term,18504.58,,18504.58
1253,term,9312.27,,9312.27
1254,term,13099.46,,13099.46
1255,term,11302.05,,11302.05
1256,term,10214.26,,10214.26
1257,term,8077.82,,8077.82
1258,term,4753.22,,4753.22
1259,term,22198.83,,22198.83
1260,term,29323.53,,29323.53
1261,term,8771.87,,8771.87
1262,revolving,3249.06,9666.53,6457.8
1263,term,7425.24,,7425.24
1264,term,1179.59,,1179.59
1265,term,8003.36,,8003.36
1266,term,915.35,,915.35
1267,term,27397.0,,27397.0
1268,term,3198.02,,3198.02
1269,term,10111.76,,10111.76
1270,term,13609.3,,13609.3
1271,term,874.31,,874.31
1272,revolving,9008.08,22299.13,15653.6
1273,revolving,7494.74,15140.42,11317.58
1274,term,1080.8,,1080.8
1275,term,688.72,,688.72
1276,term,6734.1,,6734.1
1277,term,722.13,,722.13
1278,revolving,5517.55,15691.44,10604.5
1279,term,1251.59,,1251.59
1280,term,5450.15,,5450.15
1281,term,4830.56,,4830.56
1282,revolving,14625.82,28552.89,21589.36
1283,term,27917.98,,27917.98
1284,term,466.89,,466.89
1285,term,836.48,,836.48
1286,term,1294.16,,1294.16
1287,term,42803.63,,42803.63
1288,term,14230.55,,14230.55
1289,term,5009.67,,5009.67
1290,term,22620.19,,22620.19
1291,term,11303.29,,11303.29
1292,term,1225.82,,1225.82
1293,term,4336.08,,4336.08
1294,term,2677.7,,2677.7
1295,revolving,11990.08,23512.17,17751.12
1296,term,5138.89,,5138.89
1297,term,29569.71,,29569.71
1298,term,2997.44,,2997.44
1299,term,7927.87,,7927.87
1300,revolving,1686.03,3517.71,2601.87
1301,term,3742.44,,3742.44
1302,revolving,9824.38,18670.51,14247.44
1303,term,6416.33,,6416.33
1304,term,8542.77,,8542.77
1305,revolving,2489.89,4610.5,3550.2
1306,revolving,5201.69,12291.57,8746.63
1307,revolving,13080.59,35235.97,24158.28
1308,revolving,7651.35,17676.55,12663.95
1309,term,20153.14,,20153.14
1310,revolving,11773.73,24712.65,18243.19
1311,term,11637.8,,11637.8
1312,revolving,15613.86,25503.88,20558.87
1313,term,662.74,,662.74
1314,revolving,1786.83,4410.53,3098.68
1315,term,5732.08,,5732.08
1316,term,5394.91,,5394.91
1317,term,1239.11,,1239.11
1318,revolving,7077.24,15498.23,11287.74
1319,term,7172.95,,7172.95
1320,term,22715.49,,22715.49
1321,term,16055.33,,16055.33
1322,term,10160.79,,10160.79
1323,revolving,5030.12,7571.98,6301.05
1324,term,25672.71,,25672.71
1325,revolving,1362.29,2463.73,1913.01
1326,term,1239.24,,1239.24
1327,term,41667.07,,41667.07
1328,revolving,9881.03,21949.27,15915.15
1329,term,2156.4,,2156.4
1330,term,877.9,,877.9
1331,term,27246.06,,27246.06
1332,revolving,3960.96,6736.1,5348.53
1333,term,1393.29,,1393.29
1334,revolving,11417.53,22828.52,17123.03
1335,revolving,4936.57,12852.78,8894.67
1336,term,3764.19,,3764.19
1337,term,14312.72,,14312.72
1338,term,3467.2,,3467.2
1339,term,11669.95,,11669.95
1340,term,3312.58,,3312.58
1341,term,10938.56,,10938.56
1342,term,5462.23,,5462.23
1343,revolving,2460.84,4700.52,3580.68
1344,revolving,1772.25,3748.77,2760.51
1345,revolving,10123.29,15466.33,12794.81
1346,term,1475.35,,1475.35
1347,term,25228.44,,25228.44
1348,term,18269.07,,18269.07
1349,revolving,2776.55,6794.38,4785.46
1350,term,526.18,,526.18
1351,revolving,9954.95,20052.83,15003.89
1352,term,11997.4,,11997.4
1353,term,1075.65,,1075.65
1354,revolving,12011.93,22568.55,17290.24
1355,term,22080.68,,22080.68
1356,revolving,14918.56,33254.55,24086.56
1357,revolving,32615.86,64167.87,48391.87
1358,term,11156.47,,11156.47
1359,term,5045.24,,5045.24
1360,term,1123.24,,1123.24
1361,revolving,5628.07,13953.97,9791.02
1362,term,33517.4,,33517.4
1363,term,10136.93,,10136.93
1364,term,7668.42,,7668.42
1365,revolving,4149.45,8735.28,6442.36
1366,term,839.29,,839.29
1367,revolving,17741.26,49930.83,33836.04
1368,revolving,8207.45,19175.46,13691.46
1369,term,9280.93,,9280.93
1370,term,2698.58,,2698.58
1371,revolving,9338.03,21750.22,15544.12
1372,term,540.98,,540.98
1373,revolving,390.15,779.34,584.74
1374,term,1448.09,,1448.09
1375,term,17184.48,,17184.48
1376,revolving,4326.41,11859.69,8093.05
1377,term,27830.62,,27830.62
1378,term,24492.56,,24492.56
1379,term,22785.4,,22785.4
1380,term,1298.99,,1298.99
1381,term,18208.76,,18208.76
1382,term,6737.54,,6737.54
1383,revolving,16152.44,34849.16,25500.8
1384,term,9889.53,,9889.53
1385,term,4829.82,,4829.82
1386,term,5186.36,,5186.36
1387,revolving,20071.92,43453.61,31762.76
1388,term,2166.76,,2166.76
1389,revolving,8444.51,25284.89,16864.7
1390,term,7499.33,,7499.33
1391,term,2962.73,,2962.73
1392,term,16624.63,,16624.63
1393,term,8703.17,,8703.17
1394,term,3783.44,,3783.44
1395,term,3890.35,,3890.35
1396,revolving,7503.79,14526.02,11014.9
1397,term,18074.51,,18074.51
1398,term,9234.36,,9234.36
1399,term,6551.77,,6551.77
1400,revolving,859.69,1496.9,1178.3
1401,term,4197.47,,4197.47
1402,term,12633.3,,12633.3
1403,term,5735.37,,5735.37
1404,revolving,22761.84,34290.72,28526.28
1405,term,1113.95,,1113.95
1406,term,3100.95,,3100.95
1407,revolving,3657.78,6717.31,5187.54
1408,revolving,14038.4,32071.38,23054.89
1409,term,4073.01,,4073.01
1410,revolving,771.06,2115.46,1443.26
1411,term,3924.6,,3924.6
1412,term,18627.61,,18627.61
1413,term,1131.47,,1131.47
1414,term,6042.6,,6042.6
1415,term,3258.52,,3258.52
1416,revolving,3628.13,7428.45,5528.29
1417,term,8280.73,,8280.73
1418,term,15910.3,,15910.3
1419,term,9662.79,,9662.79
1420,revolving,51501.27,115327.06,83414.16
1421,term,2235.56,,2235.56
1422,term,7174.77,,7174.77
1423,term,6358.15,,6358.15
1424,term,4525.25,,4525.25
1425,revolving,3280.56,7531.38,5405.97
1426,revolving,5731.14,11995.9,8863.52
1427,term,13276.59,,13276.59
1428,revolving,2607.55,7185.05,4896.3
1429,term,6725.15,,6725.15
1430,revolving,25926.72,46306.91,36116.82
1431,term,1544.99,,1544.99
1432,term,22514.27,,22514.27
1433,term,8268.7,,8268.7
1434,term,7157.72,,7157.72
1435,term,2838.33,,2838.33
1436,term,10336.59,,10336.59
1437,term,979.72,,979.72
1438,revolving,1174.89,2714.15,1944.52
1439,term,2690.29,,2690.29
1440,term,11233.99,,11233.99
1441,revolving,9573.82,18216.72,13895.27
1442,term,2058.2,,2058.2
1443,term,1031.73,,1031.73
1444,term,13228.68,,13228.68
1445,revolving,9140.5,22240.44,15690.47
1446,term,11177.74,,11177.74
1447,term,4744.89,,4744.89
1448,revolving,19472.41,50341.0,34906.7
1449,revolving,21126.95,35174.74,28150.84
1450,term,21402.61,,21402.61
1451,term,12664.81,,12664.81
1452,term,18495.68,,18495.68
1453,revolving,3308.9,6460.07,4884.48
1454,term,5226.13,,5226.13
1455,term,18919.69,,18919.69
1456,revolving,742.3,2111.35,1426.82
1457,term,16091.11,,16091.11
1458,term,6391.64,,6391.64
1459,term,10118.52,,10118.52
1460,term,9193.99,,9193.99
1461,term,4181.8,,4181.8
1462,term,2534.56,,2534.56
1463,term,5107.31,,5107.31
1464,term,2954.71,,2954.71
1465,revolving,20332.63,34494.31,27413.47
1466,term,6722.65,,6722.65
1467,revolving,3802.81,7709.73,5756.27
1468,term,529.32,,529.32
1469,revolving,2161.85,6459.91,4310.88
1470,revolving,13078.41,31593.2,22335.8
1471,term,9623.6,,9623.6
1472,revolving,15436.31,26316.97,20876.64
1473,revolving,5305.05,12878.64,9091.84
1474,term,4341.2,,4341.2
1475,term,5462.38,,5462.38
1476,term,11767.45,,11767.45
1477,revolving,1732.95,4568.23,3150.59
1478,revolving,1962.8,3742.98,2852.89
1479,revolving,6373.52,15193.18,10783.35
1480,term,5225.0,,5225.0
1481,revolving,8531.83,14341.36,11436.6
1482,term,11165.38,,11165.38
1483,term,2785.16,,2785.16
1484,term,730.73,,730.73
1485,term,10313.86,,10313.86
1486,term,9467.21,,9467.21
1487,term,23720.24,,23720.24
1488,term,12439.98,,12439.98
1489,term,7851.34,,7851.34
1490,term,2327.85,,2327.85
1491,term,2993.62,,2993.62
1492,term,5808.78,,5808.78
1493,term,17690.23,,17690.23
1494,term,12169.09,,12169.09
1495,term,3615.09,,3615.09
1496,term,4954.01,,4954.01
1497,term,4965.39,,4965.39
1498,term,14450.82,,14450.82
1499,term,6091.36,,6091.36
1500,revolving,19657.83,55744.56,37701.2
1501,term,1245.52,,1245.52
1502,term,8652.71,,8652.71
1503,term,1649.29,,1649.29
1504,term,13586.6,,13586.6
1505,term,6843.69,,6843.69
1506,term,10788.8,,10788.8
1507,term,7035.6,,7035.6
1508,term,7002.69,,7002.69
1509,term,2941.87,,2941.87
1510,revolving,4284.25,11221.42,7752.84
1511,revolving,27460.55,43385.46,35423.0
1512,revolving,6233.63,11175.18,8704.41
1513,revolving,1612.48,3946.18,2779.33
1514,term,12001.17,,12001.17
1515,term,2374.14,,2374.14
1516,term,8991.74,,8991.74
1517,term,5183.65,,5183.65
1518,revolving,2095.31,4604.36,3349.84
1519,term,2655.97,,2655.97
1520,revolving,25007.64,52376.54,38692.09
1521,term,10673.29,,10673.29
1522,revolving,12159.22,33597.62,22878.42
1523,term,9195.45,,9195.45
1524,term,1876.19,,1876.19
1525,term,5081.58,,5081.58
1526,term,2682.8,,2682.8
1527,term,1216.36,,1216.36
1528,term,28634.06,,28634.06
1529,revolving,11672.34,30562.1,21117.22
1530,term,3381.78,,3381.78
1531,term,1069.37,,1069.37
1532,term,465.68,,465.68
1533,revolving,13389.31,24457.13,18923.22
1534,term,8239.41,,8239.41
1535,term,7150.86,,7150.86
1536,term,2268.59,,2268.59
1537,term,7367.2,,7367.2
1538,term,13191.56,,13191.56
1539,term,3148.99,,3148.99
1540,term,10880.08,,10880.08
1541,revolving,3527.09,7936.45,5731.77
1542,term,2504.01,,2504.01
1543,term,2482.7,,2482.7
1544,term,4866.08,,4866.08
1545,revolving,3731.94,7540.27,5636.1
1546,term,5433.72,,5433.72
1547,revolving,9978.74,23032.98,16505.86
1548,term,6446.88,,6446.88
1549,term,5359.8,,5359.8
1550,term,1406.21,,1406.21
1551,revolving,3990.82,8810.11,6400.46
1552,term,673.12,,673.12
1553,revolving,4557.5,7598.31,6077.91
1554,revolving,41418.2,121310.04,81364.12
1555,term,33012.21,,33012.21
1556,term,4499.42,,4499.42
1557,term,12186.13,,12186.13
1558,term,903.72,,903.72
1559,revolving,10027.69,16559.15,13293.42
1560,revolving,12009.16,21182.28,16595.72
1561,term,4130.62,,4130.62
1562,term,9754.52,,9754.52
1563,revolving,1602.12,3948.23,2775.18
1564,term,5051.41,,5051.41
1565,revolving,10273.08,28253.01,19263.04
1566,term,17140.64,,17140.64
1567,term,5736.34,,5736.34
1568,term,27479.31,,27479.31
1569,term,8270.56,,8270.56
1570,term,3028.41,,3028.41
1571,term,6638.85,,6638.85
1572,term,830.46,,830.46
1573,revolving,22641.94,48037.02,35339.48
1574,revolving,4717.78,12816.86,8767.32
1575,term,7603.17,,7603.17
1576,term,4126.18,,4126.18
1577,term,2460.02,,2460.02
1578,term,2597.05,,2597.05
1579,term,16416.84,,16416.84
1580,term,3130.52,,3130.52
1581,term,6106.14,,6106.14
1582,term,5192.51,,5192.51
1583,term,11607.88,,11607.88
1584,term,15942.08,,15942.08
1585,revolving,6991.91,19494.52,13243.22
1586,term,17560.03,,17560.03
1587,term,13894.83,,13894.83
1588,term,18709.6,,18709.6
1589,term,1940.88,,1940.88
1590,revolving,24361.71,47661.13,36011.42
1591,term,11201.6,,11201.6
1592,revolving,310.96,921.51,616.23
1593,term,412.07,,412.07
1594,term,3555.46,,3555.46
1595,revolving,13638.93,25707.03,19672.98
1596,term,18591.69,,18591.69
1597,term,16365.0,,16365.0
1598,term,9076.81,,9076.81
1599,term,1121.44,,1121.44
1600,revolving,12699.38,36583.98,24641.68
1601,term,1450.06,,1450.06
1602,term,4319.42,,4319.42
1603,term,2071.55,,2071.55
1604,term,1434.81,,1434.81
1605,term,4144.71,,4144.71
1606,term,10702.07,,10702.07
1607,term,3448.04,,3448.04
1608,revolving,4825.25,14233.22,9529.24
1609,term,9677.74,,9677.74
1610,term,5193.64,,5193.64
1611,revolving,5241.69,8578.76,6910.22
1612,term,4339.96,,4339.96
1613,term,4933.99,,4933.99
1614,term,2039.87,,2039.87
1615,term,2374.11,,2374.11
1616,term,8095.17,,8095.17
1617,revolving,13540.58,30676.73,22108.66
1618,term,2313.41,,2313.41
1619,term,4195.49,,4195.49
1620,revolving,16880.29,36275.98,26578.14
1621,term,1001.57,,1001.57
1622,term,35065.4,,35065.4
1623,term,786.85,,786.85
1624,revolving,7259.22,12579.43,9919.33
1625,term,2157.42,,2157.42
1626,term,9577.4,,9577.4
1627,term,6973.39,,6973.39
1628,term,13372.1,,13372.1
1629,term,1488.08,,1488.08
1630,term,2046.89,,2046.89
1631,revolving,5137.49,10737.21,7937.35
1632,term,245.52,,245.52
1633,term,1564.83,,1564.83
1634,revolving,5005.8,14421.95,9713.88
1635,revolving,11038.06,27235.63,19136.84
1636,term,2808.04,,2808.04
1637,term,1702.55,,1702.55
1638,term,7188.84,,7188.84
1639,revolving,4665.35,9716.98,7191.16
1640,revolving,1251.19,2300.71,1775.95
1641,term,8437.42,,8437.42
1642,revolving,2277.84,5446.52,3862.18
1643,term,2908.44,,2908.44
1644,term,702.86,,702.86
1645,term,2083.72,,2083.72
1646,revolving,4873.91,14598.35,9736.13
1647,term,4333.19,,4333.19
1648,revolving,9915.37,20259.3,15087.34
1649,revolving,24150.92,56568.69,40359.8
1650,revolving,6462.85,18541.41,12502.13
1651,term,2849.69,,2849.69
1652,term,15567.41,,15567.41
1653,term,20717.31,,20717.31
1654,term,2092.48,,2092.48
1655,term,10113.31,,10113.31
1656,revolving,3514.92,8590.51,6052.72
1657,term,2983.35,,2983.35
1658,term,6200.33,,6200.33
1659,term,8305.07,,8305.07
1660,term,9112.17,,9112.17
1661,term,10929.86,,10929.86
1662,term,4038.75,,4038.75
1663,revolving,13689.77,24294.62,18992.2
1664,term,3755.2,,3755.2
1665,revolving,702.78,1144.05,923.42
1666,revolving,11033.41,19361.47,15197.44
1667,term,1632.96,,1632.96
1668,revolving,9162.73,18901.04,14031.88
1669,term,20041.54,,20041.54
1670,revolving,6728.8,16383.86,11556.33
1671,term,4436.97,,4436.97
1672,revolving,6652.89,12902.32,9777.6
1673,revolving,4196.17,6528.44,5362.3
1674,revolving,43160.66,106177.77,74669.22
1675,revolving,3061.47,6124.61,4593.04
1676,term,21812.41,,21812.41
1677,term,7141.26,,7141.26
1678,term,989.35,,989.35
1679,term,1549.29,,1549.29
1680,term,6617.25,,6617.25
1681,term,4522.33,,4522.33
1682,revolving,10776.77,28123.63,19450.2
1683,term,9865.81,,9865.81
1684,revolving,1236.61,3264.31,2250.46
1685,term,1007.54,,1007.54
1686,revolving,1004.76,2009.44,1507.1
1687,revolving,2599.91,4775.15,3687.53
1688,term,3671.59,,3671.59
1689,term,12837.1,,12837.1
1690,revolving,15889.12,32534.84,24211.98
1691,term,2117.68,,2117.68
1692,term,738.36,,738.36
1693,term,8671.23,,8671.23
1694,term,2926.92,,2926.92
1695,term,944.41,,944.41
1696,term,44129.63,,44129.63
1697,term,3002.03,,3002.03
1698,term,7402.46,,7402.46
1699,revolving,2331.97,6309.33,4320.65
1700,term,11088.11,,11088.11
1701,revolving,10880.81,30949.96,20915.39
1702,term,2389.43,,2389.43
1703,term,8669.46,,8669.46
1704,term,18638.61,,18638.61
1705,term,2219.25,,2219.25
1706,term,10996.31,,10996.31
1707,term,11814.01,,11814.01
1708,term,415.75,,415.75
1709,term,10816.06,,10816.06
1710,term,12741.76,,12741.76
1711,term,6343.67,,6343.67
1712,term,3074.66,,3074.66
1713,revolving,17720.67,33964.16,25842.42
1714,term,4612.07,,4612.07
1715,term,1327.3,,1327.3
1716,revolving,10293.09,17880.48,14086.78
1717,term,4243.98,,4243.98
1718,term,2078.08,,2078.08
1719,revolving,7351.76,12679.98,10015.87
1720,term,1666.15,,1666.15
1721,term,5507.79,,5507.79
1722,term,5889.61,,5889.61
1723,term,11666.81,,11666.81
1724,term,4359.91,,4359.91
1725,term,6670.62,,6670.62
1726,term,2833.17,,2833.17
1727,term,5236.87,,5236.87
1728,revolving,7768.62,19640.48,13704.55
1729,revolving,14614.98,28001.37,21308.18
1730,term,2306.03,,2306.03
1731,term,2582.55,,2582.55
1732,term,10009.14,,10009.14
1733,term,11406.66,,11406.66
1734,term,3311.21,,3311.21
1735,term,917.2,,917.2
1736,revolving,11452.93,24379.11,17916.02
1737,term,4380.22,,4380.22
1738,term,1139.49,,1139.49
1739,term,2887.2,,2887.2
1740,term,5581.08,,5581.08
1741,revolving,492.83,1101.24,797.04
1742,revolving,25696.36,71839.72,48768.04
1743,revolving,5583.38,11618.61,8601.0
1744,term,3621.45,,3621.45
1745,term,26826.81,,26826.81
1746,term,13647.91,,13647.91
1747,term,6817.18,,6817.18
1748,term,4507.24,,4507.24
1749,revolving,958.19,1984.02,1471.1
1750,term,415.97,,415.97
1751,term,3222.1,,3222.1
1752,term,9196.57,,9196.57
1753,term,4249.48,,4249.48
1754,term,2860.37,,2860.37
1755,revolving,6726.91,13001.73,9864.32
1756,revolving,849.88,1860.54,1355.21
1757,revolving,747.87,1150.71,949.29
1758,term,10855.49,,10855.49
1759,term,13576.67,,13576.67
1760,term,16167.44,,16167.44
1761,term,123.31,,123.31
1762,revolving,4403.13,8205.48,6304.3
1763,term,10985.62,,10985.62
1764,term,1284.37,,1284.37
1765,term,2608.59,,2608.59
1766,term,12364.38,,12364.38
1767,revolving,3983.42,11220.93,7602.18
1768,term,14384.85,,14384.85
1769,term,7437.78,,7437.78
1770,term,132.18,,132.18
1771,term,4346.73,,4346.73
1772,revolving,6473.24,18471.93,12472.58
1773,revolving,635.35,1020.16,827.76
1774,revolving,7335.44,17461.39,12398.42
1775,revolving,4021.27,9869.54,6945.41
1776,term,987.93,,987.93
1777,term,7257.03,,7257.03
1778,term,604.01,,604.01
1779,term,3384.11,,3384.11
1780,revolving,6589.1,16517.72,11553.41
1781,term,1418.78,,1418.78
1782,revolving,3384.71,7553.21,5468.96
1783,term,3620.8,,3620.8
1784,term,5615.26,,5615.26
1785,term,11301.92,,11301.92
1786,revolving,795.7,2348.47,1572.08
1787,term,1635.89,,1635.89
1788,term,3250.49,,3250.49
1789,term,18816.8,,18816.8
1790,term,5704.73,,5704.73
1791,term,12382.09,,12382.09
1792,revolving,2422.3,4021.59,3221.94
1793,term,4662.75,,4662.75
1794,term,14385.32,,14385.32
1795,term,13226.22,,13226.22
1796,term,20582.13,,20582.13
1797,revolving,1058.36,2828.08,1943.22
1798,term,4812.35,,4812.35
1799,term,4224.38,,4224.38
1800,term,6187.19,,6187.19
1801,revolving,3792.04,9923.11,6857.58
1802,revolving,5236.0,7957.3,6596.65
1803,term,1136.31,,1136.31
1804,term,39424.35,,39424.35
1805,term,3970.62,,3970.62
1806,revolving,7320.88,10992.67,9156.78
1807,term,41730.56,,41730.56
1808,term,6199.07,,6199.07
1809,term,3139.09,,3139.09
1810,term,2147.38,,2147.38
1811,term,2530.32,,2530.32
1812,revolving,802.29,1772.1,1287.2
1813,term,14011.97,,14011.97
1814,term,10753.27,,10753.27
1815,term,13619.39,,13619.39
1816,revolving,17688.92,31388.68,24538.8
1817,term,1536.95,,1536.95
1818,revolving,3164.92,8963.65,6064.28
1819,term,3587.54,,3587.54
1820,term,12532.69,,12532.69
1821,term,1534.83,,1534.83
1822,term,11172.11,,11172.11
1823,term,6361.84,,6361.84
1824,revolving,6519.44,19552.97,13036.21
1825,term,2512.26,,2512.26
1826,term,12543.46,,12543.46
1827,term,4214.55,,4214.55
1828,revolving,7620.34,20963.42,14291.88
1829,revolving,4854.02,9005.35,6929.68
1830,term,960.96,,960.96
1831,revolving,906.04,2592.62,1749.33
1832,term,29160.5,,29160.5
1833,term,491.73,,491.73
1834,revolving,12288.94,22548.57,17418.76
1835,revolving,2464.64,5014.83,3739.73
1836,term,1237.29,,1237.29
1837,term,10764.43,,10764.43
1838,term,1119.79,,1119.79
1839,revolving,1460.54,3018.51,2239.52
1840,term,6909.49,,6909.49
1841,term,3866.85,,3866.85
1842,term,5306.42,,5306.42
1843,term,3574.75,,3574.75
1844,term,2130.16,,2130.16
1845,revolving,5936.51,10476.27,8206.39
1846,term,21535.17,,21535.17
1847,term,5581.91,,5581.91
1848,term,860.59,,860.59
1849,revolving,715.63,1854.29,1284.96
1850,term,3683.71,,3683.71
1851,term,5726.28,,5726.28
1852,revolving,16368.82,44361.77,30365.3
1853,revolving,2684.75,6524.6,4604.68
1854,revolving,2894.46,8542.79,5718.62
1855,revolving,921.47,2529.95,1725.71
1856,term,1448.51,,1448.51
1857,revolving,4431.63,10928.82,7680.22
1858,term,625.99,,625.99
1859,revolving,4720.53,10280.87,7500.7
1860,revolving,6010.51,15037.33,10523.92
1861,revolving,632.4,1165.79,899.1
1862,term,730.55,,730.55
1863,term,9354.48,,9354.48
1864,term,1704.11,,1704.11
1865,revolving,4726.24,13511.96,9119.1
1866,revolving,1925.02,5664.31,3794.66
1867,term,3755.68,,3755.68
1868,term,2474.93,,2474.93
1869,term,26488.85,,26488.85
1870,revolving,762.56,1825.37,1293.96
1871,revolving,7320.67,16407.36,11864.02
1872,term,3049.42,,3049.42
1873,term,13064.3,,13064.3
1874,revolving,5349.02,9464.26,7406.64
1875,revolving,20612.33,33705.74,27159.04
1876,term,6762.94,,6762.94
1877,term,2974.9,,2974.9
1878,term,2177.64,,2177.64
1879,term,760.54,,760.54
1880,term,640.32,,640.32
1881,term,11586.62,,11586.62
1882,revolving,7513.34,20325.96,13919.65
1883,term,10855.36,,10855.36
1884,revolving,10847.72,29456.82,20152.27
1885,term,5635.8,,5635.8
1886,term,9650.25,,9650.25
1887,term,1202.2,,1202.2
1888,term,4879.92,,4879.92
1889,revolving,1617.57,3692.44,2655.0
1890,revolving,7828.55,18625.41,13226.98
1891,term,6725.39,,6725.39
1892,term,35693.58,,35693.58
1893,revolving,2515.43,3937.73,3226.58
1894,term,960.07,,960.07
1895,term,2917.03,,2917.03
1896,revolving,1149.32,2808.92,1979.12
1897,term,17772.9,,17772.9
1898,term,18983.16,,18983.16
1899,term,611.28,,611.28
1900,revolving,12914.43,19722.16,16318.3
1901,term,2886.6,,2886.6
1902,term,16301.11,,16301.11
1903,revolving,1205.09,2710.48,1957.78
1904,term,5283.94,,5283.94
1905,revolving,2171.74,4562.37,3367.06
1906,term,4498.41,,4498.41
1907,revolving,329.94,605.29,467.62
1908,term,28331.46,,28331.46
1909,term,331.81,,331.81
1910,term,21380.94,,21380.94
1911,term,11590.93,,11590.93
1912,revolving,7557.12,18668.9,13113.01
1913,revolving,16705.59,41356.43,29031.01
1914,term,2302.11,,2302.11
1915,term,1837.89,,1837.89
1916,revolving,5143.94,14155.37,9649.65
1917,revolving,244.93,643.36,444.14
1918,term,10845.28,,10845.28
1919,term,9958.28,,9958.28
1920,term,2103.6,,2103.6
1921,term,1702.84,,1702.84
1922,term,3541.73,,3541.73
1923,term,4896.36,,4896.36
1924,term,3777.39,,3777.39
1925,revolving,846.41,1928.69,1387.55
1926,term,7590.45,,7590.45
1927,term,10376.35,,10376.35
1928,term,12598.94,,12598.94
1929,term,3409.47,,3409.47
1930,term,17721.96,,17721.96
1931,term,10801.46,,10801.46
1932,term,945.82,,945.82
1933,term,1078.46,,1078.46
1934,term,4643.05,,4643.05
1935,term,32957.01,,32957.01
1936,revolving,13827.24,39255.26,26541.25
1937,term,3689.51,,3689.51
1938,revolving,6583.08,16957.98,11770.53
1939,term,6334.61,,6334.61
1940,term,15098.86,,15098.86
1941,term,1870.29,,1870.29
1942,term,4531.95,,4531.95
1943,revolving,18726.74,42424.09,30575.42
1944,revolving,4974.98,12025.19,8500.08
1945,revolving,795.33,1675.5,1235.42
1946,term,10895.14,,10895.14
1947,term,1958.9,,1958.9
1948,term,11259.84,,11259.84
1949,term,5042.03,,5042.03
1950,term,2786.88,,2786.88
1951,term,2981.8,,2981.8
1952,term,14510.23,,14510.23
1953,term,4587.36,,4587.36
1954,revolving,8126.72,16671.23,12398.97
1955,revolving,9089.14,21612.83,15350.98
1956,revolving,4884.52,9647.75,7266.14
1957,term,2687.78,,2687.78
1958,term,22612.08,,22612.08
1959,term,27373.4,,27373.4
1960,revolving,2967.64,8066.41,5517.02
1961,term,6607.65,,6607.65
1962,term,3503.27,,3503.27
1963,revolving,3724.85,5744.59,4734.72
1964,term,5719.68,,5719.68
1965,term,3137.05,,3137.05
1966,term,5147.57,,5147.57
1967,term,11755.91,,11755.91
1968,term,2785.64,,2785.64
1969,term,17905.36,,17905.36
1970,term,10310.57,,10310.57
1971,term,1312.64,,1312.64
1972,revolving,2746.29,8183.36,5464.82
1973,term,234.99,,234.99
1974,term,650.38,,650.38
1975,term,376.85,,376.85
1976,revolving,6365.37,15773.21,11069.29
1977,term,12055.09,,12055.09
1978,term,6764.02,,6764.02
1979,revolving,1721.89,2809.35,2265.62
1980,revolving,50786.3,101046.6,75916.45
1981,term,1175.02,,1175.02
1982,revolving,9491.08,14680.94,12086.01
1983,term,12537.05,,12537.05
1984,term,17372.69,,17372.69
1985,term,3276.95,,3276.95
1986,term,9769.37,,9769.37
1987,revolving,10534.21,31537.78,21036.0
1988,term,8729.01,,8729.01
1989,term,2473.3,,2473.3
1990,revolving,762.83,1842.6,1302.72
1991,revolving,658.9,1585.53,1122.21
1992,term,8265.17,,8265.17
1993,term,2446.82,,2446.82
1994,term,1871.51,,1871.51
1995,revolving,16205.09,26067.05,21136.07
1996,term,789.52,,789.52
1997,revolving,139.64,267.09,203.36
1998,term,3615.23,,3615.23
1999,term,900.25,,900.25
2000,term,20144.72,,20144.72
2001,term,16391.62,,16391.62
2002,term,2240.46,,2240.46
2003,revolving,3435.72,10149.55,6792.64
2004,term,5804.64,,5804.64
2005,term,1722.95,,1722.95
2006,revolving,3518.41,9619.28,6568.84
2007,term,3973.64,,3973.64
2008,revolving,3294.51,9092.65,6193.58
2009,term,951.59,,951.59
2010,term,4531.48,,4531.48
2011,term,6925.7,,6925.7
2012,term,841.03,,841.03
2013,revolving,1171.77,2549.37,1860.57
2014,term,5847.43,,5847.43
2015,term,3433.88,,3433.88
2016,term,3143.04,,3143.04
2017,term,1311.38,,1311.38
2018,revolving,7533.7,14337.04,10935.37
2019,term,8075.15,,8075.15
2020,term,33409.02,,33409.02
2021,revolving,17247.42,46191.9,31719.66
2022,term,11889.3,,11889.3
2023,revolving,22711.42,65460.3,44085.86
2024,term,17036.52,,17036.52
2025,term,23618.51,,23618.51
2026,term,9163.4,,9163.4
2027,revolving,13317.2,35159.81,24238.5
2028,revolving,4361.51,7802.62,6082.06
2029,term,490.25,,490.25
2030,term,6097.3,,6097.3
2031,term,10170.95,,10170.95
2032,term,16031.16,,16031.16
2033,term,1263.04,,1263.04
2034,revolving,18071.64,32895.18,25483.41
2035,term,5000.49,,5000.49
2036,term,2239.12,,2239.12
2037,term,13745.4,,13745.4
2038,term,4988.11,,4988.11
2039,term,10514.15,,10514.15
2040,term,3968.77,,3968.77
2041,revolving,14954.41,27447.84,21201.12
2042,term,2516.34,,2516.34
2043,term,847.36,,847.36
2044,term,1530.04,,1530.04
2045,revolving,2745.61,4579.18,3662.4
2046,revolving,7264.43,12488.92,9876.67
2047,term,6848.74,,6848.74
2048,revolving,3426.92,9089.94,6258.43
2049,term,11179.79,,11179.79
2050,term,3797.63,,3797.63
2051,term,13593.03,,13593.03
2052,term,1132.1,,1132.1
2053,term,10357.0,,10357.0
2054,revolving,5037.15,9963.31,7500.23
2055,revolving,7609.28,12585.84,10097.56
2056,term,2972.25,,2972.25
2057,term,29517.86,,29517.86
2058,term,21553.17,,21553.17
2059,term,9119.97,,9119.97
2060,term,3556.74,,3556.74
2061,term,3395.78,,3395.78
2062,term,23014.04,,23014.04
2063,revolving,922.5,2510.04,1716.27
2064,term,3007.99,,3007.99
2065,term,10790.34,,10790.34
2066,revolving,13226.11,29683.58,21454.84
2067,term,3186.21,,3186.21
2068,term,9856.52,,9856.52
2069,term,10836.74,,10836.74
2070,term,25298.32,,25298.32
2071,revolving,12194.55,23126.18,17660.36
2072,term,2881.34,,2881.34
2073,term,896.09,,896.09
2074,revolving,3734.53,11123.09,7428.81
2075,revolving,21674.73,47113.58,34394.16
2076,revolving,2315.84,4065.1,3190.47
2077,term,3986.15,,3986.15
2078,term,1229.18,,1229.18
2079,revolving,7175.03,20306.73,13740.88
2080,revolving,1922.33,4978.47,3450.4
2081,term,18333.85,,18333.85
2082,term,12724.68,,12724.68
2083,term,12302.09,,12302.09
2084,revolving,3872.53,10843.62,7358.08
2085,term,1091.09,,1091.09
2086,term,13272.27,,13272.27
2087,term,11303.81,,11303.81
2088,term,846.8,,846.8
2089,revolving,7581.88,12106.48,9844.18
2090,term,4205.79,,4205.79
2091,revolving,9997.31,22727.02,16362.16
2092,revolving,462.61,1027.08,744.84
2093,term,2857.96,,2857.96
2094,term,9560.69,,9560.69
2095,term,4670.9,,4670.9
2096,revolving,5989.58,16845.18,11417.38
2097,term,1724.24,,1724.24
2098,term,1620.63,,1620.63
2099,revolving,1424.7,3415.86,2420.28
2100,term,824.45,,824.45
2101,revolving,6726.51,12884.89,9805.7
2102,term,6456.91,,6456.91
2103,term,9386.96,,9386.96
2104,term,9270.97,,9270.97
2105,revolving,13644.12,39946.76,26795.44
2106,term,2472.29,,2472.29
2107,revolving,26021.53,78054.4,52037.96
2108,revolving,1647.04,2619.64,2133.34
2109,term,6285.09,,6285.09
2110,revolving,1510.62,3430.99,2470.8
2111,term,20712.74,,20712.74
2112,term,464.78,,464.78
2113,term,3500.06,,3500.06
2114,revolving,910.57,1723.76,1317.16
2115,term,6406.97,,6406.97
2116,term,7294.95,,7294.95
2117,term,8338.43,,8338.43
2118,term,15457.47,,15457.47
2119,term,14925.73,,14925.73
2120,revolving,10289.06,27559.35,18924.21
2121,revolving,16879.57,34948.24,25913.9
2122,term,3600.77,,3600.77
2123,revolving,21579.89,56449.86,39014.88
2124,term,20869.28,,20869.28
2125,revolving,3083.65,8388.2,5735.93
2126,term,9299.31,,9299.31
2127,term,20454.63,,20454.63
2128,term,1415.18,,1415.18
2129,revolving,4190.55,9167.12,6678.84
2130,term,19021.39,,19021.39
2131,term,5376.53,,5376.53
2132,term,9596.24,,9596.24
2133,term,9502.61,,9502.61
2134,term,1814.93,,1814.93
2135,revolving,21707.62,42303.37,32005.5
2136,revolving,19259.71,32617.48,25938.6
2137,term,4506.09,,4506.09
2138,revolving,11556.41,21167.18,16361.8
2139,term,10334.58,,10334.58
2140,revolving,2753.46,6517.77,4635.62
2141,revolving,6393.42,17483.25,11938.34
2142,term,3244.61,,3244.61
2143,revolving,542.15,827.52,684.84
2144,term,17153.49,,17153.49
2145,term,12858.97,,12858.97
2146,revolving,3123.44,6164.23,4643.84
2147,term,19683.96,,19683.96
2148,term,3944.42,,3944.42
2149,term,2179.4,,2179.4
2150,revolving,2344.53,3743.36,3043.94
2151,term,3006.99,,3006.99
2152,term,8072.19,,8072.19
2153,revolving,5677.71,15995.36,10836.54
2154,revolving,14721.23,33092.48,23906.86
2155,term,1890.67,,1890.67
2156,term,16536.46,,16536.46
2157,term,2337.53,,2337.53
2158,term,6407.05,,6407.05
2159,term,1281.43,,1281.43
2160,revolving,765.2,1687.61,1226.4
2161,term,4937.46,,4937.46
2162,term,17983.11,,17983.11
2163,term,14465.49,,14465.49
2164,revolving,13375.2,21855.89,17615.54
2165,term,864.54,,864.54
2166,revolving,4845.6,14438.36,9641.98
2167,term,5511.39,,5511.39
2168,term,5945.07,,5945.07
2169,term,1620.57,,1620.57
2170,term,856.71,,856.71
2171,term,4368.01,,4368.01
2172,term,7240.07,,7240.07
2173,term,1662.86,,1662.86
2174,revolving,4884.47,12725.24,8804.86
2175,term,2090.7,,2090.7
2176,revolving,4751.6,9372.07,7061.84
2177,term,1598.93,,1598.93
2178,term,6538.18,,6538.18
2179,term,3843.82,,3843.82
2180,term,464.07,,464.07
2181,term,19415.23,,19415.23
2182,term,24215.15,,24215.15
2183,term,17353.58,,17353.58
2184,term,16755.68,,16755.68
2185,term,1698.45,,1698.45
2186,revolving,1027.14,2289.96,1658.55
2187,revolving,5079.26,8461.81,6770.54
2188,revolving,3186.41,9533.64,6360.02
2189,revolving,1346.38,3812.41,2579.4
2190,term,2229.95,,2229.95
2191,term,2492.73,,2492.73
2192,revolving,2038.58,3820.33,2929.46
2193,term,857.77,,857.77
2194,term,5785.4,,5785.4
2195,term,801.66,,801.66
2196,term,700.41,,700.41
2197,term,1698.1,,1698.1
2198,revolving,13608.11,29661.27,21634.69
2199,term,1211.93,,1211.93
2200,term,7034.03,,7034.03
2201,revolving,14464.13,39389.32,26926.72
2202,term,20863.73,,20863.73
2203,term,8317.23,,8317.23
2204,term,7467.82,,7467.82
2205,revolving,2288.84,3960.66,3124.75
2206,revolving,2630.34,7771.91,5201.12
2207,term,4740.35,,4740.35
2208,revolving,7209.56,20122.05,13665.8
2209,term,11918.73,,11918.73
2210,revolving,6365.76,14866.04,10615.9
2211,revolving,9696.65,21338.58,15517.62
2212,revolving,2854.62,8354.44,5604.53
2213,term,8566.72,,8566.72
2214,revolving,3863.96,6024.71,4944.34
2215,revolving,32982.74,78235.18,55608.96
2216,term,2214.82,,2214.82
2217,revolving,5843.57,11635.09,8739.33
2218,term,10859.49,,10859.49
2219,revolving,5612.23,16081.4,10846.81
2220,term,25998.28,,25998.28
2221,revolving,12815.62,38168.13,25491.88
2222,term,11915.7,,11915.7
2223,term,6735.74,,6735.74
2224,term,301.84,,301.84
2225,term,45121.23,,45121.23
2226,term,13512.19,,13512.19
2227,term,2993.32,,2993.32
2228,term,9781.65,,9781.65
2229,term,8112.21,,8112.21
2230,term,1301.28,,1301.28
2231,revolving,8879.47,26125.31,17502.39
2232,term,7074.44,,7074.44
2233,revolving,4100.4,11742.98,7921.69
2234,revolving,10098.28,28509.56,19303.92
2235,term,5588.42,,5588.42
2236,term,25587.91,,25587.91
2237,revolving,7859.84,20910.02,14384.93
2238,term,14640.0,,14640.0
2239,term,2104.54,,2104.54
2240,term,12882.93,,12882.93
2241,revolving,4278.48,8756.13,6517.3
2242,term,4166.65,,4166.65
2243,term,15631.97,,15631.97
2244,revolving,20157.23,40800.64,30478.94
2245,revolving,3145.38,6851.63,4998.5
2246,term,10868.88,,10868.88
2247,term,15575.6,,15575.6
2248,revolving,17887.63,40087.84,28987.74
2249,term,15385.78,,15385.78
2250,term,476.08,,476.08
2251,term,8065.54,,8065.54
2252,revolving,18286.93,32700.27,25493.6
2253,term,3644.07,,3644.07
2254,revolving,325.01,834.42,579.71
2255,revolving,2162.65,4464.6,3313.62
2256,term,887.95,,887.95
2257,term,1216.54,,1216.54
2258,term,2014.52,,2014.52
2259,term,7463.53,,7463.53
2260,term,1826.51,,1826.51
2261,revolving,9813.18,27301.68,18557.43
2262,term,859.22,,859.22
2263,revolving,4857.49,12454.41,8655.95
2264,term,5245.83,,5245.83
2265,term,20004.89,,20004.89
2266,term,3727.81,,3727.81
2267,term,2082.94,,2082.94
2268,revolving,13105.24,30972.29,22038.76
2269,term,1024.15,,1024.15
2270,term,3519.38,,3519.38
2271,term,3652.63,,3652.63
2272,term,541.27,,541.27
2273,term,3655.67,,3655.67
2274,term,17052.66,,17052.66
2275,revolving,6285.98,17793.37,12039.68
2276,term,2627.61,,2627.61
2277,revolving,880.01,2157.86,1518.94
2278,term,16289.12,,16289.12
2279,term,3583.18,,3583.18
2280,term,6844.24,,6844.24
2281,term,1680.85,,1680.85
2282,term,6237.45,,6237.45
2283,term,3738.52,,3738.52
2284,term,2584.41,,2584.41
2285,term,548.34,,548.34
2286,term,17323.84,,17323.84
2287,revolving,565.51,966.38,765.94
2288,term,8322.29,,8322.29
2289,term,20891.85,,20891.85
2290,term,3058.65,,3058.65
2291,term,705.23,,705.23
2292,term,12034.62,,12034.62
2293,term,4407.1,,4407.1
2294,term,10719.63,,10719.63
2295,term,1950.22,,1950.22
2296,term,5391.0,,5391.0
2297,term,7291.38,,7291.38
2298,term,4002.5,,4002.5
2299,term,3416.97,,3416.97
2300,term,2100.19,,2100.19
2301,revolving,1657.11,4301.87,2979.49
2302,term,10059.08,,10059.08
2303,term,1593.67,,1593.67
2304,term,5281.23,,5281.23
2305,revolving,1642.43,4913.19,3277.81
2306,term,1587.35,,1587.35
2307,term,9380.33,,9380.33
2308,term,1551.03,,1551.03
2309,term,10500.93,,10500.93
2310,term,30751.83,,30751.83
2311,term,7239.12,,7239.12
2312,revolving,15072.73,34236.51,24654.62
2313,term,5632.32,,5632.32
2314,revolving,7334.16,15712.2,11523.18
2315,revolving,8114.44,22031.36,15072.9
2316,term,7776.61,,7776.61
2317,term,2704.79,,2704.79
2318,term,25473.55,,25473.55
2319,term,1129.91,,1129.91
2320,term,21052.0,,21052.0
2321,revolving,4683.09,8625.57,6654.33
2322,revolving,2469.41,7011.67,4740.54
2323,term,6134.6,,6134.6
2324,term,11544.12,,11544.12
2325,revolving,3172.73,6581.58,4877.16
2326,revolving,5383.18,15812.58,10597.88
2327,revolving,13007.33,32900.02,22953.67
2328,term,18462.36,,18462.36
2329,term,12996.65,,12996.65
2330,term,584.63,,584.63
2331,term,8376.54,,8376.54
2332,term,1921.37,,1921.37
2333,term,2856.16,,2856.16
2334,term,5068.94,,5068.94
2335,term,3159.33,,3159.33
2336,term,1852.55,,1852.55
2337,term,4785.23,,4785.23
2338,term,565.55,,565.55
2339,term,2308.96,,2308.96
2340,term,14721.6,,14721.6
2341,revolving,124.66,238.94,181.8
2342,term,9585.6,,9585.6
2343,term,2997.86,,2997.86
2344,term,514.1,,514.1
2345,revolving,8398.89,21881.05,15139.97
2346,term,2087.72,,2087.72
2347,term,7325.92,,7325.92
2348,term,5469.05,,5469.05
2349,term,7500.63,,7500.63
2350,term,5350.6,,5350.6
2351,term,1423.8,,1423.8
2352,revolving,1670.62,3155.02,2412.82
2353,term,1850.97,,1850.97
2354,revolving,37685.94,83526.93,60606.44
2355,revolving,18312.91,53905.83,36109.37
2356,term,9072.84,,9072.84
2357,revolving,4750.81,13088.25,8919.53
2358,term,2577.09,,2577.09
2359,term,787.6,,787.6
2360,term,13418.24,,13418.24
2361,term,842.1,,842.1
2362,term,7389.62,,7389.62
2363,term,445.1,,445.1
2364,term,6235.49,,6235.49
2365,term,2808.26,,2808.26
2366,term,2988.7,,2988.7
2367,term,10854.47,,10854.47
2368,term,58476.66,,58476.66
2369,term,6789.57,,6789.57
2370,revolving,15728.01,26384.86,21056.44
2371,term,4646.84,,4646.84
2372,revolving,803.63,1988.93,1396.28
2373,term,29489.1,,29489.1
2374,term,5996.97,,5996.97
2375,term,14042.81,,14042.81
2376,term,3962.82,,3962.82
2377,term,2080.52,,2080.52
2378,revolving,3677.89,9564.56,6621.22
2379,term,3233.84,,3233.84
2380,revolving,7814.3,18788.08,13301.19
2381,revolving,4478.34,8382.59,6430.46
2382,revolving,1202.02,3524.33,2363.18
2383,revolving,9625.53,22910.81,16268.17
2384,term,4335.35,,4335.35
2385,term,3205.26,,3205.26
2386,term,11323.62,,11323.62
2387,term,1765.59,,1765.59
2388,term,2599.24,,2599.24
2389,revolving,4956.92,10971.09,7964.0
2390,term,1526.27,,1526.27
2391,term,3679.07,,3679.07
2392,term,2870.99,,2870.99
2393,term,14625.58,,14625.58
2394,term,3582.25,,3582.25
2395,revolving,21595.66,40858.59,31227.12
2396,term,22318.9,,22318.9
2397,term,21137.35,,21137.35
2398,term,2365.04,,2365.04
2399,term,6006.35,,6006.35
2400,term,6403.82,,6403.82
2401,term,24471.74,,24471.74
2402,term,8072.23,,8072.23
2403,term,11417.45,,11417.45
2404,term,4720.08,,4720.08
2405,term,4624.94,,4624.94
2406,term,6775.58,,6775.58
2407,term,16343.44,,16343.44
2408,term,15742.34,,15742.34
2409,revolving,11101.17,21666.3,16383.74
2410,term,15290.18,,15290.18
2411,term,14303.9,,14303.9
2412,term,6144.68,,6144.68
2413,term,7281.54,,7281.54
2414,term,2707.92,,2707.92
2415,term,9407.98,,9407.98
2416,revolving,24747.36,44549.12,34648.24
2417,term,12266.68,,12266.68
2418,term,5500.25,,5500.25
2419,term,641.56,,641.56
2420,term,17211.0,,17211.0
2421,term,3729.3,,3729.3
2422,term,2653.97,,2653.97
2423,revolving,19992.27,48752.42,34372.34
2424,term,13822.05,,13822.05
2425,term,15436.18,,15436.18
2426,revolving,353.63,1046.76,700.2
2427,term,38159.73,,38159.73
2428,revolving,1808.09,5027.53,3417.81
2429,term,28230.98,,28230.98
2430,revolving,11778.24,22219.96,16999.1
2431,term,24593.99,,24593.99
2432,revolving,10697.56,24867.36,17782.46
2433,revolving,10002.46,20441.82,15222.14
2434,term,1907.06,,1907.06
2435,revolving,6317.84,17213.59,11765.72
2436,term,9000.51,,9000.51
2437,term,3256.19,,3256.19
2438,term,7715.24,,7715.24
2439,term,1133.76,,1133.76
2440,term,4078.73,,4078.73
2441,term,22337.93,,22337.93
2442,term,8184.6,,8184.6
2443,revolving,39077.46,105333.53,72205.5
2444,revolving,1884.18,4942.55,3413.36
2445,term,1581.67,,1581.67
2446,term,15189.92,,15189.92
2447,term,8793.57,,8793.57
2448,term,13270.21,,13270.21
2449,term,4370.05,,4370.05
2450,term,7289.3,,7289.3
2451,term,4515.72,,4515.72
2452,revolving,5340.88,11902.33,8621.6
2453,term,4577.16,,4577.16
2454,term,12333.03,,12333.03
2455,term,10847.39,,10847.39
2456,term,1548.8,,1548.8
2457,term,6097.35,,6097.35
2458,term,2912.32,,2912.32
2459,term,53874.49,,53874.49
2460,term,3605.56,,3605.56
2461,revolving,7365.07,13256.29,10310.68
2462,revolving,6489.49,18064.57,12277.03
2463,term,3122.81,,3122.81
2464,term,11508.52,,11508.52
2465,term,7026.76,,7026.76
2466,term,4522.53,,4522.53
2467,term,3448.82,,3448.82
2468,term,7469.92,,7469.92
2469,term,7818.43,,7818.43
2470,term,18636.77,,18636.77
2471,term,3382.52,,3382.52
2472,revolving,24633.41,38382.02,31507.71
2473,revolving,9237.64,19758.82,14498.23
2474,revolving,1831.58,5090.86,3461.22
2475,term,9098.43,,9098.43
2476,revolving,8248.89,13888.65,11068.77
2477,term,5190.75,,5190.75
2478,revolving,10472.32,28820.17,19646.24
2479,term,5505.87,,5505.87
2480,revolving,2524.89,7329.17,4927.03
2481,term,5267.03,,5267.03
2482,revolving,12278.02,21034.69,16656.36
2483,revolving,29971.45,61953.81,45962.63
2484,term,2271.5,,2271.5
2485,term,6177.74,,6177.74
2486,revolving,2206.64,4852.49,3529.56
2487,term,6060.02,,6060.02
2488,revolving,12976.97,22634.67,17805.82
2489,term,4503.78,,4503.78
2490,term,4061.24,,4061.24
2491,term,17285.66,,17285.66
2492,term,16761.16,,16761.16
2493,revolving,3038.51,6238.36,4638.43
2494,term,4605.49,,4605.49
2495,term,10068.91,,10068.91
2496,term,10587.9,,10587.9
2497,term,3901.67,,3901.67
2498,revolving,10201.86,21071.01,15636.44
2499,revolving,1057.59,2324.87,1691.23
2500,term,7699.3,,7699.3
2501,revolving,15476.4,43434.93,29455.66
2502,revolving,6374.37,12671.59,9522.98
2503,term,3453.32,,3453.32
2504,revolving,5066.09,12419.53,8742.81
2505,term,8836.79,,8836.79
2506,term,4649.12,,4649.12
2507,revolving,9833.1,25882.83,17857.96
2508,term,1478.92,,1478.92
2509,revolving,3326.61,5279.09,4302.85
2510,revolving,5353.12,8723.18,7038.15
2511,term,12210.04,,12210.04
2512,revolving,6627.01,11623.19,9125.1
2513,term,16993.1,,16993.1
2514,term,14480.13,,14480.13
2515,term,45355.67,,45355.67
2516,revolving,3704.05,6036.45,4870.25
2517,term,3370.13,,3370.13
2518,term,15987.1,,15987.1
2519,term,16819.17,,16819.17
2520,revolving,10456.24,28556.04,19506.14
2521,term,1789.86,,1789.86
2522,term,427.35,,427.35
2523,term,810.72,,810.72
2524,term,22468.21,,22468.21
2525,revolving,16967.02,28200.7,22583.86
2526,term,2638.38,,2638.38
2527,term,1447.73,,1447.73
2528,revolving,26077.5,60253.57,43165.54
2529,term,22346.62,,22346.62
2530,revolving,8977.37,22376.42,15676.9
2531,term,4518.37,,4518.37
2532,revolving,7863.04,17078.0,12470.52
2533,term,2000.58,,2000.58
2534,term,8777.47,,8777.47
2535,revolving,10715.09,25645.19,18180.14
2536,revolving,5869.0,11072.4,8470.7
2537,revolving,19051.06,56845.27,37948.16
2538,term,6839.46,,6839.46
2539,revolving,3184.25,9155.87,6170.06
2540,revolving,6105.75,9698.23,7901.99
2541,term,26007.49,,26007.49
2542,revolving,3130.21,5084.32,4107.26
2543,revolving,15132.1,37056.23,26094.16
2544,term,31944.85,,31944.85
2545,term,4503.58,,4503.58
2546,term,17859.68,,17859.68
2547,term,24278.5,,24278.5
2548,term,51601.56,,51601.56
2549,term,7125.76,,7125.76
2550,term,5554.65,,5554.65
2551,term,34089.0,,34089.0
2552,term,20994.77,,20994.77
2553,revolving,17504.49,45809.12,31656.8
2554,revolving,1888.72,4410.77,3149.74
2555,term,30823.2,,30823.2
2556,revolving,2503.75,4314.28,3409.02
2557,term,13574.22,,13574.22
2558,term,16722.1,,16722.1
2559,term,14137.54,,14137.54
2560,term,4416.27,,4416.27
2561,revolving,2037.47,3794.33,2915.9
2562,revolving,42046.32,71597.95,56822.13
2563,term,1359.56,,1359.56
2564,term,4020.92,,4020.92
2565,term,2482.17,,2482.17
2566,term,20462.15,,20462.15
2567,term,4496.61,,4496.61
2568,term,9977.38,,9977.38
2569,revolving,3308.04,6910.62,5109.33
2570,revolving,3794.93,10256.84,7025.88
2571,term,23389.91,,23389.91
2572,revolving,7232.0,12317.86,9774.93
2573,term,9121.9,,9121.9
2574,term,1458.2,,1458.2
2575,term,451.89,,451.89
2576,term,4870.52,,4870.52
2577,revolving,1445.64,3210.3,2327.97
2578,term,20123.03,,20123.03
2579,term,1784.37,,1784.37
2580,term,13737.31,,13737.31
2581,term,14944.03,,14944.03
2582,revolving,8521.57,24236.31,16378.94
2583,term,19333.66,,19333.66
2584,term,4455.25,,4455.25
2585,term,5391.9,,5391.9
2586,term,1367.25,,1367.25
2587,term,2483.77,,2483.77
2588,term,1889.69,,1889.69
2589,term,736.8,,736.8
2590,revolving,23469.1,68497.17,45983.13
2591,revolving,1225.87,1872.32,1549.09
2592,revolving,14288.92,30379.8,22334.36
2593,term,4863.62,,4863.62
2594,term,5488.9,,5488.9
2595,term,34087.69,,34087.69
2596,revolving,736.44,1336.31,1036.38
2597,term,1526.89,,1526.89
2598,term,433.77,,433.77
2599,term,17146.39,,17146.39
2600,term,3908.63,,3908.63
2601,term,18286.34,,18286.34
2602,term,10010.3,,10010.3
2603,revolving,10064.62,22673.78,16369.2
2604,term,14048.04,,14048.04
2605,term,18079.14,,18079.14
2606,term,13882.78,,13882.78
2607,term,10958.06,,10958.06
2608,term,865.26,,865.26
2609,revolving,16538.77,46656.17,31597.47
2610,term,9209.68,,9209.68
2611,revolving,3796.55,7432.04,5614.3
2612,term,2315.39,,2315.39
2613,term,6929.5,,6929.5
2614,revolving,1621.64,4781.65,3201.64
2615,term,5883.88,,5883.88
2616,term,12543.8,,12543.8
2617,term,9240.18,,9240.18
2618,term,7975.67,,7975.67
2619,revolving,15663.98,31174.85,23419.42
2620,term,2558.58,,2558.58
2621,revolving,1285.21,3763.4,2524.31
2622,revolving,1170.7,3503.17,2336.94
2623,term,1047.69,,1047.69
2624,revolving,8039.99,17872.21,12956.1
2625,term,2906.19,,2906.19
2626,revolving,6218.59,16915.86,11567.22
2627,term,15016.15,,15016.15
2628,term,5483.93,,5483.93
2629,term,2290.58,,2290.58
2630,term,948.8,,948.8
2631,term,10685.36,,10685.36
2632,revolving,2081.52,6241.77,4161.65
2633,term,4191.95,,4191.95
2634,term,25148.11,,25148.11
2635,revolving,1387.94,2419.63,1903.78
2636,term,3706.96,,3706.96
2637,revolving,754.09,1463.11,1108.6
2638,revolving,3163.82,6856.68,5010.25
2639,revolving,2126.38,4856.37,3491.38
2640,revolving,24501.62,69865.08,47183.35
2641,term,8648.19,,8648.19
2642,term,4500.84,,4500.84
2643,revolving,14298.39,26041.04,20169.72
2644,term,5365.98,,5365.98
2645,term,13635.17,,13635.17
2646,term,3106.23,,3106.23
2647,revolving,6772.98,20092.42,13432.7
2648,term,6562.5,,6562.5
2649,term,3517.08,,3517.08
2650,term,3254.03,,3254.03
2651,term,12247.4,,12247.4
2652,term,5801.91,,5801.91
2653,term,57190.99,,57190.99
2654,term,19914.6,,19914.6
2655,revolving,2346.55,4968.78,3657.66
2656,term,6485.04,,6485.04
2657,revolving,16317.84,43702.82,30010.33
2658,revolving,5879.2,15128.24,10503.72
2659,term,10160.54,,10160.54
2660,term,7641.69,,7641.69
2661,term,2601.52,,2601.52
2662,revolving,11704.97,22573.32,17139.14
2663,term,11816.79,,11816.79
2664,term,11101.97,,11101.97
2665,term,4663.11,,4663.11
2666,term,2572.37,,2572.37
2667,term,4293.88,,4293.88
2668,term,1971.95,,1971.95
2669,revolving,9231.69,14172.12,11701.9
2670,term,1958.58,,1958.58
2671,term,4036.15,,4036.15
2672,term,10862.84,,10862.84
2673,revolving,2104.43,4283.0,3193.72
2674,term,602.52,,602.52
2675,revolving,3394.55,9333.79,6364.17
2676,term,10739.82,,10739.82
2677,term,898.26,,898.26
2678,term,1857.44,,1857.44
2679,term,26905.53,,26905.53
2680,term,6160.76,,6160.76
2681,term,2105.76,,2105.76
2682,revolving,7208.23,21015.66,14111.94
2683,term,28409.75,,28409.75
2684,term,2960.8,,2960.8
2685,term,10842.0,,10842.0
2686,term,2402.43,,2402.43
2687,term,4187.6,,4187.6
2688,term,2321.27,,2321.27
2689,term,1108.84,,1108.84
2690,term,16264.81,,16264.81
2691,term,653.96,,653.96
2692,term,15092.8,,15092.8
2693,term,12434.85,,12434.85
2694,term,489.63,,489.63
2695,revolving,12323.3,31785.78,22054.54
2696,term,22946.71,,22946.71
2697,term,11936.93,,11936.93
2698,term,24405.25,,24405.25
2699,revolving,6205.32,18194.99,12200.16
2700,revolving,11694.3,30308.49,21001.4
2701,term,3105.88,,3105.88
2702,revolving,21174.67,57545.14,39359.9
2703,term,7380.64,,7380.64
2704,term,1714.57,,1714.57
2705,revolving,5276.34,12705.7,8991.02
2706,revolving,3457.69,9420.97,6439.33
2707,term,1817.12,,1817.12
2708,term,1246.48,,1246.48
2709,term,16778.18,,16778.18
2710,term,179.69,,179.69
2711,revolving,3883.67,6139.21,5011.44
2712,term,4439.82,,4439.82
2713,term,24792.57,,24792.57
2714,term,24147.24,,24147.24
2715,term,4446.43,,4446.43
2716,term,15602.98,,15602.98
2717,term,5339.0,,5339.0
2718,revolving,8210.11,17221.67,12715.89
2719,revolving,1410.84,2316.69,1863.76
2720,term,1786.82,,1786.82
2721,revolving,9274.67,15970.88,12622.78
2722,revolving,40162.1,69439.18,54800.64
2723,revolving,1811.55,3249.99,2530.77
2724,term,9637.83,,9637.83
2725,term,232.16,,232.16
2726,term,12223.7,,12223.7
2727,term,5327.49,,5327.49
2728,term,11343.71,,11343.71
2729,term,1602.66,,1602.66
2730,term,8614.64,,8614.64
2731,revolving,6318.92,13512.33,9915.62
2732,term,775.58,,775.58
2733,term,277.87,,277.87
2734,revolving,2214.87,6530.55,4372.71
2735,revolving,22588.24,67701.71,45144.98
2736,revolving,5453.05,16237.43,10845.24
2737,revolving,13291.49,38073.63,25682.56
2738,term,3740.73,,3740.73
2739,revolving,9616.88,17066.92,13341.9
2740,term,3383.91,,3383.91
2741,term,12029.95,,12029.95
2742,term,1347.0,,1347.0
2743,term,1230.25,,1230.25
2744,term,10016.6,,10016.6
2745,term,13724.06,,13724.06
2746,revolving,10415.04,18853.22,14634.13
2747,term,21339.61,,21339.61
2748,term,6286.99,,6286.99
2749,revolving,1597.06,3480.99,2539.02
2750,term,7592.95,,7592.95
2751,term,3711.52,,3711.52
2752,term,8912.68,,8912.68
2753,term,1473.7,,1473.7
2754,term,4276.05,,4276.05
2755,revolving,3438.06,5965.38,4701.72
2756,term,8039.57,,8039.57
2757,term,811.21,,811.21
2758,revolving,12013.83,28177.04,20095.44
2759,revolving,3421.28,9320.87,6371.08
2760,term,8121.5,,8121.5
2761,term,9641.82,,9641.82
2762,term,15532.55,,15532.55
2763,term,1279.48,,1279.48
2764,term,867.13,,867.13
2765,term,3913.82,,3913.82
2766,revolving,13454.93,37386.76,25420.84
2767,term,5740.34,,5740.34
2768,term,926.08,,926.08
2769,term,4349.78,,4349.78
2770,term,17592.06,,17592.06
2771,term,3136.67,,3136.67
2772,term,4907.32,,4907.32
2773,revolving,8271.62,22927.92,15599.77
2774,term,11790.17,,11790.17
2775,term,8797.99,,8797.99
2776,term,2803.34,,2803.34
2777,term,1240.58,,1240.58
2778,term,18284.01,,18284.01
2779,term,967.93,,967.93
2780,term,3195.95,,3195.95
2781,term,2388.09,,2388.09
2782,revolving,2462.87,5379.09,3920.98
2783,revolving,3189.96,8597.28,5893.62
2784,revolving,12034.68,24074.33,18054.5
2785,revolving,1269.42,2161.51,1715.46
2786,term,4174.23,,4174.23
2787,revolving,9889.87,23979.26,16934.56
2788,term,3493.75,,3493.75
2789,revolving,19297.46,54173.37,36735.42
2790,revolving,7243.1,11837.94,9540.52
2791,revolving,1892.84,5040.94,3466.89
2792,revolving,1675.63,3267.22,2471.43
2793,term,5765.36,,5765.36
2794,term,1356.15,,1356.15
2795,term,1616.72,,1616.72
2796,term,13428.29,,13428.29
2797,term,3561.15,,3561.15
2798,term,11715.82,,11715.82
2799,revolving,3682.13,7518.41,5600.27
2800,term,13280.58,,13280.58
2801,revolving,8656.45,22055.17,15355.81
2802,revolving,1493.17,2805.41,2149.29
2803,revolving,27110.85,77115.81,52113.33
2804,revolving,2035.54,3718.03,2876.78
2805,term,34534.85,,34534.85
2806,revolving,25285.24,70954.81,48120.02
2807,revolving,6373.41,13097.25,9735.33
2808,term,5519.47,,5519.47
2809,term,408.09,,408.09
2810,revolving,11062.72,31046.93,21054.82
2811,term,26266.21,,26266.21
2812,term,8303.03,,8303.03
2813,term,6015.8,,6015.8
2814,term,8588.34,,8588.34
2815,term,3880.91,,3880.91
2816,revolving,2274.32,5293.25,3783.78
2817,term,7429.17,,7429.17
2818,term,3103.59,,3103.59
2819,term,9729.41,,9729.41
2820,term,4790.79,,4790.79
2821,revolving,4662.71,9364.99,7013.85
2822,term,2389.03,,2389.03
2823,term,1862.64,,1862.64
2824,term,1289.62,,1289.62
2825,term,1561.73,,1561.73
2826,revolving,498.48,1405.27,951.88
2827,revolving,1434.91,3905.34,2670.12
2828,term,8027.17,,8027.17
2829,term,4957.91,,4957.91
2830,term,925.5,,925.5
2831,term,1915.28,,1915.28
2832,term,9701.02,,9701.02
2833,term,11103.37,,11103.37
2834,term,13950.61,,13950.61
2835,term,546.2,,546.2
2836,revolving,1781.84,4519.96,3150.9
2837,revolving,8205.63,15434.3,11819.96
2838,term,2352.29,,2352.29
2839,revolving,6325.15,18893.58,12609.37
2840,term,5379.54,,5379.54
2841,term,3138.05,,3138.05
2842,revolving,6258.3,15774.28,11016.29
2843,revolving,1827.17,3083.37,2455.27
2844,revolving,3703.71,8817.26,6260.48
2845,term,12804.55,,12804.55
2846,term,3687.49,,3687.49
2847,revolving,5208.28,11932.87,8570.58
2848,term,2122.2,,2122.2
2849,term,8096.44,,8096.44
2850,term,7332.82,,7332.82
2851,term,6036.05,,6036.05
2852,term,13653.74,,13653.74
2853,term,15631.34,,15631.34
2854,revolving,6437.25,13016.96,9727.1
2855,term,3665.15,,3665.15
2856,term,4654.37,,4654.37
2857,term,7588.96,,7588.96
2858,term,16251.6,,16251.6
2859,term,1481.58,,1481.58
2860,term,595.75,,595.75
2861,revolving,8509.25,14460.19,11484.72
2862,term,979.53,,979.53
2863,revolving,4483.69,7586.32,6035.0
2864,term,3675.75,,3675.75
2865,term,20844.14,,20844.14
2866,term,9303.19,,9303.19
2867,term,2807.4,,2807.4
2868,revolving,5118.91,11205.62,8162.26
2869,term,10804.56,,10804.56
2870,term,3828.81,,3828.81
2871,revolving,2213.72,5772.78,3993.25
2872,revolving,22255.4,47132.71,34694.06
2873,revolving,21762.58,47355.96,34559.27
2874,term,15906.08,,15906.08
2875,revolving,6224.64,18425.89,12325.26
2876,term,4915.18,,4915.18
2877,term,4535.8,,4535.8
2878,term,3958.85,,3958.85
2879,term,7100.25,,7100.25
2880,term,3490.06,,3490.06
2881,term,8124.62,,8124.62
2882,revolving,855.35,2169.97,1512.66
2883,term,5693.72,,5693.72
2884,term,989.04,,989.04
2885,term,13974.97,,13974.97
2886,revolving,357.67,989.61,673.64
2887,term,9495.63,,9495.63
2888,term,8735.38,,8735.38
2889,revolving,17865.66,39683.79,28774.72
2890,revolving,4734.53,11704.98,8219.75
2891,term,14676.92,,14676.92
2892,term,10521.05,,10521.05
2893,revolving,3890.29,10383.66,7136.98
2894,term,14791.73,,14791.73
2895,term,15348.68,,15348.68
2896,revolving,21915.18,53255.67,37585.43
2897,term,570.77,,570.77
2898,term,329.91,,329.91
2899,term,18943.77,,18943.77
2900,term,6266.31,,6266.31
2901,term,11054.23,,11054.23
2902,revolving,1448.15,4028.97,2738.56
2903,term,8278.87,,8278.87
2904,term,4839.91,,4839.91
2905,term,6194.71,,6194.71
2906,term,1304.24,,1304.24
2907,revolving,10964.96,24539.77,17752.36
2908,term,16274.48,,16274.48
2909,term,5211.75,,5211.75
2910,term,8744.14,,8744.14
2911,term,18608.59,,18608.59
2912,term,4018.57,,4018.57
2913,revolving,16665.96,43833.71,30249.84
2914,revolving,6104.01,9313.02,7708.52
2915,term,3719.47,,3719.47
2916,term,5313.78,,5313.78
2917,revolving,6378.54,10740.34,8559.44
2918,revolving,1207.82,2246.45,1727.13
2919,term,539.18,,539.18
2920,term,9687.74,,9687.74
2921,term,1400.47,,1400.47
2922,revolving,4275.07,6880.31,5577.69
2923,revolving,13787.72,38843.8,26315.76
2924,term,11467.78,,11467.78
2925,term,10065.85,,10065.85
2926,revolving,1194.53,3192.69,2193.61
2927,revolving,4335.65,12157.14,8246.4
2928,revolving,3560.24,9975.65,6767.94
2929,revolving,1629.55,4244.92,2937.23
2930,term,12332.49,,12332.49
2931,term,4624.14,,4624.14
2932,term,18475.9,,18475.9
2933,term,10108.88,,10108.88
2934,term,11550.02,,11550.02
2935,revolving,2971.14,8465.91,5718.52
2936,term,1355.14,,1355.14
2937,revolving,2326.58,4810.7,3568.64
2938,term,3173.28,,3173.28
2939,revolving,1177.79,2306.58,1742.18
2940,term,12941.06,,12941.06
2941,term,2014.83,,2014.83
2942,term,7095.32,,7095.32
2943,term,2862.27,,2862.27
2944,revolving,21017.43,33974.06,27495.74
2945,revolving,626.98,1804.5,1215.74
2946,term,2879.47,,2879.47
2947,term,1355.74,,1355.74
2948,term,7196.13,,7196.13
2949,term,15864.35,,15864.35
2950,revolving,7889.14,18541.28,13215.21
2951,revolving,26482.74,46969.27,36726.0
2952,term,7045.85,,7045.85
2953,revolving,5618.04,8452.16,7035.1
2954,term,6662.72,,6662.72
2955,revolving,4857.72,12112.78,8485.25
2956,term,1729.61,,1729.61
2957,revolving,29991.7,45170.06,37580.88
2958,revolving,334.2,843.65,588.92
2959,term,8646.84,,8646.84
2960,revolving,28791.39,67388.59,48089.99
2961,term,1492.71,,1492.71
2962,term,11075.33,,11075.33
2963,term,108.98,,108.98
2964,revolving,3449.31,8798.09,6123.7
2965,revolving,3436.77,6595.59,5016.18
2966,revolving,12807.01,37407.11,25107.06
2967,revolving,2485.21,6242.16,4363.68
2968,term,3627.57,,3627.57
2969,revolving,12087.01,34437.6,23262.3
2970,term,9419.24,,9419.24
2971,term,3649.52,,3649.52
2972,term,1292.79,,1292.79
2973,revolving,8752.85,15331.4,12042.12
2974,revolving,1055.32,2047.62,1551.47
2975,term,11572.54,,11572.54
2976,term,581.45,,581.45
2977,revolving,14559.93,40121.14,27340.54
2978,term,11436.27,,11436.27
2979,revolving,4680.52,12724.02,8702.27
2980,revolving,886.52,1965.28,1425.9
2981,term,28259.34,,28259.34
2982,term,6883.69,,6883.69
2983,revolving,3385.92,9486.88,6436.4
2984,revolving,461.07,1118.92,790.0
2985,term,5645.69,,5645.69
2986,revolving,12794.02,36408.96,24601.49
2987,term,9536.86,,9536.86
2988,term,7388.76,,7388.76
2989,revolving,701.46,1859.43,1280.45
2990,revolving,8304.02,22474.25,15389.14
2991,term,13058.28,,13058.28
2992,revolving,10979.64,28351.57,19665.6
2993,term,10408.81,,10408.81
2994,term,5022.61,,5022.61
2995,term,767.75,,767.75
2996,revolving,4132.88,6320.89,5226.88
2997,term,10603.75,,10603.75
2998,term,6922.96,,6922.96
2999,term,8176.89,,8176.89
3000,revolving,9102.74,20243.71,14673.22
3001,term,12255.56,,12255.56
3002,revolving,4842.01,8493.57,6667.79
3003,term,1633.33,,1633.33
3004,term,22386.22,,22386.22
3005,term,20387.66,,20387.66
3006,revolving,5738.32,11635.09,8686.7
3007,revolving,1646.72,3017.57,2332.14
3008,term,6813.58,,6813.58
3009,term,632.74,,632.74
3010,term,2770.5,,2770.5
3011,term,591.9,,591.9
3012,term,12725.51,,12725.51
3013,term,17936.76,,17936.76
3014,term,1720.98,,1720.98
3015,term,1465.01,,1465.01
3016,term,1499.64,,1499.64
3017,revolving,273.09,496.82,384.96
3018,term,15227.88,,15227.88
3019,term,6185.29,,6185.29
3020,revolving,15542.26,28295.89,21919.08
3021,term,26646.57,,26646.57
3022,term,6680.26,,6680.26
3023,term,8443.67,,8443.67
3024,term,5453.3,,5453.3
3025,term,4117.6,,4117.6
3026,term,8909.43,,8909.43
3027,revolving,5589.79,8565.33,7077.56
3028,term,2172.11,,2172.11
3029,term,1850.18,,1850.18
3030,term,5074.64,,5074.64
3031,term,7534.39,,7534.39
3032,term,17535.04,,17535.04
3033,revolving,3419.57,5764.07,4591.82
3034,term,14607.64,,14607.64
3035,term,5698.17,,5698.17
3036,term,9262.43,,9262.43
3037,term,4942.8,,4942.8
3038,revolving,12345.9,30949.44,21647.67
3039,term,12060.05,,12060.05
3040,term,1100.09,,1100.09
3041,term,8451.12,,8451.12
3042,revolving,16811.1,33490.22,25150.66
3043,term,12783.87,,12783.87
3044,term,7830.54,,7830.54
3045,revolving,32897.25,65375.23,49136.24
3046,revolving,32673.05,89748.66,61210.86
3047,term,49090.01,,49090.01
3048,term,1436.0,,1436.0
3049,term,112.91,,112.91
3050,term,3616.69,,3616.69
3051,term,15051.29,,15051.29
3052,term,6180.7,,6180.7
3053,term,8198.66,,8198.66
3054,term,4773.29,,4773.29
3055,term,4983.86,,4983.86
3056,revolving,1118.34,2901.73,2010.04
3057,term,558.47,,558.47
3058,term,3550.67,,3550.67
3059,term,4391.04,,4391.04
3060,revolving,787.73,1967.35,1377.54
3061,term,5772.7,,5772.7
3062,term,1695.29,,1695.29
3063,term,16319.43,,16319.43
3064,term,22449.49,,22449.49
3065,term,10979.6,,10979.6
3066,term,2061.67,,2061.67
3067,term,100.0,,100.0
3068,revolving,6703.04,10426.61,8564.83
3069,term,6104.99,,6104.99
3070,term,2363.29,,2363.29
3071,revolving,11500.91,29788.46,20644.68
3072,term,9361.36,,9361.36
3073,term,2110.06,,2110.06
3074,term,16822.64,,16822.64
3075,term,3151.8,,3151.8
3076,revolving,6563.5,13239.82,9901.66
3077,revolving,6859.44,12468.17,9663.8
3078,term,1693.28,,1693.28
3079,term,3571.99,,3571.99
3080,revolving,2357.14,4818.72,3587.93
3081,revolving,3729.85,7436.3,5583.08
3082,revolving,13738.59,40687.86,27213.22
3083,term,1092.14,,1092.14
3084,term,5708.46,,5708.46
3085,revolving,2134.27,5809.39,3971.83
3086,term,1580.66,,1580.66
3087,term,3632.18,,3632.18
3088,term,6175.86,,6175.86
3089,term,2069.57,,2069.57
3090,term,373.9,,373.9
3091,term,4637.1,,4637.1
3092,revolving,20771.94,35773.82,28272.88
3093,term,24058.88,,24058.88
3094,revolving,1695.69,4150.7,2923.2
3095,term,7698.86,,7698.86
3096,term,4171.3,,4171.3
3097,revolving,1155.25,2619.71,1887.48
3098,term,2147.27,,2147.27
3099,term,1148.76,,1148.76
3100,term,13322.76,,13322.76
3101,term,11579.03,,11579.03
3102,revolving,668.16,1065.32,866.74
3103,revolving,9377.3,22515.45,15946.38
3104,term,1084.77,,1084.77
3105,term,3467.97,,3467.97
3106,term,1093.08,,1093.08
3107,revolving,10174.59,22689.51,16432.05
3108,term,5159.0,,5159.0
3109,term,7694.15,,7694.15
3110,term,8123.77,,8123.77
3111,term,4597.69,,4597.69
3112,term,8440.46,,8440.46
3113,revolving,7255.63,18548.73,12902.18
3114,term,36459.42,,36459.42
3115,term,1403.61,,1403.61
3116,revolving,9285.71,19933.52,14609.62
3117,revolving,8912.01,16796.63,12854.32
3118,term,19101.26,,19101.26
3119,term,4625.7,,4625.7
3120,term,9306.28,,9306.28
3121,term,8184.0,,8184.0
3122,term,8868.94,,8868.94
3123,term,1740.16,,1740.16
3124,term,1361.83,,1361.83
3125,revolving,7473.29,21760.92,14617.1
3126,term,2529.08,,2529.08
3127,term,14428.32,,14428.32
3128,term,14040.29,,14040.29
3129,revolving,591.63,1358.16,974.9
3130,revolving,14548.95,25764.46,20156.71
3131,revolving,803.01,1268.04,1035.53
3132,revolving,8164.19,17008.28,12586.24
3133,revolving,19372.03,51845.23,35608.63
3134,term,4676.46,,4676.46
3135,term,2836.16,,2836.16
3136,term,1387.75,,1387.75
3137,revolving,9831.57,20321.23,15076.4
3138,revolving,6337.44,13658.61,9998.02
3139,term,1125.3,,1125.3
3140,term,10562.87,,10562.87
3141,term,3662.94,,3662.94
3142,revolving,5133.99,14749.61,9941.8
3143,term,11732.27,,11732.27
3144,term,6240.05,,6240.05
3145,term,1724.93,,1724.93
3146,term,7643.92,,7643.92
3147,revolving,7892.01,20362.49,14127.25
3148,term,3692.42,,3692.42
3149,revolving,593.72,1188.12,890.92
3150,term,2464.84,,2464.84
3151,term,23757.08,,23757.08
3152,term,5948.81,,5948.81
3153,revolving,24688.7,70773.37,47731.04
3154,term,694.91,,694.91
3155,term,18270.16,,18270.16
3156,term,2111.02,,2111.02
3157,revolving,2513.5,5894.09,4203.8
3158,term,6437.34,,6437.34
3159,revolving,10696.73,24550.69,17623.71
3160,term,324.53,,324.53
3161,term,16752.16,,16752.16
3162,term,1082.14,,1082.14
3163,term,5306.21,,5306.21
3164,term,28238.23,,28238.23
3165,term,4268.4,,4268.4
3166,term,8267.89,,8267.89
3167,revolving,10487.45,24702.13,17594.79
3168,term,5746.53,,5746.53
3169,revolving,1557.46,4630.84,3094.15
3170,term,18350.23,,18350.23
3171,term,9383.68,,9383.68
3172,term,1202.22,,1202.22
3173,term,8097.66,,8097.66
3174,term,5714.68,,5714.68
3175,term,13440.36,,13440.36
3176,term,18296.37,,18296.37
3177,term,908.0,,908.0
3178,revolving,12772.16,37120.19,24946.18
3179,revolving,1263.07,3118.33,2190.7
3180,term,12336.12,,12336.12
3181,term,8940.17,,8940.17
3182,term,1209.3,,1209.3
3183,term,8794.04,,8794.04
3184,term,7911.21,,7911.21
3185,term,3499.65,,3499.65
3186,term,1236.16,,1236.16
3187,term,9542.25,,9542.25
3188,term,2191.64,,2191.64
3189,revolving,2398.53,6507.35,4452.94
3190,revolving,5384.67,14538.67,9961.67
3191,term,3207.73,,3207.73
3192,revolving,4704.1,7347.28,6025.69
3193,revolving,9127.21,26596.51,17861.86
3194,term,6152.63,,6152.63
3195,term,23057.72,,23057.72
3196,term,5506.79,,5506.79
3197,revolving,17541.65,41515.26,29528.46
3198,revolving,6641.25,18760.56,12700.9
3199,term,10044.76,,10044.76
3200,term,2858.71,,2858.71
3201,term,4937.09,,4937.09
3202,term,25642.44,,25642.44
3203,term,2461.1,,2461.1
3204,revolving,5577.38,16396.91,10987.14
3205,term,3713.95,,3713.95
3206,revolving,1020.94,2663.6,1842.27
3207,revolving,9525.57,25933.37,17729.47
3208,revolving,2306.81,4935.23,3621.02
3209,term,11772.03,,11772.03
3210,term,2410.98,,2410.98
3211,term,17418.43,,17418.43
3212,term,29802.71,,29802.71
3213,term,378.99,,378.99
3214,term,3782.54,,3782.54
3215,term,30321.15,,30321.15
3216,term,2900.82,,2900.82
3217,term,3067.04,,3067.04
3218,term,14612.49,,14612.49
3219,revolving,7108.84,21004.0,14056.42
3220,revolving,6342.92,16726.52,11534.72
3221,term,11304.49,,11304.49
3222,term,121.29,,121.29
3223,term,2977.19,,2977.19
3224,term,2021.49,,2021.49
3225,term,1410.75,,1410.75
3226,revolving,7176.16,12300.44,9738.3
3227,term,2654.55,,2654.55
3228,term,945.62,,945.62
3229,term,6927.45,,6927.45
3230,term,11745.2,,11745.2
3231,term,21919.24,,21919.24
3232,term,6254.39,,6254.39
3233,term,14991.92,,14991.92
3234,term,9324.51,,9324.51
3235,term,10029.62,,10029.62
3236,term,8665.45,,8665.45
3237,term,33869.29,,33869.29
3238,revolving,3505.86,7721.08,5613.47
3239,term,8401.34,,8401.34
3240,term,966.15,,966.15
3241,term,9371.54,,9371.54
3242,term,27841.25,,27841.25
3243,term,4992.78,,4992.78
3244,term,9296.44,,9296.44
3245,revolving,2330.41,6166.16,4248.28
3246,term,1561.18,,1561.18
3247,term,5224.32,,5224.32
3248,term,6961.42,,6961.42
3249,revolving,4485.21,7706.6,6095.91
3250,term,3112.87,,3112.87
3251,term,9702.96,,9702.96
3252,term,12253.53,,12253.53
3253,term,1955.57,,1955.57
3254,term,13356.15,,13356.15
3255,term,2988.47,,2988.47
3256,term,5437.32,,5437.32
3257,term,30061.72,,30061.72
3258,term,13279.5,,13279.5
3259,term,4960.96,,4960.96
3260,revolving,17590.79,41315.37,29453.08
3261,term,7369.72,,7369.72
3262,term,8126.59,,8126.59
3263,term,1622.57,,1622.57
3264,term,7607.79,,7607.79
3265,revolving,18767.53,35450.21,27108.87
3266,term,7048.2,,7048.2
3267,term,7324.74,,7324.74
3268,term,5521.09,,5521.09
3269,term,5863.41,,5863.41
3270,term,3066.55,,3066.55
3271,term,5952.66,,5952.66
3272,term,6103.72,,6103.72
3273,revolving,16323.96,39673.33,27998.64
3274,term,766.96,,766.96
3275,revolving,10199.68,23777.57,16988.62
3276,revolving,6961.59,12683.69,9822.64
3277,revolving,26904.23,45450.82,36177.52
3278,term,10277.31,,10277.31
3279,term,15790.14,,15790.14
3280,revolving,2831.73,7337.27,5084.5
3281,term,635.21,,635.21
3282,term,23763.2,,23763.2
3283,revolving,15646.3,24991.94,20319.12
3284,revolving,2963.77,8833.61,5898.69
3285,term,3924.5,,3924.5
3286,term,10871.99,,10871.99
3287,term,9585.96,,9585.96
3288,revolving,8638.53,23286.33,15962.43
3289,revolving,1342.04,3733.28,2537.66
3290,term,2289.39,,2289.39
3291,term,1219.71,,1219.71
3292,revolving,4144.51,7856.62,6000.56
3293,term,3392.9,,3392.9
3294,term,4301.63,,4301.63
3295,revolving,11038.24,17705.63,14371.94
3296,term,3187.31,,3187.31
3297,term,8945.91,,8945.91
3298,term,10268.37,,10268.37
3299,term,17369.7,,17369.7
3300,revolving,12263.4,29534.09,20898.75
3301,term,30005.76,,30005.76
3302,revolving,11991.47,35147.89,23569.68
3303,term,7538.9,,7538.9
3304,term,3101.93,,3101.93
3305,term,2480.73,,2480.73
3306,term,5247.18,,5247.18
3307,term,2113.24,,2113.24
3308,term,1363.43,,1363.43
3309,term,1787.12,,1787.12
3310,term,13311.29,,13311.29
3311,revolving,10734.8,18246.31,14490.56
3312,term,4255.79,,4255.79
3313,revolving,33813.12,74568.5,54190.81
3314,term,18815.36,,18815.36
3315,term,17912.02,,17912.02
3316,term,4004.04,,4004.04
3317,term,2159.45,,2159.45
3318,term,2550.87,,2550.87
3319,revolving,3976.06,11564.45,7770.26
3320,revolving,2245.33,3501.02,2873.18
3321,term,2697.18,,2697.18
3322,term,2400.38,,2400.38
3323,revolving,1152.25,2614.84,1883.54
3324,term,3261.44,,3261.44
3325,revolving,2831.86,5947.77,4389.82
3326,revolving,4413.78,7018.01,5715.9
3327,revolving,889.2,2376.37,1632.78
3328,term,17594.44,,17594.44
3329,term,6399.43,,6399.43
3330,term,11935.8,,11935.8
3331,term,7768.82,,7768.82
3332,revolving,9800.08,19046.73,14423.4
3333,term,34062.45,,34062.45
3334,term,14075.68,,14075.68
3335,revolving,4915.64,14231.54,9573.59
3336,revolving,4267.09,10279.07,7273.08
3337,revolving,11585.6,23172.63,17379.12
3338,revolving,4913.41,13874.41,9393.91
3339,term,399.69,,399.69
3340,term,1265.19,,1265.19
3341,revolving,11100.47,28523.76,19812.11
3342,term,8520.02,,8520.02
3343,term,3279.07,,3279.07
3344,term,22413.04,,22413.04
3345,term,2978.54,,2978.54
3346,revolving,9141.24,18110.57,13625.9
3347,term,2496.6,,2496.6
3348,term,1450.84,,1450.84
3349,term,1853.43,,1853.43
3350,term,1959.76,,1959.76
3351,term,4178.95,,4178.95
3352,term,7843.44,,7843.44
3353,revolving,1000.87,1552.31,1276.59
3354,term,5517.32,,5517.32
3355,term,5227.56,,5227.56
3356,term,8437.26,,8437.26
3357,term,21792.79,,21792.79
3358,term,17554.3,,17554.3
3359,revolving,4022.0,8365.82,6193.91
3360,term,9304.03,,9304.03
3361,revolving,3117.86,9140.7,6129.28
3362,term,733.5,,733.5
3363,term,765.6,,765.6
3364,term,33813.22,,33813.22
3365,revolving,649.48,1903.89,1276.68
3366,term,6585.62,,6585.62
3367,term,16704.02,,16704.02
3368,term,13464.34,,13464.34
3369,term,9625.15,,9625.15
3370,term,5817.17,,5817.17
3371,term,12348.48,,12348.48
3372,term,10425.75,,10425.75
3373,term,21887.15,,21887.15
3374,term,11187.11,,11187.11
3375,revolving,19504.0,47820.22,33662.11
3376,revolving,8114.48,22775.54,15445.01
3377,revolving,5259.0,12859.13,9059.06
3378,term,5737.4,,5737.4
3379,term,4020.29,,4020.29
3380,term,3350.39,,3350.39
3381,term,4722.04,,4722.04
3382,term,10000.02,,10000.02
3383,term,1774.77,,1774.77
3384,term,4246.16,,4246.16
3385,term,13272.31,,13272.31
3386,revolving,7905.39,19237.59,13571.49
3387,term,13985.48,,13985.48
3388,term,16689.24,,16689.24
3389,term,5739.43,,5739.43
3390,term,24469.99,,24469.99
3391,term,2937.13,,2937.13
3392,revolving,8776.64,17191.52,12984.08
3393,revolving,5245.66,11187.99,8216.83
3394,term,6059.95,,6059.95
3395,revolving,9830.22,28351.16,19090.69
3396,revolving,16399.44,25023.24,20711.34
3397,revolving,14074.47,28264.97,21169.72
3398,revolving,18231.13,34768.68,26499.9
3399,term,11063.72,,11063.72
3400,term,20975.83,,20975.83
3401,term,10191.21,,10191.21
3402,term,7152.95,,7152.95
3403,revolving,1788.59,2793.91,2291.25
3404,term,2375.05,,2375.05
3405,revolving,5312.5,15188.63,10250.56
3406,revolving,13446.42,34992.7,24219.56
3407,revolving,6823.21,19594.05,13208.63
3408,revolving,24551.23,58675.44,41613.34
3409,term,129.14,,129.14
3410,term,1325.98,,1325.98
3411,term,3088.1,,3088.1
3412,term,9241.0,,9241.0
3413,term,5465.77,,5465.77
3414,term,2096.89,,2096.89
3415,revolving,2410.62,6868.33,4639.48
3416,term,773.45,,773.45
3417,term,18997.0,,18997.0
3418,term,3210.99,,3210.99
3419,term,3407.6,,3407.6
3420,term,1331.33,,1331.33
3421,revolving,3178.45,6717.92,4948.18
3422,term,2999.63,,2999.63
3423,revolving,519.98,828.03,674.0
3424,term,2013.57,,2013.57
3425,revolving,5626.83,11262.77,8444.8
3426,term,1522.27,,1522.27
3427,term,12132.11,,12132.11
3428,term,2213.46,,2213.46
3429,revolving,8800.53,14814.86,11807.7
3430,term,3804.96,,3804.96
3431,term,610.04,,610.04
3432,revolving,5281.78,12764.02,9022.9
3433,revolving,5813.19,11124.13,8468.66
3434,term,5321.42,,5321.42
3435,revolving,375.56,1094.05,734.8
3436,term,5991.95,,5991.95
3437,term,4920.16,,4920.16
3438,term,10031.73,,10031.73
3439,revolving,6851.83,15997.14,11424.48
3440,revolving,11086.35,29828.29,20457.32
3441,term,1625.78,,1625.78
3442,term,2357.81,,2357.81
3443,term,21532.02,,21532.02
3444,revolving,9282.17,23212.89,16247.53
3445,revolving,17392.15,47238.42,32315.28
3446,term,2645.87,,2645.87
3447,revolving,1012.52,1991.23,1501.88
3448,revolving,2976.53,5956.25,4466.39
3449,term,2242.05,,2242.05
3450,term,26261.47,,26261.47
3451,term,3204.78,,3204.78
3452,term,8541.31,,8541.31
3453,term,24529.19,,24529.19
3454,term,13232.88,,13232.88
3455,revolving,2428.59,3913.71,3171.15
3456,term,4906.53,,4906.53
3457,term,23724.96,,23724.96
3458,term,31528.13,,31528.13
3459,term,3802.57,,3802.57
3460,term,4024.65,,4024.65
3461,term,7348.84,,7348.84
3462,term,273.3,,273.3
3463,term,9589.13,,9589.13
3464,term,2462.92,,2462.92
3465,term,13326.82,,13326.82
3466,revolving,13197.3,31480.56,22338.93
3467,term,1594.5,,1594.5
3468,term,10067.26,,10067.26
3469,revolving,3294.55,6559.78,4927.16
3470,term,9986.45,,9986.45
3471,term,5526.55,,5526.55
3472,revolving,15268.15,38770.04,27019.1
3473,term,22963.61,,22963.61
3474,term,12089.52,,12089.52
3475,revolving,10852.26,32069.04,21460.65
3476,revolving,7701.21,17771.31,12736.26
3477,revolving,343.43,856.93,600.18
3478,term,9066.96,,9066.96
3479,term,1692.73,,1692.73
3480,term,15382.72,,15382.72
3481,term,883.29,,883.29
3482,term,5601.94,,5601.94
3483,term,3587.74,,3587.74
3484,revolving,10794.66,21504.54,16149.6
3485,term,35480.72,,35480.72
3486,term,15153.84,,15153.84
3487,term,15865.73,,15865.73
3488,term,1207.34,,1207.34
3489,term,1621.01,,1621.01
3490,term,2838.26,,2838.26
3491,term,1583.92,,1583.92
3492,term,977.81,,977.81
3493,revolving,5406.84,13179.7,9293.27
3494,revolving,9703.08,16629.09,13166.08
3495,term,7339.83,,7339.83
3496,term,20856.33,,20856.33
3497,revolving,13795.47,31059.41,22427.44
3498,revolving,12355.47,34712.2,23533.84
3499,term,4328.09,,4328.09
3500,revolving,6703.74,10856.26,8780.0
3501,term,4190.8,,4190.8
3502,revolving,22954.22,52769.82,37862.02
3503,revolving,14083.57,34714.6,24399.08
3504,term,18398.18,,18398.18
3505,revolving,15882.56,26707.87,21295.22
3506,term,24286.79,,24286.79
3507,revolving,5138.58,14093.82,9616.2
3508,term,4532.64,,4532.64
3509,revolving,5338.56,15429.41,10383.98
3510,term,2535.3,,2535.3
3511,term,797.02,,797.02
3512,term,1186.48,,1186.48
3513,revolving,9842.99,29438.58,19640.79
3514,revolving,4265.42,8790.53,6527.98
3515,revolving,12896.52,20363.93,16630.22
3516,revolving,13724.0,35473.13,24598.56
3517,term,2545.74,,2545.74
3518,term,18210.59,,18210.59
3519,term,5828.9,,5828.9
3520,term,1428.45,,1428.45
3521,term,1588.86,,1588.86
3522,term,8720.69,,8720.69
3523,term,22934.97,,22934.97
3524,term,3177.47,,3177.47
3525,term,28157.77,,28157.77
3526,term,1230.98,,1230.98
3527,revolving,4694.76,8519.5,6607.13
3528,revolving,5237.9,11685.25,8461.58
3529,revolving,20926.88,52700.57,36813.72
3530,term,4248.56,,4248.56
3531,term,1404.97,,1404.97
3532,revolving,5553.25,15229.25,10391.25
3533,term,927.0,,927.0
3534,term,7668.73,,7668.73
3535,term,2700.65,,2700.65
3536,term,5549.2,,5549.2
3537,term,9870.97,,9870.97
3538,term,709.57,,709.57
3539,term,4533.69,,4533.69
3540,term,3449.77,,3449.77
3541,term,3009.95,,3009.95
3542,revolving,6380.89,12970.76,9675.83
3543,term,3864.92,,3864.92
3544,term,5183.02,,5183.02
3545,revolving,12536.02,37565.73,25050.88
3546,term,7092.99,,7092.99
3547,term,8692.52,,8692.52
3548,term,12652.3,,12652.3
3549,term,1850.34,,1850.34
3550,term,1123.34,,1123.34
3551,revolving,20458.03,35180.35,27819.19
3552,term,20672.76,,20672.76
3553,term,2266.36,,2266.36
3554,term,845.6,,845.6
3555,term,8256.24,,8256.24
3556,term,813.35,,813.35
3557,term,5875.18,,5875.18
3558,term,8962.05,,8962.05
3559,term,4882.09,,4882.09
3560,term,1166.36,,1166.36
3561,term,1563.55,,1563.55
3562,revolving,2697.83,7335.64,5016.74
3563,term,3142.74,,3142.74
3564,term,139.3,,139.3
3565,term,5180.89,,5180.89
3566,revolving,603.09,1264.46,933.78
3567,term,15057.25,,15057.25
3568,term,3281.28,,3281.28
3569,revolving,10461.24,20180.92,15321.08
3570,revolving,693.44,1347.18,1020.31
3571,term,1478.94,,1478.94
3572,term,3108.41,,3108.41
3573,revolving,4685.31,13728.68,9206.99
3574,revolving,3418.76,8722.02,6070.39
3575,revolving,2178.42,3514.61,2846.52
3576,term,6424.66,,6424.66
3577,term,7871.56,,7871.56
3578,term,3676.65,,3676.65
3579,revolving,2937.59,4574.41,3756.0
3580,term,6649.78,,6649.78
3581,term,5476.59,,5476.59
3582,revolving,3185.16,6093.57,4639.36
3583,term,1671.66,,1671.66
3584,revolving,34554.78,59283.73,46919.26
3585,term,1667.03,,1667.03
3586,term,3455.83,,3455.83
3587,term,6865.06,,6865.06
3588,revolving,4298.79,7051.19,5674.99
3589,term,6772.87,,6772.87
3590,term,3023.52,,3023.52
3591,revolving,3133.19,5560.44,4346.81
3592,term,14234.64,,14234.64
3593,term,24106.05,,24106.05
3594,term,918.22,,918.22
3595,term,8042.37,,8042.37
3596,term,933.31,,933.31
3597,term,7917.04,,7917.04
3598,term,1399.38,,1399.38
3599,term,3381.38,,3381.38
3600,term,2203.65,,2203.65
3601,term,10118.94,,10118.94
3602,term,7033.02,,7033.02
3603,term,3219.8,,3219.8
3604,term,3266.57,,3266.57
3605,term,7383.57,,7383.57
3606,term,2653.44,,2653.44
3607,revolving,2057.43,3298.58,2678.0
3608,term,6415.44,,6415.44
3609,revolving,10140.16,17831.07,13985.62
3610,revolving,1786.81,2742.36,2264.58
3611,term,21362.7,,21362.7
3612,term,547.29,,547.29
3613,term,3528.91,,3528.91
3614,revolving,7240.18,18196.79,12718.48
3615,term,3180.64,,3180.64
3616,term,4247.67,,4247.67
3617,term,44835.37,,44835.37
3618,revolving,14678.97,24504.92,19591.94
3619,revolving,4768.21,13361.87,9065.04
3620,term,5365.5,,5365.5
3621,term,22253.52,,22253.52
3622,term,7319.77,,7319.77
3623,term,10256.38,,10256.38
3624,revolving,4786.59,12229.44,8508.02
3625,term,12992.72,,12992.72
3626,term,1780.7,,1780.7
3627,term,4737.34,,4737.34
3628,revolving,797.87,1943.08,1370.48
3629,revolving,10452.45,31289.8,20871.12
3630,term,2397.97,,2397.97
3631,revolving,3915.9,9758.61,6837.26
3632,term,8229.3,,8229.3
3633,term,6029.14,,6029.14
3634,term,28500.57,,28500.57
3635,term,4186.42,,4186.42
3636,term,1507.85,,1507.85
3637,revolving,6368.62,15174.66,10771.64
3638,term,733.41,,733.41
3639,term,9405.95,,9405.95
3640,term,3374.92,,3374.92
3641,term,10330.78,,10330.78
3642,revolving,15006.63,43237.61,29122.12
3643,term,13714.47,,13714.47
3644,term,3113.89,,3113.89
3645,revolving,200.86,368.03,284.44
3646,term,15846.88,,15846.88
3647,term,20653.84,,20653.84
3648,term,8616.75,,8616.75
3649,term,17561.7,,17561.7
3650,revolving,12632.26,36453.74,24543.0
3651,revolving,13053.77,23121.41,18087.59
3652,term,5850.37,,5850.37
3653,revolving,16369.23,38130.14,27249.68
3654,term,7469.23,,7469.23
3655,term,19608.43,,19608.43
3656,term,12142.6,,12142.6
3657,term,27811.35,,27811.35
3658,term,4725.58,,4725.58
3659,term,16131.97,,16131.97
3660,revolving,2247.59,5364.58,3806.08
3661,term,12032.81,,12032.81
3662,term,5635.86,,5635.86
3663,term,893.29,,893.29
3664,term,4707.09,,4707.09
3665,term,26713.84,,26713.84
3666,term,4698.76,,4698.76
3667,revolving,2048.18,4459.86,3254.02
3668,term,6877.0,,6877.0
3669,term,3637.19,,3637.19
3670,term,8464.3,,8464.3
3671,term,6955.06,,6955.06
3672,term,2479.49,,2479.49
3673,revolving,1243.58,2733.67,1988.62
3674,term,11970.68,,11970.68
3675,term,11544.7,,11544.7
3676,term,3337.77,,3337.77
3677,term,28813.83,,28813.83
3678,term,3907.97,,3907.97
3679,revolving,8561.02,20432.26,14496.64
3680,term,559.39,,559.39
3681,revolving,37978.94,97407.56,67693.25
3682,term,4758.12,,4758.12
3683,revolving,10008.33,16250.2,13129.26
3684,term,14760.11,,14760.11
3685,term,5774.39,,5774.39
3686,term,3195.97,,3195.97
3687,revolving,1920.46,3995.86,2958.16
3688,term,19961.96,,19961.96
3689,term,7724.91,,7724.91
3690,term,6956.4,,6956.4
3691,revolving,2113.02,5056.58,3584.8
3692,term,867.21,,867.21
3693,revolving,2576.04,7270.52,4923.28
3694,term,13229.42,,13229.42
3695,term,1314.18,,1314.18
3696,term,14885.97,,14885.97
3697,revolving,3403.36,5223.51,4313.44
3698,term,1062.06,,1062.06
3699,revolving,28832.77,57729.67,43281.22
3700,term,32534.34,,32534.34
3701,term,5267.07,,5267.07
3702,term,11607.29,,11607.29
3703,term,5913.25,,5913.25
3704,revolving,285.07,526.93,406.0
3705,revolving,8214.92,12388.74,10301.83
3706,revolving,1009.04,2330.42,1669.73
3707,revolving,4676.8,8523.12,6599.96
3708,term,25229.61,,25229.61
3709,term,1246.49,,1246.49
3710,revolving,52949.64,141797.48,97373.56
3711,term,9850.21,,9850.21
3712,revolving,1003.06,1577.39,1290.22
3713,revolving,1914.55,4359.58,3137.06
3714,term,9627.77,,9627.77
3715,revolving,38708.77,61915.31,50312.04
3716,term,59472.22,,59472.22
3717,term,5960.65,,5960.65
3718,term,22400.02,,22400.02
3719,term,2117.23,,2117.23
3720,term,1955.52,,1955.52
3721,term,2806.43,,2806.43
3722,revolving,6357.11,17390.19,11873.65
3723,revolving,4613.77,12530.48,8572.12
3724,term,999.21,,999.21
3725,term,920.55,,920.55
3726,revolving,2985.16,7062.65,5023.9
3727,term,16413.3,,16413.3
3728,term,3157.53,,3157.53
3729,term,7080.16,,7080.16
3730,term,2438.03,,2438.03
3731,term,18959.38,,18959.38
3732,revolving,4668.97,9635.76,7152.36
3733,term,4644.8,,4644.8
3734,term,4048.57,,4048.57
3735,term,35999.17,,35999.17
3736,term,814.13,,814.13
3737,term,16041.51,,16041.51
3738,revolving,187.99,436.3,312.14
3739,revolving,7224.33,14731.47,10977.9
3740,term,5612.26,,5612.26
3741,revolving,13706.23,30242.64,21974.44
3742,revolving,7130.48,10734.14,8932.31
3743,revolving,12911.68,26164.69,19538.18
3744,term,8397.09,,8397.09
3745,term,4935.24,,4935.24
3746,term,1927.71,,1927.71
3747,term,556.14,,556.14
3748,term,13341.96,,13341.96
3749,term,7504.62,,7504.62
3750,revolving,4655.92,7214.67,5935.3
3751,revolving,1957.92,5240.93,3599.42
3752,revolving,4663.71,7839.89,6251.8
3753,term,24920.92,,24920.92
3754,term,20112.78,,20112.78
3755,term,1928.97,,1928.97
3756,term,2980.05,,2980.05
3757,term,3841.78,,3841.78
3758,term,10915.03,,10915.03
3759,term,42006.57,,42006.57
3760,revolving,4421.23,12058.88,8240.06
3761,term,4644.9,,4644.9
3762,revolving,3473.76,7639.85,5556.8
3763,term,8231.61,,8231.61
3764,term,4509.39,,4509.39
3765,term,685.91,,685.91
3766,term,1233.69,,1233.69
3767,term,12793.25,,12793.25
3768,term,10693.09,,10693.09
3769,term,2084.72,,2084.72
3770,term,11458.04,,11458.04
3771,term,1486.38,,1486.38
3772,revolving,7626.23,12764.8,10195.52
3773,term,10963.59,,10963.59
3774,revolving,14836.42,27127.17,20981.8
3775,term,898.41,,898.41
3776,revolving,4774.7,13731.12,9252.91
3777,revolving,13827.1,24783.23,19305.16
3778,term,6080.43,,6080.43
3779,term,8914.94,,8914.94
3780,revolving,3675.0,8298.46,5986.73
3781,term,6657.31,,6657.31
3782,term,5208.76,,5208.76
3783,term,77432.73,,77432.73
3784,revolving,5622.89,13529.69,9576.29
3785,revolving,19058.32,29121.44,24089.88
3786,term,58449.73,,58449.73
3787,term,5323.33,,5323.33
3788,term,18245.04,,18245.04
3789,term,11314.71,,11314.71
3790,revolving,14366.39,23382.57,18874.48
3791,term,2394.3,,2394.3
3792,term,1005.86,,1005.86
3793,term,10669.67,,10669.67
3794,revolving,764.63,1521.09,1142.86
3795,term,14344.61,,14344.61
3796,term,5969.59,,5969.59
3797,term,4858.3,,4858.3
3798,term,11290.63,,11290.63
3799,term,14426.64,,14426.64
3800,term,5533.47,,5533.47
3801,term,6741.16,,6741.16
3802,revolving,5732.49,12509.65,9121.07
3803,revolving,8235.07,22310.34,15272.7
3804,revolving,5272.95,14510.51,9891.73
3805,term,18905.54,,18905.54
3806,revolving,14459.83,25548.28,20004.06
3807,term,6616.59,,6616.59
3808,term,10119.99,,10119.99
3809,term,564.83,,564.83
3810,term,11291.6,,11291.6
3811,term,3724.96,,3724.96
3812,term,3169.34,,3169.34
3813,term,8490.06,,8490.06
3814,term,4740.54,,4740.54
3815,term,12066.57,,12066.57
3816,term,3543.61,,3543.61
3817,term,10689.44,,10689.44
3818,revolving,9398.5,15800.73,12599.62
3819,revolving,1888.1,4995.16,3441.63
3820,term,15930.79,,15930.79
3821,term,1263.73,,1263.73
3822,term,7239.73,,7239.73
3823,revolving,7092.49,18790.73,12941.61
3824,term,1069.09,,1069.09
3825,term,40683.24,,40683.24
3826,term,15585.96,,15585.96
3827,term,4007.58,,4007.58
3828,term,12439.73,,12439.73
3829,revolving,9408.24,25302.5,17355.37
3830,term,26651.97,,26651.97
3831,term,11116.73,,11116.73
3832,revolving,10146.1,16956.34,13551.22
3833,revolving,4074.34,7888.64,5981.49
3834,term,5535.89,,5535.89
3835,term,5458.95,,5458.95
3836,term,2676.42,,2676.42
3837,revolving,4461.6,12722.39,8591.99
3838,term,14684.47,,14684.47
3839,revolving,1650.54,3763.01,2706.78
3840,term,4476.82,,4476.82
3841,term,25925.44,,25925.44
3842,term,22492.1,,22492.1
3843,term,5230.0,,5230.0
3844,term,3211.22,,3211.22
3845,term,2928.73,,2928.73
3846,term,9887.48,,9887.48
3847,revolving,247.12,730.99,489.06
3848,term,9103.32,,9103.32
3849,revolving,1537.32,4152.96,2845.14
3850,term,2392.98,,2392.98
3851,term,774.73,,774.73
3852,term,12746.35,,12746.35
3853,term,14652.89,,14652.89
3854,revolving,13947.41,27396.26,20671.84
3855,term,1835.27,,1835.27
3856,term,11936.4,,11936.4
3857,term,5558.81,,5558.81
3858,term,13941.06,,13941.06
3859,term,4682.07,,4682.07
3860,revolving,7183.23,16137.12,11660.18
3861,revolving,8869.62,16549.78,12709.7
3862,term,762.08,,762.08
3863,term,2699.62,,2699.62
3864,term,18644.57,,18644.57
3865,term,10651.08,,10651.08
3866,term,2890.4,,2890.4
3867,term,1394.4,,1394.4
3868,term,43483.03,,43483.03
3869,term,44848.49,,44848.49
3870,term,7919.86,,7919.86
3871,term,1889.97,,1889.97
3872,term,9601.39,,9601.39
3873,term,2230.86,,2230.86
3874,revolving,1810.58,5353.54,3582.06
3875,term,10967.72,,10967.72
3876,term,1686.95,,1686.95
3877,term,6925.36,,6925.36
3878,revolving,13199.4,22909.61,18054.5
3879,term,11308.12,,11308.12
3880,term,10105.55,,10105.55
3881,term,7964.39,,7964.39
3882,revolving,10018.6,16969.0,13493.8
3883,revolving,1598.08,3121.97,2360.02
3884,term,33241.63,,33241.63
3885,revolving,5998.06,15862.11,10930.08
3886,revolving,774.28,1477.33,1125.8
3887,revolving,2908.01,7634.98,5271.5
3888,term,8201.07,,8201.07
3889,term,10987.24,,10987.24
3890,term,3425.77,,3425.77
3891,revolving,7580.2,21420.62,14500.41
3892,term,4162.89,,4162.89
3893,term,4699.36,,4699.36
3894,term,759.42,,759.42
3895,revolving,1069.42,2911.61,1990.52
3896,revolving,2465.7,6997.35,4731.52
3897,term,5160.59,,5160.59
3898,revolving,6416.07,15744.7,11080.38
3899,term,3950.75,,3950.75
3900,revolving,6725.74,10781.32,8753.53
3901,term,5402.22,,5402.22
3902,term,3063.09,,3063.09
3903,revolving,5745.29,10344.5,8044.9
3904,term,13216.36,,13216.36
3905,revolving,26640.51,59776.74,43208.62
3906,term,7750.4,,7750.4
3907,term,945.45,,945.45
3908,term,4100.09,,4100.09
3909,term,1213.53,,1213.53
3910,term,1267.01,,1267.01
3911,term,3132.26,,3132.26
3912,term,4548.71,,4548.71
3913,term,1420.21,,1420.21
3914,revolving,15519.63,35512.77,25516.2
3915,revolving,2556.16,6798.31,4677.24
3916,term,10105.25,,10105.25
3917,revolving,16035.76,39465.35,27750.56
3918,term,986.22,,986.22
3919,term,21190.12,,21190.12
3920,revolving,1650.84,3842.65,2746.74
3921,revolving,478.82,833.96,656.39
3922,term,5764.73,,5764.73
3923,revolving,11074.91,28515.16,19795.04
3924,term,13809.09,,13809.09
3925,revolving,3493.63,5470.71,4482.17
3926,term,2886.25,,2886.25
3927,term,491.41,,491.41
3928,term,25764.42,,25764.42
3929,term,6095.96,,6095.96
3930,term,100.0,,100.0
3931,revolving,7120.77,20549.52,13835.14
3932,term,171.18,,171.18
3933,term,53840.99,,53840.99
3934,term,7865.33,,7865.33
3935,term,3118.17,,3118.17
3936,term,7670.2,,7670.2
3937,term,2415.7,,2415.7
3938,term,13052.19,,13052.19
3939,term,231.72,,231.72
3940,term,182.54,,182.54
3941,revolving,17356.34,31058.87,24207.6
3942,revolving,513.93,1153.63,833.78
3943,term,6400.44,,6400.44
3944,term,7041.74,,7041.74
3945,term,4755.59,,4755.59
3946,term,4757.76,,4757.76
3947,term,2061.73,,2061.73
3948,term,6997.02,,6997.02
3949,term,430.29,,430.29
3950,term,3817.95,,3817.95
3951,term,15005.9,,15005.9
3952,revolving,17454.02,40383.29,28918.66
3953,revolving,11677.24,19741.52,15709.38
3954,term,7197.74,,7197.74
3955,term,4708.84,,4708.84
3956,revolving,8459.35,16864.13,12661.74
3957,revolving,29031.75,86325.46,57678.6
3958,term,434.25,,434.25
3959,term,1552.81,,1552.81
3960,term,15532.44,,15532.44
3961,term,21441.26,,21441.26
3962,term,5062.72,,5062.72
3963,term,14728.65,,14728.65
3964,term,4701.69,,4701.69
3965,term,8347.38,,8347.38
3966,revolving,3631.21,5802.92,4717.07
3967,term,5049.07,,5049.07
3968,term,7466.38,,7466.38
3969,term,10432.12,,10432.12
3970,term,1238.15,,1238.15
3971,revolving,22471.35,44795.97,33633.66
3972,term,2594.31,,2594.31
3973,term,2416.79,,2416.79
3974,revolving,3513.45,7449.96,5481.7
3975,term,9006.73,,9006.73
3976,revolving,8385.18,16376.43,12380.8
3977,term,387.92,,387.92
3978,term,5715.76,,5715.76
3979,term,489.22,,489.22
3980,term,1266.22,,1266.22
3981,revolving,10388.08,28169.51,19278.79
3982,revolving,1703.73,4174.29,2939.01
3983,term,32904.52,,32904.52
3984,term,1591.51,,1591.51
3985,revolving,7911.87,16772.11,12341.99
3986,revolving,6174.73,9533.86,7854.3
3987,term,20398.87,,20398.87
3988,term,684.01,,684.01
3989,term,4168.81,,4168.81
3990,revolving,10859.71,21705.8,16282.76
3991,term,527.55,,527.55
3992,term,7167.86,,7167.86
3993,revolving,4003.67,6355.88,5179.77
3994,term,1532.18,,1532.18
3995,term,10226.88,,10226.88
3996,term,12180.9,,12180.9
3997,term,12676.11,,12676.11
3998,term,9848.73,,9848.73
3999,term,5866.23,,5866.23
4000,term,9429.77,,9429.77
4001,term,4513.66,,4513.66
4002,revolving,2889.76,6931.96,4910.86
4003,revolving,18042.19,45567.2,31804.7
4004,term,12729.58,,12729.58
4005,term,10649.4,,10649.4
4006,term,3280.49,,3280.49
4007,term,4708.41,,4708.41
4008,term,14797.2,,14797.2
4009,term,1208.94,,1208.94
4010,term,6716.6,,6716.6
4011,term,7375.01,,7375.01
4012,term,8409.3,,8409.3
4013,term,5145.3,,5145.3
4014,term,5281.7,,5281.7
4015,term,14053.35,,14053.35
4016,term,8395.82,,8395.82
4017,revolving,8588.97,20858.95,14723.96
4018,revolving,1271.3,3762.13,2516.72
4019,term,1441.16,,1441.16
4020,term,611.84,,611.84
4021,term,9750.62,,9750.62
4022,term,3832.77,,3832.77
4023,term,15245.07,,15245.07
4024,revolving,17491.99,40789.65,29140.82
4025,term,8016.64,,8016.64
4026,revolving,14550.4,37389.83,25970.12
4027,term,7356.95,,7356.95
4028,term,3461.71,,3461.71
4029,revolving,4138.53,10797.13,7467.83
4030,term,10128.66,,10128.66
4031,term,8067.61,,8067.61
4032,term,6649.26,,6649.26
4033,term,1635.09,,1635.09
4034,revolving,6168.96,12906.76,9537.86
4035,term,7359.05,,7359.05
4036,revolving,37200.95,79278.87,58239.91
4037,revolving,5789.66,13780.51,9785.08
4038,revolving,4490.45,8412.69,6451.57
4039,term,19776.31,,19776.31
4040,term,6609.6,,6609.6
4041,revolving,12888.63,26968.65,19928.64
4042,term,16934.13,,16934.13
4043,term,10611.72,,10611.72
4044,term,265.99,,265.99
4045,term,1566.29,,1566.29
4046,term,9803.49,,9803.49
4047,term,19965.62,,19965.62
4048,term,17554.48,,17554.48
4049,revolving,12462.48,25092.64,18777.56
4050,term,1625.09,,1625.09
4051,revolving,801.46,1845.8,1323.63
4052,term,2393.54,,2393.54
4053,revolving,8122.04,13269.98,10696.01
4054,term,2829.09,,2829.09
4055,revolving,2770.91,6584.28,4677.59
4056,term,23544.83,,23544.83
4057,revolving,3842.0,6176.85,5009.42
4058,term,6210.44,,6210.44
4059,revolving,22170.49,58659.25,40414.87
4060,revolving,10727.64,29209.82,19968.73
4061,term,3599.1,,3599.1
4062,term,9390.2,,9390.2
4063,revolving,35214.54,90579.59,62897.06
4064,term,6664.06,,6664.06
4065,revolving,602.48,1014.75,808.62
4066,term,1856.18,,1856.18
4067,term,17029.37,,17029.37
4068,revolving,5334.18,11298.88,8316.53
4069,term,8945.05,,8945.05
4070,revolving,13419.39,33033.68,23226.54
4071,term,3326.45,,3326.45
4072,term,9465.89,,9465.89
4073,term,1067.66,,1067.66
4074,term,3185.25,,3185.25
4075,term,532.95,,532.95
4076,term,10924.75,,10924.75
4077,term,4726.26,,4726.26
4078,term,2945.56,,2945.56
4079,revolving,6542.39,15942.46,11242.42
4080,term,363.68,,363.68
4081,term,6077.19,,6077.19
4082,term,3748.79,,3748.79
4083,term,3838.5,,3838.5
4084,revolving,7281.56,13151.14,10216.35
4085,term,1222.68,,1222.68
4086,term,8071.02,,8071.02
4087,term,5640.51,,5640.51
4088,term,1071.48,,1071.48
4089,revolving,2944.23,4806.1,3875.16
4090,term,6945.14,,6945.14
4091,revolving,3360.02,7983.29,5671.66
4092,term,3881.25,,3881.25
4093,term,3923.92,,3923.92
4094,revolving,5848.62,17089.54,11469.08
4095,term,20680.39,,20680.39
4096,term,9553.7,,9553.7
4097,term,21350.7,,21350.7
4098,term,3957.32,,3957.32
4099,term,3260.54,,3260.54
4100,term,5643.91,,5643.91
4101,term,21033.84,,21033.84
4102,term,18552.46,,18552.46
4103,term,7799.04,,7799.04
4104,term,1572.36,,1572.36
4105,term,4262.52,,4262.52
4106,term,5733.62,,5733.62
4107,revolving,21800.26,48943.2,35371.73
4108,term,1259.54,,1259.54
4109,revolving,19439.58,42851.17,31145.38
4110,term,14424.56,,14424.56
4111,term,961.05,,961.05
4112,term,3849.4,,3849.4
4113,term,11758.25,,11758.25
4114,term,2083.89,,2083.89
4115,term,11270.75,,11270.75
4116,term,10429.61,,10429.61
4117,revolving,8156.14,18307.65,13231.9
4118,term,3804.11,,3804.11
4119,term,29328.75,,29328.75
4120,revolving,7031.67,18919.5,12975.58
4121,term,2139.32,,2139.32
4122,term,4001.41,,4001.41
4123,term,709.91,,709.91
4124,revolving,12665.0,25454.59,19059.79
4125,revolving,382.05,770.25,576.15
4126,term,4284.48,,4284.48
4127,term,186.08,,186.08
4128,revolving,4933.53,9194.96,7064.24
4129,term,5380.49,,5380.49
4130,term,2083.38,,2083.38
4131,term,4323.92,,4323.92
4132,term,3260.44,,3260.44
4133,term,5851.25,,5851.25
4134,term,21653.48,,21653.48
4135,term,8433.51,,8433.51
4136,term,420.47,,420.47
4137,revolving,2033.06,5916.45,3974.76
4138,term,26031.05,,26031.05
4139,term,3670.9,,3670.9
4140,term,1885.34,,1885.34
4141,term,6563.64,,6563.64
4142,term,7656.63,,7656.63
4143,term,8095.85,,8095.85
4144,revolving,11248.79,20119.89,15684.34
4145,revolving,6801.56,18033.36,12417.46
4146,term,7937.35,,7937.35
4147,term,7563.26,,7563.26
4148,term,1854.63,,1854.63
4149,revolving,11326.4,21836.06,16581.23
4150,revolving,533.63,893.11,713.37
4151,term,11820.72,,11820.72
4152,term,5696.99,,5696.99
4153,revolving,2731.85,5473.16,4102.5
4154,term,636.37,,636.37
4155,term,8049.53,,8049.53
4156,term,8898.62,,8898.62
4157,term,32643.9,,32643.9
4158,revolving,1128.09,2938.42,2033.26
4159,revolving,5739.93,10246.41,7993.17
4160,term,12496.66,,12496.66
4161,term,2071.74,,2071.74
4162,term,1370.12,,1370.12
4163,term,1825.26,,1825.26
4164,term,27638.39,,27638.39
4165,term,3441.32,,3441.32
4166,term,5903.79,,5903.79
4167,term,1956.25,,1956.25
4168,term,6732.99,,6732.99
4169,term,12894.55,,12894.55
4170,term,6025.06,,6025.06
4171,term,316.9,,316.9
4172,revolving,20920.25,50814.68,35867.46
4173,term,6545.85,,6545.85
4174,term,6287.17,,6287.17
4175,revolving,3565.2,10447.51,7006.36
4176,revolving,8039.08,20997.71,14518.4
4177,term,7004.08,,7004.08
4178,revolving,19014.53,33880.09,26447.31
4179,term,4598.1,,4598.1
4180,term,1823.85,,1823.85
4181,term,6805.68,,6805.68
4182,term,30876.62,,30876.62
4183,term,5348.52,,5348.52
4184,term,100.0,,100.0
4185,term,7440.09,,7440.09
4186,term,771.39,,771.39
4187,term,14760.3,,14760.3
4188,term,627.8,,627.8
4189,term,19740.45,,19740.45
4190,revolving,16076.9,31333.2,23705.05
4191,revolving,401.78,912.49,657.14
4192,revolving,1750.22,4933.14,3341.68
4193,term,1681.97,,1681.97
4194,revolving,10079.77,20432.69,15256.23
4195,term,7328.06,,7328.06
4196,term,1121.96,,1121.96
4197,term,1186.15,,1186.15
4198,term,3237.91,,3237.91
4199,term,27983.19,,27983.19
4200,term,17245.2,,17245.2
4201,revolving,16067.73,40159.49,28113.61
4202,term,1587.86,,1587.86
4203,term,5597.83,,5597.83
4204,revolving,4698.06,7671.75,6184.91
4205,term,7541.3,,7541.3
4206,term,16372.38,,16372.38
4207,term,1959.54,,1959.54
4208,term,6369.21,,6369.21
4209,term,8515.69,,8515.69
4210,term,4678.46,,4678.46
4211,term,2394.75,,2394.75
4212,term,6982.81,,6982.81
4213,term,2721.68,,2721.68
4214,term,6536.65,,6536.65
4215,term,10537.7,,10537.7
4216,revolving,12118.98,25955.59,19037.28
4217,term,7937.5,,7937.5
4218,term,5835.97,,5835.97
4219,term,3133.23,,3133.23
4220,term,2202.82,,2202.82
4221,term,5856.46,,5856.46
4222,term,10692.14,,10692.14
4223,revolving,15051.82,38708.37,26880.1
4224,revolving,11176.28,23936.91,17556.6
4225,term,7829.42,,7829.42
4226,revolving,2383.77,5465.48,3924.62
4227,term,3703.03,,3703.03
4228,term,13252.82,,13252.82
4229,term,1132.9,,1132.9
4230,term,14047.26,,14047.26
4231,revolving,12032.13,33115.9,22574.02
4232,term,1107.93,,1107.93
4233,term,14504.53,,14504.53
4234,revolving,11479.12,23337.84,17408.48
4235,term,1743.6,,1743.6
4236,term,42569.85,,42569.85
4237,term,4849.9,,4849.9
4238,revolving,2521.29,6047.33,4284.31
4239,revolving,11140.99,31922.91,21531.95
4240,term,2788.9,,2788.9
4241,term,892.0,,892.0
4242,term,4223.4,,4223.4
4243,revolving,1339.23,3650.01,2494.62
4244,term,9033.19,,9033.19
4245,term,3198.67,,3198.67
4246,revolving,4193.89,7421.65,5807.77
4247,term,9922.55,,9922.55
4248,term,1308.14,,1308.14
4249,term,6302.43,,6302.43
4250,revolving,8881.91,14530.41,11706.16
4251,term,5854.84,,5854.84
4252,term,3804.36,,3804.36
4253,term,5354.24,,5354.24
4254,term,15678.09,,15678.09
4255,term,2548.29,,2548.29
4256,term,29055.59,,29055.59
4257,revolving,2265.67,4463.83,3364.75
4258,term,1072.26,,1072.26
4259,term,3051.49,,3051.49
4260,term,15098.13,,15098.13
4261,term,6819.43,,6819.43
4262,revolving,6140.42,17319.94,11730.18
4263,term,11673.45,,11673.45
4264,term,22262.66,,22262.66
4265,term,6625.89,,6625.89
4266,term,23272.92,,23272.92
4267,term,8338.63,,8338.63
4268,term,21805.75,,21805.75
4269,revolving,33499.18,75403.11,54451.14
4270,revolving,8927.78,19706.13,14316.96
4271,term,5490.64,,5490.64
4272,revolving,100.0,246.82,173.41
4273,term,2969.1,,2969.1
4274,term,4837.49,,4837.49
4275,term,5864.27,,5864.27
4276,term,1688.57,,1688.57
4277,term,14194.92,,14194.92
4278,term,2380.16,,2380.16
4279,term,15486.85,,15486.85
4280,term,5105.75,,5105.75
4281,term,7305.15,,7305.15
4282,revolving,1037.82,2791.02,1914.42
4283,term,4062.33,,4062.33
4284,term,2364.27,,2364.27
4285,term,4805.75,,4805.75
4286,term,3018.82,,3018.82
4287,revolving,29186.89,80808.53,54997.71
4288,term,11312.18,,11312.18
4289,term,28962.11,,28962.11
4290,revolving,16618.35,39440.32,28029.34
4291,term,30049.38,,30049.38
4292,term,2678.17,,2678.17
4293,term,19916.46,,19916.46
4294,revolving,13073.32,19725.22,16399.27
4295,term,1588.7,,1588.7
4296,term,11698.38,,11698.38
4297,term,282.1,,282.1
4298,term,5632.4,,5632.4
4299,term,16830.58,,16830.58
4300,term,6329.69,,6329.69
4301,term,4678.41,,4678.41
4302,revolving,12015.73,20778.24,16396.98
4303,revolving,3714.27,6822.99,5268.63
4304,term,30595.85,,30595.85
4305,revolving,636.37,1695.86,1166.11
4306,term,359.56,,359.56
4307,term,408.6,,408.6
4308,term,2062.2,,2062.2
4309,revolving,17994.98,39149.13,28572.06
4310,revolving,1731.27,4179.5,2955.38
4311,term,1749.76,,1749.76
4312,revolving,7890.66,14823.11,11356.88
4313,term,10975.92,,10975.92
4314,revolving,4580.56,12751.7,8666.13
4315,revolving,7549.31,21837.2,14693.26
4316,term,18478.12,,18478.12
4317,revolving,497.86,1168.08,832.97
4318,term,2654.86,,2654.86
4319,term,1849.69,,1849.69
4320,term,7285.72,,7285.72
4321,term,6023.04,,6023.04
4322,revolving,4785.56,7673.34,6229.45
4323,term,2575.16,,2575.16
4324,term,21655.57,,21655.57
4325,revolving,4969.47,9842.89,7406.18
4326,revolving,1358.93,2921.42,2140.18
4327,term,8602.81,,8602.81
4328,revolving,35753.78,85327.83,60540.8
4329,term,2524.05,,2524.05
4330,revolving,15353.79,29114.26,22234.02
4331,term,1164.96,,1164.96
4332,term,2870.54,,2870.54
4333,term,5273.93,,5273.93
4334,term,5829.03,,5829.03
4335,term,2107.54,,2107.54
4336,term,8420.12,,8420.12
4337,term,3725.55,,3725.55
4338,revolving,937.74,2173.73,1555.74
4339,term,8654.47,,8654.47
4340,term,19999.22,,19999.22
4341,term,15439.34,,15439.34
4342,term,4903.2,,4903.2
4343,revolving,2009.6,5640.68,3825.14
4344,revolving,12341.52,30695.34,21518.43
4345,term,1920.41,,1920.41
4346,term,5348.04,,5348.04
4347,revolving,8415.99,18957.77,13686.88
4348,term,13500.53,,13500.53
4349,revolving,206.96,463.42,335.19
4350,term,11637.29,,11637.29
4351,revolving,8485.62,19688.23,14086.92
4352,term,6359.26,,6359.26
4353,term,2823.96,,2823.96
4354,revolving,1959.28,2998.8,2479.04
4355,term,14356.52,,14356.52
4356,term,6288.6,,6288.6
4357,term,6683.63,,6683.63
4358,term,18095.49,,18095.49
4359,term,3574.94,,3574.94
4360,term,14966.56,,14966.56
4361,term,5762.41,,5762.41
4362,term,3470.99,,3470.99
4363,revolving,12990.35,23464.33,18227.34
4364,term,2748.41,,2748.41
4365,term,9798.77,,9798.77
4366,term,8029.75,,8029.75
4367,term,3268.2,,3268.2
4368,term,9764.91,,9764.91
4369,term,4242.84,,4242.84
4370,term,13921.3,,13921.3
4371,term,667.8,,667.8
4372,term,18467.2,,18467.2
4373,term,1366.52,,1366.52
4374,term,481.99,,481.99
4375,term,6692.57,,6692.57
4376,term,41872.54,,41872.54
4377,term,452.06,,452.06
4378,revolving,17717.49,36572.81,27145.15
4379,term,11496.49,,11496.49
4380,term,816.62,,816.62
4381,term,9742.83,,9742.83
4382,term,11689.35,,11689.35
4383,term,1215.61,,1215.61
4384,term,5466.97,,5466.97
4385,revolving,3704.82,5669.34,4687.08
4386,term,10388.21,,10388.21
4387,revolving,5224.51,11462.4,8343.46
4388,term,1885.7,,1885.7
4389,term,9720.49,,9720.49
4390,term,2074.04,,2074.04
4391,term,38381.24,,38381.24
4392,term,9660.69,,9660.69
4393,term,1131.67,,1131.67
4394,term,4658.72,,4658.72
4395,revolving,12081.28,32802.41,22441.84
4396,revolving,5859.19,11751.75,8805.47
4397,term,1203.21,,1203.21
4398,term,3716.03,,3716.03
4399,term,16636.71,,16636.71
4400,term,8562.56,,8562.56
4401,term,8095.6,,8095.6
4402,term,12210.4,,12210.4
4403,term,14157.99,,14157.99
4404,term,5619.56,,5619.56
4405,revolving,1991.12,4176.23,3083.68
4406,term,7541.99,,7541.99
4407,revolving,799.39,1227.69,1013.54
4408,term,15539.45,,15539.45
4409,term,13401.49,,13401.49
4410,term,6953.88,,6953.88
4411,term,2179.31,,2179.31
4412,term,5595.06,,5595.06
4413,term,6890.84,,6890.84
4414,term,11677.92,,11677.92
4415,term,4737.1,,4737.1
4416,term,9357.68,,9357.68
4417,term,947.13,,947.13
4418,term,4940.92,,4940.92
4419,term,7291.6,,7291.6
4420,term,8244.62,,8244.62
4421,term,1268.51,,1268.51
4422,revolving,5137.28,12056.65,8596.96
4423,term,4027.28,,4027.28
4424,revolving,17780.36,37795.58,27787.97
4425,term,323.26,,323.26
4426,term,17440.66,,17440.66
4427,term,5534.47,,5534.47
4428,term,11721.85,,11721.85
4429,term,6521.52,,6521.52
4430,revolving,9690.67,29015.55,19353.11
4431,term,1134.02,,1134.02
4432,term,3081.01,,3081.01
4433,term,2852.81,,2852.81
4434,revolving,10825.46,26642.44,18733.95
4435,term,31146.29,,31146.29
4436,term,3988.81,,3988.81
4437,term,12906.46,,12906.46
4438,revolving,6529.15,18586.82,12557.98
4439,revolving,17847.9,28888.76,23368.33
4440,term,4573.37,,4573.37
4441,revolving,9758.72,23265.4,16512.06
4442,revolving,3804.26,10530.21,7167.24
4443,term,513.7,,513.7
4444,term,2336.62,,2336.62
4445,term,2687.07,,2687.07
4446,revolving,376.48,728.2,552.34
4447,term,12612.03,,12612.03
4448,revolving,1354.09,3744.81,2549.45
4449,term,9772.32,,9772.32
4450,revolving,8680.42,25628.49,17154.46
4451,term,6707.23,,6707.23
4452,term,1229.43,,1229.43
4453,revolving,6312.71,17679.74,11996.23
4454,revolving,499.56,1177.85,838.7
4455,revolving,1901.66,4840.85,3371.26
4456,term,1199.39,,1199.39
4457,term,4563.44,,4563.44
4458,term,3315.86,,3315.86
4459,term,4943.23,,4943.23
4460,term,13122.11,,13122.11
4461,term,2847.39,,2847.39
4462,term,8077.54,,8077.54
4463,revolving,10002.61,28591.77,19297.19
4464,term,26291.5,,26291.5
4465,term,6095.16,,6095.16
4466,term,9167.51,,9167.51
4467,term,8872.76,,8872.76
4468,term,32803.37,,32803.37
4469,revolving,6517.42,13834.64,10176.03
4470,revolving,1591.57,4216.94,2904.26
4471,revolving,20941.55,59776.32,40358.94
4472,revolving,10631.88,30748.03,20689.96
4473,term,17592.43,,17592.43
4474,term,1361.12,,1361.12
4475,term,4267.02,,4267.02
4476,term,8783.53,,8783.53
4477,term,8439.53,,8439.53
4478,term,1951.04,,1951.04
4479,term,1976.12,,1976.12
4480,term,2560.38,,2560.38
4481,term,10155.05,,10155.05
4482,term,2524.65,,2524.65
4483,term,8938.33,,8938.33
4484,term,7793.99,,7793.99
4485,term,11780.76,,11780.76
4486,revolving,2770.07,8198.08,5484.08
4487,term,14310.31,,14310.31
4488,term,2279.55,,2279.55
4489,revolving,9642.6,15902.19,12772.4
4490,term,7949.6,,7949.6
4491,term,798.15,,798.15
4492,term,12978.5,,12978.5
4493,term,13353.31,,13353.31
4494,revolving,4050.28,11645.57,7847.92
4495,revolving,12747.26,37276.45,25011.85
4496,term,1303.55,,1303.55
4497,term,3854.59,,3854.59
4498,term,2256.17,,2256.17
4499,term,5037.41,,5037.41
4500,term,353.69,,353.69
4501,term,41253.05,,41253.05
4502,term,23712.57,,23712.57
4503,term,5212.58,,5212.58
4504,term,1449.9,,1449.9
4505,term,6030.89,,6030.89
4506,term,1891.85,,1891.85
4507,revolving,277.15,492.45,384.8
4508,term,7172.56,,7172.56
4509,term,419.71,,419.71
4510,revolving,6463.03,15137.86,10800.44
4511,term,1436.93,,1436.93
4512,term,788.5,,788.5
4513,term,7170.95,,7170.95
4514,term,10637.87,,10637.87
4515,term,8010.23,,8010.23
4516,term,4919.91,,4919.91
4517,term,5221.84,,5221.84
4518,revolving,6671.66,12176.96,9424.31
4519,term,17054.9,,17054.9
4520,term,2933.9,,2933.9
4521,revolving,2791.07,7430.59,5110.83
4522,term,21765.07,,21765.07
4523,revolving,6242.35,16597.75,11420.05
4524,term,17385.99,,17385.99
4525,revolving,7525.3,14111.11,10818.2
4526,term,13317.84,,13317.84
4527,revolving,2282.46,4553.88,3418.17
4528,revolving,3940.02,10629.3,7284.66
4529,term,5066.02,,5066.02
4530,term,27126.13,,27126.13
4531,term,2062.19,,2062.19
4532,term,3069.36,,3069.36
4533,term,3148.23,,3148.23
4534,term,5064.57,,5064.57
4535,term,7451.49,,7451.49
4536,term,17597.63,,17597.63
4537,term,1375.78,,1375.78
4538,term,17132.97,,17132.97
4539,term,10180.1,,10180.1
4540,term,9667.99,,9667.99
4541,term,1601.4,,1601.4
4542,term,2251.38,,2251.38
4543,term,10714.67,,10714.67
4544,term,13305.02,,13305.02
4545,term,4913.48,,4913.48
4546,revolving,731.58,1466.22,1098.9
4547,term,1183.01,,1183.01
4548,term,8476.49,,8476.49
4549,term,9549.15,,9549.15
4550,revolving,954.73,2203.84,1579.28
4551,revolving,16259.5,32283.92,24271.71
4552,term,23309.16,,23309.16
4553,term,9458.44,,9458.44
4554,revolving,6316.74,17869.77,12093.26
4555,term,14831.2,,14831.2
4556,term,10955.6,,10955.6
4557,term,1420.54,,1420.54
4558,term,6730.72,,6730.72
4559,revolving,5170.67,8765.91,6968.29
4560,revolving,3393.55,6294.79,4844.17
4561,revolving,4033.41,11396.82,7715.12
4562,term,3023.68,,3023.68
4563,revolving,1600.07,3242.46,2421.26
4564,term,29587.47,,29587.47
4565,term,8844.24,,8844.24
4566,revolving,8885.8,23965.9,16425.85
4567,term,9164.72,,9164.72
4568,term,8191.09,,8191.09
4569,term,609.78,,609.78
4570,revolving,5785.22,13662.82,9724.02
4571,term,32725.23,,32725.23
4572,term,5439.33,,5439.33
4573,term,19374.73,,19374.73
4574,revolving,4732.9,7239.72,5986.31
4575,revolving,5524.07,10570.57,8047.32
4576,term,6566.02,,6566.02
4577,term,1620.8,,1620.8
4578,term,10092.33,,10092.33
4579,revolving,45665.32,97759.19,71712.26
4580,term,2464.78,,2464.78
4581,revolving,13033.95,21430.19,17232.07
4582,term,4692.72,,4692.72
4583,revolving,9085.47,23545.69,16315.58
4584,revolving,5956.07,11273.42,8614.74
4585,term,15377.16,,15377.16
4586,revolving,2159.6,6473.14,4316.37
4587,term,4605.15,,4605.15
4588,term,4677.75,,4677.75
4589,term,1356.76,,1356.76
4590,revolving,3351.35,9741.54,6546.44
4591,term,3669.38,,3669.38
4592,term,442.81,,442.81
4593,term,7843.59,,7843.59
4594,term,2814.51,,2814.51
4595,term,5792.98,,5792.98
4596,term,1750.57,,1750.57
4597,revolving,3985.42,10323.13,7154.28
4598,term,2543.82,,2543.82
4599,term,11589.48,,11589.48
4600,term,1258.09,,1258.09
4601,term,8121.87,,8121.87
4602,revolving,4794.82,13768.55,9281.68
4603,revolving,9453.39,14853.6,12153.5
4604,term,2165.87,,2165.87
4605,revolving,23253.03,66745.31,44999.17
4606,revolving,3151.39,7735.03,5443.21
4607,revolving,1121.81,2398.35,1760.08
4608,term,7762.74,,7762.74
4609,revolving,10037.55,27618.46,18828.0
4610,term,7759.58,,7759.58
4611,term,15597.33,,15597.33
4612,term,21832.74,,21832.74
4613,term,669.65,,669.65
4614,term,10416.0,,10416.0
4615,term,7964.7,,7964.7
4616,term,3001.82,,3001.82
4617,revolving,1912.26,3856.52,2884.39
4618,revolving,14627.69,39892.17,27259.93
4619,term,5247.74,,5247.74
4620,revolving,13695.94,37272.89,25484.42
4621,revolving,11635.77,33169.57,22402.67
4622,revolving,13052.8,28083.01,20567.9
4623,term,2425.77,,2425.77
4624,term,528.12,,528.12
4625,revolving,32254.82,91482.2,61868.51
4626,term,19843.17,,19843.17
4627,term,25589.83,,25589.83
4628,term,1213.85,,1213.85
4629,term,47623.3,,47623.3
4630,term,1315.41,,1315.41
4631,term,9237.84,,9237.84
4632,term,2753.0,,2753.0
4633,revolving,2437.16,6096.19,4266.67
4634,revolving,31518.3,56013.73,43766.02
4635,term,25157.34,,25157.34
4636,revolving,11579.84,20629.14,16104.49
4637,term,4869.67,,4869.67
4638,term,6610.55,,6610.55
4639,revolving,18976.17,51807.35,35391.76
4640,revolving,9852.24,15637.14,12744.69
4641,revolving,11215.23,24336.55,17775.89
4642,term,7636.55,,7636.55
4643,revolving,5327.08,11224.66,8275.87
4644,term,3108.67,,3108.67
4645,revolving,3874.8,8474.03,6174.42
4646,revolving,2045.34,4403.96,3224.65
4647,term,1544.51,,1544.51
4648,term,2536.17,,2536.17
4649,revolving,14782.37,34561.88,24672.12
4650,term,4138.44,,4138.44
4651,term,1196.58,,1196.58
4652,revolving,5135.62,12808.93,8972.28
4653,term,10790.73,,10790.73
4654,revolving,4226.38,10808.83,7517.6
4655,term,11126.44,,11126.44
4656,term,10690.5,,10690.5
4657,revolving,10279.67,25620.73,17950.2
4658,term,9035.55,,9035.55
4659,term,42805.15,,42805.15
4660,revolving,1388.23,3651.45,2519.84
4661,term,11784.42,,11784.42
4662,term,5842.58,,5842.58
4663,term,7536.49,,7536.49
4664,revolving,4317.55,9379.73,6848.64
4665,revolving,5986.43,17628.24,11807.34
4666,revolving,2559.94,6723.71,4641.83
4667,term,3088.93,,3088.93
4668,revolving,9130.72,17803.37,13467.04
4669,term,11394.15,,11394.15
4670,term,157.62,,157.62
4671,term,6763.59,,6763.59
4672,revolving,23409.67,41822.62,32616.14
4673,revolving,15161.65,38990.39,27076.02
4674,term,13839.88,,13839.88
4675,term,7865.42,,7865.42
4676,revolving,3868.42,10122.13,6995.28
4677,term,3977.58,,3977.58
4678,revolving,11158.86,18104.69,14631.78
4679,term,10925.45,,10925.45
4680,term,13436.48,,13436.48
4681,term,7505.72,,7505.72
4682,term,4500.33,,4500.33
4683,revolving,42163.05,108291.44,75227.24
4684,term,3749.99,,3749.99
4685,revolving,10561.64,18769.58,14665.61
4686,term,1457.05,,1457.05
4687,term,6788.19,,6788.19
4688,term,12039.45,,12039.45
4689,term,7154.99,,7154.99
4690,revolving,240.09,677.52,458.8
4691,term,2321.11,,2321.11
4692,term,17734.2,,17734.2
4693,term,18053.64,,18053.64
4694,term,3298.07,,3298.07
4695,term,11458.93,,11458.93
4696,revolving,8702.75,24001.55,16352.15
4697,term,10286.38,,10286.38
4698,term,1619.86,,1619.86
4699,term,20918.2,,20918.2
4700,revolving,18158.18,34514.41,26336.3
4701,term,6011.48,,6011.48
4702,term,5283.49,,5283.49
4703,term,3523.56,,3523.56
4704,term,2773.55,,2773.55
4705,term,14076.14,,14076.14
4706,term,9684.43,,9684.43
4707,revolving,5067.16,14589.2,9828.18
4708,term,11975.38,,11975.38
4709,revolving,11676.12,33878.86,22777.49
4710,term,1521.02,,1521.02
4711,term,26806.81,,26806.81
4712,term,3894.12,,3894.12
4713,term,13869.4,,13869.4
4714,revolving,14358.47,30449.71,22404.09
4715,term,16622.48,,16622.48
4716,term,9651.96,,9651.96
4717,term,23753.74,,23753.74
4718,revolving,702.81,1260.86,981.83
4719,term,10493.47,,10493.47
4720,revolving,13354.1,22929.12,18141.61
4721,term,2025.07,,2025.07
4722,term,9856.83,,9856.83
4723,term,4419.95,,4419.95
4724,term,17992.66,,17992.66
4725,term,2082.01,,2082.01
4726,term,3135.0,,3135.0
4727,revolving,1073.89,2453.02,1763.46
4728,revolving,1858.99,5025.22,3442.11
4729,revolving,10352.47,18452.36,14402.42
4730,term,1719.99,,1719.99
4731,term,740.65,,740.65
4732,term,17489.95,,17489.95
4733,revolving,2298.79,4686.36,3492.58
4734,revolving,1109.42,3325.93,2217.68
4735,term,22704.48,,22704.48
4736,term,7812.19,,7812.19
4737,term,13041.63,,13041.63
4738,term,701.17,,701.17
4739,term,11227.92,,11227.92
4740,term,3174.67,,3174.67
4741,revolving,1321.62,3497.84,2409.73
4742,term,4266.99,,4266.99
4743,term,5622.61,,5622.61
4744,revolving,7282.85,13755.16,10519.0
4745,term,16687.49,,16687.49
4746,term,28029.18,,28029.18
4747,term,2310.12,,2310.12
4748,term,22704.57,,22704.57
4749,term,20493.96,,20493.96
4750,revolving,2910.44,6274.27,4592.36
4751,term,12305.77,,12305.77
4752,term,8403.34,,8403.34
4753,term,23315.51,,23315.51
4754,term,1671.99,,1671.99
4755,revolving,41788.74,89629.6,65709.17
4756,revolving,20484.88,54814.01,37649.45
4757,term,17261.47,,17261.47
4758,revolving,10635.73,30401.51,20518.62
4759,term,2604.43,,2604.43
4760,revolving,18405.41,30859.53,24632.47
4761,term,9320.09,,9320.09
4762,revolving,1864.96,4263.35,3064.16
4763,revolving,38694.14,111094.24,74894.19
4764,term,12701.55,,12701.55
4765,term,5629.27,,5629.27
4766,revolving,4032.63,9858.31,6945.47
4767,revolving,1464.33,3007.63,2235.98
4768,term,13578.05,,13578.05
4769,revolving,6264.78,17347.39,11806.08
4770,term,7779.88,,7779.88
4771,term,12572.47,,12572.47
4772,term,25575.36,,25575.36
4773,term,39106.27,,39106.27
4774,revolving,10042.31,18891.43,14466.87
4775,term,756.46,,756.46
4776,revolving,480.35,832.7,656.53
4777,term,4291.39,,4291.39
4778,term,2176.33,,2176.33
4779,term,4957.71,,4957.71
4780,term,12542.09,,12542.09
4781,term,4055.76,,4055.76
4782,term,10579.34,,10579.34
4783,term,18786.63,,18786.63
4784,term,12767.86,,12767.86
4785,term,3613.25,,3613.25
4786,term,4554.59,,4554.59
4787,revolving,6866.4,20351.52,13608.96
4788,revolving,1344.16,2205.52,1774.84
4789,term,15384.39,,15384.39
4790,term,4722.7,,4722.7
4791,term,9822.72,,9822.72
4792,revolving,14479.57,33221.18,23850.38
4793,term,325.26,,325.26
4794,term,1257.63,,1257.63
4795,term,2653.8,,2653.8
4796,term,11674.93,,11674.93
4797,term,11110.79,,11110.79
4798,revolving,4023.9,6944.83,5484.36
4799,term,13843.86,,13843.86
4800,term,2065.7,,2065.7
4801,term,7751.49,,7751.49
4802,term,7984.21,,7984.21
4803,revolving,16365.71,35542.59,25954.15
4804,term,20468.78,,20468.78
4805,revolving,11781.4,26589.27,19185.34
4806,term,5313.24,,5313.24
4807,term,3225.98,,3225.98
4808,revolving,12698.26,26857.87,19778.06
4809,term,25692.15,,25692.15
4810,revolving,7350.09,20591.69,13970.89
4811,term,8039.87,,8039.87
4812,revolving,549.05,1148.09,848.57
4813,term,13957.58,,13957.58
4814,term,3474.34,,3474.34
4815,revolving,3523.83,5292.95,4408.39
4816,revolving,11798.36,22988.36,17393.36
4817,revolving,4197.14,10194.3,7195.72
4818,revolving,15148.16,27948.27,21548.22
4819,revolving,23664.6,37470.2,30567.4
4820,term,9931.24,,9931.24
4821,term,2055.0,,2055.0
4822,term,2060.57,,2060.57
4823,term,5294.44,,5294.44
4824,term,4035.91,,4035.91
4825,term,3288.6,,3288.6
4826,term,6394.21,,6394.21
4827,term,8293.01,,8293.01
4828,term,3054.88,,3054.88
4829,term,2835.96,,2835.96
4830,term,1478.43,,1478.43
4831,revolving,4435.24,7466.0,5950.62
4832,revolving,10155.63,24643.52,17399.58
4833,term,8019.96,,8019.96
4834,term,1139.87,,1139.87
4835,term,23624.79,,23624.79
4836,term,4505.76,,4505.76
4837,term,17013.14,,17013.14
4838,term,18572.94,,18572.94
4839,term,9783.44,,9783.44
4840,term,2933.05,,2933.05
4841,revolving,25032.75,72283.95,48658.35
4842,revolving,3183.52,5594.15,4388.84
4843,term,3780.69,,3780.69
4844,term,10605.06,,10605.06
4845,term,4948.1,,4948.1
4846,term,1452.83,,1452.83
4847,revolving,298.84,568.31,433.57
4848,term,6938.38,,6938.38
4849,revolving,6328.99,13152.76,9740.88
4850,term,3735.83,,3735.83
4851,revolving,13318.22,27510.32,20414.27
4852,term,9556.64,,9556.64
4853,revolving,6102.71,12995.48,9549.09
4854,term,7771.56,,7771.56
4855,term,3953.52,,3953.52
4856,term,2047.38,,2047.38
4857,term,6381.6,,6381.6
4858,revolving,1617.92,2596.71,2107.32
4859,revolving,9557.28,24009.6,16783.44
4860,revolving,7107.41,19854.55,13480.98
4861,term,2168.48,,2168.48
4862,revolving,1407.15,2982.31,2194.73
4863,term,4716.73,,4716.73
4864,term,10957.81,,10957.81
4865,term,384.97,,384.97
4866,term,1447.97,,1447.97
4867,term,2136.84,,2136.84
4868,term,20720.99,,20720.99
4869,term,12266.86,,12266.86
4870,revolving,2264.23,5257.84,3761.04
4871,term,3803.01,,3803.01
4872,term,2256.47,,2256.47
4873,term,5885.77,,5885.77
4874,term,10917.35,,10917.35
4875,term,10445.5,,10445.5
4876,term,1659.57,,1659.57
4877,term,2948.36,,2948.36
4878,term,25762.48,,25762.48
4879,term,6485.58,,6485.58
4880,revolving,2974.93,6944.11,4959.52
4881,term,2876.37,,2876.37
4882,term,1552.71,,1552.71
4883,revolving,1305.6,3145.62,2225.61
4884,term,31182.63,,31182.63
4885,term,33467.3,,33467.3
4886,revolving,3506.05,8645.51,6075.78
4887,term,12753.73,,12753.73
4888,term,8110.89,,8110.89
4889,term,25578.82,,25578.82
4890,term,3185.9,,3185.9
4891,term,3137.42,,3137.42
4892,term,7042.71,,7042.71
4893,term,10336.09,,10336.09
4894,term,6634.88,,6634.88
4895,term,11802.55,,11802.55
4896,term,12635.22,,12635.22
4897,term,5184.63,,5184.63
4898,term,1448.83,,1448.83
4899,term,6390.0,,6390.0
4900,revolving,4179.51,6581.88,5380.7
4901,term,25771.37,,25771.37
4902,term,4938.2,,4938.2
4903,term,30312.1,,30312.1
4904,term,33025.01,,33025.01
4905,revolving,16809.3,48455.52,32632.41
4906,term,8397.15,,8397.15
4907,revolving,1842.46,4100.73,2971.6
4908,term,14977.39,,14977.39
4909,revolving,3456.55,6698.59,5077.57
4910,term,5179.83,,5179.83
4911,revolving,913.73,1572.02,1242.88
4912,term,2649.07,,2649.07
4913,term,4405.62,,4405.62
4914,term,8524.71,,8524.71
4915,term,46455.98,,46455.98
4916,revolving,4571.89,10609.27,7590.58
4917,term,8161.94,,8161.94
4918,term,6465.99,,6465.99
4919,revolving,32537.78,54005.27,43271.52
4920,term,25005.91,,25005.91
4921,revolving,8760.21,19463.78,14112.0
4922,revolving,30189.4,84380.08,57284.74
4923,term,692.86,,692.86
4924,revolving,4769.84,11417.85,8093.84
4925,term,9893.25,,9893.25
4926,term,7758.55,,7758.55
4927,term,1009.73,,1009.73
4928,term,1212.67,,1212.67
4929,revolving,8820.38,14530.54,11675.46
4930,revolving,17921.59,50646.6,34284.1
4931,term,5577.59,,5577.59
4932,term,4724.38,,4724.38
4933,revolving,2466.28,6924.79,4695.54
4934,term,20462.33,,20462.33
4935,term,6835.1,,6835.1
4936,term,5376.99,,5376.99
4937,revolving,10709.57,23379.89,17044.73
4938,term,703.8,,703.8
4939,revolving,24846.07,40126.75,32486.41
4940,revolving,13874.94,21202.52,17538.73
4941,term,5252.28,,5252.28
4942,term,11474.38,,11474.38
4943,revolving,9204.81,18212.59,13708.7
4944,term,7384.3,,7384.3
4945,revolving,42813.72,89911.57,66362.64
4946,revolving,3168.8,7934.25,5551.52
4947,term,11047.53,,11047.53
4948,revolving,2602.55,4093.86,3348.2
4949,revolving,24724.31,64175.03,44449.67
4950,revolving,17064.3,49550.01,33307.16
4951,term,12692.36,,12692.36
4952,term,1364.15,,1364.15
4953,term,562.09,,562.09
4954,term,16696.82,,16696.82
4955,term,4583.57,,4583.57
4956,revolving,5417.41,10102.75,7760.08
4957,term,10460.11,,10460.11
4958,term,3517.33,,3517.33
4959,term,5600.48,,5600.48
4960,revolving,14343.55,35745.67,25044.61
4961,term,6979.88,,6979.88
4962,term,10838.16,,10838.16
4963,term,16545.9,,16545.9
4964,revolving,10606.77,31575.84,21091.3
4965,term,19437.48,,19437.48
4966,term,4149.28,,4149.28
4967,revolving,1101.91,1658.69,1380.3
4968,revolving,1238.83,3354.78,2296.81
4969,revolving,36786.84,106733.42,71760.13
4970,term,671.88,,671.88
4971,term,11122.66,,11122.66
4972,revolving,824.69,1973.79,1399.24
4973,term,350.47,,350.47
4974,revolving,2594.6,4010.41,3302.5
4975,term,3949.16,,3949.16
4976,term,6184.32,,6184.32
4977,term,1212.33,,1212.33
4978,term,677.64,,677.64
4979,term,21958.12,,21958.12
4980,term,3810.32,,3810.32
4981,revolving,2319.23,4381.07,3350.15
4982,term,10067.88,,10067.88
4983,term,2269.73,,2269.73
4984,revolving,1778.68,4137.07,2957.88
4985,term,2088.45,,2088.45
4986,term,18361.03,,18361.03
4987,revolving,674.34,1523.3,1098.82
4988,term,3065.88,,3065.88
4989,revolving,1033.8,1940.84,1487.32
4990,revolving,4555.86,13612.7,9084.28
4991,revolving,3660.73,7884.22,5772.48
4992,term,828.63,,828.63
4993,term,6974.0,,6974.0
4994,term,18036.11,,18036.11
4995,term,24580.2,,24580.2
4996,revolving,5811.71,11484.17,8647.94
4997,term,27880.1,,27880.1
4998,term,2672.58,,2672.58
4999,revolving,2865.67,6908.95,4887.31
5000,term,2494.94,,2494.94
5001,term,673.95,,673.95
5002,term,2809.21,,2809.21
5003,revolving,9228.09,26077.75,17652.92
5004,term,8592.05,,8592.05
5005,revolving,2644.2,5658.33,4151.26
5006,term,8336.29,,8336.29
5007,revolving,7807.83,21359.72,14583.78
5008,revolving,2647.19,7533.86,5090.52
5009,term,11908.99,,11908.99
5010,term,35580.25,,35580.25
5011,term,1661.81,,1661.81
5012,revolving,11057.53,26751.02,18904.28
5013,term,12206.47,,12206.47
5014,term,2580.6,,2580.6
5015,term,5547.64,,5547.64
5016,term,13356.05,,13356.05
5017,term,3585.22,,3585.22
5018,term,3823.22,,3823.22
5019,term,1494.9,,1494.9
5020,revolving,22517.18,52755.99,37636.58
5021,term,754.24,,754.24
5022,term,1165.05,,1165.05
5023,revolving,1019.65,3028.54,2024.09
5024,revolving,30026.01,89338.5,59682.26
5025,revolving,10519.31,24484.61,17501.96
5026,term,4749.8,,4749.8
5027,term,2146.03,,2146.03
5028,term,1376.84,,1376.84
5029,revolving,4626.0,10216.43,7421.22
5030,term,2502.01,,2502.01
5031,term,3780.44,,3780.44
5032,term,1822.9,,1822.9
5033,term,4155.82,,4155.82
5034,term,5126.06,,5126.06
5035,term,929.18,,929.18
5036,term,19198.24,,19198.24
5037,term,14352.53,,14352.53
5038,revolving,3634.69,7413.4,5524.04
5039,revolving,1650.01,4271.87,2960.94
5040,revolving,6782.75,15017.81,10900.28
5041,revolving,17531.65,46343.5,31937.58
5042,term,1192.3,,1192.3
5043,term,3392.63,,3392.63
5044,term,11482.34,,11482.34
5045,term,4552.63,,4552.63
5046,term,6807.08,,6807.08
5047,term,3414.63,,3414.63
5048,term,1670.12,,1670.12
5049,term,12546.7,,12546.7
5050,term,1111.6,,1111.6
5051,term,24922.65,,24922.65
5052,revolving,132.89,360.18,246.54
5053,term,1823.11,,1823.11
5054,term,1516.78,,1516.78
5055,term,3761.29,,3761.29
5056,term,929.45,,929.45
5057,term,7498.22,,7498.22
5058,term,23364.23,,23364.23
5059,term,713.63,,713.63
5060,term,4224.38,,4224.38
5061,revolving,2509.75,5451.49,3980.62
5062,revolving,15565.65,31913.67,23739.66
5063,term,19787.08,,19787.08
5064,term,4587.9,,4587.9
5065,revolving,11407.2,18958.73,15182.96
5066,term,7611.02,,7611.02
5067,term,6310.87,,6310.87
5068,term,38498.9,,38498.9
5069,revolving,2732.15,4902.58,3817.36
5070,term,21367.68,,21367.68
5071,term,35084.34,,35084.34
5072,revolving,2137.35,4926.14,3531.74
5073,term,1735.46,,1735.46
5074,term,5274.44,,5274.44
5075,revolving,9822.79,21665.8,15744.3
5076,term,4952.92,,4952.92
5077,term,9842.22,,9842.22
5078,term,6877.81,,6877.81
5079,term,9981.11,,9981.11
5080,term,20454.4,,20454.4
5081,term,3592.08,,3592.08
5082,term,14474.05,,14474.05
5083,revolving,6342.22,10964.74,8653.48
5084,term,21682.66,,21682.66
5085,term,1912.62,,1912.62
5086,term,14414.92,,14414.92
5087,revolving,11798.28,33687.36,22742.82
5088,term,8771.96,,8771.96
5089,term,2155.34,,2155.34
5090,term,9782.72,,9782.72
5091,term,22673.72,,22673.72
5092,term,5130.22,,5130.22
5093,revolving,6995.2,17926.6,12460.9
5094,term,1239.8,,1239.8
5095,term,3815.71,,3815.71
5096,term,8359.0,,8359.0
5097,revolving,2913.6,4481.76,3697.68
5098,term,16369.55,,16369.55
5099,term,3015.51,,3015.51
5100,term,1839.04,,1839.04
5101,term,18742.9,,18742.9
5102,term,17411.74,,17411.74
5103,term,8864.69,,8864.69
5104,term,5160.13,,5160.13
5105,term,1536.18,,1536.18
5106,term,21239.75,,21239.75
5107,term,19924.9,,19924.9
5108,term,1901.34,,1901.34
5109,revolving,1147.26,2563.07,1855.16
5110,revolving,18266.9,45620.97,31943.94
5111,revolving,15007.7,35287.66,25147.68
5112,revolving,11991.52,23878.62,17935.07
5113,term,1761.54,,1761.54
5114,revolving,6649.24,18176.75,12413.0
5115,term,10527.29,,10527.29
5116,term,13837.4,,13837.4
5117,term,11649.09,,11649.09
5118,term,6686.37,,6686.37
5119,revolving,798.26,2008.86,1403.56
5120,term,4227.56,,4227.56
5121,term,12106.53,,12106.53
5122,revolving,7933.79,14852.6,11393.2
5123,term,8417.14,,8417.14
5124,term,15042.76,,15042.76
5125,revolving,18218.4,41526.29,29872.34
5126,term,2442.3,,2442.3
5127,term,8490.06,,8490.06
5128,term,5950.58,,5950.58
5129,term,28159.31,,28159.31
5130,revolving,537.16,1189.82,863.49
5131,term,11451.85,,11451.85
5132,term,3041.09,,3041.09
5133,term,2981.28,,2981.28
5134,term,5085.18,,5085.18
5135,revolving,13303.97,32420.22,22862.1
5136,term,2175.06,,2175.06
5137,term,5528.53,,5528.53
5138,term,6821.31,,6821.31
5139,term,18799.97,,18799.97
5140,revolving,3906.74,6678.44,5292.59
5141,term,5152.66,,5152.66
5142,term,3125.87,,3125.87
5143,term,4456.98,,4456.98
5144,revolving,30092.94,76522.58,53307.76
5145,term,8382.57,,8382.57
5146,revolving,15221.85,26097.42,20659.63
5147,term,3668.09,,3668.09
5148,revolving,9231.12,18894.14,14062.63
5149,term,9282.83,,9282.83
5150,term,10514.86,,10514.86
5151,term,4408.35,,4408.35
5152,term,1581.2,,1581.2
5153,revolving,6095.9,10061.57,8078.74
5154,revolving,6057.53,16316.88,11187.2
5155,term,2581.03,,2581.03
5156,term,3863.01,,3863.01
5157,term,5340.4,,5340.4
5158,revolving,5915.87,13445.52,9680.7
5159,term,29384.1,,29384.1
5160,term,12499.92,,12499.92
5161,term,23735.77,,23735.77
5162,term,15189.55,,15189.55
5163,term,5869.45,,5869.45
5164,term,6151.41,,6151.41
5165,term,595.24,,595.24
5166,revolving,8202.39,15712.04,11957.22
5167,term,7826.06,,7826.06
5168,term,792.85,,792.85
5169,term,595.39,,595.39
5170,revolving,32014.67,89012.14,60513.4
5171,term,6545.97,,6545.97
5172,term,3750.42,,3750.42
5173,term,5157.87,,5157.87
5174,term,4769.5,,4769.5
5175,term,12355.06,,12355.06
5176,revolving,7068.01,19338.03,13203.02
5177,revolving,4662.35,8030.88,6346.62
5178,term,42382.09,,42382.09
5179,term,17078.22,,17078.22
5180,revolving,2755.63,5725.14,4240.38
5181,term,1236.1,,1236.1
5182,revolving,5309.02,8830.31,7069.66
5183,term,14842.83,,14842.83
5184,revolving,2740.36,7146.51,4943.43
5185,revolving,18760.44,29635.68,24198.06
5186,revolving,1757.81,4592.06,3174.94
5187,term,6710.2,,6710.2
5188,term,557.7,,557.7
5189,revolving,35943.15,55554.87,45749.01
5190,term,3027.69,,3027.69
5191,term,2200.5,,2200.5
5192,revolving,9203.37,26697.25,17950.31
5193,revolving,30453.25,69648.47,50050.86
5194,revolving,3267.32,7687.21,5477.26
5195,term,1879.83,,1879.83
5196,revolving,2032.48,4285.09,3158.78
5197,revolving,1120.98,2791.03,1956.0
5198,term,534.3,,534.3
5199,term,12038.36,,12038.36
5200,term,4745.83,,4745.83
5201,term,610.92,,610.92
5202,revolving,10321.27,18434.8,14378.04
5203,term,900.2,,900.2
5204,revolving,9464.81,17841.3,13653.06
5205,revolving,17429.51,27749.51,22589.51
5206,term,11324.72,,11324.72
5207,revolving,11080.31,18736.2,14908.26
5208,term,5312.62,,5312.62
5209,revolving,20755.37,38662.55,29708.96
5210,term,8144.32,,8144.32
5211,revolving,3263.49,8643.6,5953.54
5212,term,9216.79,,9216.79
5213,term,28173.83,,28173.83
5214,revolving,1180.91,2914.0,2047.46
5215,term,5310.16,,5310.16
5216,term,3254.41,,3254.41
5217,term,16499.94,,16499.94
5218,revolving,3607.23,8012.28,5809.75
5219,term,2249.76,,2249.76
5220,term,3321.59,,3321.59
5221,term,11744.64,,11744.64
5222,term,1293.63,,1293.63
5223,term,447.59,,447.59
5224,term,13044.32,,13044.32
5225,term,3065.63,,3065.63
5226,term,2695.14,,2695.14
5227,term,3540.13,,3540.13
5228,revolving,6634.02,12737.14,9685.58
5229,term,5682.37,,5682.37
5230,term,18834.55,,18834.55
5231,term,9472.01,,9472.01
5232,term,6275.79,,6275.79
5233,revolving,5133.47,11503.7,8318.59
5234,term,2885.37,,2885.37
5235,term,579.24,,579.24
5236,term,1192.71,,1192.71
5237,term,10724.46,,10724.46
5238,term,8050.76,,8050.76
5239,term,19443.71,,19443.71
5240,term,12887.73,,12887.73
5241,revolving,10139.12,21537.24,15838.18
5242,term,13745.83,,13745.83
5243,term,1174.81,,1174.81
5244,revolving,20454.14,31416.29,25935.22
5245,revolving,19914.85,48017.95,33966.4
5246,term,14744.0,,14744.0
5247,revolving,2721.78,4454.67,3588.23
5248,revolving,750.25,1928.41,1339.33
5249,term,2134.85,,2134.85
5250,term,6015.94,,6015.94
5251,term,5479.16,,5479.16
5252,revolving,9348.22,22953.21,16150.72
5253,term,3959.12,,3959.12
5254,term,8785.54,,8785.54
5255,revolving,6630.97,14173.51,10402.24
5256,term,1356.44,,1356.44
5257,term,2068.11,,2068.11
5258,term,2607.51,,2607.51
5259,term,3601.12,,3601.12
5260,revolving,1128.92,1868.63,1498.78
5261,term,484.71,,484.71
5262,revolving,3011.66,6522.64,4767.15
5263,term,1278.48,,1278.48
5264,term,2181.4,,2181.4
5265,revolving,10842.4,26085.09,18463.74
5266,term,374.54,,374.54
5267,term,23616.31,,23616.31
5268,term,14414.08,,14414.08
5269,revolving,14452.67,27838.3,21145.48
5270,term,7699.06,,7699.06
5271,term,4406.46,,4406.46
5272,term,6186.46,,6186.46
5273,term,15260.93,,15260.93
5274,revolving,25378.45,67804.74,46591.6
5275,term,3393.78,,3393.78
5276,term,11285.49,,11285.49
5277,term,3044.74,,3044.74
5278,term,6726.89,,6726.89
5279,revolving,5712.85,16953.08,11332.96
5280,term,4758.56,,4758.56
5281,revolving,903.21,1921.57,1412.39
5282,term,952.93,,952.93
5283,term,2900.62,,2900.62
5284,revolving,15085.7,33649.13,24367.42
5285,term,23468.13,,23468.13
5286,revolving,2813.22,8055.45,5434.33
5287,revolving,17097.98,48551.23,32824.61
5288,term,6773.36,,6773.36
5289,term,27180.6,,27180.6
5290,revolving,7702.89,15585.82,11644.36
5291,term,8572.46,,8572.46
5292,term,11056.02,,11056.02
5293,term,24103.38,,24103.38
5294,term,13525.78,,13525.78
5295,revolving,6873.39,13111.14,9992.26
5296,term,1886.4,,1886.4
5297,term,1484.21,,1484.21
5298,term,7346.0,,7346.0
5299,term,14846.77,,14846.77
5300,term,15144.82,,15144.82
5301,revolving,5248.61,13795.65,9522.13
5302,term,12389.15,,12389.15
5303,revolving,549.13,1147.03,848.08
5304,revolving,3836.17,8966.21,6401.19
5305,term,12904.54,,12904.54
5306,term,7630.24,,7630.24
5307,term,1319.57,,1319.57
5308,term,3781.12,,3781.12
5309,revolving,14143.24,21825.73,17984.48
5310,revolving,254.63,489.91,372.27
5311,term,862.56,,862.56
5312,term,792.15,,792.15
5313,revolving,1419.35,3575.68,2497.52
5314,revolving,6711.35,19133.21,12922.28
5315,term,3089.38,,3089.38
5316,term,4808.91,,4808.91
5317,term,256.2,,256.2
5318,revolving,8042.91,16939.85,12491.38
5319,term,5150.22,,5150.22
5320,term,5577.82,,5577.82
5321,term,2854.88,,2854.88
5322,term,2049.97,,2049.97
5323,term,27944.11,,27944.11
5324,revolving,8529.14,20853.26,14691.2
5325,term,12670.59,,12670.59
5326,term,3874.72,,3874.72
5327,term,24573.34,,24573.34
5328,term,10582.01,,10582.01
5329,term,10568.27,,10568.27
5330,term,2005.8,,2005.8
5331,term,6266.52,,6266.52
5332,term,7385.11,,7385.11
5333,term,29721.7,,29721.7
5334,term,4758.86,,4758.86
5335,revolving,484.12,1219.99,852.06
5336,revolving,3588.69,7007.26,5297.98
5337,term,475.6,,475.6
5338,term,4236.38,,4236.38
5339,revolving,13547.58,28452.78,21000.18
5340,term,15245.66,,15245.66
5341,revolving,14798.19,30240.55,22519.37
5342,revolving,3105.11,5483.19,4294.15
5343,term,11048.29,,11048.29
5344,term,3340.78,,3340.78
5345,revolving,14706.57,37386.63,26046.6
5346,term,29765.54,,29765.54
5347,term,1624.76,,1624.76
5348,term,1588.3,,1588.3
5349,term,26336.92,,26336.92
5350,term,22005.74,,22005.74
5351,revolving,14639.55,22736.18,18687.86
5352,revolving,23927.45,56035.02,39981.24
5353,term,1845.76,,1845.76
5354,term,10895.43,,10895.43
5355,term,8505.35,,8505.35
5356,term,6204.29,,6204.29
5357,term,7030.77,,7030.77
5358,revolving,18313.21,53704.61,36008.91
5359,revolving,3721.15,9878.22,6799.68
5360,term,14669.29,,14669.29
5361,term,4186.56,,4186.56
5362,term,2840.49,,2840.49
5363,term,8307.08,,8307.08
5364,term,5597.0,,5597.0
5365,term,2468.9,,2468.9
5366,revolving,706.66,1408.62,1057.64
5367,term,1204.94,,1204.94
5368,term,689.35,,689.35
5369,revolving,5971.24,10109.72,8040.48
5370,term,12179.18,,12179.18
5371,term,6329.36,,6329.36
5372,term,2583.33,,2583.33
5373,term,15930.0,,15930.0
5374,revolving,2643.18,4016.5,3329.84
5375,term,2074.51,,2074.51
5376,revolving,1572.08,3709.0,2640.54
5377,term,11896.89,,11896.89
5378,term,3503.66,,3503.66
5379,revolving,9184.07,25189.3,17186.68
5380,term,9313.98,,9313.98
5381,term,1692.78,,1692.78
5382,term,15940.84,,15940.84
5383,term,1446.7,,1446.7
5384,term,4279.97,,4279.97
5385,term,7788.21,,7788.21
5386,term,7086.99,,7086.99
5387,term,4545.56,,4545.56
5388,revolving,3431.67,7696.34,5564.0
5389,term,502.58,,502.58
5390,revolving,11488.26,32306.95,21897.61
5391,term,5782.07,,5782.07
5392,term,5352.7,,5352.7
5393,revolving,2263.46,5698.27,3980.86
5394,term,14394.2,,14394.2
5395,revolving,1349.19,3058.03,2203.61
5396,term,8979.95,,8979.95
5397,term,7525.68,,7525.68
5398,term,4791.58,,4791.58
5399,term,407.84,,407.84
5400,revolving,5027.64,9160.94,7094.29
5401,term,10490.17,,10490.17
5402,revolving,2653.03,6770.86,4711.94
5403,revolving,36199.39,58525.77,47362.58
5404,term,5347.95,,5347.95
5405,term,1502.96,,1502.96
5406,revolving,5940.24,16067.28,11003.76
5407,revolving,7591.76,21446.35,14519.06
5408,term,4175.82,,4175.82
5409,term,773.2,,773.2
5410,term,11944.32,,11944.32
5411,term,651.67,,651.67
5412,term,3397.66,,3397.66
5413,revolving,3595.69,5750.06,4672.88
5414,term,13228.66,,13228.66
5415,term,4150.6,,4150.6
5416,term,36616.62,,36616.62
5417,term,26530.51,,26530.51
5418,term,11525.94,,11525.94
5419,term,348.08,,348.08
5420,term,1267.73,,1267.73
5421,term,12308.44,,12308.44
5422,term,4142.94,,4142.94
5423,revolving,9681.59,19743.4,14712.5
5424,term,7713.83,,7713.83
5425,term,17879.59,,17879.59
5426,term,12314.89,,12314.89
5427,revolving,1517.62,4337.52,2927.57
5428,term,36143.67,,36143.67
5429,term,37760.52,,37760.52
5430,revolving,1762.27,4684.47,3223.37
5431,term,765.31,,765.31
5432,term,2168.46,,2168.46
5433,term,27445.65,,27445.65
5434,term,182.76,,182.76
5435,term,18419.02,,18419.02
5436,revolving,10814.93,17255.48,14035.2
5437,term,7697.19,,7697.19
5438,revolving,7356.59,16790.39,12073.49
5439,term,6757.76,,6757.76
5440,revolving,3309.72,7329.19,5319.46
5441,term,18374.08,,18374.08
5442,term,2594.52,,2594.52
5443,term,13928.01,,13928.01
5444,revolving,10145.42,26568.16,18356.79
5445,term,1551.13,,1551.13
5446,term,13880.47,,13880.47
5447,term,2105.48,,2105.48
5448,term,15321.46,,15321.46
5449,term,9169.92,,9169.92
5450,term,10210.24,,10210.24
5451,term,3537.61,,3537.61
5452,term,4341.48,,4341.48
5453,term,2593.11,,2593.11
5454,term,11813.81,,11813.81
5455,revolving,2359.22,6619.2,4489.21
5456,term,2741.44,,2741.44
5457,term,4410.13,,4410.13
5458,term,17383.88,,17383.88
5459,revolving,557.89,891.11,724.5
5460,revolving,11658.48,20659.47,16158.98
5461,revolving,12000.48,21909.5,16954.99
5462,term,7482.28,,7482.28
5463,term,2684.94,,2684.94
5464,term,9278.63,,9278.63
5465,term,9087.51,,9087.51
5466,term,7804.83,,7804.83
5467,revolving,4420.0,10133.16,7276.58
5468,revolving,6792.5,17561.76,12177.13
5469,revolving,15829.55,25352.56,20591.06
5470,term,7950.22,,7950.22
5471,term,18550.54,,18550.54
5472,term,4370.32,,4370.32
5473,term,16269.37,,16269.37
5474,revolving,5493.75,12562.53,9028.14
5475,term,2404.05,,2404.05
5476,term,1819.97,,1819.97
5477,term,23374.41,,23374.41
5478,term,3311.93,,3311.93
5479,revolving,12801.08,31623.11,22212.1
5480,term,2598.07,,2598.07
5481,revolving,6392.69,17167.48,11780.08
5482,term,11495.11,,11495.11
5483,term,11856.56,,11856.56
5484,revolving,1232.83,3569.67,2401.25
5485,term,11090.12,,11090.12
5486,revolving,1904.42,5448.51,3676.46
5487,term,13778.56,,13778.56
5488,term,1571.04,,1571.04
5489,term,4748.79,,4748.79
5490,revolving,363.19,754.04,558.62
5491,term,1926.72,,1926.72
5492,revolving,5117.89,14011.37,9564.63
5493,term,2613.96,,2613.96
5494,term,1983.03,,1983.03
5495,term,25789.5,,25789.5
5496,term,9639.22,,9639.22
5497,term,10569.61,,10569.61
5498,revolving,14954.39,22740.81,18847.6
5499,term,11375.97,,11375.97
5500,term,3701.73,,3701.73
5501,term,11245.97,,11245.97
5502,term,17281.36,,17281.36
5503,term,612.26,,612.26
5504,term,1523.2,,1523.2
5505,term,18279.84,,18279.84
5506,term,881.77,,881.77
5507,term,3513.47,,3513.47
5508,term,7781.28,,7781.28
5509,term,4277.27,,4277.27
5510,term,3218.75,,3218.75
5511,term,2571.57,,2571.57
5512,revolving,5973.52,14471.2,10222.36
5513,revolving,908.43,2265.28,1586.86
5514,revolving,17529.97,48359.43,32944.7
5515,term,913.75,,913.75
5516,revolving,11389.23,19941.59,15665.41
5517,revolving,460.68,847.44,654.06
5518,revolving,7714.09,14027.06,10870.58
5519,term,16582.62,,16582.62
5520,term,14387.45,,14387.45
5521,revolving,5138.92,10552.0,7845.46
5522,term,7020.48,,7020.48
5523,term,3151.02,,3151.02
5524,term,5361.62,,5361.62
5525,term,4287.0,,4287.0
5526,term,13165.75,,13165.75
5527,term,9827.45,,9827.45
5528,term,1563.53,,1563.53
5529,term,10532.21,,10532.21
5530,term,21664.26,,21664.26
5531,term,1002.75,,1002.75
5532,term,16133.43,,16133.43
5533,term,3009.13,,3009.13
5534,revolving,6972.55,12418.48,9695.52
5535,term,15271.47,,15271.47
5536,term,9253.09,,9253.09
5537,term,1823.14,,1823.14
5538,revolving,857.26,1833.98,1345.62
5539,term,143.37,,143.37
5540,term,12409.86,,12409.86
5541,term,15096.08,,15096.08
5542,term,13286.71,,13286.71
5543,revolving,732.65,1777.19,1254.92
5544,revolving,445.9,922.75,684.32
5545,term,10895.62,,10895.62
5546,term,4375.18,,4375.18
5547,term,21309.14,,21309.14
5548,term,23426.02,,23426.02
5549,term,7321.87,,7321.87
5550,term,2363.43,,2363.43
5551,term,561.93,,561.93
5552,term,11189.33,,11189.33
5553,revolving,179.1,464.04,321.57
5554,term,3242.47,,3242.47
5555,revolving,2034.28,3279.12,2656.7
5556,revolving,9513.21,22143.74,15828.48
5557,term,2259.65,,2259.65
5558,revolving,1665.94,3228.22,2447.08
5559,term,612.14,,612.14
5560,term,6049.83,,6049.83
5561,term,17470.84,,17470.84
5562,revolving,4232.17,10656.26,7444.22
5563,term,2040.15,,2040.15
5564,term,10036.96,,10036.96
5565,revolving,10340.85,22777.09,16558.97
5566,term,11868.69,,11868.69
5567,term,7702.59,,7702.59
5568,revolving,3071.55,5078.93,4075.24
5569,revolving,5198.14,13690.73,9444.44
5570,revolving,2535.02,6401.96,4468.49
5571,revolving,3458.27,5516.69,4487.48
5572,term,891.69,,891.69
5573,revolving,12240.64,24223.51,18232.07
5574,term,611.88,,611.88
5575,term,14590.1,,14590.1
5576,term,1311.64,,1311.64
5577,term,6784.03,,6784.03
5578,revolving,10745.71,18171.33,14458.52
5579,revolving,1252.15,1945.0,1598.58
5580,term,23573.88,,23573.88
5581,term,8842.24,,8842.24
5582,term,12777.06,,12777.06
5583,revolving,15375.37,40175.03,27775.2
5584,revolving,3874.41,10139.21,7006.81
5585,term,9821.67,,9821.67
5586,term,3470.42,,3470.42
5587,term,5960.65,,5960.65
5588,term,333.86,,333.86
5589,revolving,5180.86,12857.25,9019.06
5590,term,17950.71,,17950.71
5591,term,14505.0,,14505.0
5592,term,1580.27,,1580.27
5593,term,3223.25,,3223.25
5594,revolving,1850.67,3240.05,2545.36
5595,term,19290.8,,19290.8
5596,term,10422.16,,10422.16
5597,term,387.66,,387.66
5598,term,10531.61,,10531.61
5599,term,13040.93,,13040.93
5600,revolving,1919.71,4259.61,3089.66
5601,term,5355.25,,5355.25
5602,term,8767.55,,8767.55
5603,term,3992.51,,3992.51
5604,term,24876.18,,24876.18
5605,term,9385.5,,9385.5
5606,term,4831.26,,4831.26
5607,revolving,1860.46,5459.59,3660.02
5608,revolving,421.88,1139.05,780.46
5609,term,842.42,,842.42
5610,term,8965.59,,8965.59
5611,term,8985.68,,8985.68
5612,term,576.41,,576.41
5613,revolving,9176.08,27154.26,18165.17
5614,term,14517.48,,14517.48
5615,term,13852.7,,13852.7
5616,revolving,8476.59,23149.91,15813.25
5617,revolving,3640.27,7699.89,5670.08
5618,term,4914.38,,4914.38
5619,term,4850.98,,4850.98
5620,term,4453.11,,4453.11
5621,term,301.12,,301.12
5622,revolving,6695.96,17805.95,12250.96
5623,revolving,16045.87,26286.24,21166.06
5624,revolving,7896.01,13445.14,10670.58
5625,term,6198.27,,6198.27
5626,revolving,1738.97,4064.43,2901.7
5627,term,3657.55,,3657.55
5628,term,14327.14,,14327.14
5629,term,9005.26,,9005.26
5630,term,7766.0,,7766.0
5631,revolving,6843.66,15734.95,11289.3
5632,term,12900.06,,12900.06
5633,term,6708.72,,6708.72
5634,term,26563.4,,26563.4
5635,term,17135.82,,17135.82
5636,term,12072.29,,12072.29
5637,term,5502.88,,5502.88
5638,revolving,3099.97,7269.36,5184.66
5639,term,1741.57,,1741.57
5640,term,11752.83,,11752.83
5641,term,1314.65,,1314.65
5642,revolving,4196.88,7805.05,6000.96
5643,term,7943.42,,7943.42
5644,term,692.31,,692.31
5645,term,13013.49,,13013.49
5646,term,23977.65,,23977.65
5647,term,3139.43,,3139.43
5648,revolving,1646.0,3678.72,2662.36
5649,term,1512.38,,1512.38
5650,term,2481.7,,2481.7
5651,revolving,10148.73,24426.75,17287.74
5652,term,871.76,,871.76
5653,term,9937.51,,9937.51
5654,term,7286.6,,7286.6
5655,term,5178.29,,5178.29
5656,term,18506.95,,18506.95
5657,term,9923.16,,9923.16
5658,revolving,9191.48,17886.77,13539.12
5659,revolving,1180.81,2422.24,1801.52
5660,term,10080.98,,10080.98
5661,term,6237.48,,6237.48
5662,term,3659.77,,3659.77
5663,revolving,4791.08,9760.27,7275.68
5664,term,9316.16,,9316.16
5665,term,4594.1,,4594.1
5666,revolving,4789.83,9632.07,7210.95
5667,revolving,3551.59,8698.32,6124.96
5668,revolving,2320.62,5003.47,3662.04
5669,term,1112.72,,1112.72
5670,revolving,2958.05,8766.8,5862.42
5671,revolving,2306.23,6667.07,4486.65
5672,term,21575.39,,21575.39
5673,term,5084.6,,5084.6
5674,term,4260.37,,4260.37
5675,revolving,6327.91,18501.9,12414.9
5676,term,3627.1,,3627.1
5677,term,23981.95,,23981.95
5678,term,2511.97,,2511.97
5679,revolving,5469.24,12053.06,8761.15
5680,term,13968.38,,13968.38
5681,term,986.01,,986.01
5682,term,4981.41,,4981.41
5683,revolving,17452.49,31880.99,24666.74
5684,term,16020.02,,16020.02
5685,term,1194.95,,1194.95
5686,revolving,23656.53,69775.93,46716.23
5687,term,1868.38,,1868.38
5688,revolving,15821.38,36277.46,26049.42
5689,term,2374.16,,2374.16
5690,term,1235.55,,1235.55
5691,term,12792.54,,12792.54
5692,term,2213.4,,2213.4
5693,term,3902.69,,3902.69
5694,term,6192.87,,6192.87
5695,revolving,4054.74,6717.81,5386.28
5696,term,6870.68,,6870.68
5697,term,762.4,,762.4
5698,term,10108.65,,10108.65
5699,revolving,18022.88,48445.02,33233.95
5700,term,17483.3,,17483.3
5701,term,2202.47,,2202.47
5702,term,3476.57,,3476.57
5703,term,5948.5,,5948.5
5704,term,9906.61,,9906.61
5705,revolving,3660.71,9394.42,6527.56
5706,term,8904.03,,8904.03
5707,revolving,964.07,1770.83,1367.45
5708,term,2804.1,,2804.1
5709,term,5561.74,,5561.74
5710,revolving,13568.65,24954.91,19261.78
5711,term,25098.86,,25098.86
5712,revolving,17853.74,30517.17,24185.46
5713,term,21353.36,,21353.36
5714,revolving,3985.54,11086.78,7536.16
5715,term,22018.68,,22018.68
5716,term,6758.81,,6758.81
5717,term,17935.46,,17935.46
5718,term,11759.61,,11759.61
5719,term,10196.25,,10196.25
5720,term,11220.29,,11220.29
5721,term,10313.31,,10313.31
5722,term,1436.64,,1436.64
5723,revolving,12170.64,18969.57,15570.1
5724,term,9454.98,,9454.98
5725,term,4542.37,,4542.37
5726,term,2184.18,,2184.18
5727,term,6585.07,,6585.07
5728,term,21022.86,,21022.86
5729,term,24461.62,,24461.62
5730,revolving,2214.44,4956.16,3585.3
5731,revolving,1890.38,5008.54,3449.46
5732,term,2632.07,,2632.07
5733,term,319.0,,319.0
5734,term,6174.84,,6174.84
5735,term,3264.18,,3264.18
5736,term,15766.32,,15766.32
5737,term,10248.52,,10248.52
5738,term,1302.84,,1302.84
5739,term,2496.13,,2496.13
5740,term,957.26,,957.26
5741,revolving,7759.3,12974.31,10366.8
5742,term,10981.92,,10981.92
5743,revolving,10449.86,27114.93,18782.4
5744,revolving,1956.45,4754.85,3355.65
5745,term,2014.39,,2014.39
5746,term,1178.5,,1178.5
5747,term,1760.22,,1760.22
5748,revolving,3042.45,8680.12,5861.28
5749,revolving,14948.73,23915.54,19432.14
5750,term,3943.26,,3943.26
5751,term,9985.18,,9985.18
5752,revolving,435.69,916.27,675.98
5753,term,9494.39,,9494.39
5754,revolving,3563.04,6593.09,5078.07
5755,revolving,1511.44,4335.02,2923.23
5756,term,9920.45,,9920.45
5757,term,8260.93,,8260.93
5758,term,6681.96,,6681.96
5759,term,2619.69,,2619.69
5760,term,1905.04,,1905.04
5761,revolving,5167.1,15287.67,10227.38
5762,revolving,25064.15,57606.06,41335.1
5763,revolving,14562.89,39855.02,27208.96
5764,term,4885.13,,4885.13
5765,revolving,10021.7,21321.84,15671.77
5766,revolving,486.18,923.73,704.96
5767,term,1971.1,,1971.1
5768,term,10023.71,,10023.71
5769,term,8543.12,,8543.12
5770,revolving,6120.79,12548.2,9334.5
5771,term,8087.63,,8087.63
5772,revolving,6225.81,9946.05,8085.93
5773,term,22843.94,,22843.94
5774,revolving,5194.8,10493.41,7844.1
5775,term,32094.81,,32094.81
5776,term,9960.26,,9960.26
5777,term,13993.67,,13993.67
5778,term,8554.16,,8554.16
5779,revolving,1763.65,3469.53,2616.59
5780,term,1236.58,,1236.58
5781,term,15020.81,,15020.81
5782,term,11163.39,,11163.39
5783,term,22406.88,,22406.88
5784,term,6465.98,,6465.98
5785,term,6060.21,,6060.21
5786,revolving,2714.71,6637.45,4676.08
5787,term,2880.83,,2880.83
5788,revolving,2193.33,5276.51,3734.92
5789,revolving,8491.47,25305.24,16898.36
5790,term,42239.24,,42239.24
5791,term,7958.52,,7958.52
5792,term,527.97,,527.97
5793,revolving,1365.17,2846.83,2106.0
5794,revolving,625.1,1633.55,1129.32
5795,term,19409.71,,19409.71
5796,revolving,20481.61,32911.2,26696.4
5797,term,10463.84,,10463.84
5798,revolving,1598.5,4049.93,2824.22
5799,revolving,14771.73,39694.24,27232.98
5800,term,6880.29,,6880.29
5801,term,12613.24,,12613.24
5802,term,14380.75,,14380.75
5803,term,1773.5,,1773.5
5804,revolving,10458.93,17354.74,13906.84
5805,term,2666.57,,2666.57
5806,term,2403.16,,2403.16
5807,term,770.52,,770.52
5808,revolving,28538.28,73460.03,50999.16
5809,term,5775.12,,5775.12
5810,term,11685.61,,11685.61
5811,term,12698.58,,12698.58
5812,revolving,674.63,1936.48,1305.55
5813,revolving,4622.8,8515.63,6569.22
5814,term,9985.68,,9985.68
5815,term,133.55,,133.55
5816,term,11264.2,,11264.2
5817,term,2822.92,,2822.92
5818,term,7967.5,,7967.5
5819,revolving,19509.46,37368.96,28439.21
5820,term,3793.85,,3793.85
5821,revolving,8613.62,19444.8,14029.21
5822,term,19525.35,,19525.35
5823,revolving,6766.48,17228.27,11997.38
5824,revolving,3412.67,9295.02,6353.84
5825,term,18126.91,,18126.91
5826,term,2824.41,,2824.41
5827,term,3939.7,,3939.7
5828,term,17308.02,,17308.02
5829,term,7208.76,,7208.76
5830,term,17592.12,,17592.12
5831,revolving,9894.46,22957.87,16426.16
5832,term,11001.67,,11001.67
5833,revolving,12197.2,35017.67,23607.44
5834,term,10896.13,,10896.13
5835,revolving,4387.31,10781.63,7584.47
5836,term,1554.8,,1554.8
5837,revolving,15446.28,38327.02,26886.65
5838,term,14581.78,,14581.78
5839,term,21279.46,,21279.46
5840,term,3801.13,,3801.13
5841,term,6013.36,,6013.36
5842,term,28841.41,,28841.41
5843,term,17336.13,,17336.13
5844,term,2951.02,,2951.02
5845,revolving,11006.14,25122.87,18064.5
5846,term,18787.7,,18787.7
5847,term,21291.05,,21291.05
5848,revolving,6099.59,10583.86,8341.72
5849,term,535.26,,535.26
5850,term,18707.07,,18707.07
5851,term,2708.35,,2708.35
5852,revolving,3338.88,8237.33,5788.1
5853,revolving,4829.49,9770.82,7300.16
5854,revolving,3677.84,6768.94,5223.39
5855,term,3478.99,,3478.99
5856,revolving,11764.08,29568.5,20666.29
5857,term,5423.43,,5423.43
5858,term,5224.4,,5224.4
5859,term,5596.75,,5596.75
5860,term,783.28,,783.28
5861,term,655.03,,655.03
5862,term,7640.03,,7640.03
5863,term,3479.65,,3479.65
5864,term,9481.4,,9481.4
5865,revolving,11522.09,29301.68,20411.89
5866,term,9214.16,,9214.16
5867,revolving,702.97,1980.64,1341.8
5868,term,6322.42,,6322.42
5869,revolving,779.66,1803.13,1291.4
5870,term,7444.55,,7444.55
5871,term,1293.03,,1293.03
5872,term,771.58,,771.58
5873,term,7116.87,,7116.87
5874,revolving,4221.99,6609.9,5415.94
5875,term,15249.29,,15249.29
5876,term,4294.69,,4294.69
5877,revolving,1702.08,4468.84,3085.46
5878,term,25366.27,,25366.27
5879,term,2748.54,,2748.54
5880,term,8654.62,,8654.62
5881,term,5363.89,,5363.89
5882,term,4751.4,,4751.4
5883,term,2177.47,,2177.47
5884,revolving,5166.49,10829.87,7998.18
5885,term,6603.55,,6603.55
5886,term,6767.09,,6767.09
5887,term,2142.9,,2142.9
5888,revolving,10198.25,19506.82,14852.54
5889,revolving,1867.52,3907.74,2887.63
5890,term,2548.79,,2548.79
5891,revolving,5141.51,10190.6,7666.06
5892,term,5715.27,,5715.27
5893,term,31966.57,,31966.57
5894,term,626.86,,626.86
5895,term,7277.33,,7277.33
5896,term,6814.1,,6814.1
5897,revolving,1365.7,3715.69,2540.69
5898,term,20460.93,,20460.93
5899,revolving,19682.93,31277.31,25480.12
5900,term,5384.61,,5384.61
5901,term,1667.63,,1667.63
5902,term,6021.41,,6021.41
5903,term,2769.64,,2769.64
5904,term,3479.74,,3479.74
5905,term,4599.1,,4599.1
5906,term,801.93,,801.93
5907,term,12601.89,,12601.89
5908,revolving,1096.09,2750.27,1923.18
5909,term,4627.04,,4627.04
5910,term,1200.31,,1200.31
5911,term,4854.16,,4854.16
5912,revolving,4144.82,12020.5,8082.66
5913,revolving,4507.77,7447.99,5977.88
5914,term,2826.2,,2826.2
5915,term,9138.74,,9138.74
5916,term,3445.18,,3445.18
5917,revolving,1180.93,3195.57,2188.25
5918,term,3792.8,,3792.8
5919,term,4545.09,,4545.09
5920,term,13271.31,,13271.31
5921,term,9613.33,,9613.33
5922,revolving,2402.87,4829.88,3616.38
5923,term,9502.88,,9502.88
5924,term,1774.13,,1774.13
5925,term,10365.23,,10365.23
5926,revolving,1480.54,3859.46,2670.0
5927,revolving,8914.16,15554.33,12234.24
5928,term,7164.87,,7164.87
5929,term,4969.22,,4969.22
5930,revolving,2688.88,5249.39,3969.14
5931,term,1067.7,,1067.7
5932,term,18773.36,,18773.36
5933,term,9083.19,,9083.19
5934,revolving,3350.49,6150.26,4750.38
5935,term,7658.08,,7658.08
5936,revolving,3558.32,8574.7,6066.51
5937,term,17573.86,,17573.86
5938,term,2562.57,,2562.57
5939,term,911.34,,911.34
5940,term,1857.89,,1857.89
5941,term,33046.69,,33046.69
5942,term,13840.65,,13840.65
5943,term,10110.75,,10110.75
5944,revolving,249.92,482.46,366.19
5945,revolving,7749.32,22257.36,15003.34
5946,term,11496.71,,11496.71
5947,term,4217.37,,4217.37
5948,term,230.67,,230.67
5949,term,13640.92,,13640.92
5950,revolving,16332.89,37294.5,26813.7
5951,term,12985.03,,12985.03
5952,term,19076.0,,19076.0
5953,revolving,5471.33,13491.46,9481.4
5954,term,5509.3,,5509.3
5955,term,22771.12,,22771.12
5956,term,1200.15,,1200.15
5957,term,6408.05,,6408.05
5958,term,14532.97,,14532.97
5959,revolving,7461.09,14087.12,10774.1
5960,revolving,26435.33,56017.6,41226.46
5961,term,2771.34,,2771.34
5962,revolving,6118.01,13579.26,9848.64
5963,term,20849.03,,20849.03
5964,revolving,1606.64,4263.96,2935.3
5965,term,1495.56,,1495.56
5966,revolving,35816.85,61245.37,48531.11
5967,revolving,2769.6,6841.78,4805.69
5968,term,484.27,,484.27
5969,revolving,4273.54,9427.85,6850.7
5970,revolving,9342.51,16426.57,12884.54
5971,revolving,12650.36,24185.66,18418.01
5972,term,2047.49,,2047.49
5973,revolving,29462.51,72943.59,51203.05
5974,revolving,3162.69,5319.05,4240.87
5975,term,22492.88,,22492.88
5976,revolving,5125.18,15136.66,10130.92
5977,term,14745.86,,14745.86
5978,term,15657.93,,15657.93
5979,term,11707.27,,11707.27
5980,term,2121.82,,2121.82
5981,term,6794.73,,6794.73
5982,term,8930.72,,8930.72
5983,revolving,42499.07,84919.41,63709.24
5984,term,5558.63,,5558.63
5985,term,9347.09,,9347.09
5986,term,3238.4,,3238.4
5987,term,26161.25,,26161.25
5988,revolving,2884.56,7739.87,5312.22
5989,term,19508.9,,19508.9
5990,revolving,2765.81,4749.23,3757.52
5991,term,8544.53,,8544.53
5992,term,8106.5,,8106.5
5993,term,1660.21,,1660.21
5994,term,17834.64,,17834.64
5995,term,14701.29,,14701.29
5996,term,9831.58,,9831.58
5997,term,5092.38,,5092.38
5998,revolving,5366.16,11548.71,8457.44
5999,term,5865.75,,5865.75
6000,term,1330.39,,1330.39
6001,term,3821.45,,3821.45
6002,term,3166.38,,3166.38
6003,revolving,13849.14,27941.65,20895.4
6004,term,640.85,,640.85
6005,term,2046.11,,2046.11
6006,revolving,2249.42,6674.81,4462.12
6007,term,12449.02,,12449.02
6008,term,14099.44,,14099.44
6009,term,3170.58,,3170.58
6010,term,1936.75,,1936.75
6011,revolving,7850.55,20582.6,14216.58
6012,revolving,1934.07,3994.28,2964.18
6013,revolving,809.03,1832.29,1320.66
6014,term,2359.69,,2359.69
6015,term,3357.92,,3357.92
6016,revolving,3939.85,10857.24,7398.54
6017,term,948.98,,948.98
6018,term,28158.57,,28158.57
6019,term,13265.41,,13265.41
6020,term,11268.47,,11268.47
6021,term,24055.94,,24055.94
6022,revolving,4029.26,10603.0,7316.13
6023,revolving,25142.01,42038.47,33590.24
6024,term,2105.96,,2105.96
6025,term,6063.71,,6063.71
6026,term,1068.96,,1068.96
6027,revolving,9026.97,16626.34,12826.66
6028,term,7526.61,,7526.61
6029,revolving,7817.91,13966.55,10892.23
6030,term,7539.95,,7539.95
6031,term,8060.18,,8060.18
6032,term,1976.08,,1976.08
6033,revolving,20821.47,58104.22,39462.84
6034,term,20678.99,,20678.99
6035,term,12021.92,,12021.92
6036,term,631.23,,631.23
6037,revolving,903.01,2555.28,1729.14
6038,revolving,12159.79,34692.66,23426.22
6039,term,7495.61,,7495.61
6040,revolving,14299.28,41590.62,27944.95
6041,term,1132.47,,1132.47
6042,term,17335.6,,17335.6
6043,term,19161.22,,19161.22
6044,term,9979.0,,9979.0
6045,revolving,6570.31,10812.27,8691.29
6046,revolving,9609.24,21233.44,15421.34
6047,term,14930.83,,14930.83
6048,term,37338.33,,37338.33
6049,revolving,10834.06,21756.64,16295.35
6050,revolving,6169.66,15128.44,10649.05
6051,term,7348.94,,7348.94
6052,revolving,20834.8,49004.57,34919.68
6053,term,17956.37,,17956.37
6054,term,4925.39,,4925.39
6055,revolving,462.99,982.15,722.57
6056,term,10580.9,,10580.9
6057,term,4294.21,,4294.21
6058,term,39011.19,,39011.19
6059,revolving,644.27,1427.97,1036.12
6060,revolving,5456.13,9169.38,7312.75
6061,term,5431.26,,5431.26
6062,term,17489.07,,17489.07
6063,term,6457.12,,6457.12
6064,term,230.48,,230.48
6065,term,7566.78,,7566.78
6066,revolving,963.14,2323.11,1643.12
6067,term,4171.85,,4171.85
6068,term,9330.24,,9330.24
6069,term,27008.93,,27008.93
6070,term,1266.26,,1266.26
6071,revolving,1509.81,4275.74,2892.77
6072,term,454.77,,454.77
6073,term,5873.01,,5873.01
6074,term,17991.31,,17991.31
6075,term,240.56,,240.56
6076,term,19064.45,,19064.45
6077,term,9168.35,,9168.35
6078,term,699.6,,699.6
6079,term,1540.06,,1540.06
6080,term,14284.05,,14284.05
6081,term,64531.84,,64531.84
6082,revolving,3054.69,6027.36,4541.02
6083,term,1271.51,,1271.51
6084,term,7514.42,,7514.42
6085,term,8048.45,,8048.45
6086,term,11612.58,,11612.58
6087,revolving,8548.7,16123.19,12335.94
6088,term,1308.96,,1308.96
6089,revolving,7590.68,11778.38,9684.53
6090,term,4726.86,,4726.86
6091,term,15472.03,,15472.03
6092,revolving,595.02,1630.81,1112.92
6093,term,870.36,,870.36
6094,term,1535.27,,1535.27
6095,term,4372.76,,4372.76
6096,revolving,2673.25,6261.84,4467.54
6097,term,5644.86,,5644.86
6098,revolving,24195.4,37113.12,30654.26
6099,term,11726.42,,11726.42
6100,revolving,1840.82,4716.71,3278.77
6101,term,14333.77,,14333.77
6102,revolving,1138.3,2899.48,2018.89
6103,term,1326.96,,1326.96
6104,revolving,1107.42,2662.42,1884.92
6105,term,617.48,,617.48
6106,term,14047.45,,14047.45
6107,term,1356.61,,1356.61
6108,term,6710.81,,6710.81
6109,term,14705.38,,14705.38
6110,revolving,5274.02,13274.4,9274.21
6111,revolving,10033.63,26442.38,18238.0
6112,term,14157.06,,14157.06
6113,revolving,7996.79,15135.99,11566.39
6114,term,5843.94,,5843.94
6115,term,4627.34,,4627.34
6116,revolving,3861.4,10736.37,7298.88
6117,term,2840.58,,2840.58
6118,revolving,10653.59,31265.44,20959.52
6119,term,1265.16,,1265.16
6120,term,13381.79,,13381.79
6121,term,6106.94,,6106.94
6122,term,5593.7,,5593.7
6123,term,7633.54,,7633.54
6124,revolving,15587.0,25143.76,20365.38
6125,revolving,5209.73,15236.0,10222.86
6126,revolving,1178.64,1884.45,1531.54
6127,term,3992.93,,3992.93
6128,term,28164.6,,28164.6
6129,term,14408.4,,14408.4
6130,term,2224.32,,2224.32
6131,term,12414.19,,12414.19
6132,revolving,12283.75,24283.09,18283.42
6133,term,12837.96,,12837.96
6134,term,7048.08,,7048.08
6135,term,1792.51,,1792.51
6136,term,11707.81,,11707.81
6137,term,609.77,,609.77
6138,revolving,16028.41,26288.88,21158.64
6139,term,1220.34,,1220.34
6140,revolving,6724.67,13464.58,10094.62
6141,term,2061.18,,2061.18
6142,term,1833.01,,1833.01
6143,term,12792.39,,12792.39
6144,revolving,18345.83,42188.27,30267.05
6145,revolving,14047.19,33500.33,23773.76
6146,term,7271.35,,7271.35
6147,term,5625.85,,5625.85
6148,term,2696.02,,2696.02
6149,term,462.08,,462.08
6150,revolving,19029.03,45544.4,32286.72
6151,term,14438.76,,14438.76
6152,term,13875.68,,13875.68
6153,term,764.92,,764.92
6154,term,22429.45,,22429.45
6155,term,1350.54,,1350.54
6156,term,14950.72,,14950.72
6157,revolving,1594.58,3270.83,2432.7
6158,revolving,302.07,460.25,381.16
6159,term,32915.54,,32915.54
6160,revolving,1956.4,3203.63,2580.02
6161,term,22320.88,,22320.88
6162,term,11147.11,,11147.11
6163,term,7474.67,,7474.67
6164,term,1602.44,,1602.44
6165,term,11045.83,,11045.83
6166,term,7601.31,,7601.31
6167,term,3669.86,,3669.86
6168,revolving,6216.59,13642.38,9929.48
6169,term,1146.91,,1146.91
6170,term,7401.53,,7401.53
6171,term,33687.93,,33687.93
6172,term,3480.95,,3480.95
6173,term,27581.26,,27581.26
6174,revolving,12687.9,21181.8,16934.85
6175,term,1990.51,,1990.51
6176,term,2445.03,,2445.03
6177,term,1746.28,,1746.28
6178,term,15914.4,,15914.4
6179,term,3341.2,,3341.2
6180,term,3749.31,,3749.31
6181,term,11347.29,,11347.29
6182,term,13756.37,,13756.37
6183,term,4800.06,,4800.06
6184,revolving,6407.81,10628.5,8518.16
6185,term,11538.94,,11538.94
6186,revolving,6317.57,14527.47,10422.52
6187,revolving,3432.53,5464.32,4448.42
6188,term,6033.03,,6033.03
6189,term,20004.81,,20004.81
6190,term,2105.58,,2105.58
6191,term,8135.16,,8135.16
6192,term,1189.19,,1189.19
6193,revolving,18240.28,30052.88,24146.58
6194,revolving,31239.99,73652.61,52446.3
6195,term,4527.72,,4527.72
6196,term,1305.57,,1305.57
6197,term,5236.83,,5236.83
6198,revolving,582.46,1574.4,1078.43
6199,term,5624.22,,5624.22
6200,term,2082.05,,2082.05
6201,revolving,26658.62,61847.77,44253.19
6202,term,6935.59,,6935.59
6203,revolving,1132.38,3118.75,2125.56
6204,term,8540.28,,8540.28
6205,term,1268.06,,1268.06
6206,revolving,4831.06,8383.69,6607.38
6207,term,14617.34,,14617.34
6208,term,13172.5,,13172.5
6209,term,6923.43,,6923.43
6210,term,4336.3,,4336.3
6211,term,13518.26,,13518.26
6212,term,16087.13,,16087.13
6213,term,11172.69,,11172.69
6214,term,5136.14,,5136.14
6215,revolving,2987.02,8849.71,5918.36
6216,revolving,3978.36,6857.33,5417.84
6217,term,31304.69,,31304.69
6218,term,2861.53,,2861.53
6219,term,8919.6,,8919.6
6220,term,3023.51,,3023.51
6221,revolving,20795.05,60615.75,40705.4
6222,revolving,1673.89,3290.13,2482.01
6223,term,8792.2,,8792.2
6224,term,1256.68,,1256.68
6225,term,3888.87,,3888.87
6226,term,10857.66,,10857.66
6227,term,28622.85,,28622.85
6228,revolving,10341.52,31003.26,20672.39
6229,revolving,13165.68,24321.42,18743.55
6230,term,17047.11,,17047.11
6231,term,8058.72,,8058.72
6232,revolving,21232.25,40647.18,30939.72
6233,term,13592.57,,13592.57
6234,term,17603.01,,17603.01
6235,term,3992.9,,3992.9
6236,revolving,2608.33,5409.26,4008.8
6237,term,35181.65,,35181.65
6238,term,1595.68,,1595.68
6239,revolving,1902.62,3221.13,2561.88
6240,revolving,7379.33,18224.73,12802.03
6241,revolving,32213.86,88039.81,60126.84
6242,term,2126.02,,2126.02
6243,term,13587.06,,13587.06
6244,revolving,15404.56,24818.18,20111.37
6245,revolving,11392.06,25045.11,18218.58
6246,term,3256.15,,3256.15
6247,term,5968.75,,5968.75
6248,revolving,1567.62,4061.37,2814.5
6249,revolving,6161.63,16295.81,11228.72
6250,term,2729.86,,2729.86
6251,term,831.88,,831.88
6252,term,9097.65,,9097.65
6253,term,9405.46,,9405.46
6254,term,1370.34,,1370.34
6255,term,10989.89,,10989.89
6256,term,14579.89,,14579.89
6257,term,3655.52,,3655.52
6258,term,745.2,,745.2
6259,revolving,451.28,842.34,646.81
6260,term,6760.6,,6760.6
6261,term,22655.09,,22655.09
6262,revolving,24925.71,54808.13,39866.92
6263,term,1838.7,,1838.7
6264,revolving,11871.15,21723.85,16797.5
6265,revolving,4557.88,11619.01,8088.44
6266,term,4004.97,,4004.97
6267,revolving,5100.94,13059.88,9080.41
6268,term,892.29,,892.29
6269,term,4071.89,,4071.89
6270,term,2390.71,,2390.71
6271,term,1332.26,,1332.26
6272,revolving,2061.85,5392.53,3727.19
6273,term,3273.49,,3273.49
6274,term,10763.33,,10763.33
6275,term,2796.56,,2796.56
6276,term,4419.64,,4419.64
6277,term,1094.79,,1094.79
6278,term,11416.85,,11416.85
6279,revolving,7202.19,21207.81,14205.0
6280,term,2554.95,,2554.95
6281,revolving,648.84,1294.45,971.64
6282,term,34708.09,,34708.09
6283,revolving,4888.5,13810.36,9349.43
6284,revolving,4327.63,6726.95,5527.29
6285,term,31421.59,,31421.59
6286,term,6805.93,,6805.93
6287,revolving,2468.65,7404.71,4936.68
6288,term,10997.8,,10997.8
6289,revolving,11168.96,22154.56,16661.76
6290,term,26803.04,,26803.04
6291,term,5259.68,,5259.68
6292,term,9172.52,,9172.52
6293,revolving,21405.6,60090.02,40747.81
6294,term,15696.72,,15696.72
6295,revolving,4422.73,8944.4,6683.56
6296,revolving,12117.96,24992.25,18555.1
6297,term,4474.25,,4474.25
6298,term,28327.87,,28327.87
6299,revolving,1702.77,4512.15,3107.46
6300,term,12619.97,,12619.97
6301,revolving,7162.44,15586.61,11374.53
6302,term,2885.63,,2885.63
6303,term,2097.47,,2097.47
6304,revolving,15653.12,40053.41,27853.26
6305,term,2786.93,,2786.93
6306,term,4516.05,,4516.05
6307,term,20224.26,,20224.26
6308,term,13892.99,,13892.99
6309,term,787.44,,787.44
6310,revolving,19339.34,44849.48,32094.41
6311,term,4226.72,,4226.72
6312,term,2729.48,,2729.48
6313,term,651.58,,651.58
6314,term,4814.68,,4814.68
6315,term,7161.23,,7161.23
6316,revolving,2379.91,6761.59,4570.75
6317,revolving,2876.61,7280.02,5078.32
6318,term,2476.99,,2476.99
6319,term,3297.86,,3297.86
6320,term,14985.74,,14985.74
6321,term,6934.88,,6934.88
6322,term,1048.59,,1048.59
6323,term,4413.89,,4413.89
6324,term,9149.57,,9149.57
6325,term,757.06,,757.06
6326,term,18628.34,,18628.34
6327,revolving,607.23,1393.76,1000.5
6328,term,2319.62,,2319.62
6329,term,531.84,,531.84
6330,term,26516.07,,26516.07
6331,term,908.2,,908.2
6332,revolving,4869.04,13393.67,9131.36
6333,term,5911.75,,5911.75
6334,term,4621.07,,4621.07
6335,term,2093.81,,2093.81
6336,revolving,5299.7,12738.63,9019.16
6337,term,8831.66,,8831.66
6338,term,378.1,,378.1
6339,term,8849.66,,8849.66
6340,term,9819.51,,9819.51
6341,term,8257.81,,8257.81
6342,term,37291.26,,37291.26
6343,term,561.02,,561.02
6344,revolving,29792.12,79239.03,54515.58
6345,term,2233.85,,2233.85
6346,term,5237.17,,5237.17
6347,term,16663.33,,16663.33
6348,revolving,1718.07,2827.26,2272.66
6349,term,17572.86,,17572.86
6350,revolving,7555.9,20785.0,14170.45
6351,term,13894.1,,13894.1
6352,term,9135.86,,9135.86
6353,term,3497.89,,3497.89
6354,term,10444.13,,10444.13
6355,revolving,916.64,1910.06,1413.35
6356,revolving,20410.56,46528.89,33469.72
6357,term,11982.96,,11982.96
6358,term,17454.36,,17454.36
6359,revolving,12437.82,24742.74,18590.28
6360,term,1180.72,,1180.72
6361,term,47302.78,,47302.78
6362,term,3563.17,,3563.17
6363,term,14669.55,,14669.55
6364,term,6092.28,,6092.28
6365,term,5964.12,,5964.12
6366,term,2389.23,,2389.23
6367,term,24645.37,,24645.37
6368,term,8087.88,,8087.88
6369,term,3049.21,,3049.21
6370,revolving,8106.38,16807.37,12456.88
6371,term,6677.77,,6677.77
6372,term,4423.21,,4423.21
6373,revolving,3594.16,10184.29,6889.22
6374,revolving,1270.3,2688.87,1979.58
6375,term,14473.22,,14473.22
6376,term,4476.33,,4476.33
6377,revolving,7059.15,11393.37,9226.26
6378,revolving,810.81,1361.53,1086.17
6379,revolving,3858.27,7420.46,5639.36
6380,revolving,130.92,333.22,232.07
6381,term,3856.04,,3856.04
6382,term,5794.81,,5794.81
6383,term,11105.88,,11105.88
6384,term,5460.31,,5460.31
6385,term,541.06,,541.06
6386,term,8454.04,,8454.04
6387,term,3394.57,,3394.57
6388,revolving,17005.91,32763.65,24884.78
6389,term,22051.77,,22051.77
6390,term,5105.7,,5105.7
6391,term,5966.01,,5966.01
6392,term,4015.78,,4015.78
6393,revolving,10976.05,25935.16,18455.6
6394,term,8065.91,,8065.91
6395,revolving,12366.63,21897.57,17132.1
6396,term,12852.6,,12852.6
6397,term,3406.94,,3406.94
6398,term,1984.93,,1984.93
6399,term,11756.67,,11756.67
6400,revolving,478.23,948.92,713.58
6401,term,14312.47,,14312.47
6402,revolving,844.57,1763.48,1304.03
6403,term,14264.15,,14264.15
6404,revolving,20053.78,47254.09,33653.94
6405,term,10417.85,,10417.85
6406,revolving,4206.6,9017.52,6612.06
6407,term,3304.59,,3304.59
6408,term,14181.66,,14181.66
6409,term,7419.6,,7419.6
6410,revolving,2979.14,8210.44,5594.79
6411,term,41639.37,,41639.37
6412,term,1837.81,,1837.81
6413,revolving,8156.5,23397.54,15777.02
6414,term,15061.62,,15061.62
6415,term,13131.97,,13131.97
6416,term,5605.46,,5605.46
6417,term,6439.29,,6439.29
6418,revolving,7400.59,18548.27,12974.43
6419,revolving,26911.09,53255.29,40083.19
6420,term,4706.63,,4706.63
6421,revolving,2488.4,7345.69,4917.04
6422,term,6548.07,,6548.07
6423,term,6525.11,,6525.11
6424,term,855.67,,855.67
6425,term,11994.7,,11994.7
6426,term,4946.76,,4946.76
6427,revolving,3604.31,7578.73,5591.52
6428,revolving,6901.14,18469.23,12685.19
6429,term,12809.49,,12809.49
6430,term,5705.4,,5705.4
6431,revolving,11377.88,27286.3,19332.09
6432,revolving,9148.28,27357.06,18252.67
6433,revolving,790.86,1255.81,1023.34
6434,term,1544.8,,1544.8
6435,revolving,1195.74,3281.97,2238.85
6436,term,988.35,,988.35
6437,term,7175.22,,7175.22
6438,term,702.97,,702.97
6439,term,8229.78,,8229.78
6440,term,8813.18,,8813.18
6441,term,1994.04,,1994.04
6442,term,10728.56,,10728.56
6443,revolving,4616.38,13517.37,9066.88
6444,term,793.46,,793.46
6445,term,2157.86,,2157.86
6446,term,2169.01,,2169.01
6447,revolving,37411.23,93186.42,65298.82
6448,term,16444.33,,16444.33
6449,term,4285.32,,4285.32
6450,term,1019.69,,1019.69
6451,revolving,10016.08,22317.87,16166.97
6452,revolving,21843.3,35737.48,28790.39
6453,term,25819.11,,25819.11
6454,term,23611.24,,23611.24
6455,revolving,1052.47,1780.89,1416.68
6456,term,6252.41,,6252.41
6457,term,1908.42,,1908.42
6458,term,3940.47,,3940.47
6459,term,28013.83,,28013.83
6460,term,6013.86,,6013.86
6461,term,27496.59,,27496.59
6462,term,4386.82,,4386.82
6463,revolving,8065.81,23363.35,15714.58
6464,term,5229.71,,5229.71
6465,revolving,7148.4,14921.7,11035.05
6466,term,18155.95,,18155.95
6467,term,5180.23,,5180.23
6468,term,15976.14,,15976.14
6469,revolving,886.91,1655.18,1271.04
6470,revolving,22671.53,59757.58,41214.56
6471,term,30324.51,,30324.51
6472,revolving,753.5,1780.67,1267.08
6473,term,1875.96,,1875.96
6474,revolving,747.86,1707.21,1227.54
6475,revolving,16131.17,48117.08,32124.12
6476,revolving,18688.9,48336.82,33512.86
6477,term,14803.93,,14803.93
6478,term,2447.74,,2447.74
6479,term,5378.39,,5378.39
6480,term,6785.97,,6785.97
6481,term,12891.22,,12891.22
6482,term,26187.36,,26187.36
6483,term,4593.33,,4593.33
6484,term,10009.0,,10009.0
6485,term,2127.95,,2127.95
6486,term,4713.17,,4713.17
6487,revolving,100.0,150.28,125.14
6488,term,3198.08,,3198.08
6489,term,13121.95,,13121.95
6490,revolving,11852.84,29012.65,20432.75
6491,term,11776.62,,11776.62
6492,term,9874.9,,9874.9
6493,term,1039.31,,1039.31
6494,term,2283.47,,2283.47
6495,revolving,68186.22,138636.23,103411.22
6496,term,1604.7,,1604.7
6497,term,8014.81,,8014.81
6498,term,8095.85,,8095.85
6499,term,13304.65,,13304.65
6500,revolving,5892.75,14351.13,10121.94
6501,term,15663.56,,15663.56
6502,term,6597.16,,6597.16
6503,term,17921.93,,17921.93
6504,term,4697.04,,4697.04
6505,term,5227.82,,5227.82
6506,revolving,23723.68,70607.09,47165.38
6507,revolving,26858.47,70922.34,48890.4
6508,revolving,1253.44,2587.96,1920.7
6509,revolving,2407.02,5709.74,4058.38
6510,term,20204.97,,20204.97
6511,term,1890.59,,1890.59
6512,revolving,5577.33,14086.09,9831.71
6513,revolving,25015.92,49722.66,37369.29
6514,revolving,9175.57,25288.02,17231.79
6515,term,3246.67,,3246.67
6516,term,3678.65,,3678.65
6517,revolving,8333.82,24928.08,16630.95
6518,revolving,37605.14,111745.79,74675.46
6519,revolving,2241.8,4179.34,3210.57
6520,term,4062.9,,4062.9
6521,term,24230.29,,24230.29
6522,term,2974.28,,2974.28
6523,revolving,5153.53,8681.22,6917.38
6524,term,2020.21,,2020.21
6525,term,12379.02,,12379.02
6526,revolving,1455.69,2260.07,1857.88
6527,term,406.97,,406.97
6528,revolving,15058.03,35508.39,25283.21
6529,term,14804.55,,14804.55
6530,revolving,10583.3,29446.14,20014.72
6531,term,9152.35,,9152.35
6532,revolving,10099.59,15769.21,12934.4
6533,revolving,7196.3,16401.14,11798.72
6534,term,10220.94,,10220.94
6535,term,8074.35,,8074.35
6536,term,12598.68,,12598.68
6537,term,12192.83,,12192.83
6538,revolving,2997.84,6036.4,4517.12
6539,term,23779.46,,23779.46
6540,term,6532.02,,6532.02
6541,term,3168.81,,3168.81
6542,revolving,12143.42,35926.28,24034.85
6543,revolving,1807.78,2965.78,2386.78
6544,term,12111.06,,12111.06
6545,term,5571.54,,5571.54
6546,term,26526.84,,26526.84
6547,term,2086.25,,2086.25
6548,term,22122.55,,22122.55
6549,term,2014.36,,2014.36
6550,term,5647.33,,5647.33
6551,term,15880.93,,15880.93
6552,term,11896.42,,11896.42
6553,term,15113.36,,15113.36
6554,term,7232.53,,7232.53
6555,revolving,959.33,1520.32,1239.82
6556,revolving,18000.63,32035.68,25018.16
6557,term,3144.47,,3144.47
6558,term,7698.69,,7698.69
6559,revolving,2845.69,5660.63,4253.16
6560,revolving,1010.63,2658.78,1834.7
6561,term,11046.8,,11046.8
6562,term,8982.36,,8982.36
6563,term,8556.86,,8556.86
6564,term,7733.76,,7733.76
6565,term,7564.2,,7564.2
6566,term,6993.4,,6993.4
6567,term,16563.73,,16563.73
6568,term,11697.71,,11697.71
6569,term,2408.2,,2408.2
6570,term,2214.75,,2214.75
6571,term,36108.91,,36108.91
6572,term,2250.7,,2250.7
6573,term,14402.28,,14402.28
6574,revolving,4526.96,7935.42,6231.19
6575,term,1124.06,,1124.06
6576,revolving,934.68,2481.53,1708.1
6577,revolving,42915.54,91541.26,67228.4
6578,term,6992.68,,6992.68
6579,term,1856.67,,1856.67
6580,term,7012.66,,7012.66
6581,revolving,4709.66,8198.46,6454.06
6582,revolving,16316.56,25490.45,20903.5
6583,revolving,6377.54,18237.68,12307.61
6584,term,4545.45,,4545.45
6585,term,10185.67,,10185.67
6586,term,594.1,,594.1
6587,term,21065.04,,21065.04
6588,term,1023.54,,1023.54
6589,term,1705.07,,1705.07
6590,revolving,695.02,1520.01,1107.51
6591,term,660.36,,660.36
6592,term,8986.86,,8986.86
6593,term,11214.33,,11214.33
6594,revolving,13772.95,20941.11,17357.03
6595,revolving,16062.64,33715.12,24888.88
6596,term,5662.25,,5662.25
6597,term,6348.86,,6348.86
6598,term,26773.02,,26773.02
6599,revolving,4328.59,12961.6,8645.1
6600,term,8835.66,,8835.66
6601,term,2581.84,,2581.84
6602,term,11879.47,,11879.47
6603,term,10947.75,,10947.75
6604,revolving,6705.66,12867.16,9786.41
6605,term,2255.27,,2255.27
6606,term,8524.33,,8524.33
6607,term,13369.09,,13369.09
6608,term,4291.59,,4291.59
6609,revolving,19602.26,31867.04,25734.65
6610,term,6928.25,,6928.25
6611,revolving,13298.05,24899.23,19098.64
6612,revolving,1781.92,2974.55,2378.24
6613,term,29174.32,,29174.32
6614,term,2420.16,,2420.16
6615,term,5376.59,,5376.59
6616,revolving,15666.82,26719.95,21193.38
6617,term,3056.6,,3056.6
6618,term,12300.93,,12300.93
6619,term,15029.11,,15029.11
6620,revolving,20463.3,38666.43,29564.86
6621,term,1494.94,,1494.94
6622,term,12253.35,,12253.35
6623,term,2152.46,,2152.46
6624,term,16569.63,,16569.63
6625,revolving,6245.13,17011.35,11628.24
6626,term,15924.79,,15924.79
6627,revolving,11216.49,27794.67,19505.58
6628,term,4332.18,,4332.18
6629,term,7476.94,,7476.94
6630,term,4752.98,,4752.98
6631,term,1893.19,,1893.19
6632,term,3984.53,,3984.53
6633,term,14333.68,,14333.68
6634,term,11512.25,,11512.25
6635,term,12773.88,,12773.88
6636,term,7106.9,,7106.9
6637,revolving,3488.16,7245.22,5366.69
6638,term,1625.06,,1625.06
6639,term,557.53,,557.53
6640,term,220.92,,220.92
6641,revolving,21952.24,44533.78,33243.01
6642,revolving,4732.25,11088.16,7910.2
6643,term,5366.81,,5366.81
6644,revolving,646.61,1539.83,1093.22
6645,term,2355.39,,2355.39
6646,term,8398.99,,8398.99
6647,revolving,984.24,2236.75,1610.5
6648,revolving,20222.86,49131.23,34677.04
6649,term,5908.96,,5908.96
6650,revolving,5428.98,11911.23,8670.1
6651,term,11169.82,,11169.82
6652,revolving,2698.88,7556.81,5127.84
6653,term,6037.37,,6037.37
6654,term,4932.6,,4932.6
6655,term,23978.5,,23978.5
6656,term,12899.72,,12899.72
6657,term,6782.2,,6782.2
6658,term,8642.95,,8642.95
6659,term,9018.25,,9018.25
6660,term,1753.05,,1753.05
6661,term,2781.42,,2781.42
6662,term,17900.33,,17900.33
6663,term,7755.14,,7755.14
6664,revolving,6985.52,14174.9,10580.21
6665,revolving,2906.78,8218.03,5562.41
6666,revolving,15570.01,27413.81,21491.91
6667,term,8164.94,,8164.94
6668,revolving,13299.16,29865.19,21582.18
6669,term,4692.25,,4692.25
6670,term,2496.83,,2496.83
6671,term,5359.88,,5359.88
6672,revolving,14575.19,33160.38,23867.78
6673,term,5391.47,,5391.47
6674,term,7226.64,,7226.64
6675,term,3235.84,,3235.84
6676,revolving,5841.34,15781.13,10811.24
6677,term,1328.39,,1328.39
6678,term,4326.25,,4326.25
6679,term,2385.97,,2385.97
6680,term,1824.39,,1824.39
6681,term,8909.97,,8909.97
6682,term,2346.17,,2346.17
6683,revolving,3876.58,8436.33,6156.46
6684,term,6412.47,,6412.47
6685,term,1516.83,,1516.83
6686,term,6957.86,,6957.86
6687,term,3857.0,,3857.0
6688,term,18104.24,,18104.24
6689,term,1281.05,,1281.05
6690,term,11103.48,,11103.48
6691,revolving,36827.49,83409.17,60118.33
6692,term,1372.32,,1372.32
6693,term,6364.98,,6364.98
6694,revolving,2781.37,7345.52,5063.44
6695,term,1296.96,,1296.96
6696,revolving,3703.58,7684.85,5694.22
6697,term,11506.78,,11506.78
6698,term,9270.46,,9270.46
6699,revolving,7474.65,19607.73,13541.19
6700,term,974.55,,974.55
6701,term,576.74,,576.74
6702,revolving,13494.99,25074.01,19284.5
6703,term,10038.67,,10038.67
6704,term,3313.32,,3313.32
6705,term,5075.18,,5075.18
6706,revolving,254.91,658.98,456.95
6707,revolving,1104.68,1829.25,1466.96
6708,term,4079.01,,4079.01
6709,term,3674.37,,3674.37
6710,revolving,39053.76,114794.59,76924.17
6711,term,1379.7,,1379.7
6712,term,2115.14,,2115.14
6713,revolving,4623.23,13818.01,9220.62
6714,revolving,3648.33,7604.0,5626.16
6715,revolving,673.05,1106.1,889.58
6716,term,4918.32,,4918.32
6717,term,3125.41,,3125.41
6718,term,256.37,,256.37
6719,term,630.25,,630.25
6720,term,5839.53,,5839.53
6721,revolving,1078.39,2650.1,1864.24
6722,term,7561.85,,7561.85
6723,revolving,6560.13,13094.46,9827.3
6724,term,994.44,,994.44
6725,term,21426.07,,21426.07
6726,term,9359.55,,9359.55
6727,term,26428.7,,26428.7
6728,term,149.33,,149.33
6729,revolving,5861.96,12169.02,9015.49
6730,revolving,7212.56,16776.93,11994.74
6731,term,1624.26,,1624.26
6732,term,6200.05,,6200.05
6733,revolving,16800.98,49950.35,33375.66
6734,term,31104.64,,31104.64
6735,term,15046.97,,15046.97
6736,term,17044.67,,17044.67
6737,revolving,22438.88,63612.22,43025.55
6738,term,664.51,,664.51
6739,term,796.56,,796.56
6740,revolving,1824.51,4294.41,3059.46
6741,term,1052.23,,1052.23
6742,term,4086.33,,4086.33
6743,term,20473.02,,20473.02
6744,revolving,1653.41,4943.25,3298.33
6745,term,5371.06,,5371.06
6746,revolving,1100.64,3101.71,2101.18
6747,term,2007.25,,2007.25
6748,term,2077.76,,2077.76
6749,revolving,7706.77,14724.17,11215.47
6750,term,4535.47,,4535.47
6751,term,14287.67,,14287.67
6752,term,2657.71,,2657.71
6753,term,12542.09,,12542.09
6754,term,1470.76,,1470.76
6755,term,11653.36,,11653.36
6756,term,9380.92,,9380.92
6757,revolving,25170.17,50156.48,37663.32
6758,term,29662.07,,29662.07
6759,revolving,24451.55,40404.49,32428.02
6760,term,14570.34,,14570.34
6761,term,12737.78,,12737.78
6762,term,26814.08,,26814.08
6763,term,538.07,,538.07
6764,term,12315.94,,12315.94
6765,revolving,7744.28,15845.51,11794.9
6766,revolving,2663.22,7470.93,5067.08
6767,revolving,213.05,405.63,309.34
6768,term,4971.97,,4971.97
6769,revolving,4337.56,10303.69,7320.62
6770,term,14504.49,,14504.49
6771,term,17531.74,,17531.74
6772,revolving,1746.25,4400.79,3073.52
6773,term,19034.48,,19034.48
6774,term,1973.29,,1973.29
6775,term,1567.21,,1567.21
6776,term,9271.46,,9271.46
6777,revolving,2820.76,7176.4,4998.58
6778,term,5875.43,,5875.43
6779,revolving,4391.52,8746.0,6568.76
6780,term,2674.94,,2674.94
6781,term,15758.51,,15758.51
6782,term,14236.52,,14236.52
6783,term,30422.58,,30422.58
6784,term,8535.81,,8535.81
6785,revolving,2647.77,6908.68,4778.23
6786,revolving,3257.05,9202.56,6229.8
6787,revolving,23885.15,68482.27,46183.71
6788,revolving,2252.18,5136.7,3694.44
6789,revolving,9309.11,20188.82,14748.96
6790,term,3342.89,,3342.89
6791,revolving,14383.56,30985.22,22684.39
6792,term,1642.15,,1642.15
6793,term,18853.4,,18853.4
6794,term,7110.26,,7110.26
6795,term,21138.59,,21138.59
6796,term,8203.0,,8203.0
6797,revolving,3456.63,7552.67,5504.65
6798,term,29298.69,,29298.69
6799,term,8200.16,,8200.16
6800,term,6893.1,,6893.1
6801,term,11013.36,,11013.36
6802,term,3272.79,,3272.79
6803,term,3867.78,,3867.78
6804,term,12804.32,,12804.32
6805,term,10867.02,,10867.02
6806,revolving,48059.17,138720.16,93389.66
6807,revolving,19871.07,40411.04,30141.06
6808,term,7100.5,,7100.5
6809,term,9817.24,,9817.24
6810,term,3143.74,,3143.74
6811,revolving,7627.17,13687.51,10657.34
6812,term,3223.66,,3223.66
6813,term,135.76,,135.76
6814,revolving,27967.9,57697.73,42832.82
6815,term,6038.57,,6038.57
6816,term,19066.13,,19066.13
6817,term,5641.96,,5641.96
6818,revolving,4467.23,12652.03,8559.63
6819,revolving,15268.85,38819.17,27044.01
6820,revolving,3152.46,6970.69,5061.58
6821,term,4285.99,,4285.99
6822,term,13645.94,,13645.94
6823,revolving,5589.43,13389.1,9489.26
6824,revolving,18312.19,30863.58,24587.88
6825,term,18419.48,,18419.48
6826,revolving,6628.86,18831.87,12730.36
6827,term,1608.97,,1608.97
6828,term,3273.36,,3273.36
6829,term,2656.27,,2656.27
6830,term,5989.03,,5989.03
6831,revolving,675.43,1126.03,900.73
6832,term,11785.78,,11785.78
6833,term,1248.6,,1248.6
6834,revolving,7589.61,12369.47,9979.54
6835,revolving,2160.5,3915.51,3038.0
6836,term,17457.21,,17457.21
6837,term,4945.7,,4945.7
6838,term,12845.4,,12845.4
6839,term,9292.16,,9292.16
6840,revolving,1125.89,2998.15,2062.02
6841,revolving,11571.46,19896.99,15734.22
6842,term,9047.84,,9047.84
6843,term,1353.93,,1353.93
6844,term,19407.17,,19407.17
6845,revolving,4692.4,7073.17,5882.78
6846,term,3891.04,,3891.04
6847,term,3588.0,,3588.0
6848,term,597.05,,597.05
6849,term,17928.62,,17928.62
6850,term,1763.99,,1763.99
6851,term,8296.75,,8296.75
6852,revolving,7875.42,12404.11,10139.76
6853,revolving,381.1,1047.37,714.23
6854,revolving,971.86,2245.92,1608.89
6855,term,6536.93,,6536.93
6856,term,7468.8,,7468.8
6857,term,4695.98,,4695.98
6858,term,11163.38,,11163.38
6859,revolving,4708.3,11669.62,8188.96
6860,term,5338.75,,5338.75
6861,term,5211.52,,5211.52
6862,revolving,16680.54,32750.56,24715.55
6863,revolving,795.36,1715.68,1255.52
6864,term,848.42,,848.42
6865,term,5224.59,,5224.59
6866,term,10878.76,,10878.76
6867,term,9174.32,,9174.32
6868,term,1770.37,,1770.37
6869,term,2413.39,,2413.39
6870,revolving,18355.13,40718.27,29536.7
6871,term,11562.77,,11562.77
6872,term,1783.98,,1783.98
6873,term,426.27,,426.27
6874,term,3363.93,,3363.93
6875,revolving,21625.86,58855.98,40240.92
6876,term,5056.0,,5056.0
6877,term,10702.6,,10702.6
6878,term,18129.04,,18129.04
6879,revolving,8779.26,17458.82,13119.04
6880,term,14520.7,,14520.7
6881,revolving,2329.6,5174.09,3751.84
6882,term,1377.62,,1377.62
6883,term,5959.88,,5959.88
6884,term,6492.62,,6492.62
6885,revolving,2196.24,5625.06,3910.65
6886,revolving,2459.23,6679.99,4569.61
6887,term,859.04,,859.04
6888,term,3377.75,,3377.75
6889,term,11077.39,,11077.39
6890,term,566.52,,566.52
6891,term,12503.93,,12503.93
6892,revolving,2734.54,7419.98,5077.26
6893,revolving,39647.33,90194.82,64921.08
6894,term,1146.99,,1146.99
6895,term,10225.64,,10225.64
6896,revolving,3141.36,7429.68,5285.52
6897,revolving,17473.92,42426.81,29950.36
6898,term,7800.61,,7800.61
6899,term,6426.4,,6426.4
6900,term,4094.97,,4094.97
6901,term,9482.97,,9482.97
6902,term,13719.67,,13719.67
6903,term,1745.28,,1745.28
6904,term,12150.1,,12150.1
6905,term,14173.19,,14173.19
6906,term,6703.49,,6703.49
6907,term,1368.71,,1368.71
6908,revolving,20152.48,32935.94,26544.21
6909,revolving,6695.17,17799.87,12247.52
6910,term,7585.47,,7585.47
6911,term,7981.17,,7981.17
6912,revolving,34238.89,64341.53,49290.21
6913,term,13039.67,,13039.67
6914,term,10139.79,,10139.79
6915,term,9408.68,,9408.68
6916,term,7875.83,,7875.83
6917,term,2502.07,,2502.07
6918,revolving,8938.09,15539.76,12238.92
6919,term,20874.02,,20874.02
6920,term,10103.49,,10103.49
6921,revolving,3316.3,6732.44,5024.37
6922,term,1469.48,,1469.48
6923,term,927.52,,927.52
6924,term,9689.99,,9689.99
6925,term,8704.84,,8704.84
6926,term,37163.59,,37163.59
6927,term,1152.61,,1152.61
6928,term,3483.27,,3483.27
6929,term,6361.81,,6361.81
6930,term,3179.97,,3179.97
6931,term,27714.72,,27714.72
6932,term,13246.8,,13246.8
6933,term,11348.34,,11348.34
6934,term,14618.24,,14618.24
6935,revolving,1113.15,3315.56,2214.36
6936,term,28899.44,,28899.44
6937,term,1919.36,,1919.36
6938,revolving,4524.24,8023.25,6273.74
6939,term,22411.49,,22411.49
6940,term,9354.53,,9354.53
6941,revolving,703.65,1802.41,1253.03
6942,revolving,3419.27,9143.28,6281.28
6943,term,417.39,,417.39
6944,term,11238.89,,11238.89
6945,term,797.58,,797.58
6946,revolving,2203.6,6282.81,4243.2
6947,term,12503.28,,12503.28
6948,term,2554.38,,2554.38
6949,revolving,16600.64,28027.71,22314.18
6950,term,7830.17,,7830.17
6951,revolving,8841.37,22607.64,15724.5
6952,term,14314.29,,14314.29
6953,term,21794.48,,21794.48
6954,term,2131.05,,2131.05
6955,revolving,9714.48,15568.76,12641.62
6956,term,705.93,,705.93
6957,term,1914.43,,1914.43
6958,term,36410.72,,36410.72
6959,revolving,2971.86,4753.32,3862.59
6960,revolving,30727.84,74867.76,52797.8
6961,term,4621.97,,4621.97
6962,term,1809.66,,1809.66
6963,revolving,2206.23,6250.11,4228.17
6964,term,612.54,,612.54
6965,term,19322.16,,19322.16
6966,term,8005.06,,8005.06
6967,revolving,14553.79,33506.97,24030.38
6968,term,6780.88,,6780.88
6969,term,32481.55,,32481.55
6970,term,12167.82,,12167.82
6971,term,1603.26,,1603.26
6972,term,4598.41,,4598.41
6973,term,2944.48,,2944.48
6974,term,1583.3,,1583.3
6975,term,6290.28,,6290.28
6976,term,998.61,,998.61
6977,revolving,6365.92,14497.89,10431.9
6978,revolving,6558.39,18929.56,12743.98
6979,revolving,1256.69,3539.8,2398.24
6980,term,3739.61,,3739.61
6981,term,2999.76,,2999.76
6982,term,12947.64,,12947.64
6983,revolving,1539.87,4444.84,2992.36
6984,revolving,2906.99,7471.05,5189.02
6985,revolving,486.18,1055.64,770.91
6986,term,1835.69,,1835.69
6987,term,3991.65,,3991.65
6988,term,4488.25,,4488.25
6989,term,14984.95,,14984.95
6990,term,4922.54,,4922.54
6991,revolving,2270.61,5032.03,3651.32
6992,term,30029.98,,30029.98
6993,term,10699.31,,10699.31
6994,term,9630.58,,9630.58
6995,revolving,21204.96,43954.55,32579.76
6996,term,738.07,,738.07
6997,term,7759.8,,7759.8
6998,revolving,12503.23,26107.72,19305.47
6999,term,5103.47,,5103.47
7000,term,1593.1,,1593.1
7001,term,7985.11,,7985.11
7002,term,12303.07,,12303.07
7003,revolving,11388.84,17792.78,14590.81
7004,revolving,103.36,272.13,187.74
7005,term,19365.41,,19365.41
7006,term,1372.18,,1372.18
7007,term,40231.88,,40231.88
7008,term,931.65,,931.65
7009,term,10533.76,,10533.76
7010,term,7167.35,,7167.35
7011,term,7436.81,,7436.81
7012,revolving,10585.43,30711.15,20648.29
7013,term,2312.28,,2312.28
7014,term,7379.15,,7379.15
7015,term,3182.51,,3182.51
7016,revolving,2498.28,6050.33,4274.3
7017,term,2119.55,,2119.55
7018,term,17469.05,,17469.05
7019,term,10666.17,,10666.17
7020,revolving,16790.65,35087.67,25939.16
7021,term,1212.66,,1212.66
7022,revolving,8051.11,16370.42,12210.76
7023,revolving,7972.38,16656.17,12314.27
7024,revolving,8975.8,23895.2,16435.5
7025,term,305.34,,305.34
7026,term,7313.23,,7313.23
7027,term,3575.61,,3575.61
7028,revolving,8757.36,20170.44,14463.9
7029,term,3687.23,,3687.23
7030,term,6672.64,,6672.64
7031,term,8405.55,,8405.55
7032,term,1602.73,,1602.73
7033,term,3973.91,,3973.91
7034,term,1194.68,,1194.68
7035,term,24379.81,,24379.81
7036,revolving,7890.18,21657.24,14773.71
7037,term,8246.82,,8246.82
7038,term,3600.7,,3600.7
7039,term,32070.53,,32070.53
7040,term,3559.35,,3559.35
7041,revolving,15470.6,34340.47,24905.54
7042,term,6476.13,,6476.13
7043,term,7722.55,,7722.55
7044,term,3004.31,,3004.31
7045,revolving,12486.61,31977.45,22232.03
7046,term,10247.42,,10247.42
7047,revolving,11223.11,33254.01,22238.56
7048,term,32211.45,,32211.45
7049,term,4588.48,,4588.48
7050,term,8481.23,,8481.23
7051,revolving,20146.62,41589.7,30868.16
7052,term,13616.78,,13616.78
7053,revolving,8761.72,16976.78,12869.25
7054,term,28338.63,,28338.63
7055,term,1012.41,,1012.41
7056,term,9782.75,,9782.75
7057,revolving,20925.81,45337.49,33131.65
7058,term,15143.14,,15143.14
7059,revolving,34894.71,75951.68,55423.19
7060,revolving,8389.4,24437.46,16413.43
7061,revolving,15103.53,26312.97,20708.25
7062,term,3031.6,,3031.6
7063,term,2733.73,,2733.73
7064,revolving,18940.71,54160.64,36550.68
7065,term,5286.65,,5286.65
7066,term,2918.71,,2918.71
7067,term,27096.82,,27096.82
7068,term,1641.06,,1641.06
7069,term,18620.77,,18620.77
7070,term,33645.94,,33645.94
7071,term,22204.16,,22204.16
7072,term,4828.51,,4828.51
7073,term,22903.19,,22903.19
7074,term,8156.36,,8156.36
7075,term,4377.15,,4377.15
7076,term,4161.95,,4161.95
7077,term,2256.23,,2256.23
7078,term,9444.03,,9444.03
7079,term,13058.42,,13058.42
7080,revolving,7379.14,15417.98,11398.56
7081,term,5731.69,,5731.69
7082,revolving,7120.52,15948.62,11534.57
7083,term,7021.76,,7021.76
7084,term,8236.98,,8236.98
7085,term,14657.48,,14657.48
7086,term,1315.62,,1315.62
7087,term,9437.49,,9437.49
7088,term,1650.91,,1650.91
7089,term,454.45,,454.45
7090,term,15062.18,,15062.18
7091,term,14506.02,,14506.02
7092,revolving,29228.59,61414.53,45321.56
7093,term,599.9,,599.9
7094,term,432.32,,432.32
7095,term,31365.35,,31365.35
7096,term,7119.48,,7119.48
7097,revolving,23567.7,60399.47,41983.59
7098,term,4755.95,,4755.95
7099,term,1422.57,,1422.57
7100,revolving,4827.53,10153.99,7490.76
7101,term,9248.64,,9248.64
7102,term,2659.28,,2659.28
7103,revolving,3396.23,9669.85,6533.04
7104,term,16509.74,,16509.74
7105,term,11627.4,,11627.4
7106,term,14587.63,,14587.63
7107,term,27098.99,,27098.99
7108,term,11260.48,,11260.48
7109,revolving,4195.44,10367.13,7281.28
7110,term,2693.32,,2693.32
7111,revolving,5894.32,11295.57,8594.94
7112,revolving,3004.5,7738.1,5371.3
7113,term,11275.12,,11275.12
7114,term,5480.52,,5480.52
7115,term,7562.43,,7562.43
7116,revolving,8301.11,24056.44,16178.78
7117,revolving,1878.79,4611.88,3245.34
7118,term,978.51,,978.51
7119,term,5986.27,,5986.27
7120,term,20907.32,,20907.32
7121,revolving,26928.65,77751.71,52340.18
7122,term,21856.88,,21856.88
7123,term,793.37,,793.37
7124,revolving,620.93,1531.54,1076.23
7125,term,6986.97,,6986.97
7126,term,2804.46,,2804.46
7127,term,5562.24,,5562.24
7128,term,10545.18,,10545.18
7129,term,5203.93,,5203.93
7130,revolving,1836.74,3588.25,2712.5
7131,term,6065.46,,6065.46
7132,term,936.27,,936.27
7133,term,8769.19,,8769.19
7134,term,14900.93,,14900.93
7135,term,10082.35,,10082.35
7136,revolving,11028.87,19063.27,15046.07
7137,revolving,9636.76,15447.53,12542.14
7138,term,5412.88,,5412.88
7139,term,1050.05,,1050.05
7140,term,5541.16,,5541.16
7141,revolving,17976.93,46307.11,32142.02
7142,term,6359.42,,6359.42
7143,revolving,21900.61,35915.98,28908.3
7144,term,18285.82,,18285.82
7145,revolving,2809.4,5043.82,3926.61
7146,revolving,809.42,1272.16,1040.79
7147,revolving,10397.39,25332.82,17865.1
7148,term,1090.21,,1090.21
7149,term,4299.1,,4299.1
7150,term,1011.8,,1011.8
7151,revolving,10179.49,17068.26,13623.88
7152,term,4304.09,,4304.09
7153,revolving,11297.95,30166.1,20732.03
7154,revolving,2755.37,6640.28,4697.82
7155,term,11969.51,,11969.51
7156,revolving,1447.41,3974.67,2711.04
7157,term,5338.71,,5338.71
7158,term,7317.79,,7317.79
7159,term,299.84,,299.84
7160,term,744.76,,744.76
7161,revolving,10143.7,23814.87,16979.28
7162,term,18544.77,,18544.77
7163,term,7413.53,,7413.53
7164,term,7987.56,,7987.56
7165,revolving,4436.63,7224.63,5830.63
7166,term,31499.03,,31499.03
7167,revolving,7645.24,16170.0,11907.62
7168,term,12802.07,,12802.07
7169,term,13702.24,,13702.24
7170,term,800.42,,800.42
7171,term,5170.24,,5170.24
7172,revolving,953.86,1769.81,1361.84
7173,term,1318.91,,1318.91
7174,revolving,4331.58,10156.55,7244.06
7175,term,27738.87,,27738.87
7176,term,10474.38,,10474.38
7177,revolving,826.2,1249.71,1037.96
7178,revolving,17179.48,31542.7,24361.09
7179,term,31770.64,,31770.64
7180,term,667.86,,667.86
7181,term,474.81,,474.81
7182,term,5945.51,,5945.51
7183,revolving,507.3,1020.41,763.86
7184,revolving,19501.37,30045.62,24773.5
7185,term,5621.59,,5621.59
7186,revolving,692.45,1837.36,1264.9
7187,term,5866.16,,5866.16
7188,term,24616.82,,24616.82
7189,term,8966.5,,8966.5
7190,term,3789.79,,3789.79
7191,term,7753.7,,7753.7
7192,term,18435.09,,18435.09
7193,term,1901.47,,1901.47
7194,term,21540.43,,21540.43
7195,revolving,1370.31,3034.87,2202.59
7196,term,5623.73,,5623.73
7197,term,3222.02,,3222.02
7198,revolving,5720.99,10271.61,7996.3
7199,revolving,33347.07,67254.19,50300.63
7200,revolving,14366.34,41786.15,28076.25
7201,term,4041.26,,4041.26
7202,term,49209.48,,49209.48
7203,term,510.6,,510.6
7204,term,4812.59,,4812.59
7205,revolving,2689.55,5749.32,4219.43
7206,term,7756.73,,7756.73
7207,term,6496.1,,6496.1
7208,term,19442.09,,19442.09
7209,term,3989.31,,3989.31
7210,revolving,5986.63,14182.62,10084.62
7211,term,4830.29,,4830.29
7212,term,5486.84,,5486.84
7213,term,1439.45,,1439.45
7214,term,3072.88,,3072.88
7215,term,701.94,,701.94
7216,term,12085.83,,12085.83
7217,term,2358.19,,2358.19
7218,revolving,1860.62,5222.68,3541.65
7219,revolving,5749.95,13168.42,9459.18
7220,revolving,1149.82,3254.01,2201.92
7221,revolving,21100.03,49132.31,35116.17
7222,term,21090.94,,21090.94
7223,term,6265.43,,6265.43
7224,term,3848.74,,3848.74
7225,revolving,537.66,1103.23,820.44
7226,revolving,11154.32,33292.22,22223.27
7227,revolving,4089.91,7448.41,5769.16
7228,term,5289.77,,5289.77
7229,revolving,15010.92,44531.99,29771.46
7230,term,3304.79,,3304.79
7231,term,16248.77,,16248.77
7232,term,15890.45,,15890.45
7233,term,13151.06,,13151.06
7234,term,31413.75,,31413.75
7235,term,4002.35,,4002.35
7236,term,241.59,,241.59
7237,term,1380.01,,1380.01
7238,revolving,5440.25,13042.04,9241.14
7239,term,32938.63,,32938.63
7240,term,12919.88,,12919.88
7241,revolving,2299.06,6663.38,4481.22
7242,revolving,1169.84,2873.78,2021.81
7243,term,939.66,,939.66
7244,term,3363.3,,3363.3
7245,term,24000.17,,24000.17
7246,term,1774.93,,1774.93
7247,term,2671.33,,2671.33
7248,revolving,9675.32,18955.67,14315.5
7249,term,7404.65,,7404.65
7250,revolving,13778.78,22264.92,18021.85
7251,revolving,8380.69,16475.22,12427.96
7252,revolving,9036.83,21679.06,15357.94
7253,term,7997.74,,7997.74
7254,revolving,1792.74,4255.76,3024.25
7255,term,9743.92,,9743.92
7256,term,536.53,,536.53
7257,term,43044.03,,43044.03
7258,term,15437.56,,15437.56
7259,revolving,209.54,363.99,286.76
7260,term,5532.25,,5532.25
7261,term,1836.13,,1836.13
7262,term,15107.03,,15107.03
7263,term,20045.66,,20045.66
7264,term,7792.25,,7792.25
7265,revolving,23656.53,56657.83,40157.18
7266,term,36527.92,,36527.92
7267,term,17795.38,,17795.38
7268,term,13293.22,,13293.22
7269,term,3546.93,,3546.93
7270,term,3062.99,,3062.99
7271,term,35029.26,,35029.26
7272,revolving,11408.9,17507.18,14458.04
7273,term,8362.41,,8362.41
7274,term,7506.82,,7506.82
7275,term,5375.4,,5375.4
7276,revolving,5405.86,15378.91,10392.38
7277,term,2504.15,,2504.15
7278,term,17650.94,,17650.94
7279,revolving,1209.19,2515.18,1862.18
7280,term,34873.22,,34873.22
7281,term,5412.83,,5412.83
7282,term,50031.62,,50031.62
7283,term,6799.81,,6799.81
7284,term,2638.66,,2638.66
7285,term,3863.15,,3863.15
7286,term,224.71,,224.71
7287,term,2658.8,,2658.8
7288,term,5341.55,,5341.55
7289,revolving,11842.64,32888.18,22365.41
7290,revolving,8932.15,23046.13,15989.14
7291,revolving,6873.92,10392.25,8633.08
7292,term,1077.04,,1077.04
7293,term,19107.66,,19107.66
7294,term,4121.79,,4121.79
7295,term,524.98,,524.98
7296,revolving,6325.49,9851.13,8088.31
7297,term,2354.14,,2354.14
7298,term,3785.8,,3785.8
7299,term,14344.67,,14344.67
7300,term,868.44,,868.44
7301,term,1793.83,,1793.83
7302,term,10609.72,,10609.72
7303,term,3382.09,,3382.09
7304,revolving,6864.39,16223.73,11544.06
7305,term,12007.22,,12007.22
7306,revolving,27563.18,66939.54,47251.36
7307,revolving,11044.79,29202.95,20123.87
7308,term,263.24,,263.24
7309,revolving,9376.12,24097.66,16736.89
7310,term,385.66,,385.66
7311,revolving,26913.85,57853.57,42383.71
7312,term,2635.64,,2635.64
7313,term,15711.71,,15711.71
7314,term,1479.78,,1479.78
7315,term,4146.11,,4146.11
7316,revolving,18493.42,47924.97,33209.2
7317,term,1576.83,,1576.83
7318,term,937.56,,937.56
7319,term,3137.87,,3137.87
7320,revolving,2447.93,4430.21,3439.07
7321,term,11516.16,,11516.16
7322,term,12465.15,,12465.15
7323,term,3572.48,,3572.48
7324,revolving,703.67,1972.59,1338.13
7325,term,4567.46,,4567.46
7326,term,14183.94,,14183.94
7327,term,7204.46,,7204.46
7328,revolving,2844.86,8063.18,5454.02
7329,term,15954.7,,15954.7
7330,term,1668.63,,1668.63
7331,term,4113.81,,4113.81
7332,revolving,7136.24,15453.15,11294.7
7333,revolving,3940.35,6983.07,5461.71
7334,term,4478.04,,4478.04
7335,term,387.73,,387.73
7336,term,5828.74,,5828.74
7337,term,2208.6,,2208.6
7338,term,11046.12,,11046.12
7339,term,1373.31,,1373.31
7340,term,5948.33,,5948.33
7341,revolving,38848.29,79872.26,59360.27
7342,term,15735.02,,15735.02
7343,term,7687.48,,7687.48
7344,term,18768.79,,18768.79
7345,term,1146.76,,1146.76
7346,term,1827.81,,1827.81
7347,term,7134.13,,7134.13
7348,term,2514.93,,2514.93
7349,revolving,1951.82,2956.56,2454.19
7350,revolving,706.92,1918.78,1312.85
7351,term,17071.32,,17071.32
7352,term,9154.84,,9154.84
7353,term,7485.75,,7485.75
7354,term,24426.83,,24426.83
7355,term,6732.64,,6732.64
7356,revolving,5986.78,9772.07,7879.42
7357,revolving,28087.87,70905.23,49496.55
7358,revolving,11824.9,19667.64,15746.27
7359,term,8181.43,,8181.43
7360,revolving,8112.39,22278.3,15195.34
7361,revolving,7813.38,20448.09,14130.74
7362,term,3215.93,,3215.93
7363,term,19036.52,,19036.52
7364,revolving,6344.16,17901.87,12123.02
7365,term,14717.98,,14717.98
7366,term,4991.59,,4991.59
7367,term,9470.46,,9470.46
7368,term,3800.39,,3800.39
7369,term,17903.18,,17903.18
7370,revolving,17358.72,34614.16,25986.44
7371,term,8030.75,,8030.75
7372,term,6281.1,,6281.1
7373,term,2914.26,,2914.26
7374,term,8374.79,,8374.79
7375,term,12691.88,,12691.88
7376,term,17005.2,,17005.2
7377,term,3032.03,,3032.03
7378,term,9932.14,,9932.14
7379,term,6227.56,,6227.56
7380,term,923.56,,923.56
7381,term,3849.05,,3849.05
7382,term,6381.66,,6381.66
7383,revolving,19639.63,41309.91,30474.77
7384,term,15151.24,,15151.24
7385,term,3775.85,,3775.85
7386,term,12969.7,,12969.7
7387,term,12784.69,,12784.69
7388,revolving,9494.95,17399.1,13447.02
7389,term,10539.19,,10539.19
7390,term,8128.73,,8128.73
7391,term,19580.27,,19580.27
7392,term,2770.58,,2770.58
7393,revolving,7164.06,18697.33,12930.7
7394,term,5112.95,,5112.95
7395,term,9469.18,,9469.18
7396,term,29551.57,,29551.57
7397,term,5454.78,,5454.78
7398,revolving,2249.16,5178.33,3713.74
7399,term,6814.14,,6814.14
7400,term,2714.36,,2714.36
7401,term,4504.61,,4504.61
7402,term,154.78,,154.78
7403,term,19881.95,,19881.95
7404,term,9506.72,,9506.72
7405,term,8690.95,,8690.95
7406,term,9752.4,,9752.4
7407,term,1274.94,,1274.94
7408,revolving,13023.07,27913.74,20468.4
7409,term,4029.75,,4029.75
7410,term,2012.36,,2012.36
7411,term,3125.34,,3125.34
7412,term,13787.93,,13787.93
7413,term,21722.06,,21722.06
7414,revolving,10168.73,16149.62,13159.18
7415,term,1997.42,,1997.42
7416,term,2855.74,,2855.74
7417,term,2748.9,,2748.9
7418,term,5503.7,,5503.7
7419,term,6310.22,,6310.22
7420,revolving,18308.37,35836.3,27072.34
7421,term,10905.67,,10905.67
7422,term,2998.4,,2998.4
7423,term,19860.91,,19860.91
7424,term,7616.37,,7616.37
7425,term,3578.98,,3578.98
7426,term,7406.11,,7406.11
7427,term,3374.44,,3374.44
7428,term,25267.9,,25267.9
7429,term,9681.71,,9681.71
7430,term,874.58,,874.58
7431,term,2577.91,,2577.91
7432,term,1776.38,,1776.38
7433,term,1662.99,,1662.99
7434,term,6507.46,,6507.46
7435,term,10044.74,,10044.74
7436,revolving,10504.68,23735.48,17120.08
7437,term,6506.56,,6506.56
7438,term,9517.53,,9517.53
7439,term,2691.47,,2691.47
7440,term,1917.73,,1917.73
7441,term,3637.01,,3637.01
7442,term,4489.26,,4489.26
7443,term,5235.98,,5235.98
7444,term,10351.0,,10351.0
7445,term,1665.38,,1665.38
7446,revolving,1792.97,4972.36,3382.66
7447,term,11446.54,,11446.54
7448,term,18456.33,,18456.33
7449,term,8152.62,,8152.62
7450,term,1210.6,,1210.6
7451,term,6733.26,,6733.26
7452,term,2525.19,,2525.19
7453,term,560.67,,560.67
7454,term,10514.63,,10514.63
7455,revolving,3116.91,9071.98,6094.44
7456,revolving,3786.51,8244.88,6015.7
7457,term,695.92,,695.92
7458,term,2295.08,,2295.08
7459,term,4723.92,,4723.92
7460,term,12164.56,,12164.56
7461,term,4498.68,,4498.68
7462,term,2677.9,,2677.9
7463,revolving,22658.27,52172.67,37415.47
7464,term,13834.7,,13834.7
7465,term,4288.98,,4288.98
7466,term,5030.16,,5030.16
7467,revolving,5649.17,12580.26,9114.72
7468,term,12024.58,,12024.58
7469,term,2430.66,,2430.66
7470,term,13611.03,,13611.03
7471,revolving,1613.42,2634.78,2124.1
7472,term,20046.43,,20046.43
7473,revolving,6537.76,10294.29,8416.03
7474,term,465.38,,465.38
7475,term,7344.17,,7344.17
7476,term,261.18,,261.18
7477,term,5181.74,,5181.74
7478,term,12218.87,,12218.87
7479,revolving,23489.8,51795.69,37642.75
7480,term,9272.86,,9272.86
7481,term,1797.34,,1797.34
7482,term,6458.19,,6458.19
7483,term,1170.16,,1170.16
7484,term,5738.71,,5738.71
7485,term,317.04,,317.04
7486,term,1168.17,,1168.17
7487,term,6139.81,,6139.81
7488,revolving,1367.9,2527.44,1947.67
7489,term,7972.3,,7972.3
7490,revolving,9838.41,22284.45,16061.43
7491,term,1517.02,,1517.02
7492,term,7307.79,,7307.79
7493,term,4427.24,,4427.24
7494,term,30276.02,,30276.02
7495,revolving,7018.88,12862.11,9940.5
7496,term,3361.73,,3361.73
7497,term,3253.14,,3253.14
7498,revolving,857.97,1382.66,1120.32
7499,term,4183.1,,4183.1
7500,term,3421.6,,3421.6
7501,term,2282.71,,2282.71
7502,revolving,1820.57,3251.97,2536.27
7503,term,35907.38,,35907.38
7504,term,4205.94,,4205.94
7505,term,3427.82,,3427.82
7506,revolving,12058.96,33989.44,23024.2
7507,term,123.65,,123.65
7508,term,10261.68,,10261.68
7509,term,6125.17,,6125.17
7510,revolving,8169.17,15976.9,12073.04
7511,revolving,8109.28,20804.22,14456.75
7512,revolving,1928.56,4389.31,3158.94
7513,term,10448.97,,10448.97
7514,term,3455.42,,3455.42
7515,term,27061.32,,27061.32
7516,revolving,15728.43,34505.45,25116.94
7517,term,464.52,,464.52
7518,term,19118.66,,19118.66
7519,revolving,5700.08,11020.89,8360.48
7520,term,18663.95,,18663.95
7521,term,2306.73,,2306.73
7522,term,400.24,,400.24
7523,term,5794.69,,5794.69
7524,revolving,7263.55,17830.57,12547.06
7525,term,2382.19,,2382.19
7526,term,4035.22,,4035.22
7527,term,2122.58,,2122.58
7528,term,1432.07,,1432.07
7529,term,840.01,,840.01
7530,term,3418.7,,3418.7
7531,term,9317.69,,9317.69
7532,term,5625.97,,5625.97
7533,term,5577.25,,5577.25
7534,term,24904.39,,24904.39
7535,revolving,2941.81,7427.87,5184.84
7536,revolving,1474.57,2716.87,2095.72
7537,revolving,25059.94,46109.53,35584.74
7538,term,3239.8,,3239.8
7539,term,12272.24,,12272.24
7540,term,4990.22,,4990.22
7541,term,12225.85,,12225.85
7542,term,7498.91,,7498.91
7543,term,5591.82,,5591.82
7544,revolving,14591.35,34913.5,24752.43
7545,term,2744.81,,2744.81
7546,term,1160.3,,1160.3
7547,revolving,17855.31,48913.65,33384.48
7548,term,11633.01,,11633.01
7549,revolving,9557.21,28091.84,18824.53
7550,revolving,1230.76,2533.6,1882.18
7551,revolving,3051.2,8330.38,5690.79
7552,term,1216.78,,1216.78
7553,term,1662.15,,1662.15
7554,term,10570.81,,10570.81
7555,term,2661.86,,2661.86
7556,term,2921.32,,2921.32
7557,term,5965.11,,5965.11
7558,term,15947.53,,15947.53
7559,term,7830.84,,7830.84
7560,revolving,3428.44,5487.57,4458.0
7561,revolving,431.74,1261.08,846.41
7562,term,2314.07,,2314.07
7563,term,25878.42,,25878.42
7564,revolving,8427.8,18839.56,13633.68
7565,term,1720.43,,1720.43
7566,revolving,2059.08,3628.5,2843.79
7567,revolving,2583.41,6907.61,4745.51
7568,term,23248.52,,23248.52
7569,revolving,6342.3,15968.09,11155.2
7570,term,10514.81,,10514.81
7571,term,4967.2,,4967.2
7572,term,24330.42,,24330.42
7573,term,12691.71,,12691.71
7574,revolving,9142.68,25429.55,17286.11
7575,term,2228.47,,2228.47
7576,term,580.1,,580.1
7577,term,390.84,,390.84
7578,revolving,2267.15,4177.86,3222.5
7579,revolving,2816.19,8112.67,5464.43
7580,revolving,9785.91,18865.6,14325.76
7581,term,19927.94,,19927.94
7582,term,9887.2,,9887.2
7583,term,5757.42,,5757.42
7584,term,8291.38,,8291.38
7585,term,1678.43,,1678.43
7586,term,3479.86,,3479.86
7587,term,3261.93,,3261.93
7588,revolving,4786.28,9306.17,7046.22
7589,term,6694.96,,6694.96
7590,term,2521.71,,2521.71
7591,term,26342.29,,26342.29
7592,revolving,8238.69,14712.95,11475.82
7593,revolving,19221.49,34152.76,26687.12
7594,revolving,5794.2,15973.18,10883.69
7595,term,1548.71,,1548.71
7596,revolving,8172.09,18420.75,13296.42
7597,term,9511.02,,9511.02
7598,term,4166.16,,4166.16
7599,revolving,15151.48,36553.02,25852.25
7600,term,23854.73,,23854.73
7601,term,12980.85,,12980.85
7602,term,5808.37,,5808.37
7603,term,2496.74,,2496.74
7604,revolving,10384.85,27116.65,18750.75
7605,term,14234.08,,14234.08
7606,term,3868.62,,3868.62
7607,term,13159.6,,13159.6
7608,term,17599.94,,17599.94
7609,term,4753.59,,4753.59
7610,term,14606.09,,14606.09
7611,term,9786.31,,9786.31
7612,term,1393.89,,1393.89
7613,revolving,11023.22,19576.79,15300.0
7614,term,3911.16,,3911.16
7615,term,2564.7,,2564.7
7616,term,1097.53,,1097.53
7617,term,20218.54,,20218.54
7618,revolving,6603.06,19485.11,13044.08
7619,revolving,25568.75,69486.08,47527.42
7620,term,7111.33,,7111.33
7621,revolving,624.37,1290.26,957.32
7622,term,11803.02,,11803.02
7623,term,14034.55,,14034.55
7624,term,3049.69,,3049.69
7625,term,1239.3,,1239.3
7626,term,2685.77,,2685.77
7627,revolving,17402.65,49039.18,33220.92
7628,term,1219.84,,1219.84
7629,revolving,1365.96,2579.46,1972.71
7630,revolving,6649.57,17068.02,11858.8
7631,term,26452.41,,26452.41
7632,term,8579.6,,8579.6
7633,term,15613.2,,15613.2
7634,revolving,2346.83,6107.66,4227.24
7635,term,3398.59,,3398.59
7636,term,3056.72,,3056.72
7637,term,21163.32,,21163.32
7638,term,3940.88,,3940.88
7639,term,3783.04,,3783.04
7640,term,687.79,,687.79
7641,term,2281.57,,2281.57
7642,term,5350.71,,5350.71
7643,term,1334.12,,1334.12
7644,term,11068.24,,11068.24
7645,term,1672.53,,1672.53
7646,term,17657.76,,17657.76
7647,term,3009.23,,3009.23
7648,term,676.31,,676.31
7649,term,12387.18,,12387.18
7650,term,3578.83,,3578.83
7651,term,352.25,,352.25
7652,term,6801.28,,6801.28
7653,term,1207.19,,1207.19
7654,revolving,17329.36,45671.87,31500.62
7655,revolving,3126.57,6276.87,4701.72
7656,revolving,29912.79,71935.45,50924.12
7657,revolving,11985.96,25148.12,18567.04
7658,term,1380.24,,1380.24
7659,term,19339.26,,19339.26
7660,term,16350.9,,16350.9
7661,term,7049.05,,7049.05
7662,term,1437.28,,1437.28
7663,revolving,8898.64,17173.83,13036.24
7664,term,2704.36,,2704.36
7665,term,5396.42,,5396.42
7666,term,1402.5,,1402.5
7667,term,7955.94,,7955.94
7668,term,4754.43,,4754.43
7669,revolving,8587.54,21517.82,15052.68
7670,term,16255.68,,16255.68
7671,revolving,7145.93,16013.35,11579.64
7672,term,5992.38,,5992.38
7673,revolving,11185.57,32723.81,21954.69
7674,term,953.5,,953.5
7675,term,12451.39,,12451.39
7676,term,22742.35,,22742.35
7677,revolving,3944.61,6481.05,5212.83
7678,revolving,7478.61,21140.14,14309.38
7679,term,19473.85,,19473.85
7680,term,13790.57,,13790.57
7681,revolving,11467.49,19194.42,15330.95
7682,term,2077.74,,2077.74
7683,term,4493.89,,4493.89
7684,term,3194.38,,3194.38
7685,term,25532.25,,25532.25
7686,revolving,20938.96,54013.17,37476.06
7687,revolving,243.18,704.91,474.04
7688,term,4272.5,,4272.5
7689,term,15270.37,,15270.37
7690,revolving,10552.36,24989.91,17771.14
7691,term,3316.4,,3316.4
7692,revolving,15341.72,33456.77,24399.24
7693,term,2785.32,,2785.32
7694,term,1890.26,,1890.26
7695,revolving,12242.77,21218.92,16730.84
7696,term,322.89,,322.89
7697,term,8128.34,,8128.34
7698,term,675.9,,675.9
7699,term,17378.21,,17378.21
7700,term,7177.34,,7177.34
7701,revolving,5379.26,14522.28,9950.77
7702,revolving,4994.22,10555.5,7774.86
7703,term,9637.07,,9637.07
7704,term,10388.5,,10388.5
7705,term,6374.59,,6374.59
7706,term,21128.91,,21128.91
7707,term,9718.84,,9718.84
7708,revolving,4219.27,8607.86,6413.56
7709,term,12806.98,,12806.98
7710,revolving,36318.13,92474.94,64396.54
7711,term,14496.18,,14496.18
7712,term,8169.59,,8169.59
7713,term,6890.5,,6890.5
7714,term,5371.56,,5371.56
7715,term,3644.93,,3644.93
7716,revolving,1422.11,3134.94,2278.52
7717,term,1946.32,,1946.32
7718,revolving,988.74,1854.73,1421.74
7719,term,636.8,,636.8
7720,revolving,1395.02,2462.91,1928.96
7721,term,17203.05,,17203.05
7722,revolving,12266.89,29088.8,20677.84
7723,term,9803.95,,9803.95
7724,revolving,2127.76,4633.72,3380.74
7725,revolving,5460.02,11745.26,8602.64
7726,term,980.1,,980.1
7727,term,4570.85,,4570.85
7728,term,5647.23,,5647.23
7729,revolving,10940.6,29302.94,20121.77
7730,term,15983.82,,15983.82
7731,term,6865.74,,6865.74
7732,term,42947.2,,42947.2
7733,term,16373.41,,16373.41
7734,revolving,7878.77,17347.17,12612.97
7735,term,6579.54,,6579.54
7736,term,4925.67,,4925.67
7737,revolving,669.11,1620.34,1144.72
7738,term,586.83,,586.83
7739,term,3935.95,,3935.95
7740,term,6916.33,,6916.33
7741,term,3691.58,,3691.58
7742,term,2180.19,,2180.19
7743,revolving,14481.11,26703.26,20592.18
7744,term,3418.07,,3418.07
7745,term,20515.42,,20515.42
7746,term,9248.45,,9248.45
7747,term,28189.28,,28189.28
7748,revolving,3640.36,9750.95,6695.66
7749,term,9933.64,,9933.64
7750,term,17342.86,,17342.86
7751,term,14327.38,,14327.38
7752,term,11206.09,,11206.09
7753,term,10255.5,,10255.5
7754,term,22358.27,,22358.27
7755,term,6491.68,,6491.68
7756,revolving,8071.91,23702.8,15887.36
7757,term,3819.67,,3819.67
7758,revolving,6413.23,18977.13,12695.18
7759,revolving,5708.9,14297.62,10003.26
7760,term,1903.61,,1903.61
7761,term,6650.12,,6650.12
7762,term,5409.54,,5409.54
7763,term,12297.36,,12297.36
7764,revolving,7375.81,17505.33,12440.57
7765,term,17035.51,,17035.51
7766,term,4464.08,,4464.08
7767,term,2694.08,,2694.08
7768,term,2253.22,,2253.22
7769,term,1635.86,,1635.86
7770,revolving,9808.54,21800.45,15804.5
7771,term,4856.64,,4856.64
7772,revolving,12702.17,27264.24,19983.21
7773,term,7359.72,,7359.72
7774,term,16431.97,,16431.97
7775,term,16676.86,,16676.86
7776,term,12257.73,,12257.73
7777,term,45528.85,,45528.85
7778,revolving,7489.08,19062.61,13275.84
7779,revolving,13452.49,27901.71,20677.1
7780,term,6449.39,,6449.39
7781,term,1551.77,,1551.77
7782,term,13921.04,,13921.04
7783,revolving,5531.63,15111.93,10321.78
7784,term,5762.44,,5762.44
7785,revolving,14587.64,22995.69,18791.66
7786,term,12290.45,,12290.45
7787,term,12017.89,,12017.89
7788,revolving,2746.06,8187.3,5466.68
7789,term,3338.67,,3338.67
7790,term,3063.33,,3063.33
7791,term,1210.85,,1210.85
7792,term,2100.06,,2100.06
7793,term,2481.02,,2481.02
7794,term,3086.04,,3086.04
7795,revolving,13033.2,28037.17,20535.18
7796,term,19283.61,,19283.61
7797,revolving,5782.24,9140.46,7461.35
7798,term,2268.66,,2268.66
7799,term,2285.06,,2285.06
7800,term,2384.68,,2384.68
7801,term,1752.18,,1752.18
7802,term,3849.44,,3849.44
7803,revolving,6547.7,18831.03,12689.36
7804,term,4605.66,,4605.66
7805,term,5100.4,,5100.4
7806,term,11897.28,,11897.28
7807,revolving,15521.29,26935.27,21228.28
7808,revolving,17241.26,38386.16,27813.71
7809,term,3582.47,,3582.47
7810,term,10754.04,,10754.04
7811,term,1057.89,,1057.89
7812,term,8092.29,,8092.29
7813,term,16131.11,,16131.11
7814,term,9211.05,,9211.05
7815,term,5390.7,,5390.7
7816,term,12455.82,,12455.82
7817,term,8058.27,,8058.27
7818,revolving,2635.06,7425.51,5030.28
7819,revolving,12944.27,31936.54,22440.4
7820,term,6723.44,,6723.44
7821,term,19437.06,,19437.06
7822,term,7648.2,,7648.2
7823,term,9493.78,,9493.78
7824,revolving,4745.87,9861.53,7303.7
7825,term,10818.85,,10818.85
7826,revolving,6267.29,9671.26,7969.28
7827,revolving,12559.69,34054.95,23307.32
7828,term,25885.89,,25885.89
7829,term,2070.69,,2070.69
7830,term,9548.47,,9548.47
7831,term,4807.11,,4807.11
7832,term,4604.94,,4604.94
7833,term,12318.69,,12318.69
7834,revolving,1317.75,2363.67,1840.71
7835,term,1635.55,,1635.55
7836,term,378.12,,378.12
7837,term,15509.49,,15509.49
7838,term,909.68,,909.68
7839,term,3662.09,,3662.09
7840,revolving,10570.2,27462.97,19016.58
7841,term,7671.88,,7671.88
7842,term,12995.58,,12995.58
7843,term,7255.15,,7255.15
7844,term,5741.17,,5741.17
7845,revolving,5224.68,12671.73,8948.2
7846,term,9722.37,,9722.37
7847,revolving,930.55,1888.76,1409.66
7848,term,1839.2,,1839.2
7849,term,4124.45,,4124.45
7850,term,1205.85,,1205.85
7851,term,33811.58,,33811.58
7852,term,2401.19,,2401.19
7853,revolving,12685.87,37410.05,25047.96
7854,term,6385.76,,6385.76
7855,term,3410.58,,3410.58
7856,term,7655.15,,7655.15
7857,term,9658.88,,9658.88
7858,term,25399.54,,25399.54
7859,term,3689.41,,3689.41
7860,term,4348.13,,4348.13
7861,term,7348.31,,7348.31
7862,term,6945.92,,6945.92
7863,term,5627.45,,5627.45
7864,term,6284.13,,6284.13
7865,term,13480.54,,13480.54
7866,revolving,1899.74,3702.82,2801.28
7867,term,3947.72,,3947.72
7868,term,7329.25,,7329.25
7869,term,8019.72,,8019.72
7870,term,15403.61,,15403.61
7871,revolving,3636.49,9340.88,6488.68
7872,term,1623.71,,1623.71
7873,revolving,3338.45,7269.34,5303.9
7874,revolving,2400.51,5837.97,4119.24
7875,term,21476.61,,21476.61
7876,term,32005.85,,32005.85
7877,term,20638.62,,20638.62
7878,term,5035.93,,5035.93
7879,term,2890.68,,2890.68
7880,term,20528.35,,20528.35
7881,term,7941.93,,7941.93
7882,term,7718.62,,7718.62
7883,term,32901.4,,32901.4
7884,revolving,800.21,1719.97,1260.09
7885,term,100.0,,100.0
7886,revolving,4578.5,6947.35,5762.92
7887,term,3364.72,,3364.72
7888,term,5826.58,,5826.58
7889,term,6464.55,,6464.55
7890,term,8887.27,,8887.27
7891,term,2949.71,,2949.71
7892,term,1189.68,,1189.68
7893,revolving,10182.13,22218.19,16200.16
7894,term,24839.31,,24839.31
7895,term,4348.15,,4348.15
7896,revolving,4679.78,7030.2,5854.99
7897,revolving,26676.5,73901.86,50289.18
7898,term,601.22,,601.22
7899,term,1255.32,,1255.32
7900,revolving,925.24,2560.13,1742.68
7901,term,4482.21,,4482.21
7902,term,1373.86,,1373.86
7903,term,957.47,,957.47
7904,revolving,21415.92,45855.91,33635.92
7905,term,5770.12,,5770.12
7906,revolving,22056.86,61415.27,41736.06
7907,term,8857.86,,8857.86
7908,revolving,18821.74,41646.63,30234.18
7909,term,2422.41,,2422.41
7910,term,3771.16,,3771.16
7911,revolving,12463.27,24337.34,18400.3
7912,term,1619.53,,1619.53
7913,term,12805.75,,12805.75
7914,term,2848.42,,2848.42
7915,term,11825.85,,11825.85
7916,term,6312.27,,6312.27
7917,term,4384.64,,4384.64
7918,term,2170.82,,2170.82
7919,term,1590.14,,1590.14
7920,term,6776.55,,6776.55
7921,term,24918.26,,24918.26
7922,revolving,1598.28,4554.8,3076.54
7923,term,13275.11,,13275.11
7924,term,1588.34,,1588.34
7925,revolving,4223.45,8897.29,6560.37
7926,term,6346.98,,6346.98
7927,revolving,16251.86,30461.06,23356.46
7928,revolving,4538.61,10219.22,7378.91
7929,revolving,9485.94,20698.74,15092.34
7930,term,609.17,,609.17
7931,revolving,24728.95,38155.19,31442.07
7932,revolving,5273.07,11652.29,8462.68
7933,term,11084.47,,11084.47
7934,term,8637.22,,8637.22
7935,term,2327.05,,2327.05
7936,term,12811.7,,12811.7
7937,term,10354.23,,10354.23
7938,term,16091.71,,16091.71
7939,term,6490.82,,6490.82
7940,term,4572.22,,4572.22
7941,term,10293.88,,10293.88
7942,term,5725.76,,5725.76
7943,revolving,4016.93,11893.09,7955.01
7944,term,8217.82,,8217.82
7945,term,15588.05,,15588.05
7946,term,30430.08,,30430.08
7947,term,13183.01,,13183.01
7948,revolving,678.33,1282.76,980.54
7949,revolving,9672.08,24380.45,17026.26
7950,term,4185.53,,4185.53
7951,revolving,1166.93,2608.76,1887.85
7952,term,6848.38,,6848.38
7953,term,1095.33,,1095.33
7954,term,4464.23,,4464.23
7955,revolving,15306.55,38267.04,26786.8
7956,term,9142.82,,9142.82
7957,term,31809.01,,31809.01
7958,revolving,3794.44,6714.84,5254.64
7959,term,2600.76,,2600.76
7960,term,9658.19,,9658.19
7961,revolving,21921.89,49259.17,35590.53
7962,term,22439.51,,22439.51
7963,term,10293.14,,10293.14
7964,term,761.12,,761.12
7965,term,6056.68,,6056.68
7966,term,937.31,,937.31
7967,term,4004.45,,4004.45
7968,term,2400.72,,2400.72
7969,term,5924.66,,5924.66
7970,revolving,1216.66,2849.2,2032.93
7971,revolving,24992.4,55537.2,40264.8
7972,term,11079.1,,11079.1
7973,term,31146.74,,31146.74
7974,revolving,4465.13,7531.57,5998.35
7975,term,1242.87,,1242.87
7976,term,4156.45,,4156.45
7977,revolving,4234.59,9058.76,6646.68
7978,revolving,1632.23,3533.3,2582.77
7979,revolving,15431.09,28547.57,21989.33
7980,revolving,6654.03,15188.0,10921.02
7981,term,6195.72,,6195.72
7982,term,1477.96,,1477.96
7983,term,13203.56,,13203.56
7984,term,10742.94,,10742.94
7985,term,13420.67,,13420.67
7986,revolving,2218.66,6214.16,4216.41
7987,revolving,690.33,1071.94,881.14
7988,term,7845.47,,7845.47
7989,revolving,1404.73,2382.09,1893.41
7990,revolving,1503.47,2467.76,1985.62
7991,term,31045.39,,31045.39
7992,term,1305.98,,1305.98
7993,term,6119.51,,6119.51
7994,term,2298.56,,2298.56
7995,term,2730.07,,2730.07
7996,term,6202.63,,6202.63
7997,term,5773.22,,5773.22
7998,term,20526.62,,20526.62
7999,revolving,5779.06,10307.05,8043.06
8000,term,2704.7,,2704.7
8001,revolving,18228.57,28220.07,23224.32
8002,term,1592.79,,1592.79
8003,term,21442.99,,21442.99
8004,revolving,20103.45,48786.94,34445.2
8005,term,7865.35,,7865.35
8006,term,13727.63,,13727.63
8007,revolving,113.1,305.95,209.52
8008,term,6664.38,,6664.38
8009,term,1256.77,,1256.77
8010,term,13003.63,,13003.63
8011,revolving,7244.36,18519.65,12882.0
8012,term,13157.17,,13157.17
8013,term,661.12,,661.12
8014,term,15436.24,,15436.24
8015,term,2608.83,,2608.83
8016,revolving,8197.75,21630.84,14914.3
8017,term,7583.9,,7583.9
8018,term,2590.68,,2590.68
8019,term,10400.55,,10400.55
8020,revolving,8718.9,18169.18,13444.04
8021,term,13402.69,,13402.69
8022,revolving,3147.23,5350.45,4248.84
8023,revolving,998.34,2269.76,1634.05
8024,term,8357.95,,8357.95
8025,term,4539.42,,4539.42
8026,term,5609.5,,5609.5
8027,revolving,348.78,604.21,476.5
8028,term,9427.45,,9427.45
8029,term,3392.19,,3392.19
8030,revolving,11174.85,33167.81,22171.33
8031,term,9113.39,,9113.39
8032,term,12196.94,,12196.94
8033,term,22297.63,,22297.63
8034,term,14055.07,,14055.07
8035,revolving,5230.15,14106.78,9668.46
8036,term,18147.2,,18147.2
8037,term,647.56,,647.56
8038,revolving,5770.37,16616.61,11193.49
8039,term,14201.72,,14201.72
8040,revolving,7837.75,23165.0,15501.38
8041,revolving,1390.93,3616.85,2503.89
8042,term,16142.38,,16142.38
8043,term,7457.61,,7457.61
8044,revolving,8790.04,15082.78,11936.41
8045,term,2809.96,,2809.96
8046,term,7919.07,,7919.07
8047,revolving,2817.98,5809.8,4313.89
8048,term,6734.83,,6734.83
8049,revolving,484.12,1150.1,817.11
8050,term,3949.28,,3949.28
8051,term,16338.04,,16338.04
8052,term,10478.95,,10478.95
8053,revolving,7636.38,15477.46,11556.92
8054,term,2691.19,,2691.19
8055,revolving,6856.57,15960.99,11408.78
8056,term,3085.41,,3085.41
8057,term,9816.3,,9816.3
8058,term,8611.81,,8611.81
8059,term,239.61,,239.61
8060,term,3101.68,,3101.68
8061,term,6944.38,,6944.38
8062,term,7991.05,,7991.05
8063,revolving,2202.91,3515.82,2859.36
8064,term,3665.93,,3665.93
8065,revolving,5320.68,8477.73,6899.2
8066,term,2393.0,,2393.0
8067,term,6674.46,,6674.46
8068,term,6033.43,,6033.43
8069,term,6232.96,,6232.96
8070,term,5782.05,,5782.05
8071,term,11493.19,,11493.19
8072,term,14231.52,,14231.52
8073,revolving,2482.14,6868.84,4675.49
8074,term,6858.38,,6858.38
8075,revolving,20202.02,40874.34,30538.18
8076,term,13633.34,,13633.34
8077,term,1640.79,,1640.79
8078,term,391.65,,391.65
8079,term,11579.95,,11579.95
8080,term,22432.73,,22432.73
8081,term,19401.3,,19401.3
8082,term,1163.49,,1163.49
8083,term,3533.57,,3533.57
8084,term,9573.36,,9573.36
8085,term,3898.37,,3898.37
8086,term,607.19,,607.19
8087,revolving,6121.71,16315.32,11218.52
8088,revolving,19764.3,32507.1,26135.7
8089,term,11266.8,,11266.8
8090,revolving,4870.16,12967.57,8918.86
8091,revolving,7994.14,16425.04,12209.59
8092,term,3624.05,,3624.05
8093,term,1613.12,,1613.12
8094,revolving,7696.07,12228.28,9962.17
8095,term,7798.16,,7798.16
8096,revolving,6865.18,10446.21,8655.7
8097,term,9380.35,,9380.35
8098,term,12148.62,,12148.62
8099,term,5675.2,,5675.2
8100,term,11568.9,,11568.9
8101,revolving,1406.75,2744.26,2075.5
8102,revolving,14237.19,37986.62,26111.9
8103,term,13234.18,,13234.18
8104,term,4189.08,,4189.08
8105,revolving,703.9,1725.05,1214.47
8106,term,11753.06,,11753.06
8107,term,1598.95,,1598.95
8108,term,5143.86,,5143.86
8109,revolving,4805.96,8672.33,6739.14
8110,revolving,14444.11,36658.34,25551.22
8111,term,19947.23,,19947.23
8112,term,8240.31,,8240.31
8113,revolving,11958.84,19372.14,15665.49
8114,term,12304.35,,12304.35
8115,term,16996.86,,16996.86
8116,term,2049.37,,2049.37
8117,revolving,6338.15,12958.36,9648.26
8118,term,688.36,,688.36
8119,term,7155.47,,7155.47
8120,term,10679.04,,10679.04
8121,term,25647.63,,25647.63
8122,term,11915.14,,11915.14
8123,term,1683.21,,1683.21
8124,term,2722.82,,2722.82
8125,term,6062.42,,6062.42
8126,term,4921.42,,4921.42
8127,term,359.55,,359.55
8128,revolving,9668.95,19195.96,14432.46
8129,revolving,25914.59,50941.6,38428.1
8130,term,3190.42,,3190.42
8131,revolving,767.7,2054.45,1411.07
8132,term,1218.96,,1218.96
8133,revolving,4372.56,11703.94,8038.25
8134,term,4110.33,,4110.33
8135,term,19287.46,,19287.46
8136,term,2766.48,,2766.48
8137,term,2841.98,,2841.98
8138,revolving,4868.74,11249.46,8059.1
8139,term,1090.26,,1090.26
8140,term,8802.11,,8802.11
8141,term,702.83,,702.83
8142,revolving,18368.21,32507.01,25437.61
8143,term,16531.39,,16531.39
8144,term,16331.93,,16331.93
8145,revolving,2278.73,4329.89,3304.31
8146,term,10768.16,,10768.16
8147,term,2802.74,,2802.74
8148,revolving,7957.48,18996.29,13476.88
8149,term,2576.21,,2576.21
8150,term,5324.27,,5324.27
8151,term,703.55,,703.55
8152,revolving,7270.64,20253.08,13761.86
8153,term,22706.86,,22706.86
8154,revolving,15675.07,32419.25,24047.16
8155,revolving,34400.82,91227.88,62814.35
8156,term,8769.97,,8769.97
8157,revolving,8485.39,15076.0,11780.7
8158,term,6946.92,,6946.92
8159,term,14418.49,,14418.49
8160,revolving,787.1,1623.56,1205.33
8161,revolving,3832.34,7888.93,5860.64
8162,term,2164.74,,2164.74
8163,term,3609.16,,3609.16
8164,term,7367.02,,7367.02
8165,term,1957.82,,1957.82
8166,term,1139.02,,1139.02
8167,term,2089.92,,2089.92
8168,term,6873.53,,6873.53
8169,term,514.7,,514.7
8170,term,8429.2,,8429.2
8171,revolving,6528.61,12077.83,9303.22
8172,revolving,1807.89,3234.38,2521.14
8173,term,1048.08,,1048.08
8174,term,10962.37,,10962.37
8175,term,26168.24,,26168.24
8176,term,21628.77,,21628.77
8177,term,15230.53,,15230.53
8178,revolving,2906.84,5508.2,4207.52
8179,term,840.26,,840.26
8180,term,5974.22,,5974.22
8181,term,2627.11,,2627.11
8182,term,9617.01,,9617.01
8183,term,9377.49,,9377.49
8184,revolving,2778.23,7701.39,5239.81
8185,term,1849.69,,1849.69
8186,term,22786.85,,22786.85
8187,term,4731.87,,4731.87
8188,revolving,1649.02,4694.69,3171.85
8189,term,2599.49,,2599.49
8190,term,813.81,,813.81
8191,revolving,13598.02,22857.06,18227.54
8192,term,10087.47,,10087.47
8193,term,10572.02,,10572.02
8194,term,1275.66,,1275.66
8195,term,7889.62,,7889.62
8196,term,20944.09,,20944.09
8197,term,9106.87,,9106.87
8198,term,2120.06,,2120.06
8199,term,4023.1,,4023.1
8200,term,4228.18,,4228.18
8201,term,8110.34,,8110.34
8202,term,7576.41,,7576.41
8203,revolving,13636.24,38504.92,26070.58
8204,term,8843.52,,8843.52
8205,term,4501.02,,4501.02
8206,term,7314.4,,7314.4
8207,term,9510.77,,9510.77
8208,term,36422.02,,36422.02
8209,term,10111.71,,10111.71
8210,term,2963.28,,2963.28
8211,term,636.74,,636.74
8212,revolving,2055.68,4275.6,3165.64
8213,term,11547.86,,11547.86
8214,term,2409.15,,2409.15
8215,term,17147.35,,17147.35
8216,term,14432.01,,14432.01
8217,term,6266.12,,6266.12
8218,term,12465.21,,12465.21
8219,term,1370.69,,1370.69
8220,revolving,1790.96,4880.62,3335.79
8221,revolving,2440.13,6825.92,4633.02
8222,term,2692.94,,2692.94
8223,term,4569.97,,4569.97
8224,revolving,594.92,942.38,768.65
8225,term,12284.24,,12284.24
8226,term,4142.74,,4142.74
8227,term,4010.71,,4010.71
8228,term,17411.33,,17411.33
8229,term,484.87,,484.87
8230,term,17591.34,,17591.34
8231,term,3540.33,,3540.33
8232,term,536.12,,536.12
8233,revolving,11865.47,23771.95,17818.71
8234,term,26270.83,,26270.83
8235,term,50411.33,,50411.33
8236,term,40153.4,,40153.4
8237,revolving,6060.95,13987.8,10024.38
8238,revolving,18773.59,39849.36,29311.48
8239,term,10422.34,,10422.34
8240,term,1811.29,,1811.29
8241,revolving,1411.68,3745.11,2578.4
8242,term,26542.03,,26542.03
8243,term,4199.25,,4199.25
8244,term,940.67,,940.67
8245,term,4023.39,,4023.39
8246,term,3913.59,,3913.59
8247,term,3649.36,,3649.36
8248,term,5225.67,,5225.67
8249,revolving,2511.85,6159.77,4335.81
8250,revolving,910.64,1740.02,1325.33
8251,revolving,4323.0,9848.96,7085.98
8252,revolving,5678.2,15414.51,10546.36
8253,term,13909.69,,13909.69
8254,term,8271.19,,8271.19
8255,term,14413.66,,14413.66
8256,revolving,4801.75,8490.44,6646.1
8257,term,1749.91,,1749.91
8258,revolving,3018.37,6687.22,4852.8
8259,term,26482.2,,26482.2
8260,revolving,7554.61,17314.36,12434.48
8261,term,17398.44,,17398.44
8262,term,11724.25,,11724.25
8263,revolving,20717.68,52735.29,36726.48
8264,term,2708.65,,2708.65
8265,revolving,2097.52,5672.06,3884.79
8266,term,16821.29,,16821.29
8267,term,4811.22,,4811.22
8268,term,22877.54,,22877.54
8269,term,2098.38,,2098.38
8270,term,8158.37,,8158.37
8271,term,35280.19,,35280.19
8272,term,7654.41,,7654.41
8273,term,3556.74,,3556.74
8274,term,7622.53,,7622.53
8275,term,2543.61,,2543.61
8276,revolving,7523.14,17700.1,12611.62
8277,term,12237.79,,12237.79
8278,term,7625.43,,7625.43
8279,term,13175.77,,13175.77
8280,term,32716.99,,32716.99
8281,term,5409.55,,5409.55
8282,revolving,14641.96,37105.66,25873.81
8283,revolving,1219.63,2347.2,1783.42
8284,term,37811.61,,37811.61
8285,term,17850.09,,17850.09
8286,revolving,17422.88,45329.57,31376.22
8287,term,1707.94,,1707.94
8288,term,10685.11,,10685.11
8289,term,7228.66,,7228.66
8290,term,7082.74,,7082.74
8291,revolving,2585.29,4575.98,3580.64
8292,term,5193.58,,5193.58
8293,term,1180.2,,1180.2
8294,term,6650.0,,6650.0
8295,revolving,16236.3,38836.02,27536.16
8296,revolving,4712.55,9462.26,7087.41
8297,term,8663.27,,8663.27
8298,term,227.98,,227.98
8299,term,18554.36,,18554.36
8300,revolving,4199.73,8250.15,6224.94
8301,revolving,1191.55,2232.62,1712.08
8302,term,30244.87,,30244.87
8303,revolving,5260.52,15099.17,10179.85
8304,term,1868.49,,1868.49
8305,term,11225.21,,11225.21
8306,term,34497.78,,34497.78
8307,term,2044.78,,2044.78
8308,term,1190.35,,1190.35
8309,term,3297.42,,3297.42
8310,term,2186.51,,2186.51
8311,term,9340.89,,9340.89
8312,term,8595.29,,8595.29
8313,term,4937.63,,4937.63
8314,term,6764.29,,6764.29
8315,term,29299.39,,29299.39
8316,term,22864.81,,22864.81
8317,revolving,5293.92,10664.63,7979.28
8318,revolving,3194.37,5625.67,4410.02
8319,revolving,4812.18,14275.5,9543.84
8320,term,9834.31,,9834.31
8321,term,966.81,,966.81
8322,term,10866.08,,10866.08
8323,term,3616.95,,3616.95
8324,term,5731.81,,5731.81
8325,term,456.25,,456.25
8326,revolving,6151.17,12373.71,9262.44
8327,term,5718.01,,5718.01
8328,revolving,3149.09,9427.85,6288.47
8329,revolving,8620.74,25584.39,17102.57
8330,term,2482.15,,2482.15
8331,revolving,2607.53,6096.88,4352.2
8332,term,732.17,,732.17
8333,revolving,11625.0,22397.94,17011.47
8334,term,8080.25,,8080.25
8335,revolving,14278.13,37412.36,25845.25
8336,term,2524.42,,2524.42
8337,revolving,6060.96,14173.62,10117.29
8338,term,3121.99,,3121.99
8339,term,21749.83,,21749.83
8340,revolving,15581.72,23422.9,19502.31
8341,revolving,22051.87,36659.66,29355.76
8342,term,896.47,,896.47
8343,term,1787.92,,1787.92
8344,term,35514.01,,35514.01
8345,revolving,3766.59,7483.0,5624.8
8346,revolving,5581.29,13147.79,9364.54
8347,revolving,2817.48,4631.38,3724.43
8348,term,8606.41,,8606.41
8349,term,4506.6,,4506.6
8350,term,1881.81,,1881.81
8351,revolving,13413.35,35037.84,24225.6
8352,term,4976.55,,4976.55
8353,revolving,343.33,537.81,440.57
8354,term,14816.84,,14816.84
8355,term,16774.55,,16774.55
8356,term,4318.53,,4318.53
8357,term,22824.03,,22824.03
8358,term,1861.52,,1861.52
8359,term,7420.85,,7420.85
8360,term,5833.45,,5833.45
8361,revolving,5102.93,10092.88,7597.9
8362,term,15132.73,,15132.73
8363,term,17048.28,,17048.28
8364,term,15207.39,,15207.39
8365,term,16264.48,,16264.48
8366,revolving,612.73,1733.4,1173.06
8367,term,5299.32,,5299.32
8368,revolving,8530.85,21888.15,15209.5
8369,term,4057.57,,4057.57
8370,term,2779.86,,2779.86
8371,term,2835.99,,2835.99
8372,term,7621.23,,7621.23
8373,term,3776.93,,3776.93
8374,revolving,5898.44,16496.36,11197.4
8375,term,40277.04,,40277.04
8376,term,4049.8,,4049.8
8377,term,20394.48,,20394.48
8378,term,6651.23,,6651.23
8379,term,9019.92,,9019.92
8380,term,1403.92,,1403.92
8381,term,587.92,,587.92
8382,term,563.46,,563.46
8383,term,2884.75,,2884.75
8384,revolving,8615.84,23858.87,16237.36
8385,term,539.69,,539.69
8386,term,12055.32,,12055.32
8387,revolving,9576.3,17278.12,13427.21
8388,term,8111.33,,8111.33
8389,term,58340.13,,58340.13
8390,term,7602.58,,7602.58
8391,term,7132.08,,7132.08
8392,term,3735.84,,3735.84
8393,revolving,1926.25,4135.81,3031.03
8394,revolving,13524.22,23976.56,18750.39
8395,revolving,5396.89,12816.69,9106.79
8396,revolving,950.32,2044.69,1497.5
8397,term,7247.58,,7247.58
8398,term,969.72,,969.72
8399,revolving,15176.12,37684.0,26430.06
8400,revolving,25794.27,63810.21,44802.24
8401,term,4880.68,,4880.68
8402,revolving,30259.8,85367.26,57813.53
8403,term,2860.78,,2860.78
8404,term,8370.29,,8370.29
8405,term,4963.09,,4963.09
8406,term,552.33,,552.33
8407,term,14633.86,,14633.86
8408,term,15750.95,,15750.95
8409,term,2063.53,,2063.53
8410,term,17574.41,,17574.41
8411,term,11143.72,,11143.72
8412,revolving,15873.05,36906.06,26389.56
8413,term,18332.2,,18332.2
8414,term,40646.5,,40646.5
8415,term,5636.88,,5636.88
8416,term,678.38,,678.38
8417,revolving,1032.1,2040.48,1536.29
8418,term,669.65,,669.65
8419,revolving,9863.0,16383.39,13123.2
8420,term,11490.01,,11490.01
8421,term,3460.05,,3460.05
8422,term,5242.19,,5242.19
8423,term,7102.81,,7102.81
8424,term,3726.3,,3726.3
8425,term,4637.41,,4637.41
8426,term,15219.7,,15219.7
8427,term,12264.31,,12264.31
8428,revolving,6667.85,14346.89,10507.37
8429,term,1116.01,,1116.01
8430,term,2141.89,,2141.89
8431,term,3818.9,,3818.9
8432,term,5574.02,,5574.02
8433,term,12307.77,,12307.77
8434,revolving,7425.45,13532.42,10478.94
8435,revolving,1580.0,2619.03,2099.52
8436,term,6970.38,,6970.38
8437,term,1140.24,,1140.24
8438,term,2010.32,,2010.32
8439,term,9311.36,,9311.36
8440,term,20214.35,,20214.35
8441,term,9143.83,,9143.83
8442,term,6763.06,,6763.06
8443,term,17622.53,,17622.53
8444,term,5486.42,,5486.42
8445,term,5283.31,,5283.31
8446,term,749.14,,749.14
8447,term,2557.0,,2557.0
8448,revolving,1823.11,4479.56,3151.34
8449,term,10728.56,,10728.56
8450,revolving,5548.8,9261.09,7404.94
8451,term,24995.13,,24995.13
8452,term,2421.74,,2421.74
8453,term,15933.18,,15933.18
8454,term,3221.6,,3221.6
8455,revolving,5266.08,14999.45,10132.76
8456,term,2078.16,,2078.16
8457,term,2581.75,,2581.75
8458,term,10717.39,,10717.39
8459,revolving,5029.69,8737.82,6883.75
8460,term,7580.57,,7580.57
8461,revolving,16635.43,44970.44,30802.94
8462,revolving,2106.49,5390.02,3748.26
8463,term,22300.54,,22300.54
8464,revolving,5110.78,12769.03,8939.91
8465,revolving,1982.26,4260.33,3121.3
8466,term,3635.28,,3635.28
8467,term,4950.68,,4950.68
8468,term,16364.33,,16364.33
8469,term,1554.99,,1554.99
8470,term,21368.44,,21368.44
8471,term,6173.8,,6173.8
8472,term,8843.99,,8843.99
8473,term,4278.9,,4278.9
8474,term,8627.43,,8627.43
8475,revolving,2665.13,5953.51,4309.32
8476,revolving,15405.5,42746.71,29076.1
8477,term,31155.44,,31155.44
8478,term,49794.9,,49794.9
8479,term,6109.34,,6109.34
8480,revolving,1706.31,3841.63,2773.97
8481,term,3882.29,,3882.29
8482,term,3707.29,,3707.29
8483,revolving,4513.15,7486.66,5999.9
8484,revolving,2535.19,4758.34,3646.77
8485,revolving,22830.68,58952.77,40891.72
8486,revolving,5642.68,8467.69,7055.18
8487,term,2850.8,,2850.8
8488,term,1200.89,,1200.89
8489,term,9583.54,,9583.54
8490,term,7882.44,,7882.44
8491,revolving,3321.44,8715.55,6018.49
8492,term,3502.92,,3502.92
8493,term,6099.55,,6099.55
8494,revolving,3403.47,8614.02,6008.75
8495,term,2809.19,,2809.19
8496,revolving,6023.45,17773.18,11898.31
8497,revolving,12764.96,38226.75,25495.86
8498,term,10626.44,,10626.44
8499,term,5825.89,,5825.89
8500,term,4652.14,,4652.14
8501,term,3375.81,,3375.81
8502,term,13722.96,,13722.96
8503,term,7727.27,,7727.27
8504,revolving,2682.05,6883.96,4783.0
8505,term,25628.3,,25628.3
8506,revolving,14949.25,44814.14,29881.7
8507,term,28009.73,,28009.73
8508,term,797.54,,797.54
8509,revolving,3156.58,8186.14,5671.36
8510,term,10729.95,,10729.95
8511,term,14563.85,,14563.85
8512,term,2895.68,,2895.68
8513,revolving,6433.92,10572.93,8503.42
8514,term,793.99,,793.99
8515,term,1813.08,,1813.08
8516,term,13220.17,,13220.17
8517,revolving,397.69,1186.87,792.28
8518,revolving,18895.42,34456.74,26676.08
8519,term,3434.25,,3434.25
8520,revolving,7101.87,19878.88,13490.38
8521,term,13233.96,,13233.96
8522,term,2099.13,,2099.13
8523,term,12045.55,,12045.55
8524,term,8486.37,,8486.37
8525,term,2807.63,,2807.63
8526,term,30819.22,,30819.22
8527,term,3444.36,,3444.36
8528,revolving,3864.63,11556.89,7710.76
8529,term,18308.09,,18308.09
8530,term,2603.76,,2603.76
8531,revolving,988.87,2828.35,1908.61
8532,term,3424.23,,3424.23
8533,term,13284.32,,13284.32
8534,revolving,421.52,914.03,667.78
8535,term,4008.98,,4008.98
8536,term,8737.45,,8737.45
8537,term,9086.45,,9086.45
8538,revolving,42416.69,78535.26,60475.98
8539,term,4540.03,,4540.03
8540,revolving,13459.52,39452.53,26456.02
8541,term,11100.23,,11100.23
8542,term,9781.04,,9781.04
8543,revolving,2688.87,7602.69,5145.78
8544,term,16816.33,,16816.33
8545,term,2399.49,,2399.49
8546,term,6053.75,,6053.75
8547,revolving,9269.14,26431.12,17850.13
8548,term,3416.55,,3416.55
8549,term,2658.61,,2658.61
8550,term,8304.98,,8304.98
8551,revolving,9280.92,17513.64,13397.28
8552,term,27141.23,,27141.23
8553,term,17266.28,,17266.28
8554,term,566.85,,566.85
8555,term,4182.97,,4182.97
8556,term,11966.03,,11966.03
8557,term,11638.77,,11638.77
8558,term,1486.66,,1486.66
8559,revolving,7346.18,11191.16,9268.67
8560,revolving,776.22,1678.81,1227.51
8561,term,6319.08,,6319.08
8562,revolving,10135.28,18058.19,14096.74
8563,term,16195.32,,16195.32
8564,revolving,8659.79,24756.04,16707.92
8565,term,2364.5,,2364.5
8566,term,18444.01,,18444.01
8567,revolving,5069.19,13952.39,9510.79
8568,revolving,6367.05,18014.07,12190.56
8569,term,7339.35,,7339.35
8570,term,1264.51,,1264.51
8571,term,5431.22,,5431.22
8572,term,3209.55,,3209.55
8573,term,1413.46,,1413.46
8574,term,3331.07,,3331.07
8575,revolving,3242.62,4942.78,4092.7
8576,term,10251.46,,10251.46
8577,term,1224.53,,1224.53
8578,term,4275.92,,4275.92
8579,term,11945.3,,11945.3
8580,term,5161.31,,5161.31
8581,term,10418.74,,10418.74
8582,revolving,12288.78,33074.81,22681.8
8583,revolving,1666.1,4349.76,3007.93
8584,term,2806.26,,2806.26
8585,term,12258.63,,12258.63
8586,term,17732.09,,17732.09
8587,revolving,1001.81,2422.06,1711.94
8588,revolving,8338.55,15097.74,11718.14
8589,term,2565.08,,2565.08
8590,term,16214.46,,16214.46
8591,revolving,1720.34,3509.7,2615.02
8592,term,4941.59,,4941.59
8593,term,2072.39,,2072.39
8594,revolving,2783.44,6972.85,4878.15
8595,revolving,2412.46,4032.02,3222.24
8596,term,4003.7,,4003.7
8597,term,1378.84,,1378.84
8598,term,11635.91,,11635.91
8599,term,11823.77,,11823.77
8600,term,799.43,,799.43
8601,term,3472.03,,3472.03
8602,revolving,12906.99,26677.94,19792.46
8603,revolving,4752.28,12516.7,8634.49
8604,term,44656.18,,44656.18
8605,term,3763.24,,3763.24
8606,term,2688.03,,2688.03
8607,term,3050.14,,3050.14
8608,term,17607.42,,17607.42
8609,term,1033.25,,1033.25
8610,revolving,772.53,1913.79,1343.16
8611,term,2364.87,,2364.87
8612,revolving,20588.55,37843.48,29216.02
8613,revolving,1056.17,2467.08,1761.62
8614,term,3389.29,,3389.29
8615,term,18417.77,,18417.77
8616,revolving,3691.96,9610.52,6651.24
8617,revolving,4983.53,13360.45,9171.99
8618,term,8825.95,,8825.95
8619,term,5838.41,,5838.41
8620,term,22944.14,,22944.14
8621,revolving,1580.64,2400.14,1990.39
8622,term,9654.21,,9654.21
8623,term,5510.96,,5510.96
8624,revolving,891.34,2481.41,1686.38
8625,term,4344.5,,4344.5
8626,term,1941.21,,1941.21
8627,term,674.06,,674.06
8628,revolving,27091.93,76663.45,51877.69
8629,term,7336.78,,7336.78
8630,term,6073.79,,6073.79
8631,term,5079.4,,5079.4
8632,term,646.49,,646.49
8633,term,3434.7,,3434.7
8634,term,7091.85,,7091.85
8635,term,1266.17,,1266.17
8636,revolving,972.84,2336.43,1654.63
8637,revolving,6983.29,12188.02,9585.66
8638,term,628.78,,628.78
8639,term,21222.81,,21222.81
8640,term,4275.64,,4275.64
8641,revolving,1580.66,3461.89,2521.28
8642,term,1098.99,,1098.99
8643,term,1846.42,,1846.42
8644,term,3270.4,,3270.4
8645,term,9541.71,,9541.71
8646,term,13774.84,,13774.84
8647,term,2248.85,,2248.85
8648,term,2723.52,,2723.52
8649,revolving,835.32,2341.87,1588.59
8650,term,2417.27,,2417.27
8651,term,21547.08,,21547.08
8652,term,10528.83,,10528.83
8653,term,6078.24,,6078.24
8654,term,3008.73,,3008.73
8655,term,1994.55,,1994.55
8656,term,3324.2,,3324.2
8657,term,5992.98,,5992.98
8658,term,1208.92,,1208.92
8659,term,32059.5,,32059.5
8660,revolving,11514.49,29934.4,20724.44
8661,term,12803.81,,12803.81
8662,term,949.8,,949.8
8663,term,1418.93,,1418.93
8664,term,6223.1,,6223.1
8665,term,7946.25,,7946.25
8666,term,3819.21,,3819.21
8667,revolving,7474.88,21395.31,14435.1
8668,term,7145.77,,7145.77
8669,term,14058.99,,14058.99
8670,revolving,918.35,1896.18,1407.26
8671,revolving,6661.87,16940.07,11800.97
8672,term,10211.98,,10211.98
8673,term,3567.25,,3567.25
8674,term,3044.54,,3044.54
8675,term,11581.15,,11581.15
8676,term,9850.82,,9850.82
8677,term,6900.79,,6900.79
8678,revolving,15670.16,24853.13,20261.64
8679,term,2694.9,,2694.9
8680,term,1559.46,,1559.46
8681,term,6138.64,,6138.64
8682,revolving,3138.11,4949.64,4043.88
8683,term,5973.97,,5973.97
8684,term,39902.6,,39902.6
8685,term,31789.4,,31789.4
8686,term,601.02,,601.02
8687,term,2112.28,,2112.28
8688,term,3789.25,,3789.25
8689,term,10054.17,,10054.17
8690,term,9587.56,,9587.56
8691,term,3275.75,,3275.75
8692,term,4845.72,,4845.72
8693,term,10478.48,,10478.48
8694,term,10485.72,,10485.72
8695,term,1077.98,,1077.98
8696,term,14820.0,,14820.0
8697,revolving,19879.29,43358.91,31619.1
8698,term,3037.79,,3037.79
8699,term,25525.97,,25525.97
8700,term,2746.52,,2746.52
8701,revolving,4284.75,8485.15,6384.95
8702,revolving,2576.21,7371.31,4973.76
8703,term,4879.09,,4879.09
8704,term,7615.35,,7615.35
8705,term,4237.47,,4237.47
8706,term,2968.38,,2968.38
8707,revolving,4720.34,7371.82,6046.08
8708,term,4018.94,,4018.94
8709,term,3267.92,,3267.92
8710,revolving,10738.15,20386.8,15562.47
8711,revolving,3724.95,5668.32,4696.64
8712,term,8139.01,,8139.01
8713,term,9142.73,,9142.73
8714,term,13293.28,,13293.28
8715,revolving,9971.07,16787.59,13379.33
8716,revolving,2073.07,3233.55,2653.31
8717,term,1218.62,,1218.62
8718,term,6750.76,,6750.76
8719,revolving,1718.42,3637.17,2677.8
8720,term,1468.77,,1468.77
8721,term,7092.97,,7092.97
8722,revolving,6121.36,16709.75,11415.56
8723,term,1237.31,,1237.31
8724,term,18032.22,,18032.22
8725,revolving,9657.56,16255.12,12956.34
8726,revolving,9064.61,17221.51,13143.06
8727,term,12149.06,,12149.06
8728,term,6383.02,,6383.02
8729,term,6208.72,,6208.72
8730,term,5620.76,,5620.76
8731,term,4644.96,,4644.96
8732,revolving,4221.79,9110.96,6666.38
8733,term,12211.83,,12211.83
8734,term,991.75,,991.75
8735,term,21670.08,,21670.08
8736,revolving,2478.9,6866.32,4672.61
8737,term,2608.91,,2608.91
8738,term,20666.77,,20666.77
8739,term,1616.93,,1616.93
8740,term,9123.02,,9123.02
8741,term,11417.68,,11417.68
8742,term,13403.67,,13403.67
8743,term,6611.23,,6611.23
8744,term,9325.41,,9325.41
8745,term,864.42,,864.42
8746,term,5375.47,,5375.47
8747,term,14036.2,,14036.2
8748,term,2463.21,,2463.21
8749,term,6187.26,,6187.26
8750,term,4439.81,,4439.81
8751,term,13054.93,,13054.93
8752,term,1112.04,,1112.04
8753,term,2184.65,,2184.65
8754,term,5916.32,,5916.32
8755,revolving,8553.04,25590.44,17071.74
8756,revolving,382.12,1034.35,708.23
8757,term,4485.89,,4485.89
8758,term,15449.87,,15449.87
8759,term,16722.33,,16722.33
8760,term,16796.26,,16796.26
8761,term,922.83,,922.83
8762,term,21150.61,,21150.61
8763,term,9913.55,,9913.55
8764,revolving,158.54,443.23,300.88
8765,term,3815.85,,3815.85
8766,revolving,6218.74,14814.02,10516.38
8767,revolving,15604.95,33992.2,24798.57
8768,term,4226.57,,4226.57
8769,term,7617.45,,7617.45
8770,term,7243.52,,7243.52
8771,term,12260.82,,12260.82
8772,term,2598.86,,2598.86
8773,term,8439.68,,8439.68
8774,term,1942.28,,1942.28
8775,revolving,1975.12,3731.74,2853.43
8776,term,6108.29,,6108.29
8777,revolving,5275.72,13061.3,9168.51
8778,term,22743.08,,22743.08
8779,revolving,732.7,1251.45,992.08
8780,term,20840.07,,20840.07
8781,term,7132.28,,7132.28
8782,revolving,1070.06,1654.52,1362.29
8783,term,11598.12,,11598.12
8784,term,756.6,,756.6
8785,term,1970.07,,1970.07
8786,term,440.07,,440.07
8787,term,8150.82,,8150.82
8788,revolving,682.4,1644.21,1163.3
8789,term,9214.73,,9214.73
8790,term,7536.75,,7536.75
8791,revolving,31351.48,77203.79,54277.63
8792,term,13492.19,,13492.19
8793,term,4285.6,,4285.6
8794,revolving,2436.78,4885.08,3660.93
8795,term,2746.02,,2746.02
8796,term,1302.44,,1302.44
8797,term,6280.95,,6280.95
8798,term,1300.21,,1300.21
8799,term,3651.73,,3651.73
8800,term,718.07,,718.07
8801,revolving,6136.92,12548.62,9342.77
8802,term,3203.3,,3203.3
8803,term,4832.96,,4832.96
8804,revolving,2216.89,5107.1,3662.0
8805,term,1310.86,,1310.86
8806,revolving,2476.33,4398.84,3437.58
8807,term,10875.14,,10875.14
8808,revolving,6376.11,12961.16,9668.64
8809,term,8593.42,,8593.42
8810,term,13427.62,,13427.62
8811,term,307.91,,307.91
8812,term,9810.77,,9810.77
8813,revolving,4361.92,10912.86,7637.39
8814,term,4427.89,,4427.89
8815,term,3497.56,,3497.56
8816,revolving,719.7,2141.1,1430.4
8817,term,11235.07,,11235.07
8818,term,4645.07,,4645.07
8819,term,6291.44,,6291.44
8820,term,15952.82,,15952.82
8821,term,215.24,,215.24
8822,revolving,2977.94,7444.03,5210.99
8823,term,2046.2,,2046.2
8824,term,469.22,,469.22
8825,revolving,10328.47,30476.19,20402.33
8826,term,810.4,,810.4
8827,term,8101.56,,8101.56
8828,term,3896.46,,3896.46
8829,term,675.03,,675.03
8830,term,2148.33,,2148.33
8831,term,4698.75,,4698.75
8832,term,1702.02,,1702.02
8833,revolving,5059.91,12303.62,8681.76
8834,term,1823.57,,1823.57
8835,revolving,7315.59,13194.32,10254.96
8836,term,33878.39,,33878.39
8837,term,6065.52,,6065.52
8838,term,1259.72,,1259.72
8839,revolving,651.55,1927.75,1289.65
8840,term,1749.59,,1749.59
8841,term,11883.09,,11883.09
8842,revolving,7041.85,10975.23,9008.54
8843,term,10830.22,,10830.22
8844,revolving,19466.3,45822.08,32644.19
8845,term,2354.29,,2354.29
8846,revolving,2896.84,6042.65,4469.74
8847,revolving,13669.99,31276.67,22473.33
8848,term,4519.13,,4519.13
8849,term,724.78,,724.78
8850,term,1196.02,,1196.02
8851,revolving,8469.44,13044.28,10756.86
8852,term,7677.63,,7677.63
8853,term,21624.78,,21624.78
8854,term,13417.44,,13417.44
8855,term,19511.72,,19511.72
8856,term,4490.37,,4490.37
8857,term,2586.49,,2586.49
8858,term,3281.67,,3281.67
8859,term,32071.42,,32071.42
8860,term,4817.03,,4817.03
8861,term,17200.66,,17200.66
8862,revolving,5120.33,13924.05,9522.19
8863,revolving,5231.74,14279.35,9755.54
8864,term,849.06,,849.06
8865,term,1002.39,,1002.39
8866,term,3225.58,,3225.58
8867,term,4846.89,,4846.89
8868,term,5098.41,,5098.41
8869,term,920.42,,920.42
8870,term,17659.44,,17659.44
8871,revolving,16276.18,33370.92,24823.55
8872,term,18886.76,,18886.76
8873,term,1274.24,,1274.24
8874,term,1654.27,,1654.27
8875,revolving,2904.5,7386.89,5145.7
8876,term,8992.53,,8992.53
8877,term,636.41,,636.41
8878,term,8514.81,,8514.81
8879,term,4126.63,,4126.63
8880,term,1323.09,,1323.09
8881,term,1844.29,,1844.29
8882,term,4032.49,,4032.49
8883,term,2732.48,,2732.48
8884,term,993.14,,993.14
8885,revolving,40127.49,111597.31,75862.4
8886,term,3153.42,,3153.42
8887,revolving,1579.71,3084.61,2332.16
8888,term,2517.75,,2517.75
8889,term,711.65,,711.65
8890,term,20369.07,,20369.07
8891,term,3680.29,,3680.29
8892,revolving,1745.53,4772.94,3259.23
8893,revolving,18176.03,30791.57,24483.8
8894,term,7213.56,,7213.56
8895,term,19506.77,,19506.77
8896,term,100.0,,100.0
8897,term,2116.69,,2116.69
8898,term,10547.96,,10547.96
8899,term,18356.25,,18356.25
8900,revolving,5710.67,10534.39,8122.53
8901,term,17566.6,,17566.6
8902,revolving,4589.65,7871.59,6230.62
8903,revolving,729.53,1510.44,1119.99
8904,revolving,2710.29,6047.18,4378.74
8905,term,9679.09,,9679.09
8906,term,2951.08,,2951.08
8907,term,7397.53,,7397.53
8908,term,4725.55,,4725.55
8909,term,4424.39,,4424.39
8910,revolving,7189.33,16136.12,11662.72
8911,revolving,1681.0,4942.33,3311.66
8912,revolving,36728.17,56174.09,46451.13
8913,revolving,20828.6,34587.75,27708.18
8914,term,7805.56,,7805.56
8915,term,1136.18,,1136.18
8916,term,4017.2,,4017.2
8917,term,4076.35,,4076.35
8918,revolving,3150.34,5844.63,4497.49
8919,term,21508.26,,21508.26
8920,term,14063.18,,14063.18
8921,term,2349.68,,2349.68
8922,term,1516.78,,1516.78
8923,term,25797.2,,25797.2
8924,revolving,743.67,1353.13,1048.4
8925,term,471.37,,471.37
8926,term,13697.88,,13697.88
8927,term,17299.43,,17299.43
8928,term,11623.9,,11623.9
8929,term,22836.29,,22836.29
8930,revolving,20352.14,51153.6,35752.87
8931,term,1389.26,,1389.26
8932,term,14087.62,,14087.62
8933,term,5832.88,,5832.88
8934,term,19191.07,,19191.07
8935,term,1014.51,,1014.51
8936,term,27780.08,,27780.08
8937,term,12490.03,,12490.03
8938,revolving,6631.44,12011.68,9321.56
8939,term,9554.03,,9554.03
8940,term,4847.56,,4847.56
8941,term,9154.2,,9154.2
8942,term,19979.33,,19979.33
8943,revolving,1766.35,2943.79,2355.07
8944,revolving,5782.83,16763.66,11273.24
8945,term,2395.85,,2395.85
8946,revolving,4634.95,7808.37,6221.66
8947,revolving,15376.1,43553.79,29464.94
8948,revolving,10470.15,19762.13,15116.14
8949,term,2836.24,,2836.24
8950,term,5104.28,,5104.28
8951,term,6076.67,,6076.67
8952,revolving,1470.43,3329.36,2399.9
8953,term,703.35,,703.35
8954,term,1573.87,,1573.87
8955,term,9029.03,,9029.03
8956,term,12466.35,,12466.35
8957,term,4549.29,,4549.29
8958,revolving,3439.53,9276.67,6358.1
8959,term,10055.27,,10055.27
8960,revolving,1138.84,2247.61,1693.22
8961,term,9692.33,,9692.33
8962,term,4720.85,,4720.85
8963,term,22470.24,,22470.24
8964,term,4587.06,,4587.06
8965,term,2243.45,,2243.45
8966,term,6427.88,,6427.88
8967,term,2319.59,,2319.59
8968,revolving,20257.43,39863.07,30060.25
8969,term,2759.82,,2759.82
8970,term,13812.41,,13812.41
8971,term,814.07,,814.07
8972,term,1549.72,,1549.72
8973,term,7910.34,,7910.34
8974,term,12895.29,,12895.29
8975,term,9886.92,,9886.92
8976,term,9114.21,,9114.21
8977,term,2440.81,,2440.81
8978,revolving,7885.3,16428.86,12157.08
8979,term,878.25,,878.25
8980,term,9665.96,,9665.96
8981,revolving,10574.28,30723.56,20648.92
8982,term,1878.28,,1878.28
8983,term,6284.97,,6284.97
8984,term,8986.63,,8986.63
8985,term,2347.72,,2347.72
8986,term,5482.63,,5482.63
8987,term,222.54,,222.54
8988,revolving,519.83,1002.34,761.08
8989,revolving,6033.19,16190.32,11111.76
8990,term,1623.25,,1623.25
8991,term,13623.71,,13623.71
8992,term,6207.97,,6207.97
8993,term,2237.85,,2237.85
8994,term,7774.0,,7774.0
8995,term,3048.63,,3048.63
8996,term,1606.55,,1606.55
8997,term,14414.29,,14414.29
8998,revolving,761.41,1252.19,1006.8
8999,term,1831.08,,1831.08
9000,revolving,4568.0,11697.67,8132.84
9001,revolving,2358.51,5153.78,3756.14
9002,term,9162.21,,9162.21
9003,revolving,1024.37,2636.72,1830.54
9004,term,7306.86,,7306.86
9005,term,13305.32,,13305.32
9006,term,7453.29,,7453.29
9007,term,10437.93,,10437.93
9008,term,7750.36,,7750.36
9009,term,761.0,,761.0
9010,term,26135.78,,26135.78
9011,term,5234.11,,5234.11
9012,term,3386.04,,3386.04
9013,term,1832.09,,1832.09
9014,term,9708.58,,9708.58
9015,term,2510.85,,2510.85
9016,term,10615.64,,10615.64
9017,term,26998.15,,26998.15
9018,revolving,8013.51,13657.86,10835.69
9019,term,30418.81,,30418.81
9020,term,16108.51,,16108.51
9021,term,9372.45,,9372.45
9022,revolving,14873.85,39908.31,27391.08
9023,term,4827.71,,4827.71
9024,term,9208.81,,9208.81
9025,term,1677.5,,1677.5
9026,term,2200.33,,2200.33
9027,term,4878.77,,4878.77
9028,term,2085.86,,2085.86
9029,revolving,12122.74,29076.92,20599.83
9030,term,4453.68,,4453.68
9031,term,33126.29,,33126.29
9032,revolving,16936.91,38713.99,27825.45
9033,term,2431.52,,2431.52
9034,revolving,12660.9,37620.48,25140.69
9035,term,10779.46,,10779.46
9036,revolving,37143.97,65691.16,51417.56
9037,term,18301.71,,18301.71
9038,revolving,408.67,831.06,619.86
9039,revolving,4072.04,7483.51,5777.78
9040,term,2662.47,,2662.47
9041,term,5342.83,,5342.83
9042,term,7488.2,,7488.2
9043,revolving,4494.99,13035.08,8765.04
9044,term,4734.02,,4734.02
9045,term,6234.16,,6234.16
9046,term,10610.17,,10610.17
9047,term,1738.4,,1738.4
9048,term,1729.61,,1729.61
9049,revolving,784.6,1181.0,982.8
9050,term,2503.39,,2503.39
9051,revolving,2309.61,5605.73,3957.67
9052,term,2658.05,,2658.05
9053,term,5356.14,,5356.14
9054,term,2158.28,,2158.28
9055,term,14534.49,,14534.49
9056,revolving,10378.51,16892.31,13635.41
9057,revolving,2806.38,5190.23,3998.3
9058,term,16321.73,,16321.73
9059,term,1640.77,,1640.77
9060,term,6869.93,,6869.93
9061,revolving,5584.64,9753.2,7668.92
9062,revolving,1254.55,3021.16,2137.86
9063,revolving,2838.35,5354.87,4096.61
9064,term,449.09,,449.09
9065,term,4177.58,,4177.58
9066,term,9119.04,,9119.04
9067,term,22864.92,,22864.92
9068,term,19765.84,,19765.84
9069,term,720.2,,720.2
9070,term,27040.89,,27040.89
9071,revolving,10392.89,24333.24,17363.07
9072,revolving,1021.03,1644.21,1332.62
9073,term,564.43,,564.43
9074,term,3638.69,,3638.69
9075,term,3909.45,,3909.45
9076,revolving,7307.38,19154.39,13230.88
9077,revolving,6139.28,15418.7,10778.99
9078,revolving,1063.16,2789.08,1926.12
9079,revolving,10466.47,21350.84,15908.66
9080,term,4430.73,,4430.73
9081,term,18065.7,,18065.7
9082,term,5825.86,,5825.86
9083,term,15568.25,,15568.25
9084,revolving,8181.27,23139.51,15660.39
9085,term,1349.17,,1349.17
9086,term,21400.6,,21400.6
9087,term,1084.62,,1084.62
9088,revolving,1154.73,3252.97,2203.85
9089,term,7823.8,,7823.8
9090,term,3107.58,,3107.58
9091,term,15022.98,,15022.98
9092,term,192.67,,192.67
9093,term,1034.26,,1034.26
9094,revolving,12562.01,33189.45,22875.73
9095,term,2688.67,,2688.67
9096,revolving,22674.66,54905.25,38789.96
9097,term,6032.63,,6032.63
9098,term,11358.58,,11358.58
9099,revolving,7268.37,19309.14,13288.76
9100,term,6667.1,,6667.1
9101,term,2985.76,,2985.76
9102,revolving,20270.9,46846.28,33558.59
9103,term,32280.66,,32280.66
9104,revolving,5590.99,9548.38,7569.68
9105,term,19198.27,,19198.27
9106,term,6261.07,,6261.07
9107,term,4533.41,,4533.41
9108,revolving,6243.29,13199.93,9721.61
9109,term,32368.89,,32368.89
9110,revolving,7903.09,21155.07,14529.08
9111,revolving,1949.98,3734.74,2842.36
9112,term,29885.09,,29885.09
9113,term,5365.08,,5365.08
9114,term,5916.1,,5916.1
9115,term,5238.98,,5238.98
9116,term,52979.14,,52979.14
9117,term,2748.25,,2748.25
9118,revolving,6428.12,13757.18,10092.65
9119,revolving,13657.07,34564.15,24110.61
9120,revolving,771.27,1922.29,1346.78
9121,revolving,13327.18,30658.14,21992.66
9122,term,26338.68,,26338.68
9123,term,5506.81,,5506.81
9124,revolving,10130.31,18100.0,14115.16
9125,term,21646.45,,21646.45
9126,revolving,1032.03,2095.26,1563.64
9127,term,4734.79,,4734.79
9128,term,10181.64,,10181.64
9129,revolving,3696.72,9138.48,6417.6
9130,revolving,2153.44,4114.47,3133.96
9131,term,3136.52,,3136.52
9132,revolving,12276.15,36195.19,24235.67
9133,term,1058.17,,1058.17
9134,term,17198.21,,17198.21
9135,revolving,18348.26,29836.64,24092.45
9136,term,14014.01,,14014.01
9137,term,10237.42,,10237.42
9138,term,2995.08,,2995.08
9139,term,5277.0,,5277.0
9140,term,1276.62,,1276.62
9141,term,4852.68,,4852.68
9142,term,8670.4,,8670.4
9143,revolving,25871.2,60370.45,43120.82
9144,term,19793.58,,19793.58
9145,revolving,5220.93,14276.77,9748.85
9146,term,5673.67,,5673.67
9147,term,31937.47,,31937.47
9148,term,8147.31,,8147.31
9149,term,2867.23,,2867.23
9150,term,342.32,,342.32
9151,term,1844.64,,1844.64
9152,term,5913.84,,5913.84
9153,term,3223.88,,3223.88
9154,term,635.89,,635.89
9155,term,8149.61,,8149.61
9156,term,2935.68,,2935.68
9157,revolving,1710.32,4137.97,2924.15
9158,term,3070.48,,3070.48
9159,term,14048.39,,14048.39
9160,term,25142.12,,25142.12
9161,revolving,5298.22,13444.94,9371.58
9162,term,4775.35,,4775.35
9163,revolving,16668.87,34540.66,25604.76
9164,term,9898.71,,9898.71
9165,revolving,8028.4,18547.72,13288.06
9166,revolving,1024.64,2850.57,1937.6
9167,revolving,12114.48,20603.0,16358.74
9168,term,12945.27,,12945.27
9169,term,11109.84,,11109.84
9170,term,11708.72,,11708.72
9171,term,5989.5,,5989.5
9172,revolving,12873.7,36879.0,24876.35
9173,term,21655.26,,21655.26
9174,term,4473.08,,4473.08
9175,term,7886.66,,7886.66
9176,term,16406.48,,16406.48
9177,term,14646.06,,14646.06
9178,revolving,232.84,657.82,445.33
9179,term,14827.46,,14827.46
9180,term,21966.08,,21966.08
9181,term,2946.82,,2946.82
9182,term,3120.23,,3120.23
9183,term,6588.59,,6588.59
9184,term,17467.58,,17467.58
9185,revolving,9693.6,27090.95,18392.28
9186,revolving,1345.08,3875.74,2610.41
9187,revolving,5328.34,14589.79,9959.06
9188,term,11770.93,,11770.93
9189,revolving,3716.08,7637.33,5676.7
9190,revolving,2669.51,6265.08,4467.3
9191,revolving,3179.73,5096.86,4138.3
9192,term,563.68,,563.68
9193,revolving,2498.2,5539.12,4018.66
9194,revolving,2918.7,8429.68,5674.19
9195,revolving,4081.64,10450.48,7266.06
9196,term,4846.84,,4846.84
9197,revolving,11870.85,21035.11,16452.98
9198,revolving,20529.86,60304.83,40417.34
9199,term,11898.64,,11898.64
9200,term,322.63,,322.63
9201,revolving,864.13,1559.59,1211.86
9202,term,17771.81,,17771.81
9203,term,9874.11,,9874.11
9204,term,11973.62,,11973.62
9205,revolving,9504.09,16505.95,13005.02
9206,term,11502.33,,11502.33
9207,term,6718.25,,6718.25
9208,term,983.86,,983.86
9209,revolving,3423.35,8053.02,5738.18
9210,term,688.31,,688.31
9211,revolving,2413.58,5884.6,4149.09
9212,revolving,1542.0,3526.05,2534.02
9213,term,5389.55,,5389.55
9214,term,4080.81,,4080.81
9215,term,5039.6,,5039.6
9216,term,2960.95,,2960.95
9217,term,678.03,,678.03
9218,revolving,9080.88,27087.2,18084.04
9219,revolving,10065.97,29891.84,19978.9
9220,term,2822.54,,2822.54
9221,term,3380.26,,3380.26
9222,term,970.94,,970.94
9223,term,1970.05,,1970.05
9224,term,12218.86,,12218.86
9225,revolving,8797.6,13283.07,11040.34
9226,revolving,14617.7,26649.25,20633.47
9227,term,14424.15,,14424.15
9228,revolving,1260.14,2140.28,1700.21
9229,term,20218.8,,20218.8
9230,revolving,5918.76,17654.89,11786.82
9231,term,2310.96,,2310.96
9232,term,722.57,,722.57
9233,revolving,4514.77,12425.63,8470.2
9234,term,1028.22,,1028.22
9235,revolving,2393.46,4692.12,3542.79
9236,term,6939.65,,6939.65
9237,term,16715.86,,16715.86
9238,term,412.19,,412.19
9239,term,4625.66,,4625.66
9240,term,4633.11,,4633.11
9241,term,9788.09,,9788.09
9242,term,10541.55,,10541.55
9243,term,6734.56,,6734.56
9244,revolving,30350.52,51063.51,40707.02
9245,term,5391.82,,5391.82
9246,revolving,6239.4,10512.73,8376.06
9247,term,6767.29,,6767.29
9248,term,14117.38,,14117.38
9249,term,21687.74,,21687.74
9250,term,1354.38,,1354.38
9251,term,1657.62,,1657.62
9252,term,5900.72,,5900.72
9253,term,2176.28,,2176.28
9254,term,27457.93,,27457.93
9255,revolving,7210.63,17203.43,12207.03
9256,term,11882.92,,11882.92
9257,term,15121.84,,15121.84
9258,term,21208.69,,21208.69
9259,revolving,8141.15,20518.11,14329.63
9260,term,11667.17,,11667.17
9261,term,5297.23,,5297.23
9262,term,4033.89,,4033.89
9263,term,14415.52,,14415.52
9264,term,13165.54,,13165.54
9265,revolving,5021.83,7673.65,6347.74
9266,term,885.52,,885.52
9267,term,11440.75,,11440.75
9268,term,9663.94,,9663.94
9269,term,8272.23,,8272.23
9270,term,6473.43,,6473.43
9271,term,418.44,,418.44
9272,term,2163.51,,2163.51
9273,term,13439.76,,13439.76
9274,term,438.0,,438.0
9275,revolving,2036.63,3458.99,2747.81
9276,term,5489.67,,5489.67
9277,term,2091.33,,2091.33
9278,term,3914.96,,3914.96
9279,term,7945.42,,7945.42
9280,term,905.93,,905.93
9281,term,582.97,,582.97
9282,revolving,3229.47,7362.21,5295.84
9283,revolving,9785.38,29049.43,19417.4
9284,term,681.95,,681.95
9285,revolving,3060.03,6659.44,4859.73
9286,revolving,6763.18,10233.83,8498.51
9287,term,16201.41,,16201.41
9288,revolving,2015.86,5329.69,3672.77
9289,term,15990.68,,15990.68
9290,term,6021.7,,6021.7
9291,term,20753.48,,20753.48
9292,term,9603.88,,9603.88
9293,term,11923.35,,11923.35
9294,term,910.45,,910.45
9295,revolving,12285.15,21522.54,16903.84
9296,revolving,1646.08,3176.36,2411.22
9297,revolving,14369.86,25747.53,20058.7
9298,revolving,571.46,1491.63,1031.54
9299,revolving,5744.7,12221.55,8983.12
9300,term,3934.04,,3934.04
9301,term,12083.82,,12083.82
9302,term,2047.07,,2047.07
9303,revolving,65655.92,160516.31,113086.12
9304,term,521.65,,521.65
9305,revolving,6583.52,15221.57,10902.54
9306,term,8254.11,,8254.11
9307,term,7892.72,,7892.72
9308,revolving,16450.52,41841.25,29145.88
9309,term,10881.07,,10881.07
9310,term,13482.35,,13482.35
9311,term,10787.56,,10787.56
9312,term,10494.37,,10494.37
9313,revolving,21589.34,64705.2,43147.27
9314,term,18725.25,,18725.25
9315,term,3454.59,,3454.59
9316,term,17478.2,,17478.2
9317,revolving,28715.31,68682.28,48698.8
9318,term,25688.4,,25688.4
9319,term,1691.79,,1691.79
9320,revolving,2127.68,3802.19,2964.94
9321,term,9566.26,,9566.26
9322,revolving,12506.62,34098.22,23302.42
9323,term,2523.42,,2523.42
9324,term,3694.29,,3694.29
9325,term,8681.1,,8681.1
9326,revolving,13374.66,37683.67,25529.16
9327,revolving,6118.94,11827.63,8973.28
9328,term,4166.77,,4166.77
9329,term,3706.9,,3706.9
9330,revolving,2990.77,5500.47,4245.62
9331,term,5542.34,,5542.34
9332,revolving,5302.57,11744.27,8523.42
9333,term,7696.99,,7696.99
9334,revolving,2126.96,3417.52,2772.24
9335,term,5198.64,,5198.64
9336,term,512.88,,512.88
9337,term,28950.16,,28950.16
9338,revolving,168.92,295.08,232.0
9339,term,23431.64,,23431.64
9340,term,864.24,,864.24
9341,term,2435.56,,2435.56
9342,term,4868.41,,4868.41
9343,revolving,1218.66,2292.28,1755.47
9344,revolving,10772.69,26837.31,18805.0
9345,term,342.08,,342.08
9346,revolving,2431.69,4768.62,3600.16
9347,revolving,8418.98,23027.34,15723.16
9348,revolving,3055.06,5180.41,4117.73
9349,term,5735.7,,5735.7
9350,revolving,10031.0,18535.36,14283.18
9351,term,1346.86,,1346.86
9352,term,4831.86,,4831.86
9353,revolving,7375.67,18968.53,13172.1
9354,term,15157.77,,15157.77
9355,term,1326.66,,1326.66
9356,revolving,10691.31,29561.97,20126.64
9357,revolving,759.25,1489.78,1124.51
9358,term,11483.26,,11483.26
9359,revolving,980.15,1732.45,1356.3
9360,term,1218.91,,1218.91
9361,term,8951.86,,8951.86
9362,revolving,11166.66,22997.79,17082.22
9363,term,4640.28,,4640.28
9364,term,5294.1,,5294.1
9365,term,2863.65,,2863.65
9366,term,4153.11,,4153.11
9367,term,2633.54,,2633.54
9368,revolving,2604.49,7653.18,5128.84
9369,revolving,5744.57,12763.36,9253.96
9370,term,405.53,,405.53
9371,revolving,737.09,1660.39,1198.74
9372,term,3745.82,,3745.82
9373,term,2493.18,,2493.18
9374,revolving,1268.24,2934.09,2101.16
9375,term,3907.23,,3907.23
9376,term,752.55,,752.55
9377,term,7192.47,,7192.47
9378,term,1211.58,,1211.58
9379,revolving,16167.35,43751.25,29959.3
9380,term,4617.24,,4617.24
9381,term,23054.0,,23054.0
9382,term,1692.64,,1692.64
9383,term,6759.37,,6759.37
9384,term,13136.31,,13136.31
9385,term,2689.66,,2689.66
9386,revolving,4575.55,12874.8,8725.17
9387,revolving,1620.72,3421.87,2521.3
9388,term,9289.68,,9289.68
9389,term,1486.71,,1486.71
9390,term,3315.22,,3315.22
9391,revolving,3594.18,8243.93,5919.06
9392,revolving,2025.36,3756.39,2890.88
9393,term,1055.29,,1055.29
9394,revolving,5996.26,17079.66,11537.96
9395,term,4855.52,,4855.52
9396,term,1211.18,,1211.18
9397,term,16473.75,,16473.75
9398,term,3170.8,,3170.8
9399,term,7178.83,,7178.83
9400,term,3727.48,,3727.48
9401,term,11292.85,,11292.85
9402,term,15775.65,,15775.65
9403,term,2581.68,,2581.68
9404,term,4563.26,,4563.26
9405,term,894.35,,894.35
9406,term,5537.64,,5537.64
9407,term,1677.42,,1677.42
9408,term,622.01,,622.01
9409,term,3699.84,,3699.84
9410,term,5491.61,,5491.61
9411,term,10323.46,,10323.46
9412,term,1923.39,,1923.39
9413,revolving,11033.37,19949.21,15491.29
9414,term,4480.58,,4480.58
9415,term,16899.82,,16899.82
9416,term,9907.58,,9907.58
9417,term,4231.12,,4231.12
9418,term,13672.22,,13672.22
9419,term,5116.63,,5116.63
9420,term,634.74,,634.74
9421,revolving,5992.73,12684.48,9338.6
9422,term,3907.32,,3907.32
9423,term,8667.71,,8667.71
9424,term,5184.88,,5184.88
9425,revolving,6670.4,14634.6,10652.5
9426,revolving,3059.66,6628.58,4844.12
9427,term,6421.11,,6421.11
9428,revolving,6636.75,12127.55,9382.15
9429,term,7630.51,,7630.51
9430,revolving,2479.61,3805.93,3142.77
9431,revolving,7947.38,18644.12,13295.75
9432,term,2869.76,,2869.76
9433,revolving,2802.33,4590.69,3696.51
9434,term,1552.43,,1552.43
9435,term,9942.95,,9942.95
9436,term,1566.39,,1566.39
9437,revolving,1344.05,3497.55,2420.8
9438,term,7549.48,,7549.48
9439,term,22349.87,,22349.87
9440,revolving,1437.08,2767.28,2102.18
9441,term,2653.02,,2653.02
9442,term,6850.42,,6850.42
9443,term,10715.03,,10715.03
9444,term,5886.22,,5886.22
9445,term,4852.45,,4852.45
9446,term,2970.54,,2970.54
9447,revolving,6129.15,12373.19,9251.17
9448,revolving,3387.73,6491.49,4939.61
9449,term,357.57,,357.57
9450,term,4982.86,,4982.86
9451,term,3232.82,,3232.82
9452,term,1122.58,,1122.58
9453,term,2152.12,,2152.12
9454,term,12573.74,,12573.74
9455,revolving,28933.52,77912.68,53423.1
9456,term,15184.65,,15184.65
9457,term,2140.76,,2140.76
9458,revolving,20722.13,32882.06,26802.1
9459,term,5757.28,,5757.28
9460,term,23864.17,,23864.17
9461,term,7652.87,,7652.87
9462,term,4434.02,,4434.02
9463,revolving,9789.04,15886.31,12837.68
9464,term,449.31,,449.31
9465,revolving,14668.81,24064.77,19366.79
9466,revolving,21870.28,52157.38,37013.83
9467,revolving,20830.18,38579.88,29705.03
9468,revolving,845.81,1321.48,1083.64
9469,term,7147.08,,7147.08
9470,term,1215.22,,1215.22
9471,term,1551.22,,1551.22
9472,term,2765.6,,2765.6
9473,revolving,5376.72,15154.74,10265.73
9474,term,7915.95,,7915.95
9475,revolving,1222.69,3205.77,2214.23
9476,revolving,13860.89,27968.95,20914.92
9477,revolving,2613.59,5358.69,3986.14
9478,revolving,1645.84,4783.26,3214.55
9479,term,18320.45,,18320.45
9480,term,8839.52,,8839.52
9481,term,1185.67,,1185.67
9482,term,3475.37,,3475.37
9483,term,13432.74,,13432.74
9484,revolving,26015.59,47119.22,36567.4
9485,revolving,5554.0,14158.1,9856.05
9486,term,10609.73,,10609.73
9487,term,11075.82,,11075.82
9488,term,5809.02,,5809.02
9489,term,627.59,,627.59
9490,term,6631.45,,6631.45
9491,term,1719.4,,1719.4
9492,term,9751.45,,9751.45
9493,term,6674.02,,6674.02
9494,term,8949.39,,8949.39
9495,term,16397.18,,16397.18
9496,term,4471.05,,4471.05
9497,term,8563.23,,8563.23
9498,term,1522.69,,1522.69
9499,revolving,2347.4,6287.9,4317.65
9500,term,1498.79,,1498.79
9501,term,5249.75,,5249.75
9502,revolving,796.49,1303.51,1050.0
9503,term,25087.6,,25087.6
9504,revolving,4174.16,10388.71,7281.44
9505,term,18939.89,,18939.89
9506,term,25168.85,,25168.85
9507,term,8919.51,,8919.51
9508,term,12842.16,,12842.16
9509,term,26959.72,,26959.72
9510,term,1308.91,,1308.91
9511,term,8970.97,,8970.97
9512,term,617.02,,617.02
9513,term,594.45,,594.45
9514,term,4526.47,,4526.47
9515,term,17139.52,,17139.52
9516,term,10953.99,,10953.99
9517,term,7851.96,,7851.96
9518,revolving,1526.4,4382.37,2954.38
9519,term,5027.16,,5027.16
9520,term,8234.52,,8234.52
9521,term,15523.9,,15523.9
9522,term,342.51,,342.51
9523,revolving,38144.22,91505.09,64824.66
9524,term,567.08,,567.08
9525,term,5605.9,,5605.9
9526,term,5985.12,,5985.12
9527,revolving,2998.56,7495.03,5246.8
9528,term,11419.71,,11419.71
9529,revolving,1006.22,2093.43,1549.82
9530,revolving,919.85,2309.73,1614.79
9531,term,1057.54,,1057.54
9532,revolving,8558.63,13377.02,10967.82
9533,term,445.84,,445.84
9534,revolving,592.69,1634.1,1113.4
9535,term,3062.12,,3062.12
9536,term,15081.21,,15081.21
9537,term,10188.22,,10188.22
9538,revolving,1904.72,5687.72,3796.22
9539,term,8395.91,,8395.91
9540,term,4818.93,,4818.93
9541,term,1051.02,,1051.02
9542,term,5604.54,,5604.54
9543,term,17686.97,,17686.97
9544,term,2774.02,,2774.02
9545,term,7146.17,,7146.17
9546,term,4359.89,,4359.89
9547,term,2549.43,,2549.43
9548,term,1446.98,,1446.98
9549,term,11581.71,,11581.71
9550,revolving,10173.92,20707.17,15440.54
9551,term,8639.93,,8639.93
9552,revolving,16658.45,49517.2,33087.82
9553,revolving,2712.47,4980.18,3846.32
9554,term,8122.17,,8122.17
9555,term,12738.66,,12738.66
9556,revolving,11330.94,23532.32,17431.63
9557,term,20997.96,,20997.96
9558,term,8180.8,,8180.8
9559,term,1725.2,,1725.2
9560,term,12035.29,,12035.29
9561,revolving,1824.63,4847.45,3336.04
9562,term,4767.42,,4767.42
9563,term,22488.23,,22488.23
9564,term,23237.47,,23237.47
9565,term,940.38,,940.38
9566,term,1584.09,,1584.09
9567,term,1916.68,,1916.68
9568,revolving,1282.06,3704.19,2493.12
9569,term,9137.57,,9137.57
9570,revolving,3218.11,5206.61,4212.36
9571,term,10153.42,,10153.42
9572,term,935.18,,935.18
9573,term,6171.99,,6171.99
9574,term,22304.03,,22304.03
9575,term,5110.79,,5110.79
9576,term,2918.04,,2918.04
9577,revolving,936.58,2357.62,1647.1
9578,revolving,12086.07,26769.9,19427.98
9579,term,3068.83,,3068.83
9580,term,4547.31,,4547.31
9581,term,4164.2,,4164.2
9582,term,12811.92,,12811.92
9583,term,11139.63,,11139.63
9584,term,5265.45,,5265.45
9585,revolving,1334.15,2261.15,1797.65
9586,revolving,7087.39,20214.16,13650.78
9587,term,6063.55,,6063.55
9588,term,1110.42,,1110.42
9589,term,20110.64,,20110.64
9590,revolving,4776.34,12549.54,8662.94
9591,term,13789.76,,13789.76
9592,term,5989.39,,5989.39
9593,revolving,23624.56,46706.12,35165.34
9594,term,9318.17,,9318.17
9595,term,1479.93,,1479.93
9596,term,3655.23,,3655.23
9597,term,4345.1,,4345.1
9598,term,342.34,,342.34
9599,term,1487.48,,1487.48
9600,term,8912.64,,8912.64
9601,term,36087.53,,36087.53
9602,revolving,5677.65,14229.5,9953.58
9603,term,9876.36,,9876.36
9604,term,13665.66,,13665.66
9605,term,1547.48,,1547.48
9606,revolving,4746.87,9723.31,7235.09
9607,revolving,16263.52,39473.44,27868.48
9608,term,8507.75,,8507.75
9609,term,13232.51,,13232.51
9610,revolving,3873.29,11545.6,7709.44
9611,term,2551.69,,2551.69
9612,term,42078.71,,42078.71
9613,revolving,4043.73,8314.93,6179.33
9614,term,9550.09,,9550.09
9615,revolving,9680.23,19816.13,14748.18
9616,revolving,14168.02,22605.07,18386.54
9617,term,11424.09,,11424.09
9618,revolving,7647.36,14496.99,11072.18
9619,revolving,5372.83,11965.53,8669.18
9620,term,7876.19,,7876.19
9621,term,36504.84,,36504.84
9622,term,5763.06,,5763.06
9623,term,3939.49,,3939.49
9624,revolving,3426.81,10240.76,6833.78
9625,term,33685.1,,33685.1
9626,term,6613.85,,6613.85
9627,term,30934.79,,30934.79
9628,revolving,11228.89,23077.51,17153.2
9629,term,4732.98,,4732.98
9630,term,7157.25,,7157.25
9631,term,4932.37,,4932.37
9632,term,11386.58,,11386.58
9633,term,4047.29,,4047.29
9634,term,4022.67,,4022.67
9635,term,14803.22,,14803.22
9636,term,11818.65,,11818.65
9637,revolving,6325.73,16560.36,11443.04
9638,term,5800.45,,5800.45
9639,term,9208.67,,9208.67
9640,term,32469.35,,32469.35
9641,term,13559.66,,13559.66
9642,term,4259.54,,4259.54
9643,term,27926.99,,27926.99
9644,term,899.17,,899.17
9645,term,32581.29,,32581.29
9646,term,2302.72,,2302.72
9647,revolving,1365.3,2882.26,2123.78
9648,term,7869.17,,7869.17
9649,term,1777.54,,1777.54
9650,term,735.56,,735.56
9651,term,6902.64,,6902.64
9652,term,32238.87,,32238.87
9653,term,14527.55,,14527.55
9654,term,5741.1,,5741.1
9655,term,7606.97,,7606.97
9656,term,6645.87,,6645.87
9657,revolving,5838.43,8890.63,7364.53
9658,term,7494.88,,7494.88
9659,term,6871.78,,6871.78
9660,revolving,9162.83,25152.9,17157.87
9661,term,2279.53,,2279.53
9662,term,3890.11,,3890.11
9663,term,17579.47,,17579.47
9664,term,7996.31,,7996.31
9665,term,2972.26,,2972.26
9666,revolving,6021.46,11819.07,8920.26
9667,term,39988.31,,39988.31
9668,term,10544.11,,10544.11
9669,revolving,2245.53,5723.11,3984.32
9670,revolving,1609.84,3422.27,2516.05
9671,term,11977.35,,11977.35
9672,term,1012.41,,1012.41
9673,term,5513.68,,5513.68
9674,term,1639.08,,1639.08
9675,term,7646.16,,7646.16
9676,term,13749.72,,13749.72
9677,revolving,6267.94,12563.55,9415.74
9678,term,5067.31,,5067.31
9679,term,19329.21,,19329.21
9680,term,16185.59,,16185.59
9681,term,4487.82,,4487.82
9682,term,1326.49,,1326.49
9683,term,4683.29,,4683.29
9684,revolving,295.57,810.54,553.06
9685,term,7208.81,,7208.81
9686,term,20157.35,,20157.35
9687,term,286.71,,286.71
9688,term,14922.28,,14922.28
9689,term,13841.78,,13841.78
9690,revolving,42993.07,65887.46,54440.26
9691,revolving,6766.58,14995.03,10880.8
9692,term,896.29,,896.29
9693,term,5545.66,,5545.66
9694,revolving,1611.46,4530.97,3071.22
9695,term,2032.06,,2032.06
9696,term,1755.48,,1755.48
9697,term,29014.77,,29014.77
9698,revolving,803.82,1518.3,1161.06
9699,term,1893.55,,1893.55
9700,revolving,27469.27,55934.21,41701.74
9701,revolving,38539.72,85705.24,62122.48
9702,term,1768.03,,1768.03
9703,revolving,36214.49,83341.34,59777.91
9704,revolving,7806.91,12020.32,9913.62
9705,term,2239.65,,2239.65
9706,term,2982.91,,2982.91
9707,term,687.5,,687.5
9708,term,17232.44,,17232.44
9709,term,8845.31,,8845.31
9710,term,17446.55,,17446.55
9711,term,7009.51,,7009.51
9712,revolving,17101.14,38918.05,28009.6
9713,term,13459.55,,13459.55
9714,term,5643.79,,5643.79
9715,term,1391.41,,1391.41
9716,term,13413.58,,13413.58
9717,term,3856.32,,3856.32
9718,term,10694.28,,10694.28
9719,term,12117.92,,12117.92
9720,revolving,1659.65,3484.85,2572.25
9721,revolving,15728.99,31501.82,23615.4
9722,term,1250.74,,1250.74
9723,revolving,2547.22,6232.8,4390.01
9724,revolving,6176.21,9851.49,8013.85
9725,term,2996.62,,2996.62
9726,revolving,3589.61,9173.27,6381.44
9727,revolving,11938.94,26692.68,19315.81
9728,term,416.02,,416.02
9729,term,3708.22,,3708.22
9730,term,903.89,,903.89
9731,term,3053.94,,3053.94
9732,revolving,3740.85,8439.67,6090.26
9733,term,4382.22,,4382.22
9734,revolving,4105.38,9789.93,6947.66
9735,revolving,1045.84,1751.06,1398.45
9736,term,2628.88,,2628.88
9737,term,7752.26,,7752.26
9738,term,6367.18,,6367.18
9739,term,20189.44,,20189.44
9740,term,9554.93,,9554.93
9741,term,6601.32,,6601.32
9742,term,9009.62,,9009.62
9743,revolving,7172.46,14002.66,10587.56
9744,term,33637.77,,33637.77
9745,term,8547.68,,8547.68
9746,term,9785.69,,9785.69
9747,revolving,4447.17,9387.03,6917.1
9748,term,7691.91,,7691.91
9749,term,18983.15,,18983.15
9750,revolving,8420.9,22076.21,15248.56
9751,term,2243.36,,2243.36
9752,term,6951.64,,6951.64
9753,term,25796.27,,25796.27
9754,revolving,7473.39,20871.85,14172.62
9755,term,2865.32,,2865.32
9756,term,15525.74,,15525.74
9757,term,3442.12,,3442.12
9758,revolving,2302.99,5723.46,4013.22
9759,term,5157.84,,5157.84
9760,term,15610.06,,15610.06
9761,revolving,3631.85,10502.72,7067.28
9762,term,902.74,,902.74
9763,revolving,7412.74,12881.22,10146.98
9764,revolving,6235.9,10309.88,8272.89
9765,revolving,1077.39,2758.81,1918.1
9766,term,5343.7,,5343.7
9767,term,6404.03,,6404.03
9768,revolving,15976.24,31587.71,23781.98
9769,revolving,6885.33,13199.21,10042.27
9770,term,3881.42,,3881.42
9771,revolving,656.3,1046.61,851.46
9772,term,6595.41,,6595.41
9773,term,1205.72,,1205.72
9774,term,20454.43,,20454.43
9775,revolving,9836.6,19432.12,14634.36
9776,term,12776.88,,12776.88
9777,term,4103.95,,4103.95
9778,revolving,9246.06,21202.46,15224.26
9779,term,11669.47,,11669.47
9780,term,1558.41,,1558.41
9781,term,1219.41,,1219.41
9782,term,4902.14,,4902.14
9783,term,11443.04,,11443.04
9784,revolving,3682.98,7360.5,5521.74
9785,term,5620.46,,5620.46
9786,revolving,1942.55,3804.98,2873.76
9787,term,31203.51,,31203.51
9788,term,4461.54,,4461.54
9789,term,2086.82,,2086.82
9790,term,13299.53,,13299.53
9791,term,4321.1,,4321.1
9792,term,2256.11,,2256.11
9793,term,12104.31,,12104.31
9794,term,13560.1,,13560.1
9795,term,24800.05,,24800.05
9796,term,20812.8,,20812.8
9797,revolving,8763.93,17817.92,13290.92
9798,term,7256.32,,7256.32
9799,term,4086.27,,4086.27
9800,revolving,1645.81,2690.83,2168.32
9801,revolving,27296.09,75581.61,51438.85
9802,term,13398.93,,13398.93
9803,term,43968.13,,43968.13
9804,term,7124.01,,7124.01
9805,term,2708.55,,2708.55
9806,revolving,25113.13,58417.69,41765.41
9807,revolving,17227.16,28179.41,22703.28
9808,term,11030.03,,11030.03
9809,revolving,4478.57,11061.7,7770.14
9810,term,5068.26,,5068.26
9811,term,4571.02,,4571.02
9812,revolving,8014.76,14732.59,11373.68
9813,term,3492.02,,3492.02
9814,revolving,4546.05,12093.08,8319.56
9815,revolving,4406.7,11504.81,7955.75
9816,term,21319.83,,21319.83
9817,term,19156.78,,19156.78
9818,term,17321.74,,17321.74
9819,term,13092.29,,13092.29
9820,term,18895.31,,18895.31
9821,term,2227.72,,2227.72
9822,revolving,1793.61,4653.09,3223.35
9823,term,4357.85,,4357.85
9824,term,1529.74,,1529.74
9825,term,3546.2,,3546.2
9826,revolving,21596.05,34261.7,27928.88
9827,term,2540.44,,2540.44
9828,term,13078.98,,13078.98
9829,revolving,27551.62,74498.46,51025.04
9830,term,8001.19,,8001.19
9831,term,1517.21,,1517.21
9832,revolving,14429.32,42033.49,28231.4
9833,term,10245.42,,10245.42
9834,revolving,1994.92,5529.12,3762.02
9835,term,17523.7,,17523.7
9836,term,2249.29,,2249.29
9837,revolving,10786.42,19357.19,15071.8
9838,term,5057.17,,5057.17
9839,revolving,35056.45,83119.5,59087.98
9840,revolving,1859.48,3509.11,2684.3
9841,revolving,5775.52,16583.19,11179.36
9842,revolving,9057.88,21152.16,15105.02
9843,term,232.07,,232.07
9844,revolving,2327.26,4606.5,3466.88
9845,term,1312.43,,1312.43
9846,term,7849.26,,7849.26
9847,revolving,17255.96,34942.55,26099.26
9848,term,31048.02,,31048.02
9849,term,11506.21,,11506.21
9850,term,11798.35,,11798.35
9851,term,1816.76,,1816.76
9852,revolving,28453.31,53269.02,40861.16
9853,term,480.0,,480.0
9854,term,1032.33,,1032.33
9855,revolving,6304.99,11727.93,9016.46
9856,term,524.55,,524.55
9857,term,1357.22,,1357.22
9858,term,4373.06,,4373.06
9859,term,53670.27,,53670.27
9860,term,514.43,,514.43
9861,revolving,4677.98,8240.31,6459.14
9862,term,11238.96,,11238.96
9863,revolving,5353.36,8103.27,6728.32
9864,revolving,3812.85,8633.15,6223.0
9865,term,2407.68,,2407.68
9866,term,950.37,,950.37
9867,term,4442.35,,4442.35
9868,term,23151.81,,23151.81
9869,revolving,2636.76,5257.54,3947.15
9870,term,4382.67,,4382.67
9871,term,1385.92,,1385.92
9872,term,4309.36,,4309.36
9873,term,20915.99,,20915.99
9874,term,1483.47,,1483.47
9875,term,1924.48,,1924.48
9876,term,6073.02,,6073.02
9877,term,4846.46,,4846.46
9878,term,16393.51,,16393.51
9879,revolving,2133.23,3311.03,2722.13
9880,term,20640.64,,20640.64
9881,term,7211.9,,7211.9
9882,term,5059.08,,5059.08
9883,term,5683.87,,5683.87
9884,revolving,6590.32,16476.99,11533.66
9885,term,5500.85,,5500.85
9886,term,25183.29,,25183.29
9887,revolving,9059.48,17692.81,13376.14
9888,revolving,9885.18,28861.18,19373.18
9889,term,5503.66,,5503.66
9890,term,19320.85,,19320.85
9891,revolving,7289.16,13106.78,10197.97
9892,term,5309.18,,5309.18
9893,revolving,28482.16,45444.03,36963.1
9894,revolving,7181.06,19203.5,13192.28
9895,revolving,4586.48,8320.35,6453.42
9896,term,9195.22,,9195.22
9897,revolving,4291.69,6592.78,5442.24
9898,term,1226.09,,1226.09
9899,revolving,3198.42,5695.59,4447.0
9900,term,12361.54,,12361.54
9901,term,7490.78,,7490.78
9902,term,2706.95,,2706.95
9903,term,2155.35,,2155.35
9904,term,20232.95,,20232.95
9905,revolving,7682.78,17878.96,12780.87
9906,term,7592.07,,7592.07
9907,revolving,16441.52,35116.84,25779.18
9908,term,11860.94,,11860.94
9909,term,1891.78,,1891.78
9910,term,8344.22,,8344.22
9911,term,9873.38,,9873.38
9912,revolving,25032.55,49481.36,37256.96
9913,term,474.75,,474.75
9914,term,10771.59,,10771.59
9915,term,3684.19,,3684.19
9916,revolving,4860.79,10978.41,7919.6
9917,term,2427.12,,2427.12
9918,term,6560.96,,6560.96
9919,term,16646.27,,16646.27
9920,term,6778.22,,6778.22
9921,term,13023.3,,13023.3
9922,revolving,16874.47,38091.96,27483.22
9923,term,6258.02,,6258.02
9924,term,1952.1,,1952.1
9925,term,4970.29,,4970.29
9926,term,12948.72,,12948.72
9927,term,8012.26,,8012.26
9928,revolving,15175.54,44802.91,29989.22
9929,revolving,13850.58,35546.62,24698.6
9930,revolving,1663.14,4957.36,3310.25
9931,revolving,22213.76,66317.57,44265.67
9932,term,1911.7,,1911.7
9933,term,1820.66,,1820.66
9934,term,16564.05,,16564.05
9935,term,793.87,,793.87
9936,term,5449.87,,5449.87
9937,term,15071.23,,15071.23
9938,term,1798.68,,1798.68
9939,revolving,3052.46,5510.49,4281.48
9940,revolving,9531.04,22726.67,16128.86
9941,revolving,5554.87,11764.48,8659.67
9942,term,5091.7,,5091.7
9943,term,3162.22,,3162.22
9944,term,3844.01,,3844.01
9945,term,2203.91,,2203.91
9946,term,12727.3,,12727.3
9947,term,4829.74,,4829.74
9948,term,561.04,,561.04
9949,term,10860.3,,10860.3
9950,term,10475.23,,10475.23
9951,term,12575.11,,12575.11
9952,term,8948.38,,8948.38
9953,term,5506.5,,5506.5
9954,term,2468.88,,2468.88
9955,term,39189.68,,39189.68
9956,term,3691.61,,3691.61
9957,revolving,14558.68,26717.56,20638.12
9958,revolving,5358.9,8941.31,7150.1
9959,term,5935.44,,5935.44
9960,term,1147.28,,1147.28
9961,term,1603.76,,1603.76
9962,term,14849.84,,14849.84
9963,term,836.88,,836.88
9964,term,6500.23,,6500.23
9965,term,1636.0,,1636.0
9966,term,2391.15,,2391.15
9967,revolving,6815.16,11563.57,9189.36
9968,term,1174.51,,1174.51
9969,revolving,14052.1,29874.27,21963.18
9970,term,5391.53,,5391.53
9971,term,20657.91,,20657.91
9972,revolving,9869.99,25235.21,17552.6
9973,revolving,17074.6,37215.91,27145.26
9974,term,14031.47,,14031.47
9975,term,2390.42,,2390.42
9976,term,24217.25,,24217.25
9977,term,10394.25,,10394.25
9978,revolving,6041.73,11322.35,8682.04
9979,revolving,21965.34,33516.67,27741.0
9980,term,27723.76,,27723.76
9981,term,1601.41,,1601.41
9982,term,5538.88,,5538.88
9983,term,14353.36,,14353.36
9984,revolving,2115.54,4753.74,3434.64
9985,revolving,10296.57,15534.72,12915.64
9986,term,2197.67,,2197.67
9987,term,501.5,,501.5
9988,term,24058.14,,24058.14
9989,term,5034.37,,5034.37
9990,revolving,1402.34,4087.29,2744.81
9991,term,9261.21,,9261.21
9992,term,7242.74,,7242.74
9993,term,4632.2,,4632.2
9994,revolving,19067.75,36614.93,27841.34
9995,term,2844.38,,2844.38
9996,revolving,32250.57,51856.36,42053.46
9997,revolving,26086.67,68714.77,47400.72
9998,revolving,2566.43,4970.6,3768.52
9999,term,1079.71,,1079.71
10000,term,32573.22,,32573.22
