loan_id,LGD,adjusted_recovery_rate
1,0.887,0.11318
2,0.892,0.1078
3,0.409,0.59131
4,0.885,0.11514999999999999
5,0.465,0.53498
6,0.826,0.17395
7,0.859,0.14056
8,0.871,0.12859
9,0.614,0.38582999999999995
10,0.671,0.32863
11,0.893,0.10744000000000001
12,0.867,0.13275
13,0.653,0.34689
14,0.637,0.36278
15,0.607,0.39285
16,0.883,0.11689500000000001
17,0.404,0.59633
18,0.411,0.5890500000000001
19,0.474,0.5256500000000001
20,0.432,0.5683400000000001
21,0.411,0.5885400000000001
22,0.625,0.37506999999999996
23,0.669,0.33138999999999996
24,0.835,0.16471
25,0.629,0.37051999999999996
26,0.86,0.14009000000000002
27,0.871,0.12902
28,0.655,0.34521999999999997
29,0.879,0.12093
30,0.859,0.14110999999999999
31,0.445,0.55466
32,0.813,0.18709
33,0.639,0.3606
34,0.461,0.5389700000000001
35,0.62,0.37987
36,0.452,0.54835
37,0.684,0.31559
38,0.467,0.53264
39,0.474,0.52624
40,0.88,0.12047000000000001
41,0.673,0.32656999999999997
42,0.809,0.19073
43,0.418,0.58175
44,0.641,0.35929
45,0.494,0.50585
46,0.92,0.07962000000000001
47,0.882,0.11791000000000001
48,0.883,0.11681000000000001
49,0.893,0.107
50,0.835,0.16513999999999998
51,0.807,0.19296
52,0.439,0.5609700000000001
53,0.666,0.33410999999999996
54,0.944,0.056100000000000004
55,0.894,0.10635
56,0.806,0.19391
57,0.861,0.13937
58,0.934,0.06561
59,0.657,0.34348
60,0.449,0.55135
61,0.466,0.53429
62,0.483,0.51698
63,0.442,0.5578500000000001
64,0.677,0.3228
65,0.659,0.34057
66,0.612,0.38788999999999996
67,0.815,0.18542
68,0.899,0.10089000000000001
69,0.692,0.30816999999999994
70,0.425,0.5749200000000001
71,0.644,0.3564
72,0.852,0.14765
73,0.831,0.16867
74,0.479,0.5214700000000001
75,0.834,0.16630999999999999
76,0.635,0.36545
77,0.419,0.5808000000000001
78,0.429,0.57062
79,0.625,0.37451999999999996
80,0.638,0.36179
81,0.909,0.09102
82,0.62,0.37998
83,0.674,0.32577
84,0.696,0.30413999999999997
85,0.491,0.50882
86,0.875,0.12473000000000001
87,0.41,0.58994
88,0.647,0.35292999999999997
89,0.913,0.08662
90,0.634,0.36557999999999996
91,0.465,0.5350400000000001
92,0.43,0.57043
93,0.63,0.36987
94,0.853,0.14669000000000001
95,0.449,0.55125
96,0.661,0.33948
97,0.856,0.14447
98,0.663,0.33720999999999995
99,0.654,0.34639
100,0.906,0.09443
101,0.606,0.3937
102,0.811,0.18892
103,0.681,0.31888
104,0.824,0.17607
105,0.478,0.52151
106,0.605,0.39547
107,0.871,0.12857000000000002
108,0.688,0.31223
109,0.865,0.1354
110,0.815,0.18463000000000002
111,0.885,0.11528000000000001
112,0.803,0.19733
113,0.609,0.39083
114,0.893,0.10701
115,0.631,0.36880999999999997
116,0.691,0.30923999999999996
117,0.895,0.10525999999999999
118,0.921,0.07864
119,0.409,0.5914400000000001
120,0.876,0.12439
121,0.459,0.5406700000000001
122,0.928,0.07201
123,0.697,0.30284999999999995
124,0.628,0.37237
125,0.821,0.17852
126,0.495,0.50539
127,0.461,0.53942
128,0.849,0.15114
129,0.866,0.13431
130,0.82,0.17985
131,0.901,0.09922
132,0.89,0.11038999999999999
133,0.464,0.53612
134,0.483,0.5172
135,0.945,0.05537
136,0.404,0.5961700000000001
137,0.486,0.51393
138,0.418,0.5821500000000001
139,0.446,0.55359
140,0.675,0.32456999999999997
141,0.826,0.17428
142,0.834,0.16638
143,0.667,0.33325
144,0.443,0.5565500000000001
145,0.866,0.13391999999999998
146,0.826,0.17362
147,0.825,0.17504
148,0.917,0.08271
149,0.697,0.30282
150,0.909,0.09071000000000001
151,0.889,0.11135
152,0.665,0.33543
153,0.899,0.10074
154,0.888,0.11153
155,0.807,0.19303
156,0.928,0.07235000000000001
157,0.862,0.13782
158,0.457,0.5433450000000001
159,0.467,0.5325300000000001
160,0.471,0.52903
161,0.665,0.33498999999999995
162,0.407,0.5932700000000001
163,0.877,0.12324000000000002
164,0.891,0.10905
165,0.806,0.19354
166,0.896,0.10383999999999999
167,0.898,0.1016
168,0.938,0.0621
169,0.835,0.16476
170,0.873,0.12665
171,0.93,0.07029
172,0.883,0.11656
173,0.818,0.18239
174,0.804,0.19621
175,0.946,0.05389
176,0.694,0.30627499999999996
177,0.899,0.10086
178,0.677,0.32287
179,0.864,0.13605
180,0.906,0.09414
181,0.809,0.19079000000000002
182,0.684,0.31598
183,0.611,0.38856
184,0.926,0.07442
185,0.943,0.05727
186,0.901,0.0993
187,0.86,0.14011
188,0.404,0.5962700000000001
189,0.451,0.5488900000000001
190,0.822,0.17821
191,0.695,0.30512999999999996
192,0.635,0.36543
193,0.837,0.16347
194,0.818,0.18182
195,0.861,0.13943
196,0.426,0.57421
197,0.867,0.13277999999999998
198,0.661,0.33854999999999996
199,0.883,0.11679999999999999
200,0.875,0.12543
201,0.646,0.35367
202,0.692,0.30845
203,0.685,0.314565
204,0.456,0.54361
205,0.497,0.50255
206,0.656,0.34435
207,0.918,0.08159000000000001
208,0.608,0.39235
209,0.456,0.54429
210,0.919,0.08102000000000001
211,0.631,0.36862999999999996
212,0.442,0.55772
213,0.938,0.0623
214,0.832,0.16785999999999998
215,0.815,0.18452
216,0.677,0.32342
217,0.875,0.12523
218,0.43,0.57021
219,0.907,0.09336
220,0.65,0.35006
221,0.939,0.060820000000000006
222,0.942,0.05793
223,0.884,0.11576
224,0.422,0.57815
225,0.677,0.32309
226,0.848,0.15220999999999998
227,0.918,0.08217
228,0.871,0.12916
229,0.947,0.053180000000000005
230,0.409,0.59113
231,0.817,0.18327
232,0.926,0.07437
233,0.481,0.51922
234,0.467,0.53259
235,0.937,0.06277
236,0.912,0.08821000000000001
237,0.467,0.5330400000000001
238,0.446,0.5542600000000001
239,0.937,0.06283
240,0.427,0.5732200000000001
241,0.486,0.51373
242,0.948,0.05194
243,0.857,0.14329
244,0.605,0.39507
245,0.85,0.14955
246,0.914,0.08641
247,0.863,0.13738
248,0.922,0.07834
249,0.849,0.15064
250,0.695,0.30511999999999995
251,0.43,0.5697000000000001
252,0.85,0.15044
253,0.889,0.11111
254,0.901,0.0994
255,0.624,0.37578999999999996
256,0.634,0.36555
257,0.609,0.39085
258,0.424,0.57625
259,0.854,0.14597
260,0.818,0.182
261,0.652,0.34795
262,0.409,0.59101
263,0.86,0.13962
264,0.856,0.14437
265,0.868,0.13222
266,0.921,0.07882
267,0.86,0.14048
268,0.683,0.31654
269,0.906,0.0936
270,0.663,0.33726
271,0.447,0.55311
272,0.887,0.11281000000000001
273,0.405,0.5950500000000001
274,0.629,0.37133
275,0.893,0.10715999999999999
276,0.696,0.30423999999999995
277,0.877,0.12259
278,0.871,0.12886
279,0.644,0.35583
280,0.852,0.14757
281,0.923,0.07712000000000001
282,0.418,0.58248
283,0.895,0.10513999999999998
284,0.616,0.38361999999999996
285,0.497,0.50258
286,0.929,0.0707
287,0.454,0.54589
288,0.819,0.18082
289,0.632,0.36766
290,0.833,0.16731
291,0.891,0.10858999999999999
292,0.441,0.5592600000000001
293,0.408,0.59192
294,0.828,0.17238
295,0.881,0.11934
296,0.615,0.38533999999999996
297,0.897,0.10305
298,0.899,0.10144
299,0.643,0.3575
300,0.425,0.57459
301,0.896,0.10445
302,0.465,0.535
303,0.627,0.37332
304,0.878,0.12212
305,0.457,0.54332
306,0.436,0.5643
307,0.883,0.11716
308,0.645,0.35474999999999995
309,0.831,0.16904
310,0.466,0.53352
311,0.63,0.37049
312,0.85,0.14971
313,0.425,0.5747
314,0.435,0.5654800000000001
315,0.485,0.51483
316,0.683,0.31728999999999996
317,0.482,0.51768
318,0.41,0.58977
319,0.896,0.10410000000000001
320,0.495,0.50543
321,0.639,0.36122
322,0.865,0.13548000000000002
323,0.873,0.12702999999999998
324,0.866,0.13354000000000002
325,0.469,0.53059
326,0.822,0.17794
327,0.923,0.07696
328,0.417,0.5829300000000001
329,0.898,0.10215
330,0.615,0.38547
331,0.459,0.54091
332,0.623,0.37672999999999995
333,0.494,0.5064200000000001
334,0.607,0.39315
335,0.807,0.19284
336,0.683,0.31708
337,0.924,0.07640000000000001
338,0.435,0.56496
339,0.851,0.14853
340,0.694,0.30611999999999995
341,0.457,0.5432300000000001
342,0.698,0.30218
343,0.856,0.14359
344,0.81,0.18963
345,0.897,0.10321999999999999
346,0.606,0.39402
347,0.698,0.30185999999999996
348,0.848,0.15216
349,0.605,0.39513
350,0.928,0.07162
351,0.62,0.37999
352,0.937,0.06255
353,0.874,0.12561999999999998
354,0.628,0.37245999999999996
355,0.805,0.19456
356,0.425,0.57477
357,0.62,0.37951999999999997
358,0.629,0.37084999999999996
359,0.847,0.15316
360,0.85,0.15008
361,0.817,0.18251
362,0.491,0.5090100000000001
363,0.444,0.55588
364,0.886,0.11362
365,0.633,0.36722
366,0.666,0.33443999999999996
367,0.862,0.13762
368,0.919,0.08095000000000001
369,0.494,0.50604
370,0.491,0.5094500000000001
371,0.852,0.14787
372,0.804,0.19572
373,0.668,0.3317
374,0.621,0.37857999999999997
375,0.42,0.5802200000000001
376,0.926,0.07436000000000001
377,0.672,0.32816999999999996
378,0.491,0.50931
379,0.634,0.36556999999999995
380,0.697,0.30266
381,0.616,0.38439999999999996
382,0.477,0.5228600000000001
383,0.931,0.06910000000000001
384,0.869,0.13129
385,0.938,0.062150000000000004
386,0.638,0.36191999999999996
387,0.93,0.06961
388,0.686,0.31427
389,0.456,0.5437200000000001
390,0.487,0.5130300000000001
391,0.403,0.59743
392,0.607,0.39265
393,0.948,0.051960000000000006
394,0.893,0.10737
395,0.803,0.19665
396,0.457,0.54286
397,0.876,0.12446
398,0.698,0.30195
399,0.853,0.14676
400,0.867,0.13305
401,0.878,0.12246
402,0.867,0.13333
403,0.888,0.11238999999999999
404,0.942,0.05818
405,0.699,0.30135
406,0.7,0.30030999999999997
407,0.657,0.34341999999999995
408,0.487,0.5130600000000001
409,0.668,0.33246
410,0.899,0.10103999999999999
411,0.447,0.55323
412,0.401,0.5987800000000001
413,0.463,0.5372
414,0.677,0.32252
415,0.435,0.56518
416,0.667,0.33307
417,0.647,0.35345
418,0.491,0.50865
419,0.451,0.5489
420,0.816,0.18393
421,0.487,0.51254
422,0.634,0.36565
423,0.866,0.13432
424,0.809,0.19091
425,0.679,0.32136
426,0.492,0.5084700000000001
427,0.426,0.5743600000000001
428,0.919,0.08138000000000001
429,0.416,0.5837800000000001
430,0.91,0.08974
431,0.871,0.12919
432,0.83,0.17034
433,0.896,0.10382999999999999
434,0.911,0.08931
435,0.62,0.38005
436,0.685,0.31492
437,0.849,0.15078
438,0.886,0.11365
439,0.914,0.08621000000000001
440,0.859,0.14126
441,0.421,0.57887
442,0.884,0.11649999999999999
443,0.903,0.097
444,0.494,0.5055400000000001
445,0.601,0.39921999999999996
446,0.41,0.5905
447,0.67,0.33038
448,0.871,0.12938
449,0.896,0.10413
450,0.877,0.12314499999999999
451,0.862,0.13767
452,0.828,0.17187
453,0.896,0.10435
454,0.897,0.10319
455,0.853,0.14667000000000002
456,0.898,0.102
457,0.471,0.5286000000000001
458,0.801,0.1989
459,0.627,0.3732
460,0.641,0.35894
461,0.691,0.30927
462,0.682,0.31843
463,0.853,0.14693
464,0.619,0.38115
465,0.475,0.5253500000000001
466,0.887,0.11309
467,0.65,0.35029
468,0.812,0.18797
469,0.818,0.18193
470,0.87,0.12979
471,0.892,0.10809
472,0.604,0.39602
473,0.876,0.12412000000000001
474,0.463,0.5365000000000001
475,0.464,0.53588
476,0.911,0.08916
477,0.639,0.36124
478,0.822,0.17836
479,0.465,0.5346500000000001
480,0.447,0.55334
481,0.433,0.5672900000000001
482,0.66,0.34003
483,0.913,0.08656
484,0.925,0.07521
485,0.645,0.35549
486,0.407,0.59314
487,0.681,0.31922999999999996
488,0.664,0.33559999999999995
489,0.88,0.11983
490,0.665,0.33470999999999995
491,0.651,0.34883
492,0.487,0.51334
493,0.85,0.15031999999999998
494,0.433,0.566895
495,0.923,0.07673
496,0.9,0.10035999999999999
497,0.464,0.5363100000000001
498,0.613,0.38724
499,0.657,0.34307
500,0.855,0.14501999999999998
501,0.868,0.13222
502,0.639,0.36093
503,0.885,0.11539
504,0.436,0.5644800000000001
505,0.667,0.33274
506,0.431,0.56938
507,0.46,0.53963
508,0.471,0.52929
509,0.436,0.56428
510,0.884,0.11603000000000001
511,0.858,0.14163
512,0.925,0.07477
513,0.657,0.34285
514,0.603,0.39709
515,0.651,0.34935
516,0.914,0.08554
517,0.417,0.58286
518,0.891,0.10913
519,0.61,0.39027
520,0.896,0.10377999999999998
521,0.645,0.35463
522,0.417,0.5831900000000001
523,0.875,0.12525
524,0.877,0.12262999999999999
525,0.863,0.13672
526,0.453,0.54688
527,0.876,0.12398
528,0.897,0.10327999999999998
529,0.643,0.35702
530,0.413,0.5865800000000001
531,0.886,0.11435999999999999
532,0.413,0.58735
533,0.903,0.09734000000000001
534,0.89,0.11006
535,0.859,0.14065
536,0.687,0.31301999999999996
537,0.84,0.16033
538,0.887,0.11318
539,0.651,0.34874
540,0.922,0.07755000000000001
541,0.944,0.05643000000000001
542,0.855,0.14512999999999998
543,0.68,0.32016999999999995
544,0.934,0.06570000000000001
545,0.61,0.39031
546,0.67,0.32987
547,0.862,0.13759000000000002
548,0.86,0.14038
549,0.411,0.58914
550,0.836,0.16379
551,0.901,0.09938000000000001
552,0.426,0.57404
553,0.865,0.13508
554,0.95,0.050440000000000006
555,0.616,0.38369
556,0.899,0.10128999999999999
557,0.649,0.35141999999999995
558,0.49,0.50992
559,0.877,0.12284
560,0.47,0.53005
561,0.927,0.0734
562,0.884,0.11612
563,0.698,0.30218999999999996
564,0.46,0.53979
565,0.633,0.36668999999999996
566,0.685,0.31464
567,0.656,0.34436
568,0.401,0.59887
569,0.91,0.08976
570,0.861,0.13943
571,0.443,0.5574300000000001
572,0.891,0.10936000000000001
573,0.481,0.51919
574,0.437,0.56345
575,0.924,0.07625000000000001
576,0.818,0.18197
577,0.634,0.36629
578,0.5,0.5003000000000001
579,0.458,0.5421600000000001
580,0.808,0.19239
581,0.407,0.59263
582,0.422,0.5784800000000001
583,0.89,0.11022
584,0.885,0.11478000000000001
585,0.858,0.14154999999999998
586,0.414,0.5859000000000001
587,0.635,0.36505
588,0.933,0.06652
589,0.64,0.35977
590,0.669,0.33098
591,0.86,0.13999
592,0.889,0.11134999999999999
593,0.416,0.5841400000000001
594,0.835,0.16533
595,0.85,0.14995000000000003
596,0.482,0.5178900000000001
597,0.492,0.5080800000000001
598,0.635,0.36522
599,0.633,0.36711
600,0.694,0.30577
601,0.5,0.50005
602,0.87,0.12972999999999998
603,0.838,0.16225
604,0.899,0.10064
605,0.453,0.5469400000000001
606,0.422,0.57842
607,0.456,0.5439
608,0.448,0.5519200000000001
609,0.454,0.54574
610,0.847,0.15253999999999998
611,0.466,0.53371
612,0.899,0.10139
613,0.473,0.52722
614,0.838,0.16224
615,0.91,0.09021000000000001
616,0.871,0.12863000000000002
617,0.808,0.19245
618,0.936,0.06365000000000001
619,0.865,0.13492
620,0.818,0.1817
621,0.406,0.5944
622,0.444,0.5558700000000001
623,0.857,0.14311
624,0.66,0.33951
625,0.672,0.32842
626,0.874,0.12606
627,0.622,0.37831
628,0.9,0.10025
629,0.442,0.55822
630,0.898,0.10191999999999998
631,0.453,0.54652
632,0.875,0.12502
633,0.674,0.32577999999999996
634,0.48,0.51951
635,0.422,0.57798
636,0.931,0.06927
637,0.842,0.15758999999999998
638,0.69,0.31026
639,0.445,0.55456
640,0.82,0.18001
641,0.635,0.36501
642,0.439,0.56081
643,0.87,0.13049
644,0.894,0.10634
645,0.465,0.53544
646,0.838,0.16191
647,0.675,0.32543999999999995
648,0.685,0.31536
649,0.877,0.12306
650,0.482,0.51831
651,0.918,0.08235
652,0.89,0.10951
653,0.608,0.39183
654,0.896,0.10373
655,0.442,0.5576000000000001
656,0.839,0.16105
657,0.456,0.54383
658,0.886,0.11385
659,0.679,0.32114
660,0.668,0.33174
661,0.892,0.10787000000000001
662,0.427,0.57274
663,0.471,0.5288900000000001
664,0.476,0.5236200000000001
665,0.401,0.59852
666,0.631,0.36945
667,0.483,0.51749
668,0.915,0.08547
669,0.917,0.08306000000000001
670,0.859,0.14119
671,0.855,0.14452
672,0.473,0.5268900000000001
673,0.612,0.38808
674,0.826,0.17417
675,0.407,0.59313
676,0.812,0.18817
677,0.632,0.36798
678,0.497,0.5032300000000001
679,0.831,0.16894
680,0.67,0.33008
681,0.846,0.15363
682,0.857,0.14325000000000002
683,0.936,0.06415
684,0.61,0.39022
685,0.618,0.38155999999999995
686,0.829,0.17057
687,0.643,0.35673
688,0.864,0.13603
689,0.903,0.09669
690,0.4,0.5998100000000001
691,0.875,0.12495999999999999
692,0.693,0.30695999999999996
693,0.643,0.35661
694,0.603,0.3972
695,0.884,0.11604999999999999
696,0.933,0.06693
697,0.622,0.37816999999999995
698,0.657,0.34258999999999995
699,0.926,0.07366
700,0.625,0.37456
701,0.496,0.50355
702,0.89,0.10971
703,0.89,0.10972
704,0.864,0.13552
705,0.464,0.5360400000000001
706,0.914,0.08574000000000001
707,0.802,0.19811
708,0.851,0.14869
709,0.819,0.18087
710,0.921,0.07880000000000001
711,0.863,0.13718000000000002
712,0.905,0.09457
713,0.448,0.55213
714,0.833,0.16693
715,0.682,0.31848
716,0.65,0.34969
717,0.937,0.06347
718,0.434,0.5662
719,0.854,0.14618
720,0.692,0.30843
721,0.811,0.18873
722,0.66,0.34045
723,0.878,0.12153
724,0.809,0.19089
725,0.462,0.5375300000000001
726,0.606,0.39366
727,0.895,0.10468
728,0.484,0.5159600000000001
729,0.85,0.15002
730,0.626,0.37389
731,0.886,0.11399000000000001
732,0.416,0.58418
733,0.871,0.12856
734,0.638,0.36217
735,0.947,0.05251
736,0.412,0.58755
737,0.903,0.09732
738,0.646,0.35370999999999997
739,0.417,0.5831700000000001
740,0.815,0.18533
741,0.419,0.5807100000000001
742,0.646,0.35429
743,0.936,0.0636
744,0.821,0.17884
745,0.828,0.17194
746,0.923,0.07705000000000001
747,0.679,0.32148
748,0.464,0.53585
749,0.637,0.36312
750,0.843,0.15703
751,0.447,0.55273
752,0.456,0.54427
753,0.914,0.08593
754,0.676,0.32447
755,0.416,0.5839700000000001
756,0.939,0.06058
757,0.601,0.39934
758,0.836,0.16424999999999998
759,0.801,0.19901
760,0.601,0.39907
761,0.482,0.51775
762,0.449,0.55147
763,0.857,0.14339
764,0.85,0.15016
765,0.409,0.59135
766,0.663,0.33746
767,0.866,0.13449
768,0.437,0.5631900000000001
769,0.654,0.34563
770,0.926,0.07435
771,0.646,0.35413999999999995
772,0.465,0.5351
773,0.631,0.36927
774,0.458,0.54205
775,0.897,0.10333999999999999
776,0.945,0.05525
777,0.827,0.17289
778,0.832,0.16801
779,0.499,0.5012300000000001
780,0.479,0.5214500000000001
781,0.413,0.58677
782,0.446,0.55352
783,0.869,0.13072999999999999
784,0.496,0.5042800000000001
785,0.415,0.58457
786,0.857,0.1429
787,0.927,0.0729
788,0.946,0.05382000000000001
789,0.688,0.31214
790,0.86,0.14046999999999998
791,0.438,0.56203
792,0.668,0.3316
793,0.858,0.14217000000000002
794,0.918,0.08208
795,0.889,0.11131999999999999
796,0.497,0.50333
797,0.433,0.56713
798,0.648,0.35158999999999996
799,0.884,0.11566
800,0.66,0.33984
801,0.614,0.38605999999999996
802,0.627,0.37256
803,0.415,0.58487
804,0.922,0.07821
805,0.603,0.39718
806,0.945,0.05516
807,0.886,0.11356000000000001
808,0.696,0.30429999999999996
809,0.652,0.3478
810,0.897,0.10291999999999998
811,0.45,0.5504
812,0.881,0.11922
813,0.609,0.39076999999999995
814,0.642,0.35774
815,0.944,0.05641
816,0.632,0.36767999999999995
817,0.882,0.11787999999999998
818,0.886,0.11429
819,0.63,0.37035999999999997
820,0.934,0.06637000000000001
821,0.618,0.38203
822,0.699,0.30101
823,0.429,0.57113
824,0.924,0.07601000000000001
825,0.433,0.56744
826,0.653,0.3473
827,0.912,0.08819
828,0.929,0.07055
829,0.887,0.11279999999999998
830,0.892,0.10848
831,0.679,0.32122999999999996
832,0.621,0.37927
833,0.643,0.35697999999999996
834,0.691,0.30901999999999996
835,0.897,0.10335
836,0.914,0.08627000000000001
837,0.47,0.53013
838,0.854,0.14566
839,0.861,0.13897
840,0.873,0.12652999999999998
841,0.913,0.08673
842,0.856,0.14393
843,0.615,0.38538
844,0.49,0.51041
845,0.863,0.13692000000000001
846,0.857,0.1433
847,0.493,0.507
848,0.666,0.33416999999999997
849,0.837,0.1629
850,0.835,0.16549
851,0.851,0.14893
852,0.686,0.31389999999999996
853,0.883,0.11704999999999999
854,0.855,0.14507
855,0.852,0.1484
856,0.892,0.10783999999999999
857,0.87,0.13033999999999998
858,0.882,0.11750000000000001
859,0.894,0.10596999999999998
860,0.937,0.06314
861,0.488,0.5117
862,0.452,0.5479200000000001
863,0.653,0.34704999999999997
864,0.876,0.12394
865,0.635,0.36465
866,0.469,0.5314000000000001
867,0.478,0.52192
868,0.493,0.5069300000000001
869,0.428,0.5721400000000001
870,0.883,0.11703
871,0.412,0.58848
872,0.894,0.10646
873,0.813,0.18667
874,0.628,0.37172
875,0.888,0.11179
876,0.67,0.32953
877,0.825,0.17529
878,0.814,0.18572
879,0.447,0.55349
880,0.907,0.09330000000000001
881,0.848,0.15197
882,0.878,0.12152
883,0.949,0.05086
884,0.936,0.06381
885,0.871,0.12944999999999998
886,0.932,0.06756999999999999
887,0.881,0.11881
888,0.462,0.53764
889,0.89,0.10979999999999998
890,0.63,0.36968999999999996
891,0.495,0.5047400000000001
892,0.873,0.12703
893,0.921,0.07899
894,0.634,0.36643
895,0.499,0.50063
896,0.61,0.39044999999999996
897,0.92,0.08020000000000001
898,0.875,0.12541999999999998
899,0.918,0.08185
900,0.688,0.31199999999999994
901,0.888,0.11245999999999999
902,0.811,0.18863
903,0.927,0.07323
904,0.892,0.10751999999999999
905,0.478,0.5220400000000001
906,0.932,0.06814
907,0.894,0.10631000000000002
908,0.437,0.5633
909,0.935,0.06493
910,0.62,0.38017999999999996
911,0.602,0.39782999999999996
912,0.928,0.0716
913,0.409,0.5912000000000001
914,0.886,0.11427999999999999
915,0.488,0.5119100000000001
916,0.615,0.38511999999999996
917,0.9,0.0999
918,0.479,0.52103
919,0.801,0.19865
920,0.877,0.12340999999999999
921,0.88,0.12032999999999999
922,0.822,0.17829
923,0.487,0.51343
924,0.868,0.13182
925,0.698,0.30197999999999997
926,0.816,0.18428
927,0.657,0.34349999999999997
928,0.458,0.54239
929,0.646,0.35428
930,0.452,0.5476700000000001
931,0.823,0.17689
932,0.856,0.14406000000000002
933,0.659,0.34134
934,0.631,0.36861
935,0.933,0.06743
936,0.476,0.5236000000000001
937,0.448,0.5515300000000001
938,0.852,0.14826
939,0.686,0.31416
940,0.428,0.5719700000000001
941,0.89,0.10962
942,0.499,0.50097
943,0.869,0.13122
944,0.938,0.061770000000000005
945,0.866,0.1338
946,0.885,0.11476999999999998
947,0.672,0.32804
948,0.86,0.13958
949,0.916,0.08380000000000001
950,0.473,0.5267400000000001
951,0.895,0.10535
952,0.6,0.39971999999999996
953,0.865,0.13474
954,0.928,0.07203000000000001
955,0.855,0.14503
956,0.811,0.18851
957,0.672,0.32783999999999996
958,0.43,0.56974
959,0.42,0.58006
960,0.887,0.11343999999999999
961,0.856,0.14416
962,0.899,0.10139999999999999
963,0.422,0.5781400000000001
964,0.868,0.13243000000000002
965,0.435,0.5645600000000001
966,0.658,0.34217
967,0.461,0.53874
968,0.865,0.13528
969,0.877,0.12298
970,0.858,0.14153
971,0.908,0.09203
972,0.645,0.35469
973,0.483,0.51709
974,0.851,0.14911
975,0.844,0.15619
976,0.948,0.05167
977,0.683,0.31738999999999995
978,0.84,0.15993
979,0.618,0.38166
980,0.677,0.32302
981,0.416,0.58365
982,0.409,0.5911200000000001
983,0.476,0.52444
984,0.684,0.31639999999999996
985,0.444,0.5562100000000001
986,0.81,0.19007
987,0.819,0.18058
988,0.928,0.07188
989,0.628,0.37209
990,0.454,0.54612
991,0.836,0.16388
992,0.644,0.35578499999999996
993,0.667,0.33348999999999995
994,0.441,0.5590700000000001
995,0.695,0.30478
996,0.402,0.59843
997,0.411,0.58865
998,0.443,0.55717
999,0.644,0.35591
1000,0.675,0.32531
1001,0.468,0.5316200000000001
1002,0.669,0.33069
1003,0.464,0.5362600000000001
1004,0.878,0.12178
1005,0.624,0.37621
1006,0.621,0.37909
1007,0.917,0.08348
1008,0.92,0.08016000000000001
1009,0.925,0.07537
1010,0.422,0.57767
1011,0.464,0.5360900000000001
1012,0.868,0.1321
1013,0.924,0.07589000000000001
1014,0.81,0.19028
1015,0.491,0.5091300000000001
1016,0.603,0.39729
1017,0.903,0.09714
1018,0.614,0.38604
1019,0.491,0.5089100000000001
1020,0.867,0.13273000000000001
1021,0.89,0.10993
1022,0.869,0.13115
1023,0.436,0.5639700000000001
1024,0.631,0.36885999999999997
1025,0.466,0.53373
1026,0.64,0.35999
1027,0.476,0.52432
1028,0.848,0.15155
1029,0.654,0.34635
1030,0.487,0.5129
1031,0.894,0.10612500000000001
1032,0.852,0.14837
1033,0.815,0.18502
1034,0.904,0.09636
1035,0.486,0.51429
1036,0.639,0.36090999999999995
1037,0.848,0.1523
1038,0.454,0.54607
1039,0.855,0.14492000000000002
1040,0.67,0.33035
1041,0.463,0.53681
1042,0.476,0.5237900000000001
1043,0.856,0.14407999999999999
1044,0.875,0.12508
1045,0.673,0.32725
1046,0.495,0.50453
1047,0.902,0.09808
1048,0.899,0.10088000000000001
1049,0.605,0.39524
1050,0.428,0.5718300000000001
1051,0.82,0.18033
1052,0.478,0.52215
1053,0.891,0.10852999999999999
1054,0.921,0.07893
1055,0.614,0.38643999999999995
1056,0.664,0.33619
1057,0.628,0.37189999999999995
1058,0.834,0.16591999999999998
1059,0.9,0.09956000000000001
1060,0.936,0.06407
1061,0.626,0.37350999999999995
1062,0.645,0.35481999999999997
1063,0.831,0.16933
1064,0.849,0.15114999999999998
1065,0.458,0.5423100000000001
1066,0.826,0.17374
1067,0.475,0.5252
1068,0.622,0.37844999999999995
1069,0.922,0.07825
1070,0.859,0.14087
1071,0.867,0.13299
1072,0.86,0.13954
1073,0.836,0.164
1074,0.428,0.57206
1075,0.891,0.10871999999999998
1076,0.633,0.36678
1077,0.895,0.10492000000000001
1078,0.897,0.10324
1079,0.913,0.08659
1080,0.893,0.10686000000000001
1081,0.905,0.09509000000000001
1082,0.856,0.14411
1083,0.457,0.54271
1084,0.938,0.061560000000000004
1085,0.866,0.13374000000000003
1086,0.879,0.12097999999999999
1087,0.859,0.14101
1088,0.618,0.38167999999999996
1089,0.614,0.38632
1090,0.492,0.5079800000000001
1091,0.401,0.5994200000000001
1092,0.401,0.5986100000000001
1093,0.41,0.59025
1094,0.88,0.11975000000000001
1095,0.872,0.12807
1096,0.636,0.36423999999999995
1097,0.93,0.06958
1098,0.818,0.1815
1099,0.88,0.11996
1100,0.869,0.13085000000000002
1101,0.932,0.06799
1102,0.607,0.39276
1103,0.433,0.5673900000000001
1104,0.463,0.53742
1105,0.607,0.39332
1106,0.672,0.3278
1107,0.436,0.5643400000000001
1108,0.907,0.09334500000000001
1109,0.426,0.57369
1110,0.816,0.18446
1111,0.818,0.18177
1112,0.674,0.32619
1113,0.401,0.5991500000000001
1114,0.404,0.5964200000000001
1115,0.806,0.19425
1116,0.46,0.5400100000000001
1117,0.661,0.33865999999999996
1118,0.692,0.30829999999999996
1119,0.87,0.13041999999999998
1120,0.425,0.57494
1121,0.45,0.5499400000000001
1122,0.883,0.11695
1123,0.932,0.06826
1124,0.871,0.12917
1125,0.5,0.5002800000000001
1126,0.686,0.31362999999999996
1127,0.896,0.10362
1128,0.414,0.58557
1129,0.936,0.06372
1130,0.89,0.11012999999999999
1131,0.924,0.07606
1132,0.883,0.11676
1133,0.879,0.12125
1134,0.607,0.39346
1135,0.413,0.58652
1136,0.684,0.31600999999999996
1137,0.621,0.37945999999999996
1138,0.932,0.06751000000000001
1139,0.456,0.54407
1140,0.906,0.09352
1141,0.841,0.15908
1142,0.606,0.3938
1143,0.605,0.39450999999999997
1144,0.837,0.16294
1145,0.442,0.55808
1146,0.698,0.30226
1147,0.604,0.39587
1148,0.446,0.5539200000000001
1149,0.945,0.0551
1150,0.848,0.15172
1151,0.486,0.5144200000000001
1152,0.879,0.12078
1153,0.83,0.16976
1154,0.674,0.32582
1155,0.408,0.59211
1156,0.886,0.11401
1157,0.913,0.08666
1158,0.866,0.13422
1159,0.663,0.33748
1160,0.888,0.11243
1161,0.95,0.050050000000000004
1162,0.407,0.5928800000000001
1163,0.931,0.06909
1164,0.426,0.5744400000000001
1165,0.416,0.58367
1166,0.935,0.06511
1167,0.453,0.5470900000000001
1168,0.493,0.50671
1169,0.879,0.12107000000000001
1170,0.611,0.3891
1171,0.845,0.15461
1172,0.448,0.5518700000000001
1173,0.473,0.52678
1174,0.902,0.09779
1175,0.9,0.10049
1176,0.872,0.12802
1177,0.499,0.5013000000000001
1178,0.882,0.11752000000000001
1179,0.631,0.36930999999999997
1180,0.805,0.19538
1181,0.673,0.32727999999999996
1182,0.873,0.12719000000000003
1183,0.653,0.34714999999999996
1184,0.854,0.14644000000000001
1185,0.445,0.5554800000000001
1186,0.654,0.34586
1187,0.437,0.5628200000000001
1188,0.441,0.5586
1189,0.919,0.08067
1190,0.665,0.3347
1191,0.891,0.10919999999999999
1192,0.673,0.3268
1193,0.805,0.19508
1194,0.491,0.5087
1195,0.499,0.50136
1196,0.906,0.09392
1197,0.848,0.15162
1198,0.695,0.30462
1199,0.9,0.10019
1200,0.939,0.061020000000000005
1201,0.891,0.10924
1202,0.673,0.32660999999999996
1203,0.91,0.09031
1204,0.613,0.38699999999999996
1205,0.924,0.07607
1206,0.899,0.10055
1207,0.428,0.57192
1208,0.826,0.1744
1209,0.832,0.16843
1210,0.851,0.14899
1211,0.878,0.12168
1212,0.887,0.11288999999999999
1213,0.831,0.16882
1214,0.931,0.06932
1215,0.605,0.39481
1216,0.434,0.56582
1217,0.457,0.54313
1218,0.673,0.32687999999999995
1219,0.653,0.34663
1220,0.85,0.15018
1221,0.405,0.59497
1222,0.691,0.30892
1223,0.856,0.14357
1224,0.496,0.5038100000000001
1225,0.881,0.11943000000000001
1226,0.868,0.13212000000000002
1227,0.474,0.5261600000000001
1228,0.45,0.54981
1229,0.866,0.13385000000000002
1230,0.899,0.10112
1231,0.481,0.5188900000000001
1232,0.824,0.17572
1233,0.611,0.38853
1234,0.675,0.32511999999999996
1235,0.477,0.52281
1236,0.646,0.35444
1237,0.858,0.14173000000000002
1238,0.944,0.055630000000000006
1239,0.645,0.35458999999999996
1240,0.428,0.57201
1241,0.85,0.14978000000000002
1242,0.847,0.15329
1243,0.855,0.14528
1244,0.947,0.05298
1245,0.915,0.08453000000000001
1246,0.671,0.32942
1247,0.424,0.57635
1248,0.684,0.31592
1249,0.451,0.54947
1250,0.892,0.10802999999999999
1251,0.812,0.1879
1252,0.41,0.5895600000000001
1253,0.633,0.36667
1254,0.87,0.12954000000000002
1255,0.426,0.5743100000000001
1256,0.63,0.37040999999999996
1257,0.838,0.16168
1258,0.908,0.09229000000000001
1259,0.807,0.19333
1260,0.403,0.59716
1261,0.836,0.16444
1262,0.869,0.13099
1263,0.441,0.5585100000000001
1264,0.94,0.06025
1265,0.439,0.56128
1266,0.693,0.30740999999999996
1267,0.404,0.59646
1268,0.469,0.5306000000000001
1269,0.88,0.11999
1270,0.619,0.38083999999999996
1271,0.893,0.10690999999999999
1272,0.835,0.16535
1273,0.841,0.15880999999999998
1274,0.891,0.10926
1275,0.945,0.05467
1276,0.645,0.35497999999999996
1277,0.945,0.055080000000000004
1278,0.452,0.54762
1279,0.689,0.31133
1280,0.653,0.34717
1281,0.857,0.14279999999999998
1282,0.817,0.18325
1283,0.803,0.19666
1284,0.898,0.10225
1285,0.493,0.5065200000000001
1286,0.888,0.11184
1287,0.85,0.14952000000000001
1288,0.618,0.38216
1289,0.456,0.54413
1290,0.406,0.59372
1291,0.626,0.37432
1292,0.689,0.31099
1293,0.661,0.33904
1294,0.474,0.5257200000000001
1295,0.874,0.12644
1296,0.905,0.09486
1297,0.603,0.39725
1298,0.471,0.52869
1299,0.839,0.16091999999999998
1300,0.484,0.51627
1301,0.665,0.33492
1302,0.431,0.56874
1303,0.447,0.55322
1304,0.436,0.5636300000000001
1305,0.876,0.12397999999999999
1306,0.655,0.34531
1307,0.62,0.37950999999999996
1308,0.64,0.35964999999999997
1309,0.859,0.14128000000000002
1310,0.874,0.12582000000000002
1311,0.625,0.37538
1312,0.415,0.58518
1313,0.496,0.5043300000000001
1314,0.683,0.31725
1315,0.851,0.14894
1316,0.853,0.1469
1317,0.489,0.51119
1318,0.443,0.55659
1319,0.893,0.10718
1320,0.806,0.19384
1321,0.414,0.58586
1322,0.43,0.5702
1323,0.656,0.34419999999999995
1324,0.854,0.14556000000000002
1325,0.887,0.11259999999999999
1326,0.889,0.1112
1327,0.851,0.14938
1328,0.431,0.56903
1329,0.879,0.12084
1330,0.893,0.10694
1331,0.804,0.19641
1332,0.663,0.33653999999999995
1333,0.937,0.06298000000000001
1334,0.825,0.17465
1335,0.906,0.09367
1336,0.465,0.5350600000000001
1337,0.868,0.13233
1338,0.667,0.33271999999999996
1339,0.625,0.37546999999999997
1340,0.919,0.08148000000000001
1341,0.627,0.37295999999999996
1342,0.853,0.14725
1343,0.676,0.32364
1344,0.483,0.51707
1345,0.88,0.12004000000000001
1346,0.936,0.0638
1347,0.405,0.59535
1348,0.411,0.58916
1349,0.473,0.52671
1350,0.497,0.50273
1351,0.831,0.16927999999999999
1352,0.624,0.37648
1353,0.691,0.30916999999999994
1354,0.823,0.17653
1355,0.407,0.59326
1356,0.866,0.13379000000000002
1357,0.852,0.1481
1358,0.876,0.12376000000000001
1359,0.456,0.5443
1360,0.89,0.10966999999999999
1361,0.852,0.14843
1362,0.802,0.19833
1363,0.63,0.37007999999999996
1364,0.64,0.35973
1365,0.662,0.33775
1366,0.693,0.30654
1367,0.862,0.13847
1368,0.888,0.11239
1369,0.833,0.16654
1370,0.674,0.32604
1371,0.833,0.16679
1372,0.497,0.5029300000000001
1373,0.698,0.30157
1374,0.686,0.31354
1375,0.813,0.18748
1376,0.861,0.13894
1377,0.403,0.59662
1378,0.805,0.19485
1379,0.606,0.39388999999999996
1380,0.938,0.06186
1381,0.411,0.58906
1382,0.445,0.5550200000000001
1383,0.614,0.38599999999999995
1384,0.881,0.11909
1385,0.857,0.14278
1386,0.855,0.14521
1387,0.859,0.14118000000000003
1388,0.929,0.07097
1389,0.637,0.36329
1390,0.841,0.15886
1391,0.672,0.3283
1392,0.813,0.18673
1393,0.836,0.16422
1394,0.915,0.08519
1395,0.664,0.33602
1396,0.891,0.10888
1397,0.611,0.38893999999999995
1398,0.834,0.16633
1399,0.446,0.55383
1400,0.493,0.50678
1401,0.662,0.33813
1402,0.622,0.37818999999999997
1403,0.901,0.09897
1404,0.806,0.19387
1405,0.49,0.5095700000000001
1406,0.92,0.07955000000000001
1407,0.666,0.33409
1408,0.818,0.18179
1409,0.913,0.08735000000000001
1410,0.944,0.05573
1411,0.664,0.3363
1412,0.81,0.18968000000000002
1413,0.49,0.50975
1414,0.899,0.10092000000000001
1415,0.669,0.33108
1416,0.916,0.08385000000000001
1417,0.637,0.36268
1418,0.614,0.38561999999999996
1419,0.632,0.36806999999999995
1420,0.8,0.19984
1421,0.478,0.52159
1422,0.843,0.15719
1423,0.447,0.5527500000000001
1424,0.66,0.34042
1425,0.469,0.5312800000000001
1426,0.851,0.14891
1427,0.87,0.12994
1428,0.875,0.12511
1429,0.845,0.15486
1430,0.804,0.19575
1431,0.886,0.11448
1432,0.806,0.19367
1433,0.437,0.56262
1434,0.443,0.5570700000000001
1435,0.923,0.07734
1436,0.829,0.17078
1437,0.892,0.10813999999999999
1438,0.94,0.060200000000000004
1439,0.924,0.07592
1440,0.626,0.37407999999999997
1441,0.882,0.11770000000000001
1442,0.93,0.06976
1443,0.941,0.058730000000000004
1444,0.62,0.37977999999999995
1445,0.434,0.56586
1446,0.626,0.37388
1447,0.458,0.54218
1448,0.859,0.14063
1449,0.608,0.39227999999999996
1450,0.607,0.39255999999999996
1451,0.422,0.57825
1452,0.61,0.38954999999999995
1453,0.669,0.33143999999999996
1454,0.855,0.14548
1455,0.41,0.58999
1456,0.695,0.30533999999999994
1457,0.614,0.38592
1458,0.897,0.10302
1459,0.83,0.17001
1460,0.834,0.16613999999999998
1461,0.912,0.08796000000000001
1462,0.926,0.07438
1463,0.905,0.09468
1464,0.922,0.07826000000000001
1465,0.809,0.19145
1466,0.645,0.35483
1467,0.665,0.33533999999999997
1468,0.947,0.052770000000000004
1469,0.479,0.5209100000000001
1470,0.871,0.12949000000000002
1471,0.632,0.36784999999999995
1472,0.415,0.58481
1473,0.904,0.09609000000000001
1474,0.461,0.53908
1475,0.903,0.09726000000000001
1476,0.824,0.17578
1477,0.683,0.31672
1478,0.931,0.06908
1479,0.447,0.5528900000000001
1480,0.655,0.34546
1481,0.886,0.11359000000000001
1482,0.876,0.12380000000000001
1483,0.923,0.07681
1484,0.945,0.05518000000000001
1485,0.829,0.17071
1486,0.633,0.36724999999999997
1487,0.806,0.19443
1488,0.622,0.37777
1489,0.889,0.11057
1490,0.678,0.32249
1491,0.471,0.52866
1492,0.651,0.3495
1493,0.412,0.5884100000000001
1494,0.423,0.57701
1495,0.866,0.13375
1496,0.656,0.34381999999999996
1497,0.906,0.09389
1498,0.617,0.38276
1499,0.849,0.15116
1500,0.409,0.5908
1501,0.489,0.51126
1502,0.836,0.16405999999999998
1503,0.884,0.11584
1504,0.619,0.38076
1505,0.444,0.55554
1506,0.828,0.17243
1507,0.644,0.35646999999999995
1508,0.644,0.35631999999999997
1509,0.922,0.07814
1510,0.461,0.5386700000000001
1511,0.604,0.39649
1512,0.848,0.15203
1513,0.485,0.5153500000000001
1514,0.824,0.1765
1515,0.877,0.12283
1516,0.635,0.36529
1517,0.655,0.34518
1518,0.93,0.07021000000000001
1519,0.874,0.12552
1520,0.605,0.39518
1521,0.878,0.12191
1522,0.423,0.5769700000000001
1523,0.884,0.11616
1524,0.932,0.06822
1525,0.855,0.14454
1526,0.474,0.52576
1527,0.889,0.11082999999999998
1528,0.803,0.19696
1529,0.875,0.12548
1530,0.918,0.0819
1531,0.691,0.3091
1532,0.948,0.05224
1533,0.62,0.38033999999999996
1534,0.837,0.16251
1535,0.893,0.10699
1536,0.478,0.5219600000000001
1537,0.442,0.55827
1538,0.82,0.17969000000000002
1539,0.87,0.13005999999999998
1540,0.877,0.12281
1541,0.667,0.33316999999999997
1542,0.926,0.07412
1543,0.676,0.32394
1544,0.907,0.09312000000000001
1545,0.465,0.5348400000000001
1546,0.453,0.5471
1547,0.631,0.36935999999999997
1548,0.897,0.10335
1549,0.853,0.14654
1550,0.687,0.31315
1551,0.463,0.53676
1552,0.696,0.30444
1553,0.909,0.09074
1554,0.801,0.19936
1555,0.802,0.19824
1556,0.66,0.34017
1557,0.873,0.12706
1558,0.943,0.05725
1559,0.83,0.16958
1560,0.423,0.57652
1561,0.912,0.08761000000000001
1562,0.832,0.16841
1563,0.885,0.11523
1564,0.906,0.09432
1565,0.879,0.12059
1566,0.613,0.38743
1567,0.451,0.5489900000000001
1568,0.603,0.39651
1569,0.637,0.36262999999999995
1570,0.871,0.12897999999999998
1571,0.846,0.15424
1572,0.494,0.50649
1573,0.606,0.39372999999999997
1574,0.658,0.34188999999999997
1575,0.841,0.15939
1576,0.862,0.13759
1577,0.926,0.07363
1578,0.675,0.32494
1579,0.413,0.5865100000000001
1580,0.67,0.32982
1581,0.849,0.15131
1582,0.905,0.09524
1583,0.625,0.37528
1584,0.414,0.58569
1585,0.844,0.15625999999999998
1586,0.862,0.13818000000000003
1587,0.618,0.38155
1588,0.41,0.5897600000000001
1589,0.881,0.11884
1590,0.405,0.5947600000000001
1591,0.626,0.37395999999999996
1592,0.899,0.10099
1593,0.698,0.30172
1594,0.917,0.08330000000000001
1595,0.619,0.38094
1596,0.86,0.13965
1597,0.614,0.38637
1598,0.434,0.5655600000000001
1599,0.49,0.50963
1600,0.822,0.17839
1601,0.486,0.51359
1602,0.461,0.5388900000000001
1603,0.93,0.0699
1604,0.487,0.51336
1605,0.912,0.08771000000000001
1606,0.878,0.1221
1607,0.917,0.08255000000000001
1608,0.657,0.34271999999999997
1609,0.882,0.11814000000000001
1610,0.655,0.34525999999999996
1611,0.904,0.09564
1612,0.661,0.33907
1613,0.856,0.14365
1614,0.88,0.11958999999999999
1615,0.677,0.32282
1616,0.838,0.16172999999999998
1617,0.419,0.58067
1618,0.928,0.07234
1619,0.662,0.33809
1620,0.813,0.18712
1621,0.892,0.10837
1622,0.401,0.5985900000000001
1623,0.944,0.05589
1624,0.442,0.55766
1625,0.679,0.32084999999999997
1626,0.832,0.16772
1627,0.844,0.15617
1628,0.82,0.18029
1629,0.486,0.5139800000000001
1630,0.48,0.51966
1631,0.905,0.09484000000000001
1632,0.699,0.30071
1633,0.935,0.06472
1634,0.906,0.09412000000000001
1635,0.827,0.1733
1636,0.473,0.52702
1637,0.684,0.31643
1638,0.893,0.10727
1639,0.658,0.34151
1640,0.889,0.11130999999999999
1641,0.887,0.11324000000000001
1642,0.478,0.52205
1643,0.922,0.07793
1644,0.895,0.10486999999999999
1645,0.93,0.07007000000000001
1646,0.857,0.1432
1647,0.911,0.08901
1648,0.631,0.36917
1649,0.405,0.5946800000000001
1650,0.847,0.1534
1651,0.673,0.32743999999999995
1652,0.815,0.18504
1653,0.858,0.14185
1654,0.88,0.12018999999999999
1655,0.83,0.16999999999999998
1656,0.467,0.5331
1657,0.671,0.32854999999999995
1658,0.898,0.10185
1659,0.437,0.56276
1660,0.834,0.16572
1661,0.427,0.5729500000000001
1662,0.863,0.13717
1663,0.869,0.13104000000000002
1664,0.865,0.13501
1665,0.495,0.5048400000000001
1666,0.427,0.5732900000000001
1667,0.884,0.11562999999999998
1668,0.634,0.36599
1669,0.409,0.59114
1670,0.645,0.35492999999999997
1671,0.66,0.33970999999999996
1672,0.646,0.35436999999999996
1673,0.662,0.33809999999999996
1674,0.4,0.5995900000000001
1675,0.471,0.5292800000000001
1676,0.607,0.39302
1677,0.443,0.5569200000000001
1678,0.692,0.30828
1679,0.685,0.31451999999999997
1680,0.646,0.35413
1681,0.86,0.14039
1682,0.878,0.12239
1683,0.431,0.56896
1684,0.489,0.51114
1685,0.692,0.30849
1686,0.892,0.10841999999999999
1687,0.875,0.125
1688,0.466,0.53424
1689,0.621,0.37888
1690,0.414,0.58559
1691,0.68,0.32049
1692,0.695,0.30532
1693,0.886,0.11416
1694,0.672,0.32804999999999995
1695,0.942,0.05774000000000001
1696,0.4,0.59962
1697,0.471,0.5287700000000001
1698,0.842,0.15844
1699,0.927,0.07253000000000001
1700,0.426,0.57354
1701,0.877,0.12282
1702,0.477,0.52298
1703,0.886,0.11414
1704,0.86,0.13971
1705,0.679,0.32149999999999995
1706,0.427,0.5731700000000001
1707,0.824,0.17596
1708,0.698,0.30173999999999995
1709,0.827,0.17251
1710,0.871,0.12851
1711,0.647,0.35269
1712,0.921,0.07944000000000001
1713,0.412,0.58843
1714,0.459,0.54112
1715,0.888,0.11221999999999999
1716,0.429,0.5706500000000001
1717,0.862,0.13841
1718,0.93,0.06999
1719,0.642,0.35818999999999995
1720,0.484,0.51609
1721,0.902,0.09756000000000001
1722,0.65,0.34998999999999997
1723,0.875,0.12544
1724,0.861,0.13919
1725,0.896,0.10449000000000001
1726,0.873,0.12727
1727,0.854,0.14559
1728,0.44,0.5602
1729,0.817,0.1832
1730,0.878,0.12225
1731,0.925,0.07483000000000001
1732,0.83,0.16951
1733,0.825,0.1746
1734,0.919,0.08146
1735,0.693,0.30743
1736,0.425,0.57476
1737,0.911,0.0893
1738,0.89,0.10988999999999999
1739,0.922,0.07776000000000001
1740,0.652,0.34801
1741,0.948,0.052500000000000005
1742,0.854,0.14559
1743,0.902,0.09804
1744,0.916,0.08381000000000001
1745,0.804,0.19619
1746,0.869,0.13098
1747,0.645,0.35545
1748,0.91,0.09028
1749,0.942,0.05792
1750,0.898,0.10175
1751,0.869,0.1308
1752,0.884,0.11617
1753,0.862,0.13845
1754,0.872,0.12752999999999998
1755,0.895,0.10491
1756,0.893,0.10668
1757,0.495,0.50541
1758,0.427,0.5726800000000001
1759,0.419,0.58074
1760,0.814,0.18602
1761,0.5,0.5001500000000001
1762,0.661,0.3394
1763,0.427,0.5731400000000001
1764,0.688,0.31176
1765,0.875,0.12514
1766,0.422,0.57765
1767,0.663,0.33666999999999997
1768,0.817,0.18255
1769,0.441,0.5585500000000001
1770,0.95,0.0502
1771,0.461,0.53912
1772,0.447,0.5534600000000001
1773,0.496,0.50402
1774,0.892,0.10806
1775,0.663,0.33699999999999997
1776,0.692,0.30823
1777,0.892,0.10765000000000001
1778,0.496,0.50363
1779,0.468,0.5319400000000001
1780,0.446,0.5539900000000001
1781,0.687,0.31323999999999996
1782,0.668,0.33194999999999997
1783,0.916,0.08379
1784,0.852,0.14825
1785,0.876,0.12430000000000001
1786,0.694,0.30606999999999995
1787,0.484,0.51568
1788,0.469,0.531
1789,0.41,0.5899000000000001
1790,0.451,0.54873
1791,0.822,0.17769000000000001
1792,0.927,0.07338
1793,0.909,0.09148
1794,0.617,0.38255999999999996
1795,0.87,0.12976000000000001
1796,0.808,0.19171
1797,0.891,0.10899999999999999
1798,0.857,0.14265999999999998
1799,0.462,0.538285
1800,0.648,0.35176999999999997
1801,0.865,0.13524
1802,0.904,0.09557
1803,0.94,0.05985000000000001
1804,0.851,0.14923
1805,0.863,0.13658
1806,0.842,0.15797999999999998
1807,0.851,0.14939000000000002
1808,0.848,0.15183
1809,0.92,0.07995000000000001
1810,0.479,0.52076
1811,0.876,0.12433999999999999
1812,0.494,0.5062500000000001
1813,0.418,0.58172
1814,0.828,0.1723
1815,0.869,0.13089
1816,0.612,0.38839999999999997
1817,0.486,0.5144000000000001
1818,0.87,0.13024
1819,0.466,0.5335500000000001
1820,0.872,0.12795
1821,0.886,0.11437
1822,0.626,0.37383999999999995
1823,0.847,0.15279
1824,0.446,0.5536500000000001
1825,0.876,0.12418
1826,0.822,0.17801
1827,0.462,0.5382
1828,0.641,0.35946999999999996
1829,0.907,0.09301000000000001
1830,0.892,0.10796
1831,0.693,0.30728999999999995
1832,0.853,0.1471
1833,0.498,0.50249
1834,0.623,0.37742
1835,0.676,0.3237
1836,0.889,0.11115
1837,0.428,0.57233
1838,0.89,0.10959999999999999
1839,0.486,0.5136900000000001
1840,0.894,0.10589
1841,0.864,0.13581
1842,0.454,0.5461100000000001
1843,0.467,0.5334300000000001
1844,0.679,0.32061999999999996
1845,0.85,0.15020999999999998
1846,0.807,0.19267
1847,0.902,0.09803
1848,0.493,0.5067900000000001
1849,0.695,0.30504
1850,0.466,0.5343800000000001
1851,0.451,0.54888
1852,0.414,0.5863900000000001
1853,0.874,0.12578999999999999
1854,0.472,0.52781
1855,0.943,0.05749
1856,0.686,0.31355999999999995
1857,0.66,0.33966999999999997
1858,0.496,0.5039
1859,0.658,0.34192
1860,0.449,0.55066
1861,0.896,0.10397999999999999
1862,0.695,0.30517
1863,0.833,0.16685
1864,0.884,0.11646999999999999
1865,0.908,0.092
1866,0.931,0.06875
1867,0.665,0.33502
1868,0.476,0.5238200000000001
1869,0.404,0.5960000000000001
1870,0.494,0.50561
1871,0.442,0.5579700000000001
1872,0.921,0.07912000000000001
1873,0.421,0.57947
1874,0.454,0.5464300000000001
1875,0.808,0.19174
1876,0.445,0.5550900000000001
1877,0.472,0.52844
1878,0.929,0.0711
1879,0.694,0.30555
1880,0.896,0.10408999999999999
1881,0.825,0.17522
1882,0.641,0.35891999999999996
1883,0.827,0.17267
1884,0.427,0.57264
1885,0.452,0.54847
1886,0.632,0.36799
1887,0.939,0.06055
1888,0.907,0.09324
1889,0.885,0.11540999999999998
1890,0.89,0.11046
1891,0.895,0.10487
1892,0.851,0.14869000000000002
1893,0.926,0.07421
1894,0.942,0.05795
1895,0.922,0.07798000000000001
1896,0.94,0.06
1897,0.812,0.1885
1898,0.41,0.59006
1899,0.946,0.05371000000000001
1900,0.421,0.57908
1901,0.672,0.32775
1902,0.414,0.5862400000000001
1903,0.689,0.3106
1904,0.854,0.14596
1905,0.479,0.5210400000000001
1906,0.66,0.34014999999999995
1907,0.499,0.50112
1908,0.803,0.19688
1909,0.499,0.5011300000000001
1910,0.607,0.39254
1911,0.875,0.12524000000000002
1912,0.891,0.10914000000000001
1913,0.863,0.13688
1914,0.878,0.12222
1915,0.932,0.06782
1916,0.855,0.1449
1917,0.949,0.0507
1918,0.827,0.17262
1919,0.831,0.16929
1920,0.48,0.5203000000000001
1921,0.934,0.06645000000000001
1922,0.467,0.5332300000000001
1923,0.657,0.34332999999999997
1924,0.915,0.08513000000000001
1925,0.943,0.05663000000000001
1926,0.891,0.10931
1927,0.879,0.12087
1928,0.422,0.5781000000000001
1929,0.468,0.5321800000000001
1930,0.812,0.18844
1931,0.428,0.5724800000000001
1932,0.892,0.10776999999999999
1933,0.691,0.30923
1934,0.459,0.54135
1935,0.802,0.19822
1936,0.869,0.13136
1937,0.666,0.33443
1938,0.846,0.15394
1939,0.647,0.35263
1940,0.866,0.13423000000000002
1941,0.932,0.06819
1942,0.86,0.14049999999999999
1943,0.81,0.18979000000000001
1944,0.906,0.09397
1945,0.894,0.10604999999999999
1946,0.877,0.12285000000000001
1947,0.481,0.5190400000000001
1948,0.826,0.17415
1949,0.656,0.34428
1950,0.923,0.07684
1951,0.471,0.52853
1952,0.817,0.18292
1953,0.909,0.09095
1954,0.438,0.562
1955,0.834,0.16563999999999998
1956,0.907,0.09328
1957,0.924,0.07584
1958,0.856,0.14371
1959,0.804,0.19645
1960,0.472,0.5283300000000001
1961,0.896,0.10406
1962,0.467,0.533
1963,0.465,0.5347500000000001
1964,0.651,0.34885
1965,0.47,0.5299
1966,0.455,0.5449200000000001
1967,0.424,0.5757300000000001
1968,0.473,0.52683
1969,0.411,0.5887
1970,0.829,0.17069
1971,0.688,0.31205
1972,0.924,0.07645
1973,0.699,0.30062
1974,0.696,0.30419999999999997
1975,0.949,0.05145
1976,0.447,0.55281
1977,0.873,0.12669000000000002
1978,0.445,0.55513
1979,0.933,0.06664
1980,0.8,0.19983
1981,0.69,0.31021
1982,0.433,0.5673400000000001
1983,0.622,0.37797
1984,0.412,0.58777
1985,0.919,0.08125
1986,0.882,0.11845
1987,0.879,0.12146000000000001
1988,0.836,0.16430999999999998
1989,0.926,0.07381
1990,0.944,0.05562
1991,0.896,0.10429
1992,0.637,0.3626
1993,0.676,0.32356999999999997
1994,0.482,0.5182
1995,0.614,0.38609
1996,0.494,0.50595
1997,0.5,0.5002500000000001
1998,0.666,0.33376
1999,0.693,0.30721
2000,0.809,0.19125
2001,0.414,0.58645
2002,0.678,0.32165
2003,0.668,0.33244999999999997
2004,0.851,0.14948
2005,0.683,0.31665
2006,0.917,0.08313000000000001
2007,0.913,0.08660000000000001
2008,0.469,0.5313300000000001
2009,0.892,0.10785
2010,0.66,0.34048999999999996
2011,0.444,0.55595
2012,0.693,0.30656999999999995
2013,0.94,0.06017
2014,0.65,0.34974
2015,0.668,0.33242
2016,0.67,0.32999
2017,0.938,0.06202
2018,0.891,0.10899
2019,0.838,0.16166
2020,0.852,0.14830000000000002
2021,0.412,0.58758
2022,0.624,0.37616
2023,0.856,0.14383
2024,0.413,0.58726
2025,0.856,0.14434000000000002
2026,0.634,0.36601
2027,0.42,0.58015
2028,0.911,0.0892
2029,0.948,0.05247
2030,0.449,0.5512100000000001
2031,0.83,0.17023
2032,0.414,0.58581
2033,0.489,0.5114700000000001
2034,0.411,0.5889300000000001
2035,0.456,0.5441
2036,0.928,0.07163
2037,0.419,0.58118
2038,0.456,0.54403
2039,0.629,0.37134999999999996
2040,0.913,0.08657000000000001
2041,0.616,0.38389999999999996
2042,0.926,0.07422000000000001
2043,0.893,0.10665
2044,0.886,0.11434
2045,0.924,0.07642
2046,0.842,0.15768
2047,0.844,0.15556999999999999
2048,0.918,0.08237
2049,0.426,0.5739000000000001
2050,0.665,0.3353
2051,0.869,0.13079000000000002
2052,0.94,0.059770000000000004
2053,0.879,0.12084
2054,0.656,0.34424
2055,0.891,0.10942
2056,0.672,0.32839999999999997
2057,0.603,0.39722999999999997
2058,0.807,0.1927
2059,0.434,0.56577
2060,0.867,0.133315
2061,0.918,0.08207
2062,0.856,0.14408
2063,0.692,0.3075
2064,0.871,0.12883
2065,0.628,0.37244
2066,0.82,0.17975
2067,0.869,0.1305
2068,0.831,0.16892000000000001
2069,0.827,0.17257
2070,0.805,0.1954
2071,0.423,0.57708
2072,0.922,0.07769000000000001
2073,0.893,0.10713
2074,0.865,0.13485
2075,0.607,0.39288999999999996
2076,0.928,0.07238
2077,0.913,0.08671000000000001
2078,0.939,0.06103
2079,0.843,0.15719999999999998
2080,0.681,0.31872
2081,0.861,0.13932
2082,0.622,0.37843
2083,0.423,0.5774600000000001
2084,0.464,0.53586
2085,0.691,0.30933999999999995
2086,0.82,0.17991000000000001
2087,0.876,0.12433
2088,0.493,0.5066400000000001
2089,0.441,0.55923
2090,0.662,0.33815999999999996
2091,0.831,0.16944
2092,0.698,0.30216
2093,0.672,0.32750999999999997
2094,0.632,0.36765
2095,0.658,0.34153999999999995
2096,0.649,0.35056
2097,0.883,0.11665999999999999
2098,0.685,0.31545999999999996
2099,0.887,0.11331999999999999
2100,0.944,0.056440000000000004
2101,0.895,0.10489000000000001
2102,0.897,0.10337
2103,0.883,0.11703000000000001
2104,0.434,0.5664800000000001
2105,0.819,0.18096
2106,0.926,0.0738
2107,0.404,0.59579
2108,0.884,0.11581999999999999
2109,0.448,0.5523600000000001
2110,0.486,0.51412
2111,0.608,0.39183999999999997
2112,0.498,0.50222
2113,0.467,0.53298
2114,0.893,0.10735
2115,0.447,0.5531200000000001
2116,0.642,0.35785999999999996
2117,0.887,0.11285
2118,0.865,0.13486
2119,0.816,0.18381999999999998
2120,0.829,0.17064000000000001
2121,0.413,0.58711
2122,0.866,0.13366
2123,0.407,0.59272
2124,0.808,0.19204
2125,0.921,0.07947000000000001
2126,0.883,0.11661
2127,0.858,0.14155
2128,0.937,0.06323000000000001
2129,0.462,0.5380400000000001
2130,0.41,0.5901200000000001
2131,0.453,0.5467000000000001
2132,0.882,0.11778
2133,0.633,0.3674
2134,0.932,0.0675
2135,0.857,0.14292000000000002
2136,0.61,0.39036
2137,0.66,0.34026
2138,0.825,0.17511
2139,0.879,0.12076
2140,0.673,0.32652
2141,0.847,0.15303999999999998
2142,0.669,0.33096
2143,0.697,0.30296
2144,0.813,0.18746000000000002
2145,0.871,0.12893000000000002
2146,0.87,0.12974999999999998
2147,0.859,0.14082
2148,0.664,0.33643
2149,0.879,0.12112999999999999
2150,0.477,0.52256
2151,0.671,0.32881
2152,0.838,0.16163
2153,0.651,0.34863999999999995
2154,0.817,0.18346
2155,0.932,0.0684
2156,0.413,0.58662
2157,0.677,0.32255
2158,0.447,0.55313
2159,0.938,0.06174
2160,0.894,0.10565999999999999
2161,0.456,0.54369
2162,0.811,0.18881
2163,0.867,0.1328
2164,0.62,0.38031
2165,0.943,0.05684
2166,0.457,0.54291
2167,0.452,0.54759
2168,0.45,0.55023
2169,0.885,0.11545
2170,0.693,0.30672
2171,0.461,0.53922
2172,0.442,0.5575300000000001
2173,0.484,0.51602
2174,0.907,0.09327
2175,0.48,0.5201600000000001
2176,0.908,0.09226000000000001
2177,0.485,0.5151800000000001
2178,0.896,0.10377
2179,0.864,0.13563
2180,0.898,0.10219999999999999
2181,0.859,0.14056000000000002
2182,0.605,0.3947
2183,0.612,0.38772999999999996
2184,0.863,0.13694
2185,0.884,0.11639
2186,0.941,0.05869
2187,0.655,0.34452
2188,0.919,0.08051
2189,0.888,0.11235999999999999
2190,0.678,0.32155999999999996
2191,0.676,0.32399
2192,0.48,0.5195700000000001
2193,0.493,0.5067400000000001
2194,0.651,0.34936999999999996
2195,0.694,0.30623
2196,0.945,0.0548
2197,0.884,0.11637999999999998
2198,0.619,0.38083
2199,0.889,0.11073999999999999
2200,0.644,0.35646
2201,0.817,0.18279
2202,0.408,0.5920300000000001
2203,0.637,0.36279
2204,0.891,0.10865000000000001
2205,0.878,0.12214
2206,0.675,0.32526
2207,0.458,0.5421400000000001
2208,0.443,0.55738
2209,0.424,0.57626
2210,0.447,0.5528200000000001
2211,0.632,0.36824999999999997
2212,0.923,0.07747000000000001
2213,0.836,0.16376
2214,0.914,0.08578000000000001
2215,0.802,0.19823
2216,0.929,0.07143000000000001
2217,0.65,0.34972
2218,0.627,0.3727
2219,0.852,0.14823
2220,0.604,0.39576
2221,0.821,0.17885
2222,0.874,0.12624000000000002
2223,0.645,0.35501
2224,0.699,0.30094
2225,0.8,0.19966
2226,0.819,0.18063
2227,0.871,0.12865
2228,0.832,0.16848
2229,0.438,0.5618700000000001
2230,0.888,0.11188
2231,0.435,0.56484
2232,0.893,0.10658000000000001
2233,0.862,0.13749999999999998
2234,0.43,0.5699000000000001
2235,0.452,0.54806
2236,0.404,0.59551
2237,0.639,0.36058999999999997
2238,0.417,0.5833
2239,0.88,0.12032
2240,0.821,0.17895
2241,0.861,0.13863
2242,0.462,0.53785
2243,0.415,0.5852
2244,0.609,0.39128999999999997
2245,0.92,0.08002000000000001
2246,0.627,0.37277
2247,0.815,0.18507
2248,0.811,0.18867
2249,0.815,0.18474000000000002
2250,0.698,0.30232
2251,0.838,0.16157
2252,0.811,0.18922
2253,0.866,0.13398
2254,0.499,0.50109
2255,0.929,0.07092000000000001
2256,0.493,0.50705
2257,0.489,0.5108400000000001
2258,0.931,0.06942000000000001
2259,0.891,0.10863
2260,0.682,0.31769
2261,0.881,0.11866
2262,0.693,0.30677
2263,0.657,0.34304999999999997
2264,0.454,0.5456700000000001
2265,0.809,0.19111
2266,0.465,0.53481
2267,0.48,0.52005
2268,0.87,0.12955
2269,0.941,0.058660000000000004
2270,0.667,0.33314
2271,0.666,0.33404
2272,0.697,0.30294999999999994
2273,0.916,0.08407
2274,0.613,0.3873
2275,0.648,0.35236999999999996
2276,0.925,0.07524
2277,0.893,0.10696999999999998
2278,0.414,0.58623
2279,0.916,0.08353000000000001
2280,0.644,0.35555
2281,0.484,0.5162300000000001
2282,0.898,0.10207000000000001
2283,0.465,0.53488
2284,0.475,0.52486
2285,0.897,0.103
2286,0.612,0.38767999999999997
2287,0.947,0.053200000000000004
2288,0.637,0.36279999999999996
2289,0.808,0.19206
2290,0.871,0.12924999999999998
2291,0.945,0.05496
2292,0.873,0.12662
2293,0.861,0.13946
2294,0.878,0.12219000000000001
2295,0.481,0.51892
2296,0.453,0.54683
2297,0.842,0.15783
2298,0.663,0.33684
2299,0.918,0.08224000000000001
2300,0.93,0.07028000000000001
2301,0.484,0.5159100000000001
2302,0.88,0.11973
2303,0.685,0.31507999999999997
2304,0.904,0.09591000000000001
2305,0.934,0.06576
2306,0.485,0.51497
2307,0.883,0.11698
2308,0.885,0.11453999999999999
2309,0.829,0.17132
2310,0.602,0.39759999999999995
2311,0.642,0.35751
2312,0.616,0.38416
2313,0.652,0.34845
2314,0.442,0.55805
2315,0.888,0.11189
2316,0.44,0.56025
2317,0.674,0.32611999999999997
2318,0.855,0.14544
2319,0.89,0.10973999999999999
2320,0.408,0.5922400000000001
2321,0.908,0.09165000000000001
2322,0.876,0.12378
2323,0.849,0.15145999999999998
2324,0.625,0.37506
2325,0.87,0.13030999999999998
2326,0.853,0.14678
2327,0.621,0.37928999999999996
2328,0.86,0.1395
2329,0.871,0.12926
2330,0.697,0.30340999999999996
2331,0.437,0.5629700000000001
2332,0.681,0.31871
2333,0.922,0.07750000000000001
2334,0.456,0.5444800000000001
2335,0.67,0.33019
2336,0.932,0.06801000000000001
2337,0.908,0.09248
2338,0.947,0.05321000000000001
2339,0.878,0.12229
2340,0.817,0.18347
2341,0.5,0.50017
2342,0.432,0.56774
2343,0.471,0.52871
2344,0.897,0.10263999999999998
2345,0.437,0.56306
2346,0.93,0.07013000000000001
2347,0.892,0.10801
2348,0.453,0.54729
2349,0.441,0.5588700000000001
2350,0.854,0.14644
2351,0.937,0.06331
2352,0.684,0.31614
2353,0.682,0.31799999999999995
2354,0.801,0.19902999999999998
2355,0.811,0.18928
2356,0.834,0.16554
2357,0.908,0.09224
2358,0.475,0.52475
2359,0.494,0.50592
2360,0.82,0.18042
2361,0.943,0.05658
2362,0.642,0.3584
2363,0.898,0.10200999999999999
2364,0.898,0.10205
2365,0.873,0.12704
2366,0.921,0.07861000000000001
2367,0.877,0.12266
2368,0.8,0.19994
2369,0.445,0.5553100000000001
2370,0.815,0.18535000000000001
2371,0.459,0.5414
2372,0.494,0.506275
2373,0.603,0.39721999999999996
2374,0.899,0.10062
2375,0.818,0.18181
2376,0.913,0.08655
2377,0.68,0.32000999999999996
2378,0.466,0.5343100000000001
2379,0.869,0.13088
2380,0.89,0.11041000000000001
2381,0.66,0.33997
2382,0.489,0.51054
2383,0.432,0.56788
2384,0.911,0.08902
2385,0.469,0.53066
2386,0.626,0.37440999999999997
2387,0.483,0.5170100000000001
2388,0.875,0.12498
2389,0.856,0.14384
2390,0.936,0.0643
2391,0.666,0.33433999999999997
2392,0.472,0.52764
2393,0.417,0.5832400000000001
2394,0.466,0.5335000000000001
2395,0.807,0.19274
2396,0.607,0.39342
2397,0.408,0.5923
2398,0.927,0.07279000000000001
2399,0.649,0.35064999999999996
2400,0.647,0.35308999999999996
2401,0.405,0.59484
2402,0.838,0.16163999999999998
2403,0.625,0.37464
2404,0.908,0.09190000000000001
2405,0.659,0.34120999999999996
2406,0.845,0.15522
2407,0.864,0.13634000000000002
2408,0.815,0.1854
2409,0.426,0.5735800000000001
2410,0.615,0.38461999999999996
2411,0.868,0.1323
2412,0.848,0.15153999999999998
2413,0.442,0.5577500000000001
2414,0.924,0.07614000000000001
2415,0.633,0.36707999999999996
2416,0.605,0.39499999999999996
2417,0.823,0.17732
2418,0.903,0.09747
2419,0.496,0.5041100000000001
2420,0.412,0.58752
2421,0.465,0.5348200000000001
2422,0.875,0.12549
2423,0.409,0.59108
2424,0.869,0.13134
2425,0.815,0.18479
2426,0.699,0.30127
2427,0.801,0.19909
2428,0.883,0.11742
2429,0.803,0.19684000000000001
2430,0.874,0.12584
2431,0.605,0.39491
2432,0.628,0.37206999999999996
2433,0.831,0.16947
2434,0.881,0.11856999999999998
2435,0.847,0.15251
2436,0.885,0.11531000000000001
2437,0.919,0.08106000000000001
2438,0.44,0.5599700000000001
2439,0.69,0.30982
2440,0.463,0.5373800000000001
2441,0.407,0.5934400000000001
2442,0.838,0.1623
2443,0.851,0.14919000000000002
2444,0.482,0.5182800000000001
2445,0.485,0.5149100000000001
2446,0.416,0.58445
2447,0.835,0.16454
2448,0.82,0.17989
2449,0.911,0.08923
2450,0.442,0.5578200000000001
2451,0.46,0.54035
2452,0.904,0.09633
2453,0.909,0.09088
2454,0.872,0.12757000000000002
2455,0.627,0.37262999999999996
2456,0.935,0.06451000000000001
2457,0.849,0.15122
2458,0.672,0.32794999999999996
2459,0.85,0.1499
2460,0.866,0.13369
2461,0.892,0.10825000000000001
2462,0.896,0.10353000000000001
2463,0.67,0.32974
2464,0.825,0.17498
2465,0.444,0.55642
2466,0.91,0.09040000000000001
2467,0.667,0.33255999999999997
2468,0.841,0.15868
2469,0.89,0.11043
2470,0.41,0.5897
2471,0.868,0.13191999999999998
2472,0.805,0.19494
2473,0.634,0.36634
2474,0.932,0.06773000000000001
2475,0.884,0.11568
2476,0.837,0.16255
2477,0.905,0.09523000000000001
2478,0.829,0.17122
2479,0.452,0.54752
2480,0.676,0.3243
2481,0.904,0.09579
2482,0.873,0.12737
2483,0.603,0.39736
2484,0.478,0.522
2485,0.448,0.55171
2486,0.479,0.5213500000000001
2487,0.449,0.55098
2488,0.421,0.5791900000000001
2489,0.86,0.14023
2490,0.913,0.0873
2491,0.862,0.13764
2492,0.863,0.13695000000000002
2493,0.871,0.12905
2494,0.659,0.34109
2495,0.43,0.56982
2496,0.628,0.37167999999999995
2497,0.464,0.5361
2498,0.43,0.57038
2499,0.691,0.30896999999999997
2500,0.89,0.10989
2501,0.815,0.1849
2502,0.647,0.3529
2503,0.917,0.0826
2504,0.456,0.54442
2505,0.885,0.11467000000000001
2506,0.459,0.5414100000000001
2507,0.431,0.56879
2508,0.936,0.06384000000000001
2509,0.468,0.53158
2510,0.854,0.14647
2511,0.873,0.12712
2512,0.646,0.35416
2513,0.413,0.5871700000000001
2514,0.417,0.58284
2515,0.8,0.19967000000000001
2516,0.865,0.13458
2517,0.668,0.33181
2518,0.414,0.58577
2519,0.613,0.38705
2520,0.629,0.37115
2521,0.483,0.5173000000000001
2522,0.698,0.30184
2523,0.694,0.30633
2524,0.806,0.1936
2525,0.813,0.18716
2526,0.675,0.32533
2527,0.486,0.5135200000000001
2528,0.804,0.19580999999999998
2529,0.607,0.39344999999999997
2530,0.885,0.11521
2531,0.91,0.09037
2532,0.639,0.36061
2533,0.931,0.06933
2534,0.836,0.16447
2535,0.428,0.5721700000000001
2536,0.65,0.34987999999999997
2537,0.81,0.19016
2538,0.444,0.55552
2539,0.92,0.08045000000000001
2540,0.899,0.1013
2541,0.854,0.14577
2542,0.92,0.07981
2543,0.816,0.18429
2544,0.802,0.19789
2545,0.46,0.54022
2546,0.611,0.38861999999999997
2547,0.405,0.5947300000000001
2548,0.6,0.39985
2549,0.893,0.10685
2550,0.902,0.09786
2551,0.852,0.14846
2552,0.858,0.14219
2553,0.812,0.18807000000000001
2554,0.482,0.51834
2555,0.602,0.39762
2556,0.676,0.32410999999999995
2557,0.819,0.18073
2558,0.863,0.13690000000000002
2559,0.418,0.58204
2560,0.91,0.08953
2561,0.88,0.11956
2562,0.601,0.39943999999999996
2563,0.887,0.11257
2564,0.663,0.33698999999999996
2565,0.476,0.52393
2566,0.608,0.39158
2567,0.46,0.5401400000000001
2568,0.881,0.11935000000000001
2569,0.919,0.08143
2570,0.865,0.13527999999999998
2571,0.406,0.59421
2572,0.893,0.10748
2573,0.434,0.5657800000000001
2574,0.936,0.06368000000000001
2575,0.948,0.05208
2576,0.657,0.34319
2577,0.887,0.11348
2578,0.609,0.39124
2579,0.483,0.51722
2580,0.869,0.13116
2581,0.816,0.18384
2582,0.886,0.11353
2583,0.86,0.14046
2584,0.66,0.33981999999999996
2585,0.453,0.5468700000000001
2586,0.887,0.11268
2587,0.876,0.12394999999999999
2588,0.882,0.11834999999999998
2589,0.495,0.50529
2590,0.806,0.19427
2591,0.489,0.511
2592,0.818,0.18227
2593,0.907,0.0931
2594,0.453,0.54742
2595,0.602,0.39844999999999997
2596,0.895,0.10527999999999998
2597,0.686,0.31432
2598,0.498,0.5018900000000001
2599,0.863,0.13744
2600,0.664,0.33616999999999997
2601,0.611,0.38921
2602,0.88,0.11952000000000002
2603,0.88,0.11977
2604,0.418,0.58186
2605,0.811,0.18895
2606,0.618,0.38151999999999997
2607,0.627,0.37303
2608,0.493,0.50685
2609,0.813,0.18663
2610,0.434,0.56623
2611,0.665,0.33529
2612,0.678,0.32237
2613,0.894,0.10598
2614,0.934,0.0655
2615,0.85,0.14995999999999998
2616,0.622,0.37801999999999997
2617,0.634,0.36635999999999996
2618,0.889,0.11115000000000001
2619,0.415,0.58525
2620,0.475,0.5246200000000001
2621,0.688,0.31177999999999995
2622,0.69,0.31016
2623,0.891,0.10883999999999999
2624,0.839,0.16146
2625,0.922,0.07788
2626,0.648,0.35195
2627,0.416,0.58402
2628,0.853,0.14739
2629,0.928,0.07217000000000001
2630,0.942,0.05779
2631,0.428,0.57196
2632,0.88,0.12001999999999999
2633,0.462,0.5380600000000001
2634,0.855,0.1453
2635,0.687,0.31293
2636,0.465,0.53461
2637,0.945,0.05547
2638,0.67,0.33022999999999997
2639,0.679,0.32056999999999997
2640,0.805,0.19486
2641,0.836,0.16405
2642,0.91,0.09019
2643,0.418,0.58228
2644,0.653,0.34659999999999996
2645,0.819,0.18092
2646,0.87,0.12961
2647,0.445,0.5552
2648,0.846,0.15386999999999998
2649,0.917,0.08311
2650,0.469,0.53103
2651,0.623,0.37722999999999995
2652,0.901,0.09946
2653,0.6,0.39991
2654,0.609,0.39098
2655,0.877,0.12258
2656,0.896,0.10350000000000001
2657,0.864,0.13626000000000002
2658,0.45,0.54995
2659,0.88,0.12019
2660,0.44,0.55959
2661,0.925,0.07503000000000001
2662,0.624,0.37559
2663,0.424,0.5759700000000001
2664,0.876,0.12359
2665,0.459,0.54149
2666,0.875,0.12469999999999999
2667,0.861,0.13879
2668,0.481,0.51914
2669,0.434,0.56632
2670,0.681,0.31903
2671,0.913,0.08716
2672,0.827,0.17273
2673,0.88,0.12031
2674,0.946,0.053610000000000005
2675,0.868,0.13205
2676,0.828,0.17227
2677,0.493,0.50717
2678,0.882,0.11806
2679,0.804,0.19623000000000002
2680,0.848,0.15159999999999998
2681,0.93,0.07036
2682,0.643,0.35735
2683,0.403,0.5969
2684,0.672,0.32827999999999996
2685,0.827,0.1726
2686,0.877,0.12319
2687,0.862,0.13802
2688,0.678,0.32243999999999995
2689,0.941,0.05949
2690,0.864,0.13619
2691,0.496,0.5042500000000001
2692,0.616,0.3842
2693,0.872,0.12774000000000002
2694,0.498,0.50246
2695,0.822,0.17754999999999999
2696,0.806,0.19404
2697,0.424,0.5763
2698,0.855,0.14478000000000002
2699,0.648,0.35189
2700,0.424,0.5755600000000001
2701,0.92,0.0796
2702,0.408,0.5923400000000001
2703,0.892,0.10835
2704,0.883,0.11654999999999999
2705,0.454,0.54588
2706,0.667,0.33266999999999997
2707,0.482,0.51753
2708,0.889,0.11127
2709,0.813,0.18697
2710,0.95,0.05038000000000001
2711,0.864,0.13598
2712,0.91,0.08973
2713,0.805,0.19501
2714,0.855,0.14467000000000002
2715,0.66,0.33976999999999996
2716,0.865,0.13514
2717,0.904,0.09631
2718,0.638,0.3624
2719,0.937,0.0632
2720,0.933,0.06724
2721,0.633,0.36651
2722,0.801,0.19929
2723,0.483,0.5174700000000001
2724,0.882,0.11794
2725,0.899,0.1006
2726,0.423,0.5771700000000001
2727,0.654,0.34625
2728,0.876,0.12446000000000002
2729,0.935,0.06525
2730,0.636,0.36391999999999997
2731,0.897,0.10252
2732,0.494,0.50583
2733,0.499,0.50085
2734,0.679,0.32144
2735,0.856,0.14369
2736,0.853,0.14718
2737,0.87,0.13002000000000002
2738,0.665,0.3349
2739,0.832,0.16783
2740,0.468,0.53193
2741,0.423,0.57659
2742,0.888,0.11238
2743,0.889,0.11104999999999998
2744,0.63,0.36954
2745,0.869,0.13113000000000002
2746,0.429,0.57098
2747,0.858,0.14248
2748,0.448,0.5523800000000001
2749,0.935,0.06513
2750,0.441,0.55935
2751,0.915,0.08464
2752,0.635,0.36495
2753,0.486,0.51378
2754,0.661,0.33860999999999997
2755,0.468,0.5324800000000001
2756,0.439,0.56144
2757,0.494,0.5063500000000001
2758,0.873,0.12654
2759,0.468,0.5323
2760,0.638,0.36193
2761,0.882,0.11796000000000001
2762,0.865,0.13499
2763,0.488,0.5117200000000001
2764,0.893,0.10685999999999998
2765,0.914,0.08623
2766,0.419,0.58053
2767,0.651,0.34904999999999997
2768,0.892,0.10755999999999999
2769,0.911,0.08915000000000001
2770,0.812,0.18827
2771,0.92,0.07989
2772,0.857,0.14340999999999998
2773,0.837,0.16265
2774,0.624,0.37589
2775,0.835,0.16458
2776,0.673,0.32693
2777,0.489,0.5112300000000001
2778,0.861,0.13919
2779,0.692,0.30804
2780,0.919,0.08057
2781,0.677,0.32294999999999996
2782,0.926,0.07367000000000001
2783,0.669,0.33053
2784,0.873,0.12663000000000002
2785,0.488,0.5116200000000001
2786,0.912,0.08791
2787,0.431,0.5691
2788,0.467,0.5329400000000001
2789,0.41,0.5904100000000001
2790,0.842,0.15756
2791,0.932,0.06844
2792,0.884,0.11618999999999999
2793,0.851,0.1492
2794,0.938,0.062490000000000004
2795,0.485,0.51539
2796,0.82,0.18046
2797,0.867,0.13336
2798,0.624,0.37562999999999996
2799,0.916,0.08436
2800,0.82,0.17996
2801,0.886,0.11409000000000001
2802,0.936,0.064
2803,0.804,0.19637
2804,0.93,0.06954
2805,0.401,0.5985
2806,0.805,0.19539
2807,0.847,0.15288
2808,0.852,0.14762999999999998
2809,0.698,0.30168999999999996
2810,0.627,0.37342
2811,0.604,0.39588999999999996
2812,0.637,0.36273
2813,0.849,0.1507
2814,0.436,0.56381
2815,0.914,0.08594
2816,0.928,0.07202
2817,0.841,0.15853
2818,0.47,0.52958
2819,0.882,0.11835000000000001
2820,0.457,0.5425300000000001
2821,0.859,0.14146999999999998
2822,0.677,0.32295999999999997
2823,0.482,0.5181300000000001
2824,0.938,0.0618
2825,0.935,0.06469
2826,0.947,0.05253
2827,0.687,0.31337
2828,0.439,0.5613900000000001
2829,0.456,0.54386
2830,0.942,0.057550000000000004
2831,0.481,0.51864
2832,0.882,0.11826
2833,0.426,0.5736
2834,0.618,0.38162999999999997
2835,0.697,0.30296999999999996
2836,0.883,0.11717999999999999
2837,0.838,0.16238
2838,0.877,0.12264
2839,0.447,0.55256
2840,0.653,0.34675999999999996
2841,0.67,0.32993
2842,0.648,0.35219999999999996
2843,0.932,0.06770000000000001
2844,0.465,0.53457
2845,0.421,0.57877
2846,0.866,0.13441
2847,0.905,0.09533
2848,0.929,0.07053000000000001
2849,0.638,0.36177
2850,0.842,0.15803999999999999
2851,0.449,0.5508500000000001
2852,0.869,0.13099
2853,0.615,0.38519
2854,0.447,0.5533100000000001
2855,0.666,0.33415999999999996
2856,0.459,0.5414300000000001
2857,0.641,0.35928
2858,0.414,0.58613
2859,0.886,0.11388999999999999
2860,0.496,0.5035400000000001
2861,0.437,0.56349
2862,0.492,0.5081300000000001
2863,0.66,0.34003999999999995
2864,0.916,0.08427000000000001
2865,0.408,0.5920000000000001
2866,0.433,0.56662
2867,0.873,0.127
2868,0.455,0.54474
2869,0.828,0.17249
2870,0.464,0.5355500000000001
2871,0.679,0.32139999999999996
2872,0.857,0.14337
2873,0.857,0.14295000000000002
2874,0.864,0.13561
2875,0.648,0.35198999999999997
2876,0.857,0.14346
2877,0.909,0.09055
2878,0.663,0.33652
2879,0.643,0.35669999999999996
2880,0.467,0.53291
2881,0.838,0.16197999999999999
2882,0.693,0.30668999999999996
2883,0.851,0.14868
2884,0.942,0.05827
2885,0.868,0.13167
2886,0.949,0.051320000000000005
2887,0.433,0.56738
2888,0.436,0.56432
2889,0.811,0.18864
2890,0.858,0.1421
2891,0.417,0.5833900000000001
2892,0.629,0.37139999999999995
2893,0.864,0.13601
2894,0.816,0.18356
2895,0.865,0.13467
2896,0.807,0.1931
2897,0.897,0.10328999999999999
2898,0.699,0.30111
2899,0.81,0.19002
2900,0.648,0.35225999999999996
2901,0.877,0.12339
2902,0.486,0.5135500000000001
2903,0.887,0.11267
2904,0.657,0.34287999999999996
2905,0.648,0.3518
2906,0.888,0.11193
2907,0.827,0.17307
2908,0.414,0.58621
2909,0.655,0.34536999999999995
2910,0.636,0.36434999999999995
2911,0.86,0.13966
2912,0.463,0.53696
2913,0.863,0.1368
2914,0.849,0.15128
2915,0.865,0.13472
2916,0.904,0.09619
2917,0.847,0.15295
2918,0.939,0.06065
2919,0.697,0.30289999999999995
2920,0.632,0.36819999999999997
2921,0.887,0.11304999999999998
2922,0.461,0.5385800000000001
2923,0.619,0.38127
2924,0.825,0.17481
2925,0.43,0.5697800000000001
2926,0.89,0.11043999999999998
2927,0.911,0.08903
2928,0.867,0.13335
2929,0.934,0.0656
2930,0.622,0.37755999999999995
2931,0.659,0.34119999999999995
2932,0.81,0.18952
2933,0.43,0.56996
2934,0.825,0.1751
2935,0.872,0.12838
2936,0.688,0.31246999999999997
2937,0.678,0.32244999999999996
2938,0.87,0.13032
2939,0.69,0.31022
2940,0.871,0.12911
2941,0.881,0.11943
2942,0.643,0.35668999999999995
2943,0.872,0.12757
2944,0.608,0.39221
2945,0.946,0.05392
2946,0.922,0.07767
2947,0.888,0.11248
2948,0.893,0.1073
2949,0.864,0.13553
2950,0.639,0.36074
2951,0.804,0.19599
2952,0.643,0.35651
2953,0.652,0.34826999999999997
2954,0.446,0.5544100000000001
2955,0.907,0.09306
2956,0.683,0.31669499999999995
2957,0.603,0.39737
2958,0.699,0.30115
2959,0.886,0.11404
2960,0.853,0.14698
2961,0.936,0.06399
2962,0.827,0.17346
2963,0.7,0.30011
2964,0.917,0.08257
2965,0.668,0.33247
2966,0.821,0.17880000000000001
2967,0.476,0.5239600000000001
2968,0.866,0.13384
2969,0.873,0.12680000000000002
2970,0.883,0.11712
2971,0.866,0.13402
2972,0.688,0.31181
2973,0.886,0.11436
2974,0.941,0.05894
2975,0.825,0.17515
2976,0.697,0.30338
2977,0.817,0.18304
2978,0.825,0.17469
2979,0.658,0.34163
2980,0.693,0.30702999999999997
2981,0.403,0.5968600000000001
2982,0.844,0.15577
2983,0.668,0.33196
2984,0.948,0.05214
2985,0.451,0.54856
2986,0.821,0.17872
2987,0.632,0.36752999999999997
2988,0.442,0.55839
2989,0.495,0.50482
2990,0.887,0.11274
2991,0.421,0.5794400000000001
2992,0.827,0.17312
2993,0.629,0.37096999999999997
2994,0.456,0.5441600000000001
2995,0.494,0.50571
2996,0.862,0.13763
2997,0.878,0.12169
2998,0.894,0.10592000000000001
2999,0.638,0.36223
3000,0.834,0.16569
3001,0.873,0.12726
3002,0.657,0.34289
3003,0.684,0.31564
3004,0.857,0.14349
3005,0.809,0.19147999999999998
3006,0.451,0.54901
3007,0.934,0.06581000000000001
3008,0.445,0.5554100000000001
3009,0.496,0.50399
3010,0.873,0.12664999999999998
3011,0.897,0.10344999999999999
3012,0.622,0.37844
3013,0.811,0.18877
3014,0.683,0.31662999999999997
3015,0.936,0.06371
3016,0.486,0.5140600000000001
3017,0.899,0.10081999999999999
3018,0.865,0.1345
3019,0.648,0.35174999999999995
3020,0.815,0.18501
3021,0.404,0.59608
3022,0.895,0.10455
3023,0.837,0.16328
3024,0.853,0.14719
3025,0.912,0.08756
3026,0.635,0.36490999999999996
3027,0.652,0.34808999999999996
3028,0.879,0.12104999999999999
3029,0.682,0.31795999999999996
3030,0.656,0.3445
3031,0.891,0.109
3032,0.612,0.38813
3033,0.668,0.33229
3034,0.867,0.13316
3035,0.851,0.14870999999999998
3036,0.834,0.16645
3037,0.906,0.09375
3038,0.422,0.5776
3039,0.873,0.12672
3040,0.491,0.50942
3041,0.637,0.36330999999999997
3042,0.813,0.18703
3043,0.421,0.57867
3044,0.44,0.56049
3045,0.602,0.39816999999999997
3046,0.802,0.19813
3047,0.6,0.39976
3048,0.887,0.11338
3049,0.9,0.10011999999999999
3050,0.666,0.33376999999999996
3051,0.416,0.58408
3052,0.898,0.10173
3053,0.838,0.16233
3054,0.858,0.14243999999999998
3055,0.906,0.09402
3056,0.94,0.059590000000000004
3057,0.697,0.30307999999999996
3058,0.867,0.13327999999999998
3059,0.661,0.33937999999999996
3060,0.944,0.05593000000000001
3061,0.651,0.34924
3062,0.884,0.11634999999999998
3063,0.414,0.5862700000000001
3064,0.406,0.5935900000000001
3065,0.827,0.17310999999999999
3066,0.68,0.3198
3067,0.95,0.050050000000000004
3068,0.895,0.10470000000000002
3069,0.449,0.5512900000000001
3070,0.677,0.32273999999999997
3071,0.875,0.12493
3072,0.883,0.11691000000000001
3073,0.88,0.1204
3074,0.613,0.38706999999999997
3075,0.67,0.33011999999999997
3076,0.896,0.10388
3077,0.644,0.35562
3078,0.684,0.31633999999999995
3079,0.667,0.33341
3080,0.877,0.12268
3081,0.915,0.08483
3082,0.419,0.5811700000000001
3083,0.691,0.30934999999999996
3084,0.901,0.09876
3085,0.479,0.5206500000000001
3086,0.885,0.11488499999999999
3087,0.916,0.08388000000000001
3088,0.848,0.15169
3089,0.93,0.06988
3090,0.899,0.10141
3091,0.909,0.09131
3092,0.808,0.19191
3093,0.405,0.5946400000000001
3094,0.934,0.06636
3095,0.44,0.5598700000000001
3096,0.662,0.33787999999999996
3097,0.49,0.51005
3098,0.929,0.07075000000000001
3099,0.49,0.50999
3100,0.87,0.13019
3101,0.825,0.17516
3102,0.696,0.30438
3103,0.433,0.56696
3104,0.691,0.30929999999999996
3105,0.467,0.53273
3106,0.941,0.05936
3107,0.43,0.57025
3108,0.655,0.34497999999999995
3109,0.44,0.55982
3110,0.638,0.36196999999999996
3111,0.659,0.34103
3112,0.887,0.11327000000000001
3113,0.842,0.15763
3114,0.801,0.19884
3115,0.487,0.5131
3116,0.633,0.36656999999999995
3117,0.885,0.11493
3118,0.81,0.19023
3119,0.909,0.09123
3120,0.883,0.11664000000000001
3121,0.638,0.36229
3122,0.435,0.56481
3123,0.683,0.31676
3124,0.887,0.11259
3125,0.841,0.15869
3126,0.926,0.07433000000000001
3127,0.617,0.3827
3128,0.618,0.3818
3129,0.947,0.05344
3130,0.417,0.5830000000000001
3131,0.944,0.056260000000000004
3132,0.888,0.11218
3133,0.809,0.19051
3134,0.658,0.34156
3135,0.873,0.12730999999999998
3136,0.937,0.06292
3137,0.631,0.36877
3138,0.897,0.10264000000000001
3139,0.94,0.0597
3140,0.428,0.5715600000000001
3141,0.866,0.13415
3142,0.855,0.14479999999999998
3143,0.874,0.12567
3144,0.448,0.5521
3145,0.933,0.06667000000000001
3146,0.89,0.1096
3147,0.889,0.11078
3148,0.466,0.5344800000000001
3149,0.697,0.30346999999999996
3150,0.476,0.5237200000000001
3151,0.856,0.14448
3152,0.65,0.35028
3153,0.855,0.14496
3154,0.495,0.50475
3155,0.411,0.5891700000000001
3156,0.68,0.32041
3157,0.476,0.52419
3158,0.897,0.10332000000000001
3159,0.628,0.37205
3160,0.899,0.10107999999999999
3161,0.863,0.13693
3162,0.891,0.10927999999999999
3163,0.654,0.34609999999999996
3164,0.603,0.39685
3165,0.911,0.08854000000000001
3166,0.437,0.56261
3167,0.879,0.12128
3168,0.451,0.54912
3169,0.485,0.51465
3170,0.861,0.13935
3171,0.633,0.36701
3172,0.939,0.06056
3173,0.838,0.16178
3174,0.651,0.3488
3175,0.42,0.5805
3176,0.611,0.38922999999999996
3177,0.943,0.057300000000000004
3178,0.621,0.37861999999999996
3179,0.489,0.51148
3180,0.422,0.5775800000000001
3181,0.635,0.36507999999999996
3182,0.889,0.11068999999999998
3183,0.435,0.56455
3184,0.839,0.16085
3185,0.467,0.53297
3186,0.689,0.31111999999999995
3187,0.432,0.56755
3188,0.879,0.12119999999999999
3189,0.877,0.12312
3190,0.653,0.3468
3191,0.869,0.13068
3192,0.858,0.14179
3193,0.634,0.36579999999999996
3194,0.448,0.5515800000000001
3195,0.606,0.3941
3196,0.452,0.54754
3197,0.412,0.58814
3198,0.446,0.55425
3199,0.88,0.11968000000000001
3200,0.472,0.52752
3201,0.656,0.34368
3202,0.604,0.39554
3203,0.676,0.32365
3204,0.902,0.09798000000000001
3205,0.865,0.13466
3206,0.941,0.058620000000000005
3207,0.633,0.36749
3208,0.678,0.32227999999999996
3209,0.824,0.17581
3210,0.927,0.07329000000000001
3211,0.612,0.38786
3212,0.403,0.5973200000000001
3213,0.499,0.50148
3214,0.665,0.33516999999999997
3215,0.402,0.5975
3216,0.872,0.12786
3217,0.671,0.32937
3218,0.867,0.13318000000000002
3219,0.643,0.35677
3220,0.847,0.15268
3221,0.876,0.12434
3222,0.9,0.10013999999999999
3223,0.472,0.52847
3224,0.481,0.51946
3225,0.487,0.51319
3226,0.843,0.15722
3227,0.874,0.1255
3228,0.692,0.30776
3229,0.894,0.10596
3230,0.874,0.12569000000000002
3231,0.807,0.19311
3232,0.848,0.15218
3233,0.416,0.58396
3234,0.833,0.16674
3235,0.43,0.56959
3236,0.836,0.16412
3237,0.852,0.14841000000000001
3238,0.667,0.33302
3239,0.837,0.16308
3240,0.492,0.5080100000000001
3241,0.633,0.36691999999999997
3242,0.403,0.59663
3243,0.456,0.54406
3244,0.633,0.3666
3245,0.677,0.32250999999999996
3246,0.685,0.31467999999999996
3247,0.855,0.14540999999999998
3248,0.644,0.35612499999999997
3249,0.86,0.14005
3250,0.92,0.07966000000000001
3251,0.882,0.11827
3252,0.423,0.57725
3253,0.481,0.51897
3254,0.82,0.18026999999999999
3255,0.471,0.52859
3256,0.903,0.09711
3257,0.803,0.19741999999999998
3258,0.82,0.17995
3259,0.656,0.34386999999999995
3260,0.812,0.18825
3261,0.442,0.55828
3262,0.888,0.11199
3263,0.484,0.51551
3264,0.891,0.10941000000000001
3265,0.61,0.38982
3266,0.893,0.10653000000000001
3267,0.642,0.358
3268,0.452,0.54764
3269,0.65,0.34983
3270,0.871,0.12936
3271,0.85,0.15031
3272,0.899,0.10127000000000001
3273,0.414,0.5862900000000001
3274,0.494,0.5056900000000001
3275,0.88,0.12037
3276,0.844,0.15614
3277,0.604,0.39622
3278,0.879,0.1206
3279,0.615,0.38545999999999997
3280,0.673,0.32724
3281,0.496,0.5040100000000001
3282,0.806,0.19449
3283,0.615,0.38521
3284,0.872,0.12832
3285,0.464,0.53629
3286,0.877,0.12278
3287,0.882,0.11775000000000001
3288,0.436,0.56401
3289,0.488,0.51232
3290,0.678,0.32216
3291,0.489,0.51093
3292,0.912,0.0877
3293,0.868,0.13202
3294,0.861,0.13884
3295,0.827,0.17331
3296,0.869,0.13052
3297,0.435,0.5651
3298,0.429,0.5705800000000001
3299,0.812,0.18776
3300,0.423,0.5773
3301,0.603,0.39737999999999996
3302,0.424,0.57645
3303,0.641,0.35902999999999996
3304,0.67,0.32957
3305,0.476,0.52388
3306,0.854,0.14568
3307,0.68,0.32044
3308,0.487,0.51261
3309,0.933,0.06726
3310,0.82,0.18014
3311,0.878,0.12225000000000001
3312,0.662,0.33846
3313,0.852,0.14839000000000002
3314,0.41,0.58989
3315,0.811,0.18871
3316,0.663,0.33687
3317,0.479,0.52088
3318,0.875,0.12455
3319,0.663,0.33663
3320,0.678,0.32171
3321,0.674,0.32602
3322,0.677,0.32314499999999996
3323,0.94,0.060020000000000004
3324,0.919,0.08111
3325,0.923,0.07726000000000001
3326,0.661,0.33949999999999997
3327,0.943,0.05706
3328,0.812,0.1883
3329,0.647,0.35307
3330,0.824,0.17628
3331,0.84,0.16021
3332,0.881,0.11859
3333,0.602,0.39844
3334,0.868,0.13195
3335,0.907,0.09347
3336,0.911,0.08853
3337,0.625,0.37521
3338,0.657,0.34342999999999996
3339,0.948,0.05162
3340,0.888,0.11151999999999998
3341,0.826,0.17357
3342,0.636,0.36351999999999995
3343,0.469,0.5312600000000001
3344,0.856,0.14353000000000002
3345,0.922,0.07849
3346,0.434,0.5658700000000001
3347,0.676,0.32403
3348,0.886,0.11360999999999999
3349,0.682,0.31801999999999997
3350,0.881,0.11907
3351,0.862,0.13794
3352,0.639,0.36051999999999995
3353,0.942,0.05836
3354,0.902,0.09761
3355,0.905,0.09549
3356,0.837,0.16323
3357,0.857,0.14298
3358,0.812,0.18814999999999998
3359,0.913,0.08701
3360,0.633,0.36662999999999996
3361,0.47,0.52969
3362,0.895,0.10524
3363,0.694,0.30567999999999995
3364,0.802,0.1984
3365,0.896,0.10418999999999999
3366,0.646,0.35396999999999995
3367,0.863,0.13687000000000002
3368,0.819,0.18056
3369,0.432,0.5678700000000001
3370,0.45,0.54954
3371,0.622,0.37761
3372,0.429,0.57104
3373,0.607,0.39308
3374,0.626,0.37392
3375,0.809,0.19067
3376,0.638,0.3619
3377,0.654,0.34573
3378,0.901,0.099
3379,0.863,0.13698
3380,0.468,0.53171
3381,0.908,0.09194000000000001
3382,0.881,0.11946000000000001
3383,0.883,0.11712
3384,0.862,0.13842
3385,0.87,0.12992
3386,0.839,0.16083
3387,0.818,0.18169
3388,0.613,0.38684999999999997
3389,0.851,0.14903
3390,0.605,0.39483
3391,0.922,0.07811000000000001
3392,0.886,0.11446
3393,0.454,0.54566
3394,0.849,0.15097
3395,0.881,0.11876
3396,0.614,0.38648
3397,0.868,0.13194
3398,0.811,0.18911
3399,0.427,0.57343
3400,0.408,0.59218
3401,0.88,0.12032000000000001
3402,0.443,0.55701
3403,0.883,0.11728
3404,0.877,0.12285
3405,0.454,0.5461600000000001
3406,0.619,0.38050999999999996
3407,0.444,0.5555000000000001
3408,0.405,0.5948800000000001
3409,0.95,0.05018
3410,0.688,0.31217999999999996
3411,0.47,0.5295000000000001
3412,0.884,0.11637
3413,0.903,0.09727000000000001
3414,0.93,0.07022
3415,0.877,0.12328
3416,0.944,0.0558
3417,0.86,0.14008
3418,0.869,0.13071
3419,0.868,0.13216
3420,0.938,0.06226
3421,0.47,0.53037
3422,0.671,0.32874
3423,0.897,0.10268999999999999
3424,0.681,0.31938999999999995
3425,0.852,0.14841
3426,0.936,0.06423999999999999
3427,0.823,0.17691
3428,0.929,0.07139000000000001
3429,0.635,0.36458999999999997
3430,0.465,0.53539
3431,0.946,0.05369
3432,0.654,0.34592999999999996
3433,0.65,0.34953
3434,0.854,0.14621
3435,0.949,0.051430000000000003
3436,0.649,0.35057
3437,0.456,0.5435300000000001
3438,0.83,0.16961
3439,0.844,0.15558999999999998
3440,0.626,0.37353
3441,0.934,0.06558
3442,0.877,0.12269
3443,0.857,0.14266
3444,0.633,0.36655
3445,0.612,0.38781
3446,0.925,0.07539000000000001
3447,0.491,0.5085700000000001
3448,0.872,0.12846
3449,0.678,0.32166999999999996
3450,0.404,0.5958800000000001
3451,0.469,0.5306500000000001
3452,0.886,0.11362
3453,0.855,0.14487
3454,0.87,0.12981
3455,0.477,0.5234500000000001
3456,0.857,0.1434
3457,0.856,0.14445000000000002
3458,0.802,0.19782
3459,0.915,0.08533
3460,0.463,0.5370600000000001
3461,0.842,0.15816
3462,0.899,0.10082999999999999
3463,0.432,0.56777
3464,0.876,0.12368
3465,0.42,0.5802
3466,0.42,0.5797000000000001
3467,0.685,0.31509
3468,0.88,0.1198
3469,0.669,0.33133999999999997
3470,0.431,0.56942
3471,0.452,0.54766
3472,0.815,0.18458
3473,0.406,0.5940700000000001
3474,0.423,0.57681
3475,0.427,0.5726500000000001
3476,0.89,0.1099
3477,0.699,0.30121
3478,0.634,0.36552999999999997
3479,0.934,0.06632
3480,0.865,0.13472
3481,0.943,0.056990000000000006
3482,0.652,0.34818
3483,0.666,0.33355999999999997
3484,0.428,0.57247
3485,0.601,0.39866
3486,0.816,0.18437
3487,0.614,0.38554
3488,0.939,0.06064
3489,0.685,0.31549
3490,0.473,0.5273300000000001
3491,0.685,0.31494999999999995
3492,0.942,0.05811
3493,0.853,0.14697
3494,0.882,0.11828
3495,0.842,0.15811
3496,0.408,0.59202
3497,0.419,0.58131
3498,0.622,0.37762999999999997
3499,0.461,0.53896
3500,0.445,0.5547200000000001
3501,0.912,0.08805
3502,0.856,0.14405
3503,0.618,0.38198
3504,0.611,0.38941
3505,0.614,0.38558
3506,0.605,0.39474
3507,0.905,0.09485
3508,0.659,0.34051
3509,0.654,0.34628
3510,0.476,0.52441
3511,0.694,0.30611
3512,0.89,0.11034999999999999
3513,0.431,0.56887
3514,0.912,0.08850000000000001
3515,0.821,0.17901
3516,0.619,0.38111999999999996
3517,0.475,0.5245000000000001
3518,0.611,0.38906999999999997
3519,0.45,0.54961
3520,0.687,0.31333
3521,0.885,0.11501999999999998
3522,0.886,0.11427000000000001
3523,0.806,0.19401000000000002
3524,0.87,0.13035999999999998
3525,0.853,0.14678000000000002
3526,0.489,0.51107
3527,0.458,0.54171
3528,0.904,0.09561
3529,0.608,0.39213
3530,0.462,0.53844
3531,0.887,0.11312999999999998
3532,0.902,0.09784000000000001
3533,0.892,0.10757
3534,0.44,0.55974
3535,0.924,0.07609
3536,0.902,0.09783
3537,0.431,0.56898
3538,0.495,0.505
3539,0.909,0.09053
3540,0.667,0.33258
3541,0.921,0.07887000000000001
3542,0.647,0.35296
3543,0.864,0.1358
3544,0.655,0.34517
3545,0.622,0.37795999999999996
3546,0.443,0.5566800000000001
3547,0.886,0.11420000000000001
3548,0.822,0.17823
3549,0.932,0.06797
3550,0.69,0.30967999999999996
3551,0.608,0.39155999999999996
3552,0.608,0.3918
3553,0.928,0.07194
3554,0.693,0.30661
3555,0.887,0.11257
3556,0.894,0.10635999999999998
3557,0.85,0.14992
3558,0.885,0.11515
3559,0.857,0.14326
3560,0.49,0.5101
3561,0.685,0.31471
3562,0.674,0.32603
3563,0.67,0.32998
3564,0.5,0.50024
3565,0.655,0.34514999999999996
3566,0.946,0.05362
3567,0.616,0.3841
3568,0.919,0.08130000000000001
3569,0.829,0.17118
3570,0.945,0.05473
3571,0.936,0.06385
3572,0.92,0.07964
3573,0.658,0.34167
3574,0.468,0.53227
3575,0.479,0.5211100000000001
3576,0.897,0.10325000000000001
3577,0.639,0.36066
3578,0.466,0.5342800000000001
3579,0.872,0.12811999999999998
3580,0.846,0.15433
3581,0.653,0.34735
3582,0.87,0.13046
3583,0.884,0.11614999999999999
3584,0.801,0.19851
3585,0.484,0.5161
3586,0.867,0.13263
3587,0.894,0.10564000000000001
3588,0.911,0.08882000000000001
3589,0.845,0.15519
3590,0.921,0.07895
3591,0.47,0.5298400000000001
3592,0.618,0.38219
3593,0.855,0.14466
3594,0.893,0.10744
3595,0.639,0.36146999999999996
3596,0.692,0.30762999999999996
3597,0.839,0.16088
3598,0.937,0.06304
3599,0.468,0.5318900000000001
3600,0.929,0.07132000000000001
3601,0.88,0.12002000000000002
3602,0.444,0.55645
3603,0.669,0.33076999999999995
3604,0.469,0.5311600000000001
3605,0.442,0.5583600000000001
3606,0.875,0.12547
3607,0.88,0.11975
3608,0.897,0.10320000000000001
3609,0.83,0.17010999999999998
3610,0.483,0.5172300000000001
3611,0.407,0.5925100000000001
3612,0.897,0.10299
3613,0.867,0.13318
3614,0.842,0.15753999999999999
3615,0.47,0.53041
3616,0.662,0.33842999999999995
3617,0.6,0.39964
3618,0.817,0.1834
3619,0.908,0.09241
3620,0.903,0.09659000000000001
3621,0.607,0.39336
3622,0.842,0.15796
3623,0.429,0.57055
3624,0.907,0.09251000000000001
3625,0.871,0.12924000000000002
3626,0.483,0.51717
3627,0.458,0.54213
3628,0.894,0.10615
3629,0.429,0.5711400000000001
3630,0.477,0.5231100000000001
3631,0.464,0.53625
3632,0.638,0.36244
3633,0.449,0.55079
3634,0.853,0.14693
3635,0.862,0.13799999999999998
3636,0.886,0.1141
3637,0.847,0.15286
3638,0.695,0.30523
3639,0.883,0.11707000000000001
3640,0.468,0.5318400000000001
3641,0.879,0.12075000000000001
3642,0.816,0.18399
3643,0.419,0.58109
3644,0.87,0.12967
3645,0.9,0.10044999999999998
3646,0.814,0.18551
3647,0.858,0.14177
3648,0.886,0.11394
3649,0.812,0.18819
3650,0.822,0.17818
3651,0.421,0.57942
3652,0.85,0.14976
3653,0.814,0.1864
3654,0.841,0.15867
3655,0.809,0.19075999999999999
3656,0.873,0.12692
3657,0.803,0.19661
3658,0.658,0.34198999999999996
3659,0.814,0.18597
3660,0.928,0.07173
3661,0.623,0.37661
3662,0.652,0.34847999999999996
3663,0.893,0.10710999999999998
3664,0.858,0.14181
3665,0.854,0.14612000000000003
3666,0.658,0.34175999999999995
3667,0.68,0.3197
3668,0.894,0.10574
3669,0.866,0.13394
3670,0.437,0.5633400000000001
3671,0.444,0.5560900000000001
3672,0.676,0.32386
3673,0.689,0.31124999999999997
3674,0.824,0.17638
3675,0.425,0.57508
3676,0.668,0.33163
3677,0.803,0.19699
3678,0.464,0.5361600000000001
3679,0.886,0.11373
3680,0.697,0.30308999999999997
3681,0.851,0.14906000000000003
3682,0.458,0.5423600000000001
3683,0.831,0.16949
3684,0.816,0.18351
3685,0.451,0.5492600000000001
3686,0.919,0.08058000000000001
3687,0.881,0.1187
3688,0.609,0.39105
3689,0.89,0.11001
3690,0.894,0.10610000000000001
3691,0.68,0.32043
3692,0.493,0.50687
3693,0.875,0.12472
3694,0.87,0.12979000000000002
3695,0.888,0.11205999999999999
3696,0.816,0.18376
3697,0.918,0.08213000000000001
3698,0.491,0.5090300000000001
3699,0.853,0.14700000000000002
3700,0.402,0.59806
3701,0.654,0.3458
3702,0.425,0.5752700000000001
3703,0.45,0.5501
3704,0.949,0.05088
3705,0.838,0.16241
3706,0.892,0.10849999999999999
3707,0.458,0.54157
3708,0.405,0.59536
3709,0.939,0.06128
3710,0.4,0.5998600000000001
3711,0.881,0.11889
3712,0.692,0.30840999999999996
3713,0.481,0.51863
3714,0.632,0.36789
3715,0.401,0.59914
3716,0.4,0.59996
3717,0.65,0.35035499999999997
3718,0.606,0.39349999999999996
3719,0.93,0.07048
3720,0.931,0.06896000000000001
3721,0.673,0.32699
3722,0.447,0.55274
3723,0.909,0.09113
3724,0.492,0.5083500000000001
3725,0.893,0.10747999999999999
3726,0.921,0.07856
3727,0.863,0.1365
3728,0.92,0.08018
3729,0.843,0.1566
3730,0.676,0.32352
3731,0.41,0.59003
3732,0.858,0.14152
3733,0.659,0.34136
3734,0.913,0.08723
3735,0.601,0.39874
3736,0.694,0.30639
3737,0.614,0.38583999999999996
3738,0.5,0.5004200000000001
3739,0.643,0.35745
3740,0.652,0.34824
3741,0.619,0.38108
3742,0.643,0.35686999999999997
3743,0.821,0.17907
3744,0.837,0.16304
3745,0.656,0.34365999999999997
3746,0.681,0.31877999999999995
3747,0.697,0.30304
3748,0.87,0.13023
3749,0.641,0.35889
3750,0.659,0.34143999999999997
3751,0.881,0.11902
3752,0.858,0.1415
3753,0.805,0.19511
3754,0.409,0.59123
3755,0.931,0.0688
3756,0.671,0.32850999999999997
3757,0.864,0.13561
3758,0.427,0.57291
3759,0.601,0.39942999999999995
3760,0.66,0.33958
3761,0.859,0.14137
3762,0.667,0.3328
3763,0.638,0.36246
3764,0.66,0.3403
3765,0.895,0.10461
3766,0.489,0.51109
3767,0.621,0.37871
3768,0.428,0.57203
3769,0.68,0.32009
3770,0.825,0.17478
3771,0.486,0.5139400000000001
3772,0.84,0.15950999999999999
3773,0.877,0.12305
3774,0.616,0.3837
3775,0.943,0.05718
3776,0.908,0.09245
3777,0.869,0.13135000000000002
3778,0.649,0.35113
3779,0.835,0.16498
3780,0.916,0.08426
3781,0.446,0.55439
3782,0.655,0.34534
3783,0.8,0.2
3784,0.852,0.14833
3785,0.86,0.14017000000000002
3786,0.6,0.39993
3787,0.904,0.09622
3788,0.411,0.58913
3789,0.826,0.17438
3790,0.818,0.1825
3791,0.677,0.32306999999999997
3792,0.892,0.10844
3793,0.628,0.37189
3794,0.944,0.05564
3795,0.418,0.5824100000000001
3796,0.65,0.35041999999999995
3797,0.907,0.09308000000000001
3798,0.426,0.57425
3799,0.817,0.18269
3800,0.452,0.54771
3801,0.445,0.55503
3802,0.451,0.54895
3803,0.838,0.16247999999999999
3804,0.654,0.34580999999999995
3805,0.61,0.38998
3806,0.417,0.5827800000000001
3807,0.896,0.10412
3808,0.88,0.12003000000000001
3809,0.497,0.50319
3810,0.426,0.57426
3811,0.915,0.08477000000000001
3812,0.47,0.5302800000000001
3813,0.437,0.5634250000000001
3814,0.658,0.34214999999999995
3815,0.623,0.37673999999999996
3816,0.467,0.53324
3817,0.428,0.57198
3818,0.833,0.16705
3819,0.682,0.31833
3820,0.414,0.5856600000000001
3821,0.889,0.11148999999999999
3822,0.842,0.15752
3823,0.843,0.15666
3824,0.891,0.10908999999999999
3825,0.601,0.39932999999999996
3826,0.815,0.18509
3827,0.663,0.3369
3828,0.822,0.17776
3829,0.833,0.16709
3830,0.854,0.14609
3831,0.626,0.37366
3832,0.88,0.12014000000000001
3833,0.913,0.08736000000000001
3834,0.852,0.14773
3835,0.653,0.34722
3836,0.474,0.52571
3837,0.86,0.13985999999999998
3838,0.617,0.38341
3839,0.934,0.06586
3840,0.66,0.33995
3841,0.804,0.19574
3842,0.606,0.39364
3843,0.904,0.09552000000000001
3844,0.669,0.33071999999999996
3845,0.672,0.32805999999999996
3846,0.881,0.11908
3847,0.899,0.10071999999999999
3848,0.434,0.5657000000000001
3849,0.936,0.06441
3850,0.927,0.07303000000000001
3851,0.894,0.10582
3852,0.821,0.17853
3853,0.617,0.38333999999999996
3854,0.868,0.13162000000000001
3855,0.682,0.31777
3856,0.624,0.37628999999999996
3857,0.852,0.14789
3858,0.818,0.18161
3859,0.658,0.34164
3860,0.893,0.10726000000000001
3861,0.885,0.11482
3862,0.694,0.30559
3863,0.474,0.52608
3864,0.41,0.58972
3865,0.828,0.17185
3866,0.922,0.07778
3867,0.687,0.313
3868,0.6,0.39959999999999996
3869,0.85,0.14965
3870,0.839,0.1609
3871,0.882,0.11835999999999999
3872,0.432,0.56779
3873,0.928,0.07157000000000001
3874,0.933,0.06745000000000001
3875,0.627,0.37307999999999997
3876,0.934,0.06628
3877,0.444,0.5559400000000001
3878,0.87,0.12971000000000002
3879,0.626,0.37434999999999996
3880,0.43,0.56994
3881,0.639,0.36108999999999997
3882,0.88,0.11955
3883,0.885,0.11513999999999999
3884,0.852,0.14828000000000002
3885,0.899,0.10063
3886,0.694,0.30580999999999997
3887,0.872,0.12791999999999998
3888,0.888,0.11235
3889,0.427,0.57315
3890,0.468,0.53234
3891,0.641,0.35921
3892,0.662,0.33781
3893,0.858,0.14177
3894,0.694,0.30552999999999997
3895,0.891,0.10910999999999998
3896,0.926,0.07373
3897,0.455,0.545
3898,0.447,0.5532100000000001
3899,0.464,0.5364800000000001
3900,0.645,0.35488
3901,0.653,0.34695
3902,0.921,0.07932
3903,0.651,0.34909999999999997
3904,0.82,0.17973
3905,0.404,0.5960700000000001
3906,0.89,0.11008000000000001
3907,0.892,0.10774999999999998
3908,0.863,0.13749
3909,0.689,0.31077999999999995
3910,0.688,0.31156999999999996
3911,0.47,0.52983
3912,0.909,0.09068000000000001
3913,0.887,0.11327
3914,0.615,0.38494
3915,0.675,0.3246
3916,0.88,0.11993000000000001
3917,0.864,0.13582
3918,0.692,0.30822
3919,0.608,0.39236
3920,0.484,0.51587
3921,0.948,0.05234
3922,0.851,0.14919
3923,0.627,0.37345
3924,0.619,0.38132
3925,0.667,0.33292999999999995
3926,0.672,0.32774
3927,0.498,0.50248
3928,0.854,0.14561000000000002
3929,0.649,0.35119999999999996
3930,0.95,0.050050000000000004
3931,0.843,0.15683
3932,0.9,0.10035
3933,0.8,0.19989
3934,0.839,0.16061999999999999
3935,0.92,0.07970000000000001
3936,0.84,0.15975
3937,0.877,0.12333
3938,0.621,0.37939999999999996
3939,0.699,0.30057999999999996
3940,0.7,0.30039
3941,0.412,0.58774
3942,0.697,0.30262999999999995
3943,0.847,0.15308
3944,0.894,0.10648
3945,0.858,0.14232999999999998
3946,0.908,0.09235
3947,0.88,0.11981
3948,0.444,0.5563
3949,0.698,0.30184999999999995
3950,0.865,0.13548
3951,0.616,0.38398
3952,0.412,0.58794
3953,0.424,0.57552
3954,0.643,0.35731999999999997
3955,0.658,0.34184
3956,0.887,0.11333
3957,0.603,0.39707
3958,0.698,0.30189999999999995
3959,0.935,0.06461
3960,0.815,0.18498
3961,0.857,0.1426
3962,0.856,0.14439
3963,0.817,0.18348
3964,0.858,0.14178
3965,0.887,0.11289
3966,0.916,0.08386
3967,0.456,0.5443100000000001
3968,0.841,0.15864
3969,0.879,0.12106
3970,0.489,0.51117
3971,0.806,0.19362000000000001
3972,0.925,0.07491
3973,0.927,0.07334
3974,0.917,0.08308
3975,0.635,0.36534
3976,0.437,0.5630000000000001
3977,0.948,0.05156
3978,0.651,0.34881999999999996
3979,0.498,0.5024500000000001
3980,0.488,0.51154
3981,0.629,0.37089999999999995
3982,0.484,0.51646
3983,0.602,0.39819
3984,0.885,0.11503999999999999
3985,0.889,0.11086000000000001
3986,0.648,0.35167
3987,0.408,0.5915
3988,0.495,0.5046
3989,0.862,0.13787
3990,0.827,0.17271
3991,0.897,0.10274
3992,0.843,0.15713
3993,0.863,0.13685
3994,0.936,0.06434999999999999
3995,0.63,0.37045
3996,0.823,0.17704999999999999
3997,0.822,0.17828
3998,0.881,0.11888
3999,0.65,0.34986999999999996
4000,0.833,0.16715
4001,0.66,0.34032999999999997
4002,0.672,0.32777
4003,0.861,0.13889
4004,0.872,0.12847
4005,0.828,0.17184
4006,0.469,0.53127
4007,0.908,0.09183000000000001
4008,0.616,0.38356999999999997
4009,0.689,0.31067
4010,0.845,0.1548
4011,0.842,0.15829
4012,0.837,0.16311
4013,0.655,0.34491
4014,0.904,0.09592
4015,0.418,0.58189
4016,0.887,0.11302000000000001
4017,0.436,0.56382
4018,0.938,0.06164
4019,0.887,0.11345999999999999
4020,0.696,0.30372
4021,0.432,0.56838
4022,0.914,0.08557000000000001
4023,0.615,0.38453
4024,0.412,0.58806
4025,0.439,0.5613600000000001
4026,0.617,0.38300999999999996
4027,0.842,0.15821
4028,0.667,0.3327
4029,0.862,0.13766
4030,0.88,0.12005
4031,0.888,0.1116
4032,0.646,0.35430999999999996
4033,0.884,0.11564999999999999
4034,0.898,0.10163
4035,0.842,0.15823
4036,0.801,0.19896
4037,0.851,0.14939
4038,0.66,0.34010999999999997
4039,0.809,0.19088
4040,0.646,0.35407
4041,0.871,0.12897
4042,0.863,0.13714
4043,0.428,0.57176
4044,0.499,0.5008100000000001
4045,0.935,0.06473000000000001
4046,0.831,0.1686
4047,0.809,0.19106
4048,0.862,0.13816
4049,0.872,0.12781
4050,0.484,0.5155700000000001
4051,0.894,0.10621999999999998
4052,0.927,0.07306000000000001
4053,0.438,0.5619500000000001
4054,0.473,0.5272300000000001
4055,0.873,0.12667
4056,0.406,0.59429
4057,0.464,0.5356200000000001
4058,0.648,0.35192999999999997
4059,0.857,0.14331000000000002
4060,0.828,0.17221
4061,0.916,0.08364
4062,0.633,0.36704
4063,0.801,0.19863
4064,0.896,0.10442000000000001
4065,0.496,0.5036
4066,0.882,0.11803999999999999
4067,0.613,0.38722999999999996
4068,0.454,0.54627
4069,0.635,0.36508999999999997
4070,0.42,0.58043
4071,0.918,0.08157
4072,0.883,0.11724000000000001
4073,0.941,0.05906
4074,0.67,0.33047
4075,0.897,0.10278999999999999
4076,0.877,0.12293
4077,0.658,0.34201
4078,0.472,0.5281800000000001
4079,0.896,0.10378
4080,0.499,0.50138
4081,0.899,0.10110000000000001
4082,0.465,0.5349400000000001
4083,0.664,0.33559
4084,0.892,0.10776000000000001
4085,0.689,0.31095999999999996
4086,0.638,0.36161
4087,0.452,0.5485
4088,0.941,0.05914
4089,0.872,0.12815
4090,0.844,0.15603999999999998
4091,0.668,0.33176
4092,0.464,0.53595
4093,0.464,0.5362800000000001
4094,0.45,0.5497500000000001
4095,0.858,0.14182
4096,0.882,0.11759
4097,0.408,0.5924900000000001
4098,0.863,0.13651
4099,0.869,0.1311
4100,0.901,0.09854
4101,0.408,0.59223
4102,0.81,0.18961
4103,0.84,0.16032
4104,0.935,0.0648
4105,0.912,0.08849000000000001
4106,0.851,0.14895999999999998
4107,0.407,0.5930000000000001
4108,0.889,0.11143999999999998
4109,0.809,0.19059
4110,0.417,0.5826800000000001
4111,0.942,0.05797
4112,0.464,0.5356700000000001
4113,0.424,0.57575
4114,0.48,0.5200800000000001
4115,0.426,0.5742200000000001
4116,0.879,0.12105
4117,0.838,0.16212
4118,0.665,0.33536
4119,0.853,0.14717000000000002
4120,0.444,0.55644
4121,0.879,0.12068999999999999
4122,0.863,0.13682
4123,0.495,0.5050100000000001
4124,0.872,0.12826
4125,0.498,0.5015000000000001
4126,0.861,0.13868
4127,0.9,0.10041
4128,0.906,0.09364
4129,0.653,0.34676999999999997
4130,0.48,0.5200600000000001
4131,0.661,0.33892
4132,0.869,0.13108999999999998
4133,0.65,0.34976999999999997
4134,0.407,0.5928100000000001
4135,0.437,0.56322
4136,0.898,0.1018
4137,0.93,0.06952000000000001
4138,0.854,0.1458
4139,0.866,0.13423
4140,0.482,0.51829
4141,0.896,0.10389000000000001
4142,0.64,0.35968999999999995
4143,0.838,0.161755
4144,0.626,0.37414
4145,0.445,0.55537
4146,0.889,0.11095000000000001
4147,0.441,0.5591700000000001
4148,0.682,0.31803
4149,0.426,0.57443
4150,0.497,0.5028
4151,0.824,0.17599
4152,0.851,0.1487
4153,0.474,0.5263300000000001
4154,0.896,0.104045
4155,0.438,0.5615
4156,0.635,0.36488
4157,0.802,0.19812
4158,0.49,0.5097200000000001
4159,0.851,0.14904
4160,0.422,0.5778800000000001
4161,0.88,0.11990999999999999
4162,0.937,0.06271
4163,0.482,0.5176700000000001
4164,0.853,0.14656000000000002
4165,0.467,0.5325000000000001
4166,0.9,0.10005
4167,0.481,0.51898
4168,0.845,0.15496
4169,0.871,0.12899000000000002
4170,0.849,0.15077
4171,0.499,0.501
4172,0.808,0.1921
4173,0.446,0.55379
4174,0.848,0.15239
4175,0.917,0.08339
4176,0.439,0.5614300000000001
4177,0.844,0.15633
4178,0.41,0.5901000000000001
4179,0.459,0.5410400000000001
4180,0.482,0.51763
4181,0.645,0.35538
4182,0.402,0.59763
4183,0.854,0.14642
4184,0.7,0.30005
4185,0.841,0.15856
4186,0.694,0.30574999999999997
4187,0.416,0.58352
4188,0.946,0.05394
4189,0.859,0.14084000000000002
4190,0.414,0.58589
4191,0.698,0.30163999999999996
4192,0.883,0.11686999999999999
4193,0.934,0.06625
4194,0.43,0.56984
4195,0.442,0.5580200000000001
4196,0.69,0.30965
4197,0.94,0.060340000000000005
4198,0.469,0.5309
4199,0.853,0.14672000000000002
4200,0.812,0.18757000000000001
4201,0.414,0.5858800000000001
4202,0.485,0.51498
4203,0.852,0.14816
4204,0.458,0.54174
4205,0.641,0.35905
4206,0.814,0.18642
4207,0.681,0.31905999999999995
4208,0.847,0.15286999999999998
4209,0.836,0.16351
4210,0.658,0.34160999999999997
4211,0.877,0.12308
4212,0.894,0.10622000000000001
4213,0.674,0.32626
4214,0.846,0.15374
4215,0.629,0.37146999999999997
4216,0.823,0.17688
4217,0.839,0.16096
4218,0.9,0.09965
4219,0.92,0.07985
4220,0.929,0.07129
4221,0.85,0.14979
4222,0.878,0.12202
4223,0.616,0.38409
4224,0.826,0.17387
4225,0.64,0.36046999999999996
4226,0.927,0.07292
4227,0.865,0.13455
4228,0.62,0.37986
4229,0.49,0.5098100000000001
4230,0.618,0.38183999999999996
4231,0.823,0.1766
4232,0.491,0.50948
4233,0.867,0.13289
4234,0.875,0.12483
4235,0.683,0.31677999999999995
4236,0.85,0.14951
4237,0.657,0.34297
4238,0.676,0.32424
4239,0.626,0.37371
4240,0.673,0.32686
4241,0.893,0.10708999999999999
4242,0.862,0.13826
4243,0.488,0.51231
4244,0.435,0.56542
4245,0.919,0.08063000000000001
4246,0.862,0.13807
4247,0.431,0.5691900000000001
4248,0.888,0.11196999999999999
4249,0.848,0.15242999999999998
4250,0.885,0.11485000000000001
4251,0.9,0.09978000000000001
4252,0.665,0.33537999999999996
4253,0.854,0.14648999999999998
4254,0.615,0.3853
4255,0.675,0.32452
4256,0.603,0.39708
4257,0.878,0.12193
4258,0.891,0.10915
4259,0.671,0.32916
4260,0.816,0.18422
4261,0.645,0.35546
4262,0.448,0.55152
4263,0.825,0.17549
4264,0.857,0.14338
4265,0.896,0.10415
4266,0.606,0.39415
4267,0.437,0.5628700000000001
4268,0.807,0.19301000000000001
4269,0.602,0.39832
4270,0.435,0.5650200000000001
4271,0.453,0.54744
4272,0.9,0.10005
4273,0.922,0.07836000000000001
4274,0.907,0.09287000000000001
4275,0.45,0.54984
4276,0.934,0.06629
4277,0.418,0.58213
4278,0.477,0.5228900000000001
4279,0.415,0.58491
4280,0.905,0.09467
4281,0.642,0.35788
4282,0.941,0.0588
4283,0.663,0.33731
4284,0.927,0.07276
4285,0.857,0.1426
4286,0.871,0.12891999999999998
4287,0.853,0.14712
4288,0.826,0.17437
4289,0.803,0.19705
4290,0.813,0.18671
4291,0.803,0.19741
4292,0.674,0.32574
4293,0.409,0.5910000000000001
4294,0.621,0.37948
4295,0.485,0.5150100000000001
4296,0.424,0.5755800000000001
4297,0.949,0.05087
4298,0.902,0.09846
4299,0.863,0.13708
4300,0.897,0.10262
4301,0.908,0.0916
4302,0.623,0.37655
4303,0.665,0.33466999999999997
4304,0.802,0.19758
4305,0.696,0.30404499999999995
4306,0.699,0.30134
4307,0.948,0.0517
4308,0.88,0.11984
4309,0.611,0.38883999999999996
4310,0.683,0.31671
4311,0.883,0.11684999999999998
4312,0.439,0.56077
4313,0.877,0.12309
4314,0.659,0.3409
4315,0.641,0.35908999999999996
4316,0.81,0.18953
4317,0.697,0.30251999999999996
4318,0.924,0.07551000000000001
4319,0.682,0.317945
4320,0.442,0.55778
4321,0.899,0.10075
4322,0.458,0.54249
4323,0.875,0.12470999999999999
4324,0.857,0.14283
4325,0.656,0.34393999999999997
4326,0.937,0.06256
4327,0.886,0.11387000000000001
4328,0.851,0.1487
4329,0.476,0.52427
4330,0.815,0.18468
4331,0.94,0.06008
4332,0.672,0.32763
4333,0.904,0.09583
4334,0.9,0.09962
4335,0.88,0.12039
4336,0.637,0.36316
4337,0.665,0.33477999999999997
4338,0.492,0.5077
4339,0.636,0.36407
4340,0.609,0.39109
4341,0.615,0.38483
4342,0.907,0.09338
4343,0.481,0.51936
4344,0.622,0.37759
4345,0.681,0.31869
4346,0.654,0.34641
4347,0.887,0.11313000000000001
4348,0.869,0.13062
4349,0.5,0.50046
4350,0.825,0.17537
4351,0.437,0.5634
4352,0.897,0.10276
4353,0.673,0.32719
4354,0.681,0.31905
4355,0.418,0.5824600000000001
4356,0.648,0.3524
4357,0.895,0.10458
4358,0.411,0.58896
4359,0.867,0.13344
4360,0.866,0.13391
4361,0.901,0.09916
4362,0.667,0.33276999999999995
4363,0.871,0.12923
4364,0.924,0.07648
4365,0.831,0.16857999999999998
4366,0.639,0.36140999999999995
4367,0.919,0.08119000000000001
4368,0.632,0.36844
4369,0.912,0.0884
4370,0.818,0.18159
4371,0.696,0.30435999999999996
4372,0.61,0.38950999999999997
4373,0.887,0.11266999999999999
4374,0.498,0.50237
4375,0.895,0.10462
4376,0.851,0.14941000000000002
4377,0.498,0.50209
4378,0.612,0.38842
4379,0.625,0.37489999999999996
4380,0.894,0.1064
4381,0.832,0.16835999999999998
4382,0.824,0.17554999999999998
4383,0.489,0.51081
4384,0.453,0.54728
4385,0.665,0.33459
4386,0.829,0.17091
4387,0.655,0.34542999999999996
4388,0.482,0.5183000000000001
4389,0.882,0.11832000000000001
4390,0.68,0.31994
4391,0.401,0.5991000000000001
4392,0.832,0.16806
4393,0.94,0.05976000000000001
4394,0.909,0.09145
4395,0.873,0.12676
4396,0.85,0.1498
4397,0.939,0.060570000000000006
4398,0.465,0.53468
4399,0.613,0.38675
4400,0.886,0.11374000000000001
4401,0.888,0.11174
4402,0.423,0.57713
4403,0.818,0.18207
4404,0.902,0.09828
4405,0.481,0.51926
4406,0.441,0.55906
4407,0.894,0.10618
4408,0.815,0.185
4409,0.62,0.38036
4410,0.894,0.10608000000000001
4411,0.679,0.32111999999999996
4412,0.452,0.54813
4413,0.894,0.10581000000000002
4414,0.424,0.5755300000000001
4415,0.458,0.54212
4416,0.433,0.56687
4417,0.892,0.10777999999999999
4418,0.856,0.14373
4419,0.892,0.10784
4420,0.437,0.5625300000000001
4421,0.488,0.51161
4422,0.905,0.09483
4423,0.663,0.33707
4424,0.411,0.58852
4425,0.899,0.10107
4426,0.612,0.38791
4427,0.652,0.34772
4428,0.624,0.37564
4429,0.646,0.35366
4430,0.632,0.36822
4431,0.69,0.30983
4432,0.921,0.07946
4433,0.923,0.07746
4434,0.627,0.37253
4435,0.802,0.19769
4436,0.913,0.08674000000000001
4437,0.871,0.12905
4438,0.646,0.35369999999999996
4439,0.811,0.18858
4440,0.659,0.34085
4441,0.832,0.16842
4442,0.865,0.13537
4443,0.497,0.5026200000000001
4444,0.927,0.07254000000000001
4445,0.674,0.32582999999999995
4446,0.949,0.05144000000000001
4447,0.872,0.12812
4448,0.888,0.11243999999999998
4449,0.882,0.11846000000000001
4450,0.436,0.5641700000000001
4451,0.645,0.35474
4452,0.939,0.061040000000000004
4453,0.648,0.35247999999999996
4454,0.947,0.05254
4455,0.681,0.31850999999999996
4456,0.69,0.3105
4457,0.659,0.34076999999999996
4458,0.918,0.08151
4459,0.456,0.54376
4460,0.62,0.37956999999999996
4461,0.873,0.12741999999999998
4462,0.838,0.16167
4463,0.831,0.16948
4464,0.404,0.59591
4465,0.649,0.35118
4466,0.434,0.5660400000000001
4467,0.635,0.36483
4468,0.402,0.59816
4469,0.646,0.35363999999999995
4470,0.885,0.11504999999999999
4471,0.608,0.39215
4472,0.428,0.5718000000000001
4473,0.612,0.38828999999999997
4474,0.937,0.06258
4475,0.661,0.33852
4476,0.836,0.1645
4477,0.637,0.36324999999999996
4478,0.931,0.06893
4479,0.931,0.06918
4480,0.925,0.07464000000000001
4481,0.43,0.5701700000000001
4482,0.926,0.07429000000000001
4483,0.435,0.5650700000000001
4484,0.89,0.11030000000000001
4485,0.424,0.5758500000000001
4486,0.923,0.07664000000000001
4487,0.868,0.13231
4488,0.678,0.32208
4489,0.882,0.11797
4490,0.639,0.36102999999999996
4491,0.944,0.05616
4492,0.871,0.1292
4493,0.62,0.38023999999999997
4494,0.663,0.33725
4495,0.421,0.57854
4496,0.888,0.11191999999999999
4497,0.664,0.33569
4498,0.478,0.52185
4499,0.906,0.09425
4500,0.699,0.30128
4501,0.601,0.39935
4502,0.856,0.14442000000000002
4503,0.905,0.09538
4504,0.936,0.06358
4505,0.899,0.1008
4506,0.882,0.11842
4507,0.699,0.30084
4508,0.893,0.10716
4509,0.948,0.05179
4510,0.847,0.15341
4511,0.687,0.31339999999999996
4512,0.494,0.5059400000000001
4513,0.643,0.35713999999999996
4514,0.428,0.57182
4515,0.839,0.1613
4516,0.906,0.09351000000000001
4517,0.855,0.1454
4518,0.646,0.3545
4519,0.863,0.13731000000000002
4520,0.672,0.32809
4521,0.473,0.5268700000000001
4522,0.607,0.39297
4523,0.848,0.15211
4524,0.812,0.1878
4525,0.841,0.15896
4526,0.87,0.13016
4527,0.678,0.3221
4528,0.914,0.08637
4529,0.656,0.34441
4530,0.404,0.59638
4531,0.68,0.31983
4532,0.671,0.32938999999999996
4533,0.67,0.33004
4534,0.656,0.3444
4535,0.441,0.5585800000000001
4536,0.862,0.13831000000000002
4537,0.887,0.11281
4538,0.613,0.38739999999999997
4539,0.83,0.17027
4540,0.832,0.1681
4541,0.885,0.11520999999999999
4542,0.878,0.12179999999999999
4543,0.628,0.37215
4544,0.82,0.18012
4545,0.657,0.34343999999999997
4546,0.495,0.50519
4547,0.94,0.060320000000000006
4548,0.887,0.11336000000000002
4549,0.632,0.36756999999999995
4550,0.692,0.30789
4551,0.864,0.13616
4552,0.806,0.19417
4553,0.633,0.36721
4554,0.848,0.15249
4555,0.616,0.38367999999999997
4556,0.627,0.37300999999999995
4557,0.487,0.5132800000000001
4558,0.445,0.55494
4559,0.905,0.09508
4560,0.468,0.53203
4561,0.463,0.53712
4562,0.921,0.07896
4563,0.885,0.1152
4564,0.403,0.59726
4565,0.835,0.16474
4566,0.885,0.11486
4567,0.634,0.36601999999999996
4568,0.838,0.16230999999999998
4569,0.946,0.053680000000000005
4570,0.851,0.14936
4571,0.852,0.14815
4572,0.903,0.09712000000000001
4573,0.609,0.39052
4574,0.858,0.14207
4575,0.652,0.34764999999999996
4576,0.646,0.3539
4577,0.885,0.11548
4578,0.83,0.16988999999999999
4579,0.85,0.14969000000000002
4580,0.876,0.12370999999999999
4581,0.871,0.12934
4582,0.908,0.0917
4583,0.884,0.11561
4584,0.9,0.10033
4585,0.865,0.13471
4586,0.929,0.07089000000000001
4587,0.859,0.14107999999999998
4588,0.858,0.14157999999999998
4589,0.487,0.5125200000000001
4590,0.868,0.13172999999999999
4591,0.666,0.3342
4592,0.498,0.50199
4593,0.839,0.16052999999999998
4594,0.673,0.32710999999999996
4595,0.851,0.14941
4596,0.933,0.06688
4597,0.463,0.53669
4598,0.926,0.07449
4599,0.425,0.57523
4600,0.489,0.51143
4601,0.888,0.11194
4602,0.457,0.54256
4603,0.433,0.5671900000000001
4604,0.879,0.12096
4605,0.606,0.39414
4606,0.92,0.08011
4607,0.89,0.10963999999999999
4608,0.84,0.16018
4609,0.88,0.11964000000000001
4610,0.44,0.56016
4611,0.865,0.13513
4612,0.607,0.39304
4613,0.696,0.304405
4614,0.879,0.12099
4615,0.839,0.1611
4616,0.921,0.07876000000000001
4617,0.681,0.3186
4618,0.867,0.13326000000000002
4619,0.454,0.54569
4620,0.869,0.13105
4621,0.825,0.17535
4622,0.421,0.5794100000000001
4623,0.677,0.32343
4624,0.947,0.05276
4625,0.802,0.19801
4626,0.809,0.19093
4627,0.604,0.39552
4628,0.939,0.060790000000000004
4629,0.8,0.19974
4630,0.488,0.5120800000000001
4631,0.884,0.11635000000000001
4632,0.673,0.32650999999999997
4633,0.476,0.52351
4634,0.852,0.14781
4635,0.805,0.19530999999999998
4636,0.625,0.37517
4637,0.657,0.34317
4638,0.896,0.10408
4639,0.61,0.39004
4640,0.431,0.56891
4641,0.876,0.124
4642,0.44,0.55957
4643,0.654,0.34624
4644,0.67,0.32965
4645,0.664,0.33591
4646,0.48,0.51963
4647,0.686,0.31445999999999996
4648,0.926,0.07443
4649,0.816,0.18355
4650,0.912,0.08765
4651,0.89,0.11048999999999999
4652,0.655,0.34480999999999995
4653,0.878,0.12245
4654,0.462,0.5383
4655,0.826,0.17368
4656,0.428,0.57199
4657,0.829,0.17060999999999998
4658,0.635,0.36544
4659,0.85,0.14953
4660,0.887,0.11293999999999998
4661,0.874,0.12587
4662,0.85,0.14970999999999998
4663,0.841,0.15900999999999998
4664,0.661,0.33887
4665,0.85,0.1505
4666,0.475,0.52463
4667,0.87,0.12951
4668,0.834,0.16580999999999999
4669,0.825,0.17458
4670,0.7,0.30032
4671,0.895,0.10512
4672,0.856,0.14422000000000001
4673,0.616,0.38438999999999995
4674,0.419,0.5813900000000001
4675,0.439,0.56064
4676,0.664,0.33582999999999996
4677,0.913,0.08664000000000001
4678,0.426,0.57377
4679,0.627,0.37294
4680,0.87,0.13048
4681,0.441,0.5589000000000001
4682,0.46,0.54018
4683,0.601,0.39946
4684,0.915,0.08496000000000001
4685,0.428,0.57155
4686,0.686,0.31367
4687,0.445,0.5553
4688,0.873,0.12667
4689,0.843,0.15703999999999999
4690,0.499,0.50066
4691,0.928,0.07243000000000001
4692,0.412,0.5884600000000001
4693,0.811,0.1889
4694,0.869,0.13137
4695,0.425,0.57479
4696,0.636,0.36421
4697,0.429,0.5706300000000001
4698,0.935,0.06544
4699,0.608,0.39209
4700,0.861,0.13903000000000001
4701,0.899,0.10067000000000001
4702,0.654,0.34595
4703,0.867,0.13315
4704,0.923,0.07669000000000001
4705,0.418,0.58196
4706,0.832,0.16818999999999998
4707,0.856,0.14443999999999999
4708,0.624,0.37639999999999996
4709,0.424,0.5755100000000001
4710,0.486,0.5142300000000001
4711,0.804,0.19615
4712,0.914,0.08606
4713,0.869,0.13147
4714,0.418,0.58247
4715,0.813,0.18672
4716,0.832,0.168
4717,0.806,0.19447
4718,0.695,0.30484999999999995
4719,0.429,0.5713
4720,0.42,0.58025
4721,0.931,0.06947
4722,0.881,0.11893000000000001
4723,0.46,0.53956
4724,0.411,0.5888300000000001
4725,0.93,0.07003000000000001
4726,0.47,0.52986
4727,0.941,0.059160000000000004
4728,0.482,0.5180800000000001
4729,0.629,0.37082
4730,0.683,0.3166
4731,0.895,0.10533
4732,0.412,0.5880500000000001
4733,0.928,0.0722
4734,0.49,0.5095000000000001
4735,0.406,0.59379
4736,0.84,0.16039
4737,0.871,0.12937
4738,0.495,0.50481
4739,0.876,0.12406
4740,0.47,0.5303300000000001
4741,0.888,0.11215999999999998
4742,0.911,0.08851
4743,0.452,0.54832
4744,0.642,0.35777
4745,0.863,0.13684000000000002
4746,0.803,0.19675
4747,0.678,0.32231
4748,0.856,0.14381000000000002
4749,0.858,0.14166
4750,0.922,0.07794000000000001
4751,0.873,0.12749000000000002
4752,0.437,0.5630900000000001
4753,0.406,0.59418
4754,0.934,0.06616
4755,0.801,0.1994
4756,0.408,0.59165
4757,0.862,0.13761
4758,0.878,0.12181
4759,0.875,0.12506
4760,0.811,0.18942
4761,0.833,0.16673
4762,0.682,0.31815
4763,0.851,0.14913
4764,0.822,0.1784
4765,0.902,0.09844
4766,0.463,0.5371100000000001
4767,0.936,0.0637
4768,0.869,0.13075
4769,0.648,0.35223
4770,0.44,0.5602600000000001
4771,0.422,0.57806
4772,0.605,0.39549
4773,0.801,0.1992
4774,0.83,0.16966
4775,0.945,0.055490000000000005
4776,0.698,0.30235999999999996
4777,0.861,0.13876
4778,0.479,0.52108
4779,0.656,0.34385
4780,0.822,0.17799500000000001
4781,0.463,0.5372800000000001
4782,0.628,0.37162999999999996
4783,0.86,0.13986
4784,0.871,0.12861
4785,0.466,0.53374
4786,0.859,0.14071999999999998
4787,0.844,0.15567
4788,0.688,0.31233999999999995
4789,0.415,0.5847300000000001
4790,0.858,0.14195
4791,0.881,0.11872
4792,0.417,0.5828300000000001
4793,0.949,0.051100000000000007
4794,0.489,0.51142
4795,0.675,0.32548
4796,0.824,0.1755
4797,0.826,0.17365
4798,0.863,0.13705
4799,0.869,0.13142
4800,0.88,0.11986
4801,0.44,0.5600900000000001
4802,0.889,0.11117
4803,0.614,0.38638
4804,0.858,0.14161
4805,0.624,0.37585999999999997
4806,0.904,0.09618
4807,0.869,0.13085
4808,0.622,0.37837
4809,0.804,0.19558
4810,0.892,0.10818
4811,0.639,0.36145
4812,0.497,0.5030100000000001
4813,0.418,0.58164
4814,0.917,0.08281000000000001
4815,0.667,0.33315999999999996
4816,0.424,0.57592
4817,0.862,0.13812
4818,0.816,0.18434
4819,0.856,0.14441
4820,0.831,0.16921
4821,0.88,0.11973
4822,0.88,0.11978
4823,0.454,0.5460200000000001
4824,0.663,0.33714999999999995
4825,0.919,0.08132
4826,0.647,0.35306
4827,0.637,0.36269999999999997
4828,0.671,0.32921
4829,0.473,0.52729
4830,0.886,0.11382999999999999
4831,0.91,0.08969
4832,0.63,0.37017999999999995
4833,0.839,0.16138
4834,0.49,0.5099
4835,0.606,0.39436
4836,0.86,0.14024999999999999
4837,0.413,0.5872200000000001
4838,0.81,0.18964
4839,0.881,0.11851
4840,0.872,0.12808
4841,0.805,0.19521
4842,0.92,0.08044000000000001
4843,0.915,0.08515
4844,0.828,0.1717
4845,0.906,0.09379000000000001
4846,0.886,0.11363999999999999
4847,0.699,0.30090999999999996
4848,0.844,0.15601
4849,0.447,0.5526000000000001
4850,0.915,0.08486
4851,0.62,0.38016999999999995
4852,0.882,0.11762
4853,0.899,0.10126
4854,0.89,0.11023
4855,0.464,0.53649
4856,0.48,0.51968
4857,0.847,0.15297
4858,0.485,0.51542
4859,0.882,0.11764000000000001
4860,0.643,0.35675999999999997
4861,0.679,0.32099999999999995
4862,0.687,0.31317
4863,0.908,0.09188
4864,0.427,0.5730200000000001
4865,0.698,0.30151999999999995
4866,0.936,0.06353
4867,0.929,0.07067000000000001
4868,0.608,0.39187
4869,0.623,0.37733
4870,0.878,0.12190999999999999
4871,0.865,0.13535
4872,0.928,0.07187
4873,0.85,0.14997
4874,0.827,0.17292
4875,0.629,0.3711
4876,0.884,0.11593999999999999
4877,0.922,0.0782
4878,0.604,0.39559999999999995
4879,0.846,0.15351
4880,0.872,0.12844999999999998
4881,0.872,0.12764999999999999
4882,0.485,0.5146000000000001
4883,0.888,0.11195
4884,0.802,0.19772
4885,0.852,0.14831
4886,0.867,0.13302999999999998
4887,0.421,0.57855
4888,0.638,0.36185
4889,0.804,0.1955
4890,0.87,0.13047999999999998
4891,0.92,0.07991000000000001
4892,0.844,0.1565
4893,0.829,0.17077
4894,0.846,0.15422
4895,0.824,0.17593
4896,0.622,0.3782
4897,0.905,0.09519000000000001
4898,0.686,0.31356999999999996
4899,0.447,0.55301
4900,0.862,0.13795
4901,0.404,0.59562
4902,0.656,0.34370999999999996
4903,0.403,0.5974900000000001
4904,0.802,0.19825
4905,0.413,0.5870200000000001
4906,0.637,0.36305
4907,0.882,0.11786999999999999
4908,0.866,0.13392
4909,0.667,0.33265
4910,0.855,0.14511
4911,0.943,0.05739
4912,0.475,0.5254300000000001
4913,0.461,0.5394100000000001
4914,0.436,0.56355
4915,0.8,0.1997
4916,0.459,0.54083
4917,0.438,0.56216
4918,0.897,0.10344
4919,0.852,0.14807
4920,0.855,0.14517000000000002
4921,0.836,0.16438
4922,0.603,0.39744999999999997
4923,0.495,0.5047200000000001
4924,0.458,0.5424300000000001
4925,0.831,0.16911
4926,0.44,0.5601400000000001
4927,0.891,0.10851
4928,0.889,0.11077
4929,0.835,0.16462
4930,0.611,0.38871999999999995
4931,0.852,0.14798999999999998
4932,0.658,0.34197
4933,0.676,0.32373999999999997
4934,0.408,0.5915900000000001
4935,0.894,0.10551
4936,0.653,0.34673
4937,0.628,0.37212999999999996
4938,0.945,0.05494
4939,0.605,0.39504
4940,0.869,0.13148
4941,0.454,0.5457200000000001
4942,0.825,0.17482
4943,0.884,0.11619000000000002
4944,0.842,0.15836999999999998
4945,0.85,0.14954
4946,0.87,0.13026
4947,0.427,0.57337
4948,0.675,0.32504
4949,0.405,0.5949800000000001
4950,0.613,0.38732
4951,0.822,0.17835
4952,0.887,0.11262
4953,0.697,0.30313999999999997
4954,0.863,0.13686
4955,0.459,0.5409200000000001
4956,0.903,0.09703
4957,0.829,0.17117
4958,0.467,0.53312
4959,0.452,0.54817
4960,0.868,0.13240000000000002
4961,0.644,0.35619999999999996
4962,0.627,0.37257999999999997
4963,0.413,0.58664
4964,0.628,0.37171
4965,0.809,0.19058
4966,0.912,0.08774000000000001
4967,0.941,0.05944
4968,0.939,0.061180000000000005
4969,0.401,0.59891
4970,0.496,0.5044200000000001
4971,0.626,0.37367
4972,0.944,0.05645
4973,0.899,0.10124999999999999
4974,0.875,0.12492999999999999
4975,0.914,0.08646000000000001
4976,0.448,0.55174
4977,0.489,0.51075
4978,0.495,0.50454
4979,0.807,0.19317
4980,0.915,0.08541000000000001
4981,0.878,0.12239
4982,0.88,0.11981000000000001
4983,0.878,0.12197999999999999
4984,0.883,0.11715999999999999
4985,0.68,0.32014
4986,0.811,0.18938
4987,0.946,0.054470000000000005
4988,0.871,0.12935
4989,0.691,0.30877999999999994
4990,0.659,0.34073
4991,0.916,0.08413000000000001
4992,0.694,0.30648
4993,0.644,0.35618
4994,0.411,0.5888800000000001
4995,0.855,0.1449
4996,0.65,0.34952
4997,0.603,0.39664
4998,0.674,0.32567999999999997
4999,0.922,0.0776
5000,0.476,0.5240100000000001
5001,0.896,0.10444999999999999
5002,0.473,0.52707
5003,0.884,0.11628
5004,0.886,0.11383
5005,0.925,0.07538
5006,0.837,0.16283999999999998
5007,0.89,0.11038
5008,0.475,0.5254000000000001
5009,0.624,0.37622
5010,0.601,0.39868
5011,0.934,0.06599
5012,0.877,0.12341
5013,0.823,0.17711
5014,0.675,0.32477999999999996
5015,0.852,0.14781
5016,0.82,0.18026
5017,0.866,0.13354
5018,0.864,0.13552999999999998
5019,0.486,0.51402
5020,0.856,0.14368
5021,0.945,0.05548
5022,0.89,0.11009
5023,0.891,0.10859999999999999
5024,0.403,0.5973900000000001
5025,0.829,0.17139
5026,0.458,0.54223
5027,0.479,0.5207400000000001
5028,0.887,0.11281999999999999
5029,0.909,0.09124
5030,0.476,0.5240800000000001
5031,0.915,0.08514000000000001
5032,0.932,0.06758
5033,0.462,0.53778
5034,0.655,0.34476999999999997
5035,0.492,0.50759
5036,0.61,0.39032999999999995
5037,0.418,0.5824400000000001
5038,0.466,0.5338900000000001
5039,0.934,0.06584999999999999
5040,0.895,0.10527
5041,0.812,0.18811
5042,0.94,0.06042
5043,0.918,0.08201
5044,0.875,0.12484
5045,0.909,0.0907
5046,0.845,0.1554
5047,0.918,0.08221
5048,0.684,0.31612999999999997
5049,0.622,0.37803
5050,0.89,0.10952999999999999
5051,0.855,0.14512000000000003
5052,0.7,0.30021
5053,0.482,0.517595
5054,0.686,0.314175
5055,0.915,0.08503000000000001
5056,0.692,0.3076
5057,0.441,0.55884
5058,0.606,0.39419
5059,0.945,0.05503
5060,0.462,0.538285
5061,0.876,0.12414
5062,0.415,0.58503
5063,0.609,0.39089999999999997
5064,0.859,0.14096
5065,0.425,0.5746100000000001
5066,0.441,0.5594300000000001
5067,0.448,0.5524600000000001
5068,0.851,0.14911000000000002
5069,0.874,0.12634
5070,0.807,0.19252
5071,0.401,0.5986
5072,0.879,0.12068
5073,0.683,0.31672999999999996
5074,0.654,0.34585
5075,0.431,0.5687300000000001
5076,0.656,0.34380999999999995
5077,0.431,0.5688500000000001
5078,0.644,0.35574999999999996
5079,0.431,0.5693900000000001
5080,0.408,0.59153
5081,0.866,0.1336
5082,0.817,0.18282
5083,0.447,0.55266
5084,0.807,0.19290000000000002
5085,0.881,0.11861
5086,0.867,0.13264
5087,0.624,0.37589999999999996
5088,0.836,0.16444999999999999
5089,0.479,0.5208200000000001
5090,0.882,0.11849
5091,0.856,0.14377
5092,0.855,0.14478
5093,0.444,0.5562900000000001
5094,0.489,0.51122
5095,0.465,0.5354500000000001
5096,0.437,0.5629200000000001
5097,0.472,0.5279600000000001
5098,0.614,0.38641
5099,0.471,0.5289
5100,0.482,0.5178400000000001
5101,0.61,0.3898
5102,0.812,0.18785
5103,0.885,0.11480000000000001
5104,0.655,0.34498999999999996
5105,0.936,0.06439
5106,0.858,0.14242000000000002
5107,0.609,0.39102
5108,0.482,0.51849
5109,0.94,0.05997
5110,0.411,0.5891500000000001
5111,0.816,0.184
5112,0.624,0.37645999999999996
5113,0.933,0.06695999999999999
5114,0.446,0.5543
5115,0.879,0.12141
5116,0.819,0.18137999999999999
5117,0.825,0.1754
5118,0.895,0.10460000000000001
5119,0.694,0.30616999999999994
5120,0.862,0.13832999999999998
5121,0.423,0.5768300000000001
5122,0.839,0.16094
5123,0.437,0.5631400000000001
5124,0.866,0.13406
5125,0.411,0.58908
5126,0.926,0.07355
5127,0.837,0.163425
5128,0.65,0.3503
5129,0.803,0.1968
5130,0.897,0.10286999999999999
5131,0.825,0.17475000000000002
5132,0.871,0.12906
5133,0.671,0.32852
5134,0.855,0.14456
5135,0.42,0.5801000000000001
5136,0.679,0.32105999999999996
5137,0.652,0.34768
5138,0.445,0.55547
5139,0.86,0.13988
5140,0.864,0.13613
5141,0.655,0.34493999999999997
5142,0.87,0.12978
5143,0.86,0.13982999999999998
5144,0.403,0.5974400000000001
5145,0.437,0.5629900000000001
5146,0.416,0.5844900000000001
5147,0.866,0.13419
5148,0.634,0.36629999999999996
5149,0.633,0.36656
5150,0.879,0.12138
5151,0.861,0.13946999999999998
5152,0.935,0.06490000000000001
5153,0.899,0.10119
5154,0.899,0.10096000000000001
5155,0.925,0.07479000000000001
5156,0.914,0.08576
5157,0.854,0.14632
5158,0.45,0.55012
5159,0.853,0.14719000000000002
5160,0.622,0.37789
5161,0.806,0.19446
5162,0.866,0.13444
5163,0.65,0.34989
5164,0.898,0.10157000000000001
5165,0.496,0.5035200000000001
5166,0.838,0.16236
5167,0.44,0.56045
5168,0.694,0.30599
5169,0.946,0.05353
5170,0.402,0.59792
5171,0.446,0.5538000000000001
5172,0.915,0.08497
5173,0.855,0.14497
5174,0.658,0.34242
5175,0.822,0.17762
5176,0.643,0.35657
5177,0.659,0.34146
5178,0.401,0.59948
5179,0.863,0.13736
5180,0.873,0.12655
5181,0.489,0.5111100000000001
5182,0.454,0.54613
5183,0.416,0.5837100000000001
5184,0.874,0.12638
5185,0.41,0.5898100000000001
5186,0.933,0.06692000000000001
5187,0.445,0.55477
5188,0.497,0.5030600000000001
5189,0.601,0.39873
5190,0.471,0.52897
5191,0.879,0.12126999999999999
5192,0.834,0.16618
5193,0.852,0.14756000000000002
5194,0.869,0.13116999999999998
5195,0.882,0.11825
5196,0.48,0.5195000000000001
5197,0.94,0.05961
5198,0.897,0.10280999999999998
5199,0.873,0.12666
5200,0.908,0.09219000000000001
5201,0.696,0.30369999999999997
5202,0.629,0.37072
5203,0.493,0.5072000000000001
5204,0.833,0.16723
5205,0.412,0.5878800000000001
5206,0.426,0.57442
5207,0.876,0.1235
5208,0.904,0.09617
5209,0.858,0.14190000000000003
5210,0.438,0.5620700000000001
5211,0.869,0.13113
5212,0.434,0.56627
5213,0.403,0.59682
5214,0.49,0.5103000000000001
5215,0.654,0.34614999999999996
5216,0.669,0.33104
5217,0.813,0.18659
5218,0.666,0.3337
5219,0.478,0.52178
5220,0.668,0.33154999999999996
5221,0.624,0.37567999999999996
5222,0.488,0.51183
5223,0.898,0.10203999999999999
5224,0.621,0.37939
5225,0.471,0.52934
5226,0.474,0.5259900000000001
5227,0.467,0.5332100000000001
5228,0.896,0.10421000000000001
5229,0.451,0.54866
5230,0.61,0.38992
5231,0.633,0.36728
5232,0.448,0.5523100000000001
5233,0.905,0.09479000000000001
5234,0.922,0.07772000000000001
5235,0.947,0.053360000000000005
5236,0.69,0.31043
5237,0.878,0.1222
5238,0.838,0.16151
5239,0.809,0.19061
5240,0.871,0.12896000000000002
5241,0.83,0.17009
5242,0.419,0.5811900000000001
5243,0.94,0.06019
5244,0.858,0.14152
5245,0.859,0.14099
5246,0.417,0.5834900000000001
5247,0.474,0.52627
5248,0.945,0.05544
5249,0.679,0.32066
5250,0.649,0.35070999999999997
5251,0.853,0.14736
5252,0.433,0.56684
5253,0.863,0.13652999999999998
5254,0.835,0.16451
5255,0.896,0.10418
5256,0.688,0.3125
5257,0.88,0.11986999999999999
5258,0.925,0.07509
5259,0.466,0.5336700000000001
5260,0.89,0.10973
5261,0.698,0.30240999999999996
5262,0.471,0.52888
5263,0.938,0.06171
5264,0.479,0.5211600000000001
5265,0.827,0.17260999999999999
5266,0.499,0.5014200000000001
5267,0.406,0.59433
5268,0.417,0.58262
5269,0.617,0.38277
5270,0.84,0.15988
5271,0.911,0.08944
5272,0.648,0.35175999999999996
5273,0.815,0.18456
5274,0.855,0.14542000000000002
5275,0.918,0.08204
5276,0.876,0.12424
5277,0.871,0.12908999999999998
5278,0.895,0.10490000000000001
5279,0.901,0.09879
5280,0.658,0.34236999999999995
5281,0.943,0.057240000000000006
5282,0.492,0.5078600000000001
5283,0.672,0.32785
5284,0.616,0.38419
5285,0.806,0.19426
5286,0.923,0.0771
5287,0.413,0.5873700000000001
5288,0.445,0.5552100000000001
5289,0.854,0.1464
5290,0.89,0.10992
5291,0.836,0.16377
5292,0.427,0.5734
5293,0.605,0.39465
5294,0.819,0.18066
5295,0.844,0.15571
5296,0.682,0.31832
5297,0.886,0.11392
5298,0.892,0.10813
5299,0.616,0.38372
5300,0.616,0.38433
5301,0.454,0.5457000000000001
5302,0.622,0.37771
5303,0.897,0.10302
5304,0.464,0.5355800000000001
5305,0.821,0.17904
5306,0.89,0.10953000000000002
5307,0.938,0.062130000000000005
5308,0.465,0.5351600000000001
5309,0.418,0.5820500000000001
5310,0.899,0.10074999999999999
5311,0.943,0.0568
5312,0.494,0.5059800000000001
5313,0.937,0.06326000000000001
5314,0.895,0.10479000000000001
5315,0.92,0.07952000000000001
5316,0.857,0.14263
5317,0.899,0.10077
5318,0.889,0.11148000000000001
5319,0.905,0.09493
5320,0.902,0.098
5321,0.673,0.32748
5322,0.68,0.31972
5323,0.803,0.19669999999999999
5324,0.886,0.11357
5325,0.622,0.37827
5326,0.464,0.5359
5327,0.405,0.59489
5328,0.878,0.12165000000000001
5329,0.628,0.37156999999999996
5330,0.481,0.51934
5331,0.848,0.15227
5332,0.442,0.5583800000000001
5333,0.803,0.19728
5334,0.458,0.5423800000000001
5335,0.498,0.5023850000000001
5336,0.666,0.33358
5337,0.498,0.50231
5338,0.462,0.5383800000000001
5339,0.819,0.18068
5340,0.815,0.18454
5341,0.416,0.58358
5342,0.92,0.07959000000000001
5343,0.427,0.57338
5344,0.468,0.5316700000000001
5345,0.617,0.38344
5346,0.403,0.5973
5347,0.484,0.5155500000000001
5348,0.885,0.11499
5349,0.804,0.19592
5350,0.807,0.1932
5351,0.817,0.18329
5352,0.405,0.59457
5353,0.932,0.06792000000000001
5354,0.627,0.37285999999999997
5355,0.637,0.36346
5356,0.898,0.10188000000000001
5357,0.894,0.10643000000000001
5358,0.611,0.38928999999999997
5359,0.465,0.53473
5360,0.617,0.38337
5361,0.912,0.08801
5362,0.473,0.52736
5363,0.637,0.36277
5364,0.452,0.54815
5365,0.476,0.5237700000000001
5366,0.945,0.05498
5367,0.889,0.11059
5368,0.695,0.30467999999999995
5369,0.9,0.10043
5370,0.623,0.37704
5371,0.847,0.15261
5372,0.875,0.12483999999999999
5373,0.814,0.18565
5374,0.875,0.12536
5375,0.68,0.31994999999999996
5376,0.485,0.5147900000000001
5377,0.424,0.57618
5378,0.867,0.13301
5379,0.834,0.16611
5380,0.433,0.5666800000000001
5381,0.934,0.06633
5382,0.814,0.18568
5383,0.487,0.51349
5384,0.911,0.08865
5385,0.44,0.56028
5386,0.893,0.10663
5387,0.659,0.34064
5388,0.918,0.0824
5389,0.897,0.10257
5390,0.875,0.12486000000000001
5391,0.901,0.09932
5392,0.854,0.14646
5393,0.678,0.32189999999999996
5394,0.867,0.13258
5395,0.688,0.31240999999999997
5396,0.435,0.56523
5397,0.441,0.5589700000000001
5398,0.857,0.14254999999999998
5399,0.698,0.30167999999999995
5400,0.856,0.14418
5401,0.829,0.17129
5402,0.925,0.07546
5403,0.401,0.59879
5404,0.854,0.1464
5405,0.936,0.06408
5406,0.9,0.10022
5407,0.641,0.35933
5408,0.462,0.5379200000000001
5409,0.694,0.30579
5410,0.624,0.37632
5411,0.896,0.10422999999999999
5412,0.668,0.33210999999999996
5413,0.866,0.13363
5414,0.62,0.37977
5415,0.912,0.08776
5416,0.401,0.5988800000000001
5417,0.404,0.59604
5418,0.425,0.57503
5419,0.949,0.05122
5420,0.938,0.06158
5421,0.622,0.37750999999999996
5422,0.662,0.33769
5423,0.632,0.36817
5424,0.64,0.35995
5425,0.411,0.5886600000000001
5426,0.622,0.37751999999999997
5427,0.936,0.06422
5428,0.851,0.14877
5429,0.851,0.14904
5430,0.883,0.11696999999999999
5431,0.894,0.10566999999999999
5432,0.879,0.12098999999999999
5433,0.604,0.39647
5434,0.5,0.5004000000000001
5435,0.411,0.58945
5436,0.628,0.3725
5437,0.64,0.35985
5438,0.842,0.15819999999999998
5439,0.895,0.10505
5440,0.919,0.08145000000000001
5441,0.811,0.1894
5442,0.875,0.12491999999999999
5443,0.418,0.5816
5444,0.83,0.17013
5445,0.935,0.06455
5446,0.868,0.13151000000000002
5447,0.68,0.32033999999999996
5448,0.415,0.58465
5449,0.634,0.36606
5450,0.43,0.5703900000000001
5451,0.667,0.3332
5452,0.461,0.5390900000000001
5453,0.875,0.1249
5454,0.874,0.12595
5455,0.877,0.12272
5456,0.474,0.52639
5457,0.461,0.53949
5458,0.612,0.38778999999999997
5459,0.497,0.50307
5460,0.825,0.17542
5461,0.424,0.5764900000000001
5462,0.441,0.55876
5463,0.674,0.3258
5464,0.433,0.56652
5465,0.634,0.36562999999999996
5466,0.89,0.11035
5467,0.66,0.33957
5468,0.445,0.55532
5469,0.864,0.1355
5470,0.439,0.5610400000000001
5471,0.61,0.3896
5472,0.861,0.13924
5473,0.864,0.13620000000000002
5474,0.853,0.14746
5475,0.877,0.12322
5476,0.932,0.06754
5477,0.806,0.19419999999999998
5478,0.869,0.13147
5479,0.821,0.17873
5480,0.875,0.12494999999999999
5481,0.897,0.10303000000000001
5482,0.425,0.57489
5483,0.824,0.17604999999999998
5484,0.939,0.06108
5485,0.876,0.12355000000000001
5486,0.931,0.06854
5487,0.869,0.13125
5488,0.685,0.31477999999999995
5489,0.458,0.54222
5490,0.499,0.5013700000000001
5491,0.881,0.11876999999999999
5492,0.905,0.09473000000000001
5493,0.675,0.32517999999999997
5494,0.931,0.06921000000000001
5495,0.804,0.19563
5496,0.432,0.5679500000000001
5497,0.828,0.17158
5498,0.816,0.18389
5499,0.826,0.1745
5500,0.865,0.13454
5501,0.826,0.17413
5502,0.812,0.18763
5503,0.896,0.10374999999999998
5504,0.486,0.51426
5505,0.411,0.58918
5506,0.943,0.05698
5507,0.917,0.08309000000000001
5508,0.64,0.36027
5509,0.661,0.33862
5510,0.469,0.53076
5511,0.475,0.5246900000000001
5512,0.65,0.35045
5513,0.493,0.50732
5514,0.612,0.3881
5515,0.943,0.05740000000000001
5516,0.425,0.57455
5517,0.498,0.5021300000000001
5518,0.64,0.35996
5519,0.813,0.18669
5520,0.817,0.18257
5521,0.905,0.09487000000000001
5522,0.444,0.55639
5523,0.47,0.5301
5524,0.653,0.34656
5525,0.861,0.13873
5526,0.82,0.17965
5527,0.881,0.11875000000000001
5528,0.885,0.1147
5529,0.829,0.17144
5530,0.807,0.19286
5531,0.692,0.3084
5532,0.814,0.18598
5533,0.921,0.07885
5534,0.844,0.15616
5535,0.865,0.13461
5536,0.634,0.36641999999999997
5537,0.682,0.31761
5538,0.943,0.05673
5539,0.7,0.30025999999999997
5540,0.422,0.57772
5541,0.416,0.58421
5542,0.42,0.5800000000000001
5543,0.495,0.50521
5544,0.498,0.5020300000000001
5545,0.627,0.37287
5546,0.911,0.08928
5547,0.608,0.39246
5548,0.806,0.19423
5549,0.442,0.55799
5550,0.477,0.52275
5551,0.697,0.30312999999999996
5552,0.826,0.17393
5553,0.7,0.30036999999999997
5554,0.919,0.08093
5555,0.48,0.51953
5556,0.633,0.36746999999999996
5557,0.928,0.07189000000000001
5558,0.484,0.51607
5559,0.496,0.5037400000000001
5560,0.449,0.55093
5561,0.812,0.188
5562,0.662,0.33836
5563,0.48,0.5196000000000001
5564,0.43,0.5696300000000001
5565,0.879,0.12079000000000001
5566,0.624,0.3761
5567,0.89,0.10991000000000001
5568,0.671,0.32941
5569,0.455,0.54529
5570,0.876,0.12439
5571,0.917,0.08268
5572,0.893,0.10707999999999998
5573,0.823,0.17721
5574,0.896,0.10372999999999999
5575,0.617,0.38312999999999997
5576,0.688,0.31203
5577,0.845,0.15528
5578,0.428,0.5722900000000001
5579,0.489,0.51134
5580,0.806,0.19431
5581,0.885,0.11470000000000001
5582,0.871,0.12866
5583,0.615,0.38469
5584,0.914,0.08589000000000001
5585,0.431,0.56871
5586,0.867,0.13276
5587,0.9,0.10035500000000001
5588,0.899,0.10114
5589,0.905,0.09514
5590,0.611,0.38878
5591,0.417,0.5829000000000001
5592,0.685,0.31486
5593,0.869,0.13080999999999998
5594,0.482,0.51798
5595,0.41,0.5904
5596,0.629,0.37101999999999996
5597,0.948,0.05154
5598,0.629,0.37143
5599,0.821,0.17936
5600,0.931,0.06867999999999999
5601,0.654,0.3465
5602,0.636,0.36440999999999996
5603,0.913,0.08678000000000001
5604,0.855,0.14506000000000002
5605,0.883,0.11702000000000001
5606,0.657,0.34281999999999996
5607,0.932,0.0681
5608,0.948,0.051820000000000005
5609,0.943,0.05659
5610,0.435,0.56516
5611,0.835,0.16524999999999998
5612,0.947,0.05331
5613,0.834,0.1661
5614,0.867,0.13294
5615,0.869,0.13145
5616,0.437,0.56337
5617,0.466,0.53396
5618,0.907,0.09345
5619,0.907,0.09298000000000001
5620,0.91,0.0898
5621,0.899,0.10092999999999999
5622,0.895,0.10467
5623,0.814,0.18585000000000002
5624,0.439,0.5608000000000001
5625,0.848,0.15181999999999998
5626,0.933,0.06675
5627,0.466,0.53408
5628,0.618,0.38234999999999997
5629,0.435,0.56532
5630,0.64,0.36018999999999995
5631,0.844,0.15553
5632,0.421,0.57903
5633,0.445,0.55476
5634,0.404,0.59606
5635,0.813,0.18741
5636,0.873,0.12675
5637,0.853,0.14748999999999998
5638,0.47,0.52954
5639,0.933,0.06677
5640,0.424,0.5757000000000001
5641,0.488,0.51207
5642,0.662,0.33810999999999997
5643,0.439,0.5609900000000001
5644,0.895,0.10469999999999999
5645,0.821,0.17930000000000001
5646,0.805,0.19458
5647,0.92,0.07996
5648,0.684,0.31578999999999996
5649,0.686,0.31414
5650,0.476,0.5239
5651,0.43,0.57015
5652,0.693,0.30689999999999995
5653,0.881,0.11925000000000001
5654,0.842,0.15778999999999999
5655,0.455,0.5451
5656,0.61,0.38956999999999997
5657,0.881,0.1192
5658,0.834,0.16613
5659,0.49,0.51029
5660,0.83,0.16985
5661,0.848,0.15208
5662,0.666,0.33409999999999995
5663,0.657,0.34253999999999996
5664,0.833,0.1667
5665,0.859,0.141
5666,0.457,0.54252
5667,0.917,0.08329
5668,0.928,0.07242000000000001
5669,0.89,0.10955
5670,0.672,0.32826999999999995
5671,0.928,0.07226
5672,0.807,0.19271
5673,0.655,0.34454999999999997
5674,0.462,0.5384800000000001
5675,0.897,0.10259000000000001
5676,0.466,0.53383
5677,0.605,0.39459999999999995
5678,0.876,0.12417
5679,0.453,0.5473100000000001
5680,0.818,0.18165
5681,0.942,0.058210000000000005
5682,0.456,0.5439900000000001
5683,0.862,0.13793
5684,0.864,0.13579000000000002
5685,0.94,0.06046000000000001
5686,0.856,0.144385
5687,0.932,0.06817000000000001
5688,0.615,0.38549
5689,0.477,0.5228400000000001
5690,0.889,0.11109999999999999
5691,0.821,0.1787
5692,0.679,0.32138
5693,0.864,0.13610999999999998
5694,0.848,0.15179
5695,0.863,0.13727
5696,0.444,0.55569
5697,0.894,0.1056
5698,0.43,0.5699500000000001
5699,0.811,0.18886
5700,0.812,0.18803
5701,0.479,0.5212800000000001
5702,0.667,0.33282999999999996
5703,0.85,0.15027
5704,0.881,0.11914000000000001
5705,0.916,0.08412
5706,0.635,0.3649
5707,0.942,0.058
5708,0.473,0.5269400000000001
5709,0.852,0.1479
5710,0.819,0.18072
5711,0.805,0.19526
5712,0.811,0.1886
5713,0.857,0.14250000000000002
5714,0.913,0.0867
5715,0.857,0.14321
5716,0.445,0.55506
5717,0.861,0.13876
5718,0.874,0.12576
5719,0.83,0.17033
5720,0.876,0.12402
5721,0.629,0.3707
5722,0.687,0.31339
5723,0.823,0.17702
5724,0.883,0.11720000000000001
5725,0.659,0.34060999999999997
5726,0.679,0.32116999999999996
5727,0.446,0.55396
5728,0.808,0.19222
5729,0.605,0.39482
5730,0.679,0.32141
5731,0.882,0.11837999999999999
5732,0.925,0.07527
5733,0.899,0.10102999999999998
5734,0.448,0.5516800000000001
5735,0.469,0.5311400000000001
5736,0.415,0.5854400000000001
5737,0.629,0.37050999999999995
5738,0.938,0.061900000000000004
5739,0.476,0.52402
5740,0.892,0.1079
5741,0.44,0.56015
5742,0.627,0.37312999999999996
5743,0.429,0.5711200000000001
5744,0.931,0.069
5745,0.481,0.51941
5746,0.94,0.060230000000000006
5747,0.933,0.06694
5748,0.871,0.12907
5749,0.866,0.13386
5750,0.664,0.33642
5751,0.631,0.36939999999999995
5752,0.948,0.051910000000000005
5753,0.883,0.11736
5754,0.467,0.53337
5755,0.486,0.5141300000000001
5756,0.831,0.16918
5757,0.437,0.56259
5758,0.645,0.35457
5759,0.475,0.52519
5760,0.881,0.11856
5761,0.855,0.14504999999999998
5762,0.855,0.14523000000000003
5763,0.817,0.18305
5764,0.907,0.09329000000000001
5765,0.63,0.36956
5766,0.698,0.30243499999999995
5767,0.481,0.5191300000000001
5768,0.83,0.16957
5769,0.636,0.36363999999999996
5770,0.899,0.10139000000000001
5771,0.838,0.16169999999999998
5772,0.848,0.152
5773,0.856,0.14396
5774,0.855,0.14526999999999998
5775,0.802,0.19796
5776,0.631,0.36929999999999996
5777,0.868,0.13171000000000002
5778,0.636,0.36369999999999997
5779,0.933,0.06699
5780,0.489,0.5111300000000001
5781,0.816,0.18403
5782,0.826,0.17379
5783,0.606,0.39350999999999997
5784,0.847,0.15342999999999998
5785,0.849,0.15098999999999999
5786,0.674,0.32622999999999996
5787,0.672,0.32767999999999997
5788,0.929,0.07121000000000001
5789,0.437,0.56344
5790,0.601,0.39947
5791,0.889,0.11108000000000001
5792,0.697,0.30274999999999996
5793,0.937,0.06262999999999999
5794,0.496,0.50388
5795,0.859,0.14055
5796,0.858,0.14164000000000002
5797,0.829,0.17119
5798,0.685,0.31516999999999995
5799,0.866,0.13353
5800,0.644,0.35575999999999997
5801,0.872,0.12813000000000002
5802,0.817,0.18253
5803,0.883,0.1171
5804,0.429,0.57116
5805,0.924,0.07564000000000001
5806,0.877,0.12320999999999999
5807,0.694,0.30572
5808,0.853,0.14694000000000002
5809,0.901,0.09927000000000001
5810,0.424,0.57554
5811,0.622,0.37838
5812,0.496,0.50448
5813,0.909,0.09118000000000001
5814,0.431,0.5694100000000001
5815,0.95,0.05022
5816,0.876,0.12418000000000001
5817,0.473,0.5271800000000001
5818,0.439,0.5611200000000001
5819,0.859,0.14070000000000002
5820,0.465,0.5352600000000001
5821,0.436,0.56391
5822,0.859,0.14072
5823,0.645,0.35514999999999997
5824,0.468,0.5322
5825,0.411,0.58899
5826,0.873,0.12719999999999998
5827,0.664,0.33635
5828,0.412,0.5876600000000001
5829,0.893,0.10736000000000001
5830,0.812,0.18828
5831,0.831,0.16912
5832,0.827,0.17319
5833,0.423,0.5771000000000001
5834,0.877,0.12288
5835,0.861,0.13935999999999998
5836,0.685,0.31461999999999996
5837,0.815,0.18484
5838,0.817,0.18309999999999998
5839,0.608,0.39243
5840,0.865,0.13532
5841,0.849,0.15068
5842,0.603,0.39701
5843,0.412,0.5877100000000001
5844,0.672,0.32822999999999997
5845,0.427,0.57321
5846,0.41,0.58987
5847,0.408,0.5924400000000001
5848,0.649,0.35124
5849,0.697,0.30283
5850,0.41,0.58975
5851,0.674,0.32615
5852,0.468,0.53166
5853,0.657,0.34275999999999995
5854,0.916,0.08430000000000001
5855,0.667,0.33283999999999997
5856,0.624,0.37577
5857,0.653,0.34703999999999996
5858,0.455,0.54542
5859,0.452,0.5481400000000001
5860,0.944,0.05587
5861,0.946,0.05426
5862,0.84,0.15958
5863,0.917,0.08285000000000001
5864,0.433,0.5673
5865,0.875,0.12502000000000002
5866,0.884,0.11625
5867,0.695,0.30488499999999996
5868,0.897,0.10255
5869,0.894,0.10585999999999998
5870,0.641,0.35857
5871,0.488,0.51182
5872,0.894,0.10575999999999999
5873,0.443,0.5568000000000001
5874,0.862,0.13824999999999998
5875,0.615,0.38455
5876,0.861,0.13881
5877,0.884,0.11642
5878,0.855,0.14541
5879,0.474,0.52649
5880,0.636,0.36407999999999996
5881,0.853,0.14657
5882,0.458,0.54225
5883,0.479,0.52109
5884,0.905,0.09504000000000001
5885,0.446,0.55405
5886,0.645,0.35517
5887,0.929,0.07073000000000002
5888,0.83,0.17035
5889,0.682,0.31816
5890,0.675,0.32453
5891,0.655,0.34487999999999996
5892,0.901,0.09881000000000001
5893,0.402,0.5979000000000001
5894,0.696,0.30390999999999996
5895,0.442,0.5577300000000001
5896,0.445,0.55542
5897,0.687,0.31265
5898,0.408,0.59157
5899,0.859,0.14081000000000002
5900,0.903,0.09679
5901,0.884,0.11610999999999999
5902,0.449,0.5507200000000001
5903,0.473,0.52663
5904,0.867,0.13286
5905,0.909,0.09106
5906,0.894,0.10624
5907,0.822,0.17811
5908,0.891,0.10938999999999999
5909,0.459,0.54125
5910,0.489,0.5105200000000001
5911,0.457,0.5430200000000001
5912,0.462,0.5377200000000001
5913,0.66,0.34029
5914,0.873,0.12721
5915,0.834,0.16585
5916,0.467,0.53254
5917,0.94,0.06031
5918,0.665,0.33525
5919,0.659,0.34062
5920,0.87,0.12990000000000002
5921,0.432,0.56782
5922,0.677,0.3232
5923,0.633,0.36740999999999996
5924,0.883,0.11710999999999999
5925,0.829,0.17086
5926,0.486,0.51388
5927,0.435,0.5649700000000001
5928,0.843,0.15711
5929,0.856,0.14393
5930,0.874,0.12588
5931,0.941,0.059070000000000004
5932,0.61,0.38983999999999996
5933,0.434,0.5656000000000001
5934,0.468,0.5317200000000001
5935,0.89,0.1097
5936,0.867,0.13333
5937,0.612,0.38822
5938,0.875,0.12465
5939,0.493,0.50738
5940,0.932,0.06806999999999999
5941,0.602,0.39826
5942,0.619,0.38139999999999996
5943,0.63,0.36996999999999997
5944,0.699,0.30072999999999994
5945,0.89,0.11005000000000001
5946,0.425,0.57491
5947,0.662,0.33821999999999997
5948,0.699,0.30057
5949,0.419,0.5809500000000001
5950,0.814,0.18631
5951,0.621,0.37922
5952,0.61,0.39021
5953,0.853,0.14733
5954,0.452,0.54757
5955,0.406,0.5938800000000001
5956,0.689,0.31050999999999995
5957,0.447,0.55315
5958,0.817,0.18297
5959,0.891,0.10862000000000001
5960,0.804,0.19596
5961,0.873,0.12668
5962,0.899,0.10136
5963,0.808,0.19201000000000001
5964,0.685,0.31531
5965,0.686,0.31404
5966,0.401,0.5987100000000001
5967,0.473,0.5266200000000001
5968,0.898,0.10239999999999999
5969,0.661,0.33857
5970,0.633,0.36682
5971,0.872,0.12822
5972,0.48,0.51969
5973,0.603,0.39720999999999995
5974,0.87,0.13022
5975,0.606,0.39365
5976,0.455,0.54476
5977,0.816,0.1835
5978,0.415,0.58523
5979,0.624,0.3756
5980,0.679,0.32051999999999997
5981,0.645,0.35533
5982,0.435,0.56503
5983,0.8,0.1995
5984,0.652,0.34787999999999997
5985,0.633,0.36683
5986,0.669,0.33091
5987,0.854,0.14584000000000003
5988,0.922,0.0777
5989,0.809,0.19069
5990,0.473,0.52659
5991,0.636,0.36366
5992,0.638,0.36182
5993,0.484,0.51597
5994,0.411,0.58857
5995,0.817,0.18342
5996,0.431,0.5687800000000001
5997,0.655,0.34458999999999995
5998,0.853,0.14661
5999,0.9,0.09985000000000001
6000,0.888,0.11224999999999999
6001,0.864,0.13552
6002,0.87,0.13024999999999998
6003,0.419,0.58143
6004,0.696,0.3041
6005,0.48,0.5196400000000001
6006,0.678,0.32177
6007,0.422,0.5777800000000001
6008,0.818,0.18201
6009,0.67,0.33029
6010,0.481,0.51883
6011,0.839,0.16056
6012,0.931,0.06882
6013,0.494,0.5063000000000001
6014,0.477,0.52273
6015,0.918,0.08175
6016,0.464,0.5363600000000001
6017,0.942,0.057800000000000004
6018,0.603,0.39679
6019,0.87,0.12988
6020,0.826,0.1742
6021,0.855,0.14462000000000003
6022,0.663,0.33708
6023,0.855,0.14528000000000002
6024,0.93,0.07037
6025,0.649,0.35103999999999996
6026,0.491,0.5090800000000001
6027,0.435,0.5654
6028,0.841,0.15897999999999998
6029,0.84,0.16041999999999998
6030,0.891,0.10904000000000001
6031,0.438,0.5615600000000001
6032,0.481,0.51917
6033,0.858,0.14195000000000002
6034,0.608,0.39181
6035,0.423,0.57657
6036,0.896,0.10396999999999999
6037,0.943,0.05723
6038,0.623,0.37698
6039,0.841,0.15883
6040,0.418,0.5822900000000001
6041,0.69,0.30978999999999995
6042,0.812,0.1877
6043,0.86,0.1403
6044,0.631,0.36937
6045,0.646,0.35391
6046,0.882,0.11781000000000001
6047,0.416,0.5838300000000001
6048,0.401,0.5989800000000001
6049,0.627,0.37255
6050,0.648,0.35163999999999995
6051,0.642,0.35817
6052,0.808,0.19197999999999998
6053,0.611,0.38878999999999997
6054,0.456,0.54356
6055,0.948,0.05217
6056,0.878,0.12164000000000001
6057,0.911,0.0888
6058,0.601,0.39916999999999997
6059,0.696,0.30411999999999995
6060,0.903,0.09721
6061,0.853,0.14708
6062,0.812,0.18803999999999998
6063,0.847,0.15338
6064,0.899,0.10055999999999998
6065,0.441,0.5591900000000001
6066,0.942,0.05799
6067,0.462,0.5378900000000001
6068,0.633,0.36677
6069,0.804,0.1963
6070,0.888,0.11154999999999998
6071,0.936,0.06411
6072,0.898,0.10210999999999999
6073,0.9,0.09991
6074,0.611,0.38882
6075,0.899,0.10066999999999998
6076,0.81,0.19018000000000002
6077,0.434,0.56605
6078,0.945,0.054790000000000005
6079,0.936,0.06444
6080,0.818,0.18225
6081,0.4,0.59997
6082,0.871,0.12919999999999998
6083,0.938,0.06165
6084,0.891,0.10893000000000001
6085,0.839,0.16149
6086,0.625,0.37529999999999997
6087,0.836,0.16368
6088,0.488,0.5119900000000001
6089,0.891,0.10932
6090,0.908,0.09202
6091,0.815,0.18489
6092,0.696,0.30350999999999995
6093,0.943,0.05689
6094,0.886,0.11438
6095,0.661,0.33926
6096,0.874,0.12569
6097,0.851,0.14855
6098,0.805,0.19469
6099,0.874,0.12566000000000002
6100,0.682,0.31786
6101,0.418,0.58238
6102,0.49,0.5098600000000001
6103,0.938,0.06221
6104,0.941,0.05947
6105,0.896,0.10379999999999999
6106,0.818,0.18185
6107,0.687,0.31250999999999995
6108,0.845,0.15478
6109,0.617,0.38343
6110,0.854,0.14584
6111,0.83,0.16962
6112,0.418,0.58206
6113,0.889,0.11125000000000002
6114,0.65,0.34973
6115,0.459,0.54127
6116,0.864,0.13574999999999998
6117,0.473,0.52737
6118,0.628,0.37185999999999997
6119,0.938,0.06151
6120,0.42,0.5803200000000001
6121,0.649,0.35131999999999997
6122,0.852,0.14812
6123,0.44,0.55955
6124,0.865,0.1351
6125,0.655,0.34535
6126,0.94,0.06024
6127,0.863,0.1368
6128,0.853,0.14681
6129,0.817,0.18259999999999998
6130,0.878,0.12151999999999999
6131,0.422,0.5777300000000001
6132,0.823,0.17738
6133,0.871,0.12889
6134,0.443,0.55652
6135,0.883,0.11732
6136,0.624,0.37561
6137,0.696,0.30367
6138,0.814,0.1858
6139,0.489,0.51095
6140,0.445,0.5548500000000001
6141,0.48,0.5197900000000001
6142,0.932,0.06776
6143,0.621,0.37868999999999997
6144,0.811,0.18933
6145,0.818,0.18183
6146,0.642,0.35771
6147,0.902,0.09838000000000001
6148,0.474,0.526
6149,0.698,0.30215
6150,0.81,0.19013
6151,0.867,0.13274000000000002
6152,0.819,0.18148999999999998
6153,0.494,0.50565
6154,0.606,0.39354999999999996
6155,0.488,0.5124200000000001
6156,0.866,0.13388
6157,0.685,0.3151
6158,0.499,0.50095
6159,0.402,0.5982000000000001
6160,0.481,0.5189900000000001
6161,0.857,0.14343
6162,0.426,0.5737300000000001
6163,0.841,0.15872
6164,0.685,0.31523999999999996
6165,0.627,0.37334
6166,0.441,0.55937
6167,0.916,0.08421000000000001
6168,0.848,0.15194
6169,0.89,0.10994999999999999
6170,0.642,0.35842999999999997
6171,0.602,0.39837
6172,0.867,0.13288
6173,0.603,0.39654999999999996
6174,0.422,0.5783200000000001
6175,0.881,0.11925
6176,0.676,0.32355999999999996
6177,0.483,0.51683
6178,0.414,0.5856300000000001
6179,0.868,0.13168
6180,0.465,0.53495
6181,0.826,0.17447000000000001
6182,0.419,0.58121
6183,0.857,0.14257
6184,0.847,0.15314
6185,0.825,0.17504999999999998
6186,0.848,0.1525
6187,0.468,0.53241
6188,0.849,0.15081999999999998
6189,0.609,0.3911
6190,0.48,0.5203500000000001
6191,0.838,0.16204
6192,0.49,0.51036
6193,0.411,0.5891200000000001
6194,0.402,0.59774
6195,0.46,0.54046
6196,0.888,0.11193999999999998
6197,0.454,0.5455800000000001
6198,0.697,0.30339
6199,0.452,0.5483600000000001
6200,0.48,0.5200400000000001
6201,0.604,0.3961
6202,0.844,0.156
6203,0.69,0.30977999999999994
6204,0.886,0.11361
6205,0.688,0.31159
6206,0.857,0.14281
6207,0.617,0.38321
6208,0.42,0.5796600000000001
6209,0.844,0.15592999999999999
6210,0.911,0.08905
6211,0.819,0.18064
6212,0.414,0.58591
6213,0.876,0.12385000000000002
6214,0.855,0.14482
6215,0.871,0.12858
6216,0.463,0.5366500000000001
6217,0.602,0.39775
6218,0.672,0.32755999999999996
6219,0.885,0.115
6220,0.471,0.5289400000000001
6221,0.408,0.5919300000000001
6222,0.684,0.31617999999999996
6223,0.635,0.36452999999999997
6224,0.939,0.06139
6225,0.664,0.33598999999999996
6226,0.877,0.12269000000000001
6227,0.803,0.19695000000000001
6228,0.879,0.1208
6229,0.87,0.12964
6230,0.863,0.13728
6231,0.838,0.16155
6232,0.608,0.39241
6233,0.869,0.13078
6234,0.612,0.38832999999999995
6235,0.913,0.08679
6236,0.675,0.32513
6237,0.851,0.14862
6238,0.685,0.31511999999999996
6239,0.481,0.5185200000000001
6240,0.842,0.15834
6241,0.852,0.14798
6242,0.879,0.12056
6243,0.869,0.13077
6244,0.415,0.5847600000000001
6245,0.425,0.57457
6246,0.869,0.13105
6247,0.9,0.10041
6248,0.685,0.31476
6249,0.898,0.10161
6250,0.674,0.32631
6251,0.894,0.10649999999999998
6252,0.834,0.16566999999999998
6253,0.433,0.56706
6254,0.687,0.31272999999999995
6255,0.877,0.12316
6256,0.417,0.58309
6257,0.866,0.13405999999999998
6258,0.495,0.50538
6259,0.948,0.052070000000000005
6260,0.895,0.10508
6261,0.806,0.19374
6262,0.405,0.59514
6263,0.682,0.31783
6264,0.624,0.37611999999999995
6265,0.659,0.34075
6266,0.913,0.08689000000000001
6267,0.455,0.54462
6268,0.693,0.3071
6269,0.463,0.5373300000000001
6270,0.877,0.123
6271,0.688,0.31227
6272,0.48,0.5198200000000001
6273,0.919,0.08123000000000001
6274,0.828,0.17232
6275,0.873,0.12689999999999999
6276,0.86,0.13955
6277,0.891,0.10937
6278,0.875,0.12463
6279,0.893,0.10733000000000001
6280,0.675,0.32459
6281,0.946,0.054180000000000006
6282,0.851,0.14854
6283,0.857,0.14331
6284,0.911,0.08895
6285,0.802,0.19779
6286,0.445,0.55539
6287,0.476,0.52375
6288,0.427,0.57318
6289,0.426,0.57382
6290,0.404,0.59614
6291,0.454,0.5457500000000001
6292,0.434,0.5660700000000001
6293,0.807,0.19257
6294,0.815,0.18531
6295,0.86,0.13959
6296,0.823,0.17687
6297,0.91,0.08993000000000001
6298,0.853,0.14687
6299,0.684,0.31644
6300,0.872,0.12816
6301,0.843,0.15708999999999998
6302,0.872,0.12772999999999998
6303,0.48,0.5202300000000001
6304,0.415,0.5852200000000001
6305,0.673,0.32685
6306,0.91,0.09036000000000001
6307,0.809,0.19140000000000001
6308,0.868,0.13153
6309,0.694,0.30590999999999996
6310,0.41,0.59048
6311,0.862,0.13832
6312,0.474,0.5263
6313,0.896,0.10422
6314,0.457,0.54268
6315,0.443,0.55708
6316,0.677,0.32288
6317,0.922,0.07766
6318,0.476,0.5238400000000001
6319,0.869,0.13136
6320,0.866,0.13395
6321,0.894,0.10599
6322,0.491,0.5088600000000001
6323,0.46,0.53952
6324,0.434,0.56594
6325,0.944,0.055510000000000004
6326,0.61,0.38969
6327,0.496,0.50365
6328,0.928,0.07241
6329,0.947,0.05278
6330,0.804,0.19601
6331,0.493,0.50731
6332,0.657,0.34315999999999997
6333,0.85,0.15009
6334,0.459,0.5411600000000001
6335,0.88,0.1202
6336,0.454,0.54606
6337,0.835,0.16463999999999998
6338,0.699,0.30145999999999995
6339,0.835,0.16477
6340,0.831,0.1687
6341,0.837,0.16258
6342,0.401,0.59897
6343,0.497,0.5031100000000001
6344,0.603,0.39731
6345,0.878,0.12158
6346,0.904,0.0956
6347,0.813,0.18679
6348,0.933,0.06656999999999999
6349,0.862,0.13821
6350,0.841,0.15911999999999998
6351,0.868,0.13154000000000002
6352,0.884,0.11583
6353,0.867,0.13296
6354,0.429,0.5710900000000001
6355,0.893,0.10741999999999999
6356,0.608,0.39150999999999997
6357,0.874,0.12642
6358,0.612,0.38794999999999996
6359,0.872,0.12775
6360,0.49,0.5102800000000001
6361,0.85,0.14973
6362,0.867,0.13338
6363,0.867,0.13338
6364,0.649,0.35117
6365,0.85,0.15037
6366,0.677,0.32297
6367,0.405,0.5949500000000001
6368,0.638,0.36171
6369,0.671,0.32910999999999996
6370,0.638,0.36180999999999996
6371,0.845,0.15453999999999998
6372,0.46,0.5396000000000001
6373,0.466,0.53361
6374,0.488,0.51163
6375,0.617,0.38281
6376,0.86,0.13993999999999998
6377,0.843,0.15656
6378,0.894,0.10633999999999999
6379,0.664,0.33573
6380,0.5,0.50019
6381,0.664,0.3357
6382,0.851,0.14944
6383,0.626,0.37362999999999996
6384,0.903,0.09724000000000001
6385,0.497,0.50294
6386,0.437,0.56332
6387,0.868,0.13205999999999998
6388,0.613,0.38721
6389,0.807,0.19322
6390,0.655,0.34465999999999997
6391,0.9,0.10039000000000001
6392,0.463,0.53693
6393,0.427,0.5731
6394,0.638,0.36158999999999997
6395,0.422,0.5776600000000001
6396,0.621,0.37892
6397,0.868,0.13215
6398,0.931,0.06924000000000001
6399,0.624,0.37573999999999996
6400,0.948,0.05233
6401,0.818,0.18232
6402,0.893,0.1066
6403,0.818,0.18223
6404,0.609,0.39116999999999996
6405,0.879,0.121
6406,0.912,0.08818000000000001
6407,0.469,0.53141
6408,0.618,0.3821
6409,0.442,0.55849
6410,0.471,0.5285000000000001
6411,0.601,0.39937
6412,0.482,0.5178100000000001
6413,0.438,0.5621400000000001
6414,0.416,0.5841200000000001
6415,0.82,0.17958
6416,0.652,0.34819999999999995
6417,0.847,0.15333
6418,0.442,0.55842
6419,0.404,0.5962400000000001
6420,0.858,0.14179999999999998
6421,0.476,0.52397
6422,0.646,0.35381999999999997
6423,0.896,0.10368000000000001
6424,0.893,0.10669999999999999
6425,0.874,0.12647000000000003
6426,0.906,0.09378
6427,0.916,0.08368
6428,0.844,0.15585
6429,0.421,0.57881
6430,0.651,0.34875
6431,0.425,0.5745100000000001
6432,0.634,0.36593
6433,0.494,0.5059600000000001
6434,0.936,0.06447
6435,0.94,0.06047
6436,0.692,0.30823999999999996
6437,0.843,0.15721
6438,0.495,0.504885
6439,0.888,0.11245000000000001
6440,0.635,0.36461
6441,0.481,0.5192800000000001
6442,0.628,0.372225
6443,0.859,0.14114
6444,0.894,0.10601
6445,0.479,0.5208600000000001
6446,0.879,0.12100999999999999
6447,0.401,0.5990000000000001
6448,0.413,0.58655
6449,0.861,0.1387
6450,0.691,0.30861
6451,0.63,0.36952999999999997
6452,0.407,0.5930500000000001
6453,0.854,0.14568
6454,0.406,0.5943200000000001
6455,0.691,0.30889999999999995
6456,0.448,0.55217
6457,0.681,0.31858
6458,0.864,0.13638999999999998
6459,0.403,0.59674
6460,0.449,0.55069
6461,0.803,0.19652
6462,0.861,0.13935
6463,0.888,0.11158000000000001
6464,0.854,0.14551
6465,0.893,0.10697000000000001
6466,0.811,0.18902
6467,0.655,0.34512
6468,0.414,0.58574
6469,0.893,0.10704
6470,0.606,0.39376
6471,0.802,0.19751
6472,0.495,0.50546
6473,0.882,0.11821
6474,0.895,0.1054
6475,0.414,0.58596
6476,0.81,0.18974
6477,0.416,0.5836
6478,0.926,0.07358
6479,0.853,0.14673999999999998
6480,0.645,0.35529
6481,0.821,0.17898
6482,0.404,0.5958600000000001
6483,0.459,0.5409900000000001
6484,0.631,0.3695
6485,0.679,0.32060999999999995
6486,0.458,0.5418700000000001
6487,0.95,0.050050000000000004
6488,0.919,0.08061
6489,0.42,0.5795600000000001
6490,0.874,0.12604
6491,0.624,0.37583
6492,0.881,0.11901
6493,0.691,0.30881
6494,0.878,0.12211999999999999
6495,0.6,0.39998999999999996
6496,0.885,0.11529
6497,0.639,0.36134
6498,0.638,0.361755
6499,0.87,0.13011
6500,0.65,0.35
6501,0.415,0.5852400000000001
6502,0.846,0.15402
6503,0.811,0.18874
6504,0.658,0.34173
6505,0.454,0.5455000000000001
6506,0.606,0.39444
6507,0.604,0.3962
6508,0.939,0.061360000000000005
6509,0.677,0.32323999999999997
6510,0.609,0.39133999999999997
6511,0.932,0.06839
6512,0.902,0.09797
6513,0.405,0.59519
6514,0.884,0.11609000000000001
6515,0.869,0.13096999999999998
6516,0.866,0.13433
6517,0.437,0.56283
6518,0.601,0.39902
6519,0.478,0.52166
6520,0.913,0.08732000000000001
6521,0.605,0.39471999999999996
6522,0.472,0.5284300000000001
6523,0.455,0.54495
6524,0.881,0.11945
6525,0.422,0.5776800000000001
6526,0.686,0.31366
6527,0.498,0.50166
6528,0.416,0.58411
6529,0.866,0.13361
6530,0.428,0.5716600000000001
6531,0.634,0.36595
6532,0.83,0.16991
6533,0.843,0.15731
6534,0.83,0.17042000000000002
6535,0.838,0.16165
6536,0.872,0.12809
6537,0.623,0.37706999999999996
6538,0.921,0.0787
6539,0.806,0.1945
6540,0.896,0.10372
6541,0.47,0.53027
6542,0.623,0.37693
6543,0.483,0.5174000000000001
6544,0.873,0.12684
6545,0.452,0.54793
6546,0.854,0.14603000000000002
6547,0.93,0.07011
6548,0.607,0.39327999999999996
6549,0.681,0.31939999999999996
6550,0.651,0.34858
6551,0.814,0.18556
6552,0.624,0.37617
6553,0.416,0.58426
6554,0.643,0.35749
6555,0.692,0.30794
6556,0.611,0.38885
6557,0.92,0.08001
6558,0.89,0.10986000000000001
6559,0.673,0.32741
6560,0.941,0.05852
6561,0.877,0.12336000000000001
6562,0.835,0.16524
6563,0.436,0.56371
6564,0.89,0.11003
6565,0.441,0.55918
6566,0.894,0.10628
6567,0.613,0.38665
6568,0.874,0.12557000000000001
6569,0.927,0.07326
6570,0.479,0.52142
6571,0.601,0.39876
6572,0.878,0.12179
6573,0.417,0.58259
6574,0.66,0.34043999999999996
6575,0.69,0.30968999999999997
6576,0.492,0.5076400000000001
6577,0.85,0.14955000000000002
6578,0.644,0.35627
6579,0.882,0.11804999999999999
6580,0.894,0.10637
6581,0.458,0.54185
6582,0.414,0.58625
6583,0.447,0.55294
6584,0.459,0.54063
6585,0.83,0.1703
6586,0.897,0.10347999999999999
6587,0.608,0.39225
6588,0.891,0.10863999999999999
6589,0.484,0.51648
6590,0.895,0.10475999999999999
6591,0.946,0.054310000000000004
6592,0.885,0.11527
6593,0.626,0.37399
6594,0.419,0.58123
6595,0.814,0.18587
6596,0.651,0.34859999999999997
6597,0.647,0.35272
6598,0.804,0.19613
6599,0.661,0.33897999999999995
6600,0.435,0.56466
6601,0.875,0.12481999999999999
6602,0.874,0.12613000000000002
6603,0.877,0.12299
6604,0.845,0.15473
6605,0.678,0.32182999999999995
6606,0.636,0.36354
6607,0.87,0.13028
6608,0.911,0.08877
6609,0.409,0.59075
6610,0.644,0.35596999999999995
6611,0.42,0.5800700000000001
6612,0.933,0.06719
6613,0.853,0.14711000000000002
6614,0.927,0.07336000000000001
6615,0.903,0.09671
6616,0.415,0.58526
6617,0.921,0.07923000000000001
6618,0.823,0.17745
6619,0.616,0.38405
6620,0.858,0.1416
6621,0.686,0.31403
6622,0.873,0.12724000000000002
6623,0.479,0.5208
6624,0.613,0.38667999999999997
6625,0.448,0.5521400000000001
6626,0.864,0.13564
6627,0.826,0.17401
6628,0.861,0.13899999999999998
6629,0.841,0.15874
6630,0.858,0.14228
6631,0.882,0.11845
6632,0.463,0.53668
6633,0.818,0.18237
6634,0.875,0.12499
6635,0.421,0.57864
6636,0.443,0.5567500000000001
6637,0.867,0.1329
6638,0.684,0.31555999999999995
6639,0.947,0.05305
6640,0.499,0.50051
6641,0.857,0.14316
6642,0.658,0.34206
6643,0.453,0.54662
6644,0.946,0.05416
6645,0.877,0.12267
6646,0.437,0.5630700000000001
6647,0.492,0.5082
6648,0.409,0.5913900000000001
6649,0.45,0.5500700000000001
6650,0.853,0.14706
6651,0.626,0.37383
6652,0.674,0.32604999999999995
6653,0.899,0.10087000000000002
6654,0.856,0.14363
6655,0.805,0.19458999999999999
6656,0.871,0.12902000000000002
6657,0.845,0.15525999999999998
6658,0.836,0.16402999999999998
6659,0.435,0.56537
6660,0.483,0.5169
6661,0.473,0.5267700000000001
6662,0.811,0.18868000000000001
6663,0.84,0.16011999999999998
6664,0.644,0.35624
6665,0.472,0.5278900000000001
6666,0.865,0.13506
6667,0.838,0.16219
6668,0.42,0.58008
6669,0.658,0.34168
6670,0.476,0.52405
6671,0.653,0.34654999999999997
6672,0.617,0.38308
6673,0.853,0.14684
6674,0.643,0.35746
6675,0.669,0.33088999999999996
6676,0.9,0.09970000000000001
6677,0.688,0.31223999999999996
6678,0.911,0.08893000000000001
6679,0.927,0.07294
6680,0.482,0.5176400000000001
6681,0.435,0.5649200000000001
6682,0.877,0.12257
6683,0.864,0.13591999999999999
6684,0.847,0.15317
6685,0.686,0.31418999999999997
6686,0.444,0.5561100000000001
6687,0.664,0.33571999999999996
6688,0.411,0.5889800000000001
6689,0.688,0.31172999999999995
6690,0.826,0.17361
6691,0.401,0.59892
6692,0.487,0.51276
6693,0.897,0.1028
6694,0.473,0.52676
6695,0.488,0.51185
6696,0.665,0.33455999999999997
6697,0.825,0.17497000000000001
6698,0.884,0.11647
6699,0.641,0.35871
6700,0.492,0.5081
6701,0.697,0.30332
6702,0.819,0.18061
6703,0.88,0.11965
6704,0.669,0.33148999999999995
6705,0.455,0.54451
6706,0.699,0.30075999999999997
6707,0.491,0.50946
6708,0.913,0.08739000000000001
6709,0.916,0.08425
6710,0.601,0.39918
6711,0.937,0.06286
6712,0.88,0.12045
6713,0.659,0.34119
6714,0.466,0.534
6715,0.696,0.30443
6716,0.457,0.54349
6717,0.92,0.07977000000000001
6718,0.499,0.50078
6719,0.496,0.5039600000000001
6720,0.45,0.5496800000000001
6721,0.491,0.50922
6722,0.841,0.15914999999999999
6723,0.446,0.5538500000000001
6724,0.692,0.30832
6725,0.807,0.19258999999999998
6726,0.433,0.56688
6727,0.404,0.5959500000000001
6728,0.5,0.50027
6729,0.85,0.14981999999999998
6730,0.443,0.5574100000000001
6731,0.484,0.51554
6732,0.448,0.55184
6733,0.863,0.13701000000000002
6734,0.602,0.39768
6735,0.416,0.5840700000000001
6736,0.613,0.38727
6737,0.856,0.14357
6738,0.946,0.05434
6739,0.494,0.50609
6740,0.682,0.31765
6741,0.891,0.10888999999999999
6742,0.463,0.53744
6743,0.808,0.19162
6744,0.934,0.06589
6745,0.903,0.09664
6746,0.691,0.30943
6747,0.881,0.11935
6748,0.88,0.11997999999999999
6749,0.44,0.5599400000000001
6750,0.659,0.34053999999999995
6751,0.618,0.38226
6752,0.874,0.12553999999999998
6753,0.872,0.12799500000000003
6754,0.686,0.31377
6755,0.875,0.12541000000000002
6756,0.433,0.5670000000000001
6757,0.605,0.39532999999999996
6758,0.603,0.39727
6759,0.405,0.5948
6760,0.617,0.38306999999999997
6761,0.822,0.17849
6762,0.804,0.19616
6763,0.497,0.5028900000000001
6764,0.872,0.12753
6765,0.89,0.11004000000000001
6766,0.674,0.32560999999999996
6767,0.95,0.050480000000000004
6768,0.906,0.09396
6769,0.461,0.5390600000000001
6770,0.867,0.13288
6771,0.862,0.13812000000000002
6772,0.933,0.06682
6773,0.81,0.19014
6774,0.881,0.11914999999999999
6775,0.485,0.51475
6776,0.634,0.36649
6777,0.473,0.5271600000000001
6778,0.65,0.34992999999999996
6779,0.661,0.33938999999999997
6780,0.924,0.0757
6781,0.865,0.13543
6782,0.418,0.5822
6783,0.402,0.5975400000000001
6784,0.436,0.5636000000000001
6785,0.875,0.12541
6786,0.869,0.13107
6787,0.805,0.19455
6788,0.878,0.12180999999999999
6789,0.833,0.16665
6790,0.918,0.08169000000000001
6791,0.617,0.38254
6792,0.884,0.11574999999999999
6793,0.41,0.5899300000000001
6794,0.643,0.35678
6795,0.808,0.19231
6796,0.838,0.16237
6797,0.917,0.08266000000000001
6798,0.853,0.14714000000000002
6799,0.888,0.11234
6800,0.844,0.15582
6801,0.877,0.12323
6802,0.869,0.13121
6803,0.664,0.33582
6804,0.621,0.37876
6805,0.827,0.17276
6806,0.4,0.59975
6807,0.809,0.19095
6808,0.643,0.35670999999999997
6809,0.631,0.36868999999999996
6810,0.87,0.13
6811,0.84,0.15952
6812,0.869,0.13082
6813,0.7,0.30023
6814,0.403,0.5967100000000001
6815,0.849,0.1509
6816,0.61,0.39019
6817,0.851,0.14851
6818,0.66,0.3399
6819,0.815,0.18459
6820,0.67,0.33014
6821,0.861,0.13871999999999998
6822,0.869,0.13097
6823,0.852,0.14807
6824,0.611,0.38927
6825,0.811,0.18946
6826,0.446,0.55417
6827,0.885,0.11531999999999999
6828,0.869,0.13122
6829,0.874,0.12553
6830,0.449,0.5505300000000001
6831,0.495,0.5045000000000001
6832,0.424,0.5758800000000001
6833,0.939,0.061290000000000004
6834,0.441,0.5593
6835,0.929,0.0709
6836,0.812,0.18796000000000002
6837,0.906,0.09377
6838,0.821,0.17891
6839,0.883,0.11659000000000001
6840,0.49,0.50971
6841,0.425,0.57514
6842,0.885,0.11547
6843,0.938,0.06243
6844,0.409,0.5905400000000001
6845,0.858,0.14168999999999998
6846,0.864,0.13602999999999998
6847,0.866,0.13357
6848,0.896,0.10355999999999999
6849,0.611,0.38875
6850,0.883,0.11699999999999999
6851,0.637,0.36271
6852,0.639,0.36067
6853,0.499,0.50149
6854,0.492,0.50807
6855,0.896,0.10375000000000001
6856,0.841,0.15866
6857,0.858,0.14171999999999998
6858,0.426,0.5737800000000001
6859,0.458,0.5418200000000001
6860,0.454,0.5463
6861,0.905,0.09536
6862,0.813,0.18683
6863,0.944,0.05606
6864,0.693,0.30666
6865,0.655,0.34543999999999997
6866,0.827,0.1728
6867,0.434,0.56608
6868,0.483,0.5170600000000001
6869,0.927,0.07331
6870,0.611,0.38936
6871,0.625,0.37511999999999995
6872,0.883,0.11721
6873,0.698,0.30183
6874,0.468,0.5317900000000001
6875,0.407,0.5927800000000001
6876,0.456,0.5443300000000001
6877,0.828,0.17210999999999999
6878,0.861,0.139
6879,0.636,0.36449
6880,0.817,0.18295
6881,0.928,0.07250000000000001
6882,0.887,0.11284
6883,0.65,0.35034
6884,0.446,0.55356
6885,0.929,0.07122
6886,0.926,0.07361000000000001
6887,0.893,0.10676
6888,0.868,0.13187
6889,0.427,0.57348
6890,0.897,0.10324999999999998
6891,0.622,0.37792
6892,0.674,0.32637
6893,0.601,0.39924
6894,0.69,0.30995999999999996
6895,0.43,0.5704400000000001
6896,0.47,0.52997
6897,0.412,0.58801
6898,0.84,0.16034
6899,0.447,0.5532600000000001
6900,0.913,0.08747
6901,0.883,0.11732000000000001
6902,0.869,0.13110000000000002
6903,0.883,0.11678999999999999
6904,0.823,0.17696
6905,0.418,0.58209
6906,0.645,0.35470999999999997
6907,0.937,0.0627
6908,0.809,0.19127
6909,0.895,0.10465
6910,0.441,0.55927
6911,0.839,0.16116
6912,0.602,0.39847
6913,0.621,0.37934999999999997
6914,0.83,0.1701
6915,0.633,0.3671
6916,0.439,0.5606800000000001
6917,0.676,0.32409
6918,0.885,0.11506
6919,0.858,0.14205
6920,0.88,0.11992000000000001
6921,0.868,0.13152
6922,0.886,0.11374999999999999
6923,0.892,0.10757999999999998
6924,0.832,0.16821
6925,0.836,0.16423
6926,0.401,0.5989500000000001
6927,0.89,0.11002999999999999
6928,0.667,0.33288999999999996
6929,0.447,0.55278
6930,0.87,0.1304
6931,0.603,0.39657
6932,0.42,0.57984
6933,0.876,0.12448000000000001
6934,0.417,0.58323
6935,0.89,0.10955999999999999
6936,0.403,0.59702
6937,0.481,0.5186700000000001
6938,0.91,0.09041
6939,0.406,0.59352
6940,0.433,0.56686
6941,0.945,0.054920000000000004
6942,0.868,0.13227999999999998
6943,0.698,0.30177
6944,0.426,0.5741
6945,0.944,0.05614
6946,0.479,0.52131
6947,0.822,0.17791
6948,0.875,0.12458
6949,0.863,0.13670000000000002
6950,0.64,0.36047999999999997
6951,0.635,0.36468999999999996
6952,0.418,0.5823400000000001
6953,0.857,0.14299
6954,0.679,0.32062999999999997
6955,0.832,0.1683
6956,0.695,0.30496999999999996
6957,0.931,0.06862000000000001
6958,0.801,0.19882
6959,0.472,0.52839
6960,0.802,0.19759
6961,0.659,0.34117
6962,0.683,0.31744
6963,0.679,0.32133999999999996
6964,0.496,0.50376
6965,0.61,0.39043
6966,0.889,0.11129
6967,0.417,0.5830200000000001
6968,0.845,0.15525
6969,0.602,0.39805
6970,0.873,0.127
6971,0.935,0.06527
6972,0.459,0.54105
6973,0.922,0.07816000000000001
6974,0.485,0.5149400000000001
6975,0.448,0.5524100000000001
6976,0.492,0.50834
6977,0.847,0.15283
6978,0.846,0.15384
6979,0.939,0.0614
6980,0.865,0.13488999999999998
6981,0.471,0.52875
6982,0.421,0.57914
6983,0.886,0.11442999999999999
6984,0.922,0.07791000000000001
6985,0.498,0.5024350000000001
6986,0.882,0.11778
6987,0.663,0.33676999999999996
6988,0.91,0.09008000000000001
6989,0.866,0.13394
6990,0.906,0.09355000000000001
6991,0.678,0.32199
6992,0.403,0.5974
6993,0.878,0.12208000000000001
6994,0.832,0.1679
6995,0.858,0.14237
6996,0.895,0.10530999999999999
6997,0.89,0.11017
6998,0.822,0.1779
6999,0.855,0.14464
7000,0.885,0.11506999999999999
7001,0.639,0.36118
7002,0.623,0.37746999999999997
7003,0.625,0.37454
7004,0.5,0.5001
7005,0.81,0.19049
7006,0.487,0.51275
7007,0.601,0.3993
7008,0.892,0.10762
7009,0.429,0.57145
7010,0.643,0.35712
7011,0.441,0.55854
7012,0.428,0.57167
7013,0.678,0.32233
7014,0.842,0.15833
7015,0.92,0.08043
7016,0.926,0.07407000000000001
7017,0.479,0.5205000000000001
7018,0.412,0.58799
7019,0.428,0.57188
7020,0.813,0.18698
7021,0.489,0.5107600000000001
7022,0.438,0.56152
7023,0.439,0.5611400000000001
7024,0.635,0.36519999999999997
7025,0.949,0.050960000000000005
7026,0.892,0.10792000000000002
7027,0.667,0.33344999999999997
7028,0.836,0.16437
7029,0.866,0.1344
7030,0.845,0.15451
7031,0.637,0.3631
7032,0.935,0.06526000000000001
7033,0.913,0.08661
7034,0.49,0.5104500000000001
7035,0.855,0.14477
7036,0.839,0.16076
7037,0.837,0.16254
7038,0.466,0.5336500000000001
7039,0.402,0.59794
7040,0.917,0.08334
7041,0.415,0.5848800000000001
7042,0.447,0.5534800000000001
7043,0.64,0.36
7044,0.921,0.07878
7045,0.822,0.17786
7046,0.63,0.3705
7047,0.826,0.17403
7048,0.402,0.59797
7049,0.459,0.5409700000000001
7050,0.837,0.16338
7051,0.609,0.39126
7052,0.619,0.38088
7053,0.636,0.36439
7054,0.403,0.59689
7055,0.941,0.058555
7056,0.432,0.5685
7057,0.808,0.19212
7058,0.616,0.38432
7059,0.851,0.14856000000000003
7060,0.637,0.36301
7061,0.416,0.5842400000000001
7062,0.921,0.079
7063,0.924,0.07636000000000001
7064,0.41,0.59001
7065,0.654,0.34597999999999995
7066,0.672,0.32800999999999997
7067,0.604,0.39635
7068,0.484,0.5157400000000001
7069,0.81,0.18967
7070,0.802,0.19835
7071,0.607,0.39333999999999997
7072,0.907,0.09275
7073,0.806,0.194
7074,0.638,0.36212999999999995
7075,0.861,0.13929
7076,0.662,0.3378
7077,0.878,0.12186
7078,0.833,0.16718
7079,0.871,0.12945
7080,0.892,0.10832000000000001
7081,0.851,0.14892
7082,0.643,0.35681999999999997
7083,0.894,0.10641
7084,0.438,0.56249
7085,0.867,0.13335000000000002
7086,0.888,0.11209
7087,0.833,0.16716999999999999
7088,0.484,0.51588
7089,0.948,0.05210000000000001
7090,0.816,0.18413000000000002
7091,0.417,0.58291
7092,0.403,0.59713
7093,0.696,0.30357
7094,0.948,0.05188
7095,0.852,0.14777
7096,0.893,0.10681000000000002
7097,0.806,0.1943
7098,0.458,0.54234
7099,0.687,0.31329999999999997
7100,0.907,0.09273
7101,0.634,0.36640999999999996
7102,0.674,0.32558
7103,0.468,0.5320900000000001
7104,0.863,0.1366
7105,0.625,0.37533
7106,0.867,0.13311
7107,0.854,0.14636000000000002
7108,0.876,0.12416
7109,0.662,0.33808
7110,0.474,0.5259600000000001
7111,0.45,0.55001
7112,0.671,0.32878999999999997
7113,0.826,0.17423
7114,0.903,0.09737000000000001
7115,0.891,0.10916000000000001
7116,0.437,0.56272
7117,0.682,0.31823999999999997
7118,0.692,0.30811999999999995
7119,0.85,0.15048999999999998
7120,0.808,0.19207
7121,0.404,0.59626
7122,0.807,0.19306
7123,0.894,0.10599999999999998
7124,0.696,0.30384999999999995
7125,0.644,0.35624999999999996
7126,0.873,0.12695
7127,0.452,0.54791
7128,0.828,0.17151
7129,0.455,0.54532
7130,0.882,0.11779999999999999
7131,0.649,0.35105
7132,0.692,0.30766
7133,0.436,0.56442
7134,0.816,0.18377
7135,0.83,0.16986
7136,0.427,0.5732600000000001
7137,0.832,0.16791999999999999
7138,0.903,0.09702000000000001
7139,0.691,0.30887
7140,0.652,0.34775999999999996
7141,0.411,0.5888
7142,0.847,0.15277
7143,0.407,0.59309
7144,0.861,0.13920000000000002
7145,0.873,0.12708
7146,0.944,0.05631
7147,0.429,0.5709500000000001
7148,0.691,0.30932
7149,0.911,0.08883
7150,0.891,0.10854
7151,0.43,0.57026
7152,0.461,0.53885
7153,0.426,0.5742900000000001
7154,0.673,0.32654
7155,0.424,0.57637
7156,0.486,0.51351
7157,0.654,0.34629
7158,0.442,0.5579500000000001
7159,0.499,0.50092
7160,0.945,0.05536
7161,0.43,0.5701200000000001
7162,0.61,0.38959
7163,0.892,0.10848000000000001
7164,0.439,0.5611900000000001
7165,0.66,0.3397
7166,0.802,0.1978
7167,0.44,0.55961
7168,0.821,0.17874
7169,0.869,0.13107000000000002
7170,0.694,0.30621
7171,0.905,0.09506
7172,0.892,0.10787999999999999
7173,0.888,0.11212
7174,0.861,0.13899
7175,0.603,0.39659
7176,0.829,0.17123
7177,0.894,0.10646999999999998
7178,0.613,0.38747
7179,0.802,0.19784000000000002
7180,0.496,0.50437
7181,0.898,0.1023
7182,0.65,0.35024
7183,0.897,0.10258999999999999
7184,0.609,0.39066
7185,0.852,0.14831
7186,0.495,0.50471
7187,0.65,0.34985999999999995
7188,0.605,0.39493
7189,0.635,0.36517
7190,0.665,0.33523
7191,0.84,0.16011
7192,0.811,0.18947
7193,0.481,0.5185000000000001
7194,0.407,0.5926800000000001
7195,0.887,0.11271999999999999
7196,0.902,0.09834000000000001
7197,0.669,0.33079
7198,0.851,0.14886
7199,0.402,0.59829
7200,0.618,0.38249
7201,0.463,0.53718
7202,0.85,0.14977000000000001
7203,0.697,0.3026
7204,0.907,0.09267
7205,0.924,0.07590000000000001
7206,0.89,0.11013
7207,0.846,0.15356999999999998
7208,0.409,0.5906
7209,0.663,0.33675
7210,0.849,0.15051
7211,0.457,0.54279
7212,0.853,0.14740999999999999
7213,0.487,0.5134500000000001
7214,0.671,0.32943
7215,0.695,0.30483
7216,0.623,0.37678
7217,0.677,0.3227
7218,0.482,0.5181100000000001
7219,0.851,0.14912999999999998
7220,0.69,0.31000999999999995
7221,0.608,0.39227
7222,0.608,0.39226
7223,0.898,0.10224
7224,0.664,0.33565
7225,0.697,0.30288
7226,0.426,0.5737500000000001
7227,0.913,0.08745
7228,0.454,0.5459900000000001
7229,0.816,0.18401
7230,0.919,0.08142
7231,0.414,0.5861200000000001
7232,0.414,0.5856
7233,0.82,0.1796
7234,0.802,0.19778
7235,0.663,0.33682999999999996
7236,0.699,0.30067999999999995
7237,0.937,0.06287000000000001
7238,0.903,0.09713000000000001
7239,0.802,0.19821
7240,0.871,0.12910000000000002
7241,0.678,0.32221
7242,0.89,0.11013999999999999
7243,0.492,0.50771
7244,0.868,0.13178
7245,0.855,0.14461000000000002
7246,0.683,0.31712999999999997
7247,0.674,0.32566999999999996
7248,0.432,0.56813
7249,0.442,0.55845
7250,0.819,0.18126
7251,0.637,0.36297999999999997
7252,0.435,0.5654600000000001
7253,0.439,0.5612600000000001
7254,0.883,0.11732999999999999
7255,0.832,0.16837
7256,0.697,0.30285999999999996
7257,0.85,0.14958000000000002
7258,0.865,0.13482
7259,0.7,0.30046999999999996
7260,0.902,0.09770000000000001
7261,0.682,0.31778999999999996
7262,0.616,0.38425
7263,0.409,0.5911500000000001
7264,0.89,0.11029
7265,0.606,0.394385
7266,0.851,0.14886000000000002
7267,0.861,0.13855
7268,0.82,0.18003
7269,0.917,0.08327000000000001
7270,0.671,0.32931
7271,0.401,0.59857
7272,0.875,0.12462000000000001
7273,0.637,0.36293
7274,0.841,0.15891
7275,0.903,0.09667
7276,0.453,0.54696
7277,0.926,0.07413
7278,0.612,0.38836
7279,0.939,0.060680000000000005
7280,0.851,0.14855000000000002
7281,0.853,0.14701
7282,0.85,0.14980000000000002
7283,0.445,0.5553400000000001
7284,0.925,0.07534
7285,0.864,0.13577
7286,0.699,0.30052999999999996
7287,0.924,0.07557
7288,0.904,0.09634000000000001
7289,0.824,0.17603
7290,0.835,0.16504
7291,0.844,0.15573
7292,0.941,0.05918
7293,0.41,0.5902400000000001
7294,0.862,0.13757
7295,0.697,0.30272
7296,0.897,0.10257
7297,0.677,0.32265
7298,0.665,0.3352
7299,0.418,0.58242
7300,0.693,0.30688
7301,0.883,0.11735999999999999
7302,0.828,0.17173
7303,0.918,0.08191000000000001
7304,0.444,0.5556300000000001
7305,0.423,0.5765100000000001
7306,0.603,0.39654
7307,0.427,0.57333
7308,0.699,0.30079999999999996
7309,0.633,0.36695
7310,0.498,0.50153
7311,0.854,0.14625000000000002
7312,0.675,0.3253
7313,0.815,0.18531999999999998
7314,0.886,0.11385999999999999
7315,0.462,0.53773
7316,0.41,0.5895400000000001
7317,0.685,0.31482
7318,0.692,0.30768999999999996
7319,0.87,0.12991999999999998
7320,0.676,0.32359
7321,0.825,0.17501
7322,0.622,0.37783
7323,0.917,0.08342000000000001
7324,0.945,0.05493000000000001
7325,0.859,0.14078
7326,0.868,0.13211
7327,0.893,0.10734
7328,0.473,0.5274000000000001
7329,0.614,0.38572999999999996
7330,0.484,0.51612
7331,0.862,0.13755
7332,0.443,0.55691
7333,0.864,0.13638
7334,0.91,0.08996000000000001
7335,0.498,0.50155
7336,0.9,0.09960000000000001
7337,0.679,0.32137
7338,0.877,0.12335000000000002
7339,0.687,0.31278
7340,0.9,0.10026000000000002
7341,0.401,0.59916
7342,0.415,0.5853900000000001
7343,0.89,0.10980000000000001
7344,0.81,0.18983
7345,0.89,0.10993999999999998
7346,0.682,0.31771
7347,0.643,0.3569
7348,0.926,0.0742
7349,0.481,0.5189400000000001
7350,0.695,0.30499
7351,0.863,0.13733
7352,0.634,0.36596999999999996
7353,0.441,0.55877
7354,0.605,0.39479
7355,0.895,0.10495
7356,0.649,0.35052
7357,0.803,0.19677
7358,0.624,0.37600999999999996
7359,0.438,0.56228
7360,0.438,0.56188
7361,0.44,0.5604
7362,0.469,0.53074
7363,0.86,0.14015
7364,0.647,0.35269999999999996
7365,0.617,0.38344999999999996
7366,0.656,0.34404999999999997
7367,0.633,0.36727
7368,0.915,0.08531000000000001
7369,0.411,0.58869
7370,0.612,0.38775
7371,0.639,0.36141999999999996
7372,0.448,0.55233
7373,0.872,0.12797
7374,0.837,0.16296
7375,0.422,0.5783400000000001
7376,0.613,0.3872
7377,0.471,0.5290100000000001
7378,0.631,0.36923
7379,0.648,0.35201
7380,0.892,0.10752999999999999
7381,0.864,0.13566
7382,0.647,0.35297999999999996
7383,0.609,0.39078
7384,0.616,0.38434999999999997
7385,0.865,0.13511
7386,0.621,0.37917999999999996
7387,0.421,0.5786800000000001
7388,0.883,0.11737
7389,0.879,0.12148
7390,0.638,0.36201999999999995
7391,0.409,0.59074
7392,0.673,0.32665999999999995
7393,0.443,0.5571
7394,0.855,0.14471
7395,0.833,0.16726
7396,0.603,0.39724
7397,0.853,0.1472
7398,0.678,0.32175
7399,0.895,0.10543000000000001
7400,0.474,0.52622
7401,0.46,0.54024
7402,0.95,0.05029
7403,0.859,0.14097
7404,0.883,0.11743
7405,0.886,0.11419000000000001
7406,0.832,0.1684
7407,0.488,0.5116700000000001
7408,0.421,0.57931
7409,0.913,0.08709
7410,0.681,0.31938
7411,0.67,0.32976
7412,0.619,0.38127999999999995
7413,0.607,0.39293
7414,0.83,0.17022
7415,0.481,0.51931
7416,0.473,0.52749
7417,0.473,0.5265000000000001
7418,0.652,0.34751
7419,0.898,0.10245
7420,0.611,0.38926
7421,0.427,0.5729000000000001
7422,0.671,0.32871999999999996
7423,0.859,0.14094
7424,0.891,0.10945
7425,0.667,0.33347
7426,0.442,0.5584600000000001
7427,0.868,0.13183
7428,0.405,0.5953700000000001
7429,0.832,0.16818
7430,0.493,0.50692
7431,0.675,0.32476
7432,0.883,0.11714
7433,0.484,0.51603
7434,0.646,0.35361
7435,0.43,0.56967
7436,0.879,0.12134
7437,0.896,0.10360000000000001
7438,0.433,0.56748
7439,0.674,0.32594
7440,0.481,0.51866
7441,0.666,0.33392999999999995
7442,0.86,0.14009
7443,0.904,0.09556
7444,0.829,0.17081
7445,0.684,0.31605999999999995
7446,0.483,0.51734
7447,0.875,0.12474
7448,0.611,0.38949
7449,0.638,0.36211
7450,0.939,0.060700000000000004
7451,0.445,0.5549700000000001
7452,0.926,0.07431
7453,0.497,0.5031000000000001
7454,0.429,0.5713600000000001
7455,0.67,0.32968
7456,0.465,0.5352100000000001
7457,0.495,0.50477
7458,0.928,0.07218000000000001
7459,0.908,0.09196
7460,0.423,0.57699
7461,0.66,0.34015999999999996
7462,0.924,0.07573
7463,0.806,0.19375
7464,0.619,0.38137
7465,0.911,0.08875000000000001
7466,0.906,0.09421
7467,0.851,0.14859
7468,0.423,0.5765800000000001
7469,0.927,0.07346000000000001
7470,0.819,0.18086
7471,0.885,0.11537999999999998
7472,0.859,0.14116
7473,0.646,0.35375999999999996
7474,0.948,0.05223
7475,0.842,0.15812
7476,0.949,0.05079
7477,0.655,0.34515999999999997
7478,0.423,0.57716
7479,0.406,0.59428
7480,0.884,0.1165
7481,0.933,0.06737
7482,0.847,0.15339
7483,0.69,0.31015
7484,0.851,0.14901999999999999
7485,0.899,0.10102
7486,0.49,0.51012
7487,0.848,0.15151
7488,0.887,0.11268999999999998
7489,0.439,0.56113
7490,0.431,0.56884
7491,0.686,0.3142
7492,0.642,0.35790999999999995
7493,0.66,0.33964
7494,0.853,0.14748
7495,0.444,0.5563800000000001
7496,0.918,0.08177000000000001
7497,0.919,0.08101
7498,0.693,0.30674999999999997
7499,0.462,0.53798
7500,0.918,0.08231000000000001
7501,0.878,0.12211
7502,0.882,0.11754999999999999
7503,0.401,0.59872
7504,0.912,0.08817
7505,0.668,0.33237999999999995
7506,0.873,0.12671000000000002
7507,0.9,0.10016
7508,0.829,0.17056
7509,0.649,0.35142999999999996
7510,0.438,0.5622
7511,0.888,0.11183
7512,0.881,0.11878999999999999
7513,0.879,0.12111
7514,0.667,0.33261999999999997
7515,0.604,0.39632
7516,0.415,0.5853600000000001
7517,0.698,0.30221
7518,0.41,0.59026
7519,0.901,0.09872
7520,0.81,0.18973
7521,0.878,0.12226999999999999
7522,0.498,0.50163
7523,0.851,0.14943
7524,0.442,0.55767
7525,0.477,0.52291
7526,0.913,0.08714000000000001
7527,0.929,0.07054
7528,0.687,0.31334999999999996
7529,0.493,0.5065500000000001
7530,0.918,0.08226
7531,0.433,0.56671
7532,0.452,0.54839
7533,0.452,0.54796
7534,0.855,0.14509
7535,0.472,0.52813
7536,0.486,0.5137900000000001
7537,0.605,0.39522
7538,0.469,0.5309200000000001
7539,0.623,0.37734999999999996
7540,0.456,0.5440400000000001
7541,0.623,0.37717999999999996
7542,0.891,0.10885
7543,0.902,0.09811
7544,0.817,0.18314
7545,0.474,0.52641
7546,0.89,0.11005999999999999
7547,0.811,0.18861
7548,0.625,0.37533999999999995
7549,0.882,0.11763000000000001
7550,0.489,0.5110600000000001
7551,0.471,0.52915
7552,0.689,0.31085999999999997
7553,0.884,0.11599999999999999
7554,0.628,0.3716
7555,0.874,0.12558999999999998
7556,0.472,0.52803
7557,0.65,0.35037999999999997
7558,0.814,0.1857
7559,0.64,0.3605
7560,0.918,0.08239
7561,0.698,0.30186999999999997
7562,0.478,0.52236
7563,0.604,0.3957
7564,0.437,0.5632
7565,0.483,0.5166200000000001
7566,0.68,0.31977
7567,0.675,0.32484999999999997
7568,0.606,0.39413
7569,0.897,0.10267
7570,0.879,0.12137
7571,0.856,0.14390999999999998
7572,0.605,0.39475
7573,0.822,0.17833
7574,0.834,0.16588
7575,0.478,0.5215500000000001
7576,0.897,0.10336999999999999
7577,0.698,0.30157999999999996
7578,0.928,0.07195000000000001
7579,0.873,0.12713
7580,0.831,0.16854
7581,0.859,0.14103000000000002
7582,0.831,0.16907
7583,0.651,0.34914999999999996
7584,0.837,0.16269
7585,0.484,0.51622
7586,0.867,0.13287
7587,0.469,0.53112
7588,0.908,0.0925
7589,0.895,0.10464000000000001
7590,0.876,0.12425
7591,0.804,0.19594
7592,0.888,0.1125
7593,0.41,0.59035
7594,0.901,0.09942000000000001
7595,0.936,0.0645
7596,0.438,0.56222
7597,0.883,0.11746000000000001
7598,0.862,0.13784
7599,0.816,0.18436
7600,0.855,0.14453000000000002
7601,0.821,0.17921
7602,0.651,0.34948999999999997
7603,0.926,0.07404000000000001
7604,0.629,0.37089
7605,0.868,0.13218000000000002
7606,0.914,0.08584
7607,0.62,0.37961999999999996
7608,0.862,0.13832
7609,0.858,0.14229999999999998
7610,0.617,0.38315
7611,0.881,0.11855
7612,0.887,0.11299
7613,0.627,0.37324999999999997
7614,0.664,0.3362
7615,0.875,0.12465999999999999
7616,0.941,0.0594
7617,0.859,0.14137
7618,0.646,0.35403999999999997
7619,0.405,0.59548
7620,0.893,0.10679
7621,0.946,0.05387
7622,0.824,0.17593999999999999
7623,0.418,0.58176
7624,0.471,0.5291300000000001
7625,0.689,0.31121
7626,0.874,0.12580999999999998
7627,0.812,0.18783
7628,0.939,0.06094
7629,0.687,0.31266
7630,0.896,0.10432000000000001
7631,0.404,0.59597
7632,0.836,0.16378
7633,0.615,0.38516999999999996
7634,0.927,0.07259
7635,0.918,0.08212
7636,0.471,0.52924
7637,0.808,0.19233
7638,0.464,0.5364
7639,0.915,0.08518
7640,0.895,0.10463999999999998
7641,0.878,0.12208999999999999
7642,0.454,0.5464500000000001
7643,0.888,0.11227999999999999
7644,0.427,0.5734400000000001
7645,0.884,0.11617
7646,0.812,0.18837
7647,0.671,0.32886
7648,0.895,0.10452
7649,0.872,0.1277
7650,0.667,0.33346
7651,0.499,0.50126
7652,0.895,0.10536000000000001
7653,0.489,0.51063
7654,0.412,0.58769
7655,0.92,0.07980000000000001
7656,0.403,0.59735
7657,0.624,0.37643
7658,0.937,0.06288
7659,0.41,0.59047
7660,0.414,0.58635
7661,0.843,0.15653999999999998
7662,0.887,0.11341999999999999
7663,0.435,0.56489
7664,0.924,0.0761
7665,0.653,0.34691
7666,0.487,0.5130800000000001
7667,0.439,0.56106
7668,0.458,0.54232
7669,0.836,0.1638
7670,0.864,0.13615000000000002
7671,0.443,0.55694
7672,0.849,0.15058
7673,0.426,0.57391
7674,0.492,0.50787
7675,0.872,0.12779000000000001
7676,0.806,0.19385
7677,0.664,0.33643999999999996
7678,0.891,0.10875000000000001
7679,0.609,0.39064
7680,0.819,0.1813
7681,0.825,0.1748
7682,0.68,0.31997
7683,0.86,0.14012
7684,0.919,0.08056
7685,0.405,0.5954600000000001
7686,0.608,0.39214
7687,0.499,0.5006900000000001
7688,0.661,0.33855999999999997
7689,0.415,0.5846
7690,0.428,0.57154
7691,0.918,0.08153
7692,0.415,0.5846600000000001
7693,0.673,0.32682
7694,0.482,0.51837
7695,0.823,0.17722
7696,0.499,0.5010600000000001
7697,0.438,0.56201
7698,0.895,0.10450999999999999
7699,0.812,0.18778
7700,0.643,0.35723
7701,0.853,0.14675
7702,0.856,0.14409
7703,0.632,0.36793
7704,0.629,0.37091999999999997
7705,0.447,0.55291
7706,0.858,0.14229000000000003
7707,0.632,0.36830999999999997
7708,0.862,0.13823
7709,0.421,0.57879
7710,0.801,0.19881
7711,0.617,0.38287
7712,0.888,0.11221
7713,0.444,0.5558000000000001
7714,0.653,0.34664999999999996
7715,0.666,0.33398999999999995
7716,0.887,0.11329
7717,0.931,0.0689
7718,0.692,0.30824999999999997
7719,0.896,0.10407999999999999
7720,0.487,0.5130100000000001
7721,0.812,0.18751
7722,0.423,0.5773400000000001
7723,0.831,0.16862
7724,0.929,0.0706
7725,0.853,0.14723
7726,0.942,0.05815000000000001
7727,0.909,0.09081
7728,0.451,0.54857
7729,0.827,0.17297
7730,0.814,0.18576
7731,0.844,0.15566
7732,0.85,0.14956000000000003
7733,0.614,0.38643
7734,0.839,0.16069999999999998
7735,0.846,0.15392999999999998
7736,0.656,0.34358
7737,0.496,0.50439
7738,0.897,0.10341999999999998
7739,0.664,0.33632999999999996
7740,0.844,0.1559
7741,0.916,0.08445
7742,0.679,0.32115
7743,0.867,0.13285000000000002
7744,0.668,0.33225
7745,0.408,0.59167
7746,0.884,0.1164
7747,0.803,0.19683
7748,0.666,0.33397
7749,0.831,0.16924
7750,0.412,0.58772
7751,0.618,0.38236
7752,0.426,0.5739700000000001
7753,0.629,0.37054
7754,0.857,0.14348
7755,0.846,0.15355
7756,0.888,0.11162
7757,0.914,0.08551
7758,0.897,0.10318000000000001
7759,0.901,0.09877000000000001
7760,0.681,0.31853
7761,0.846,0.15435
7762,0.653,0.34697999999999996
7763,0.623,0.37744
7764,0.642,0.35830999999999996
7765,0.863,0.13725
7766,0.46,0.5398700000000001
7767,0.924,0.07597000000000001
7768,0.678,0.32182
7769,0.934,0.06567
7770,0.831,0.16863999999999998
7771,0.857,0.14304
7772,0.872,0.12841000000000002
7773,0.892,0.10824
7774,0.413,0.58653
7775,0.863,0.13682
7776,0.873,0.12727000000000002
7777,0.4,0.59968
7778,0.891,0.10879
7779,0.869,0.13052000000000002
7780,0.897,0.10336000000000001
7781,0.935,0.06458
7782,0.868,0.13158
7783,0.652,0.34769
7784,0.901,0.09917000000000001
7785,0.417,0.5831200000000001
7786,0.873,0.12743000000000002
7787,0.623,0.37655999999999995
7788,0.474,0.52644
7789,0.468,0.5316500000000001
7790,0.921,0.07933000000000001
7791,0.889,0.11070999999999999
7792,0.68,0.32027
7793,0.876,0.12389
7794,0.921,0.07949
7795,0.621,0.37933
7796,0.81,0.19036999999999998
7797,0.651,0.34933
7798,0.928,0.07197
7799,0.678,0.32212999999999997
7800,0.927,0.07293000000000001
7801,0.883,0.11689
7802,0.664,0.33568
7803,0.446,0.55381
7804,0.909,0.0911
7805,0.655,0.34460999999999997
7806,0.424,0.5761900000000001
7807,0.415,0.5849500000000001
7808,0.412,0.5875600000000001
7809,0.466,0.53351
7810,0.878,0.12231
7811,0.691,0.30898
7812,0.438,0.56172
7813,0.614,0.38594999999999996
7814,0.634,0.36623999999999995
7815,0.853,0.14682
7816,0.622,0.37779999999999997
7817,0.888,0.11154
7818,0.925,0.07529000000000001
7819,0.421,0.5791200000000001
7820,0.645,0.35484
7821,0.859,0.14057
7822,0.89,0.10964000000000002
7823,0.883,0.11735000000000001
7824,0.458,0.5422
7825,0.877,0.12252
7826,0.648,0.35228
7827,0.872,0.12804000000000001
7828,0.854,0.14571
7829,0.48,0.5198900000000001
7830,0.632,0.36756
7831,0.907,0.09262000000000001
7832,0.659,0.34107
7833,0.622,0.37754
7834,0.938,0.06211
7835,0.484,0.51566
7836,0.699,0.30146999999999996
7837,0.815,0.18493
7838,0.943,0.057330000000000006
7839,0.666,0.33414
7840,0.628,0.37159
7841,0.64,0.35975999999999997
7842,0.871,0.12925
7843,0.842,0.15762
7844,0.651,0.34907
7845,0.655,0.34545
7846,0.432,0.56833
7847,0.942,0.05761
7848,0.932,0.06785
7849,0.662,0.33758
7850,0.489,0.5106200000000001
7851,0.602,0.39837999999999996
7852,0.677,0.32317999999999997
7853,0.872,0.12830000000000003
7854,0.447,0.553
7855,0.668,0.33219
7856,0.89,0.10968
7857,0.632,0.36805
7858,0.605,0.39543
7859,0.466,0.53442
7860,0.461,0.53913
7861,0.442,0.55815
7862,0.644,0.35605
7863,0.852,0.14842
7864,0.448,0.55234
7865,0.819,0.18057
7866,0.882,0.11846999999999999
7867,0.864,0.13645
7868,0.892,0.10803000000000001
7869,0.639,0.36136999999999997
7870,0.415,0.5847500000000001
7871,0.666,0.33391
7872,0.684,0.31553
7873,0.918,0.08164
7874,0.927,0.07316
7875,0.857,0.14262000000000002
7876,0.602,0.39791
7877,0.808,0.19175
7878,0.656,0.34423
7879,0.922,0.07779
7880,0.608,0.39169
7881,0.889,0.11098000000000001
7882,0.89,0.10998000000000001
7883,0.402,0.59818
7884,0.894,0.10619999999999999
7885,0.95,0.050050000000000004
7886,0.459,0.5408900000000001
7887,0.868,0.1318
7888,0.9,0.09959000000000001
7889,0.847,0.15342
7890,0.835,0.16487
7891,0.672,0.32821999999999996
7892,0.49,0.51037
7893,0.83,0.17029
7894,0.605,0.39503
7895,0.861,0.13913999999999999
7896,0.658,0.34162
7897,0.854,0.14611000000000002
7898,0.946,0.05359
7899,0.689,0.31138
7900,0.942,0.05754000000000001
7901,0.91,0.09002
7902,0.937,0.06279000000000001
7903,0.892,0.10790999999999999
7904,0.607,0.39258
7905,0.451,0.5492100000000001
7906,0.407,0.59324
7907,0.635,0.36479
7908,0.81,0.18991
7909,0.927,0.07339000000000001
7910,0.915,0.08509
7911,0.822,0.17782
7912,0.485,0.51543
7913,0.621,0.37877999999999995
7914,0.673,0.32743
7915,0.824,0.17602
7916,0.898,0.10247
7917,0.911,0.08934
7918,0.929,0.07102
7919,0.685,0.31503
7920,0.445,0.55523
7921,0.605,0.3951
7922,0.885,0.11515999999999998
7923,0.62,0.37993
7924,0.885,0.11499999999999999
7925,0.662,0.33826999999999996
7926,0.447,0.55271
7927,0.814,0.18614
7928,0.909,0.09058000000000001
7929,0.883,0.11733
7930,0.696,0.30366
7931,0.605,0.39498999999999995
7932,0.454,0.5458200000000001
7933,0.426,0.57352
7934,0.886,0.11398000000000001
7935,0.678,0.32247
7936,0.821,0.17882
7937,0.429,0.5708300000000001
7938,0.814,0.18592999999999998
7939,0.846,0.15353999999999998
7940,0.459,0.54084
7941,0.629,0.37067
7942,0.851,0.14887
7943,0.663,0.33693999999999996
7944,0.838,0.16241999999999998
7945,0.615,0.38510999999999995
7946,0.602,0.39754999999999996
7947,0.62,0.37967999999999996
7948,0.695,0.30455999999999994
7949,0.432,0.5681200000000001
7950,0.862,0.13799
7951,0.69,0.31011
7952,0.894,0.10556
7953,0.891,0.10937999999999999
7954,0.86,0.13988
7955,0.615,0.38464
7956,0.834,0.1659
7957,0.852,0.14786000000000002
7958,0.915,0.08527000000000001
7959,0.925,0.07501000000000001
7960,0.832,0.16804
7961,0.807,0.19312
7962,0.606,0.39358
7963,0.829,0.17066
7964,0.894,0.10557
7965,0.649,0.35095
7966,0.942,0.05768
7967,0.663,0.33687999999999996
7968,0.477,0.52317
7969,0.85,0.15017
7970,0.889,0.11084999999999999
7971,0.405,0.5951500000000001
7972,0.427,0.57349
7973,0.402,0.5977
7974,0.66,0.33988999999999997
7975,0.939,0.06124
7976,0.662,0.33779
7977,0.462,0.53837
7978,0.684,0.31561999999999996
7979,0.815,0.18478
7980,0.646,0.35438
7981,0.448,0.55181
7982,0.886,0.11381999999999999
7983,0.87,0.12972
7984,0.628,0.37228
7985,0.62,0.38044
7986,0.479,0.52149
7987,0.945,0.05469
7988,0.839,0.16054
7989,0.487,0.51312
7990,0.486,0.51409
7991,0.602,0.39766
7992,0.938,0.06196
7993,0.449,0.5513800000000001
7994,0.678,0.32219
7995,0.874,0.12632
7996,0.448,0.55186
7997,0.851,0.14925
7998,0.808,0.19168
7999,0.651,0.34929
8000,0.924,0.07611000000000001
8001,0.811,0.18909
8002,0.485,0.5150600000000001
8003,0.857,0.14261000000000001
8004,0.859,0.14121
8005,0.639,0.36062999999999995
8006,0.419,0.58114
8007,0.5,0.5001300000000001
8008,0.646,0.35442999999999997
8009,0.689,0.31140999999999996
8010,0.871,0.12928
8011,0.842,0.15758
8012,0.82,0.17961
8013,0.896,0.10432
8014,0.815,0.1848
8015,0.475,0.52515
8016,0.438,0.56232
8017,0.641,0.35924999999999996
8018,0.675,0.32488999999999996
8019,0.829,0.17096
8020,0.636,0.36426
8021,0.42,0.58037
8022,0.87,0.13002999999999998
8023,0.892,0.10832999999999998
8024,0.437,0.56291
8025,0.909,0.09059
8026,0.852,0.14822
8027,0.699,0.30123999999999995
8028,0.883,0.11714000000000001
8029,0.468,0.532
8030,0.876,0.12386000000000001
8031,0.884,0.11573
8032,0.823,0.17709
8033,0.857,0.14339000000000002
8034,0.618,0.38189999999999996
8035,0.854,0.14553
8036,0.411,0.58901
8037,0.696,0.30417
8038,0.851,0.14923
8039,0.868,0.13214
8040,0.639,0.36051
8041,0.887,0.11295999999999999
8042,0.814,0.18599
8043,0.441,0.55861
8044,0.835,0.16452
8045,0.473,0.5270900000000001
8046,0.889,0.11089
8047,0.873,0.12714999999999999
8048,0.845,0.155
8049,0.948,0.052385
8050,0.864,0.13647
8051,0.814,0.18633
8052,0.629,0.37126
8053,0.44,0.5595600000000001
8054,0.874,0.12593
8055,0.844,0.1556
8056,0.471,0.5294800000000001
8057,0.631,0.36867999999999995
8058,0.436,0.5639000000000001
8059,0.899,0.10064999999999999
8060,0.92,0.07956
8061,0.894,0.10603000000000001
8062,0.639,0.36119999999999997
8063,0.679,0.3213
8064,0.866,0.13418
8065,0.654,0.34619999999999995
8066,0.877,0.12304
8067,0.895,0.10453000000000001
8068,0.649,0.35084
8069,0.848,0.15202
8070,0.451,0.5493100000000001
8071,0.625,0.37488
8072,0.818,0.18217
8073,0.876,0.12390999999999999
8074,0.444,0.55561
8075,0.859,0.14133
8076,0.419,0.58091
8077,0.884,0.11573
8078,0.498,0.5015900000000001
8079,0.425,0.57518
8080,0.806,0.19356
8081,0.859,0.14053000000000002
8082,0.49,0.51007
8083,0.467,0.53319
8084,0.632,0.36768999999999996
8085,0.664,0.33608
8086,0.896,0.10363999999999998
8087,0.849,0.15141
8088,0.809,0.19086
8089,0.626,0.37418999999999997
8090,0.857,0.14318
8091,0.439,0.56121
8092,0.466,0.5338200000000001
8093,0.935,0.06537000000000001
8094,0.84,0.15983
8095,0.44,0.5603100000000001
8096,0.444,0.5556500000000001
8097,0.883,0.11699000000000001
8098,0.423,0.57694
8099,0.901,0.09862000000000001
8100,0.875,0.12513000000000002
8101,0.687,0.31316
8102,0.418,0.58221
8103,0.62,0.37983
8104,0.462,0.53803
8105,0.695,0.30494999999999994
8106,0.874,0.12571000000000002
8107,0.935,0.06519
8108,0.905,0.09489
8109,0.907,0.09261
8110,0.417,0.5827500000000001
8111,0.809,0.19104
8112,0.437,0.56252
8113,0.624,0.37633999999999995
8114,0.423,0.57748
8115,0.413,0.5871900000000001
8116,0.68,0.31971
8117,0.897,0.10265
8118,0.695,0.30466
8119,0.643,0.35705
8120,0.828,0.17193
8121,0.804,0.19555
8122,0.874,0.12623
8123,0.684,0.31626
8124,0.674,0.32627999999999996
8125,0.649,0.35102
8126,0.456,0.54354
8127,0.899,0.10132999999999999
8128,0.832,0.16811
8129,0.854,0.14573000000000003
8130,0.869,0.13054
8131,0.894,0.10569999999999999
8132,0.939,0.0609
8133,0.661,0.33925
8134,0.462,0.53754
8135,0.86,0.14039000000000001
8136,0.873,0.1266
8137,0.923,0.07738
8138,0.857,0.14315
8139,0.691,0.30933
8140,0.635,0.3646
8141,0.695,0.30485999999999996
8142,0.811,0.18939
8143,0.863,0.13661
8144,0.814,0.1863
8145,0.678,0.32205999999999996
8146,0.628,0.37234
8147,0.673,0.32692
8148,0.839,0.16107
8149,0.475,0.5247350000000001
8150,0.654,0.34623
8151,0.945,0.05491
8152,0.642,0.35769999999999996
8153,0.806,0.19382
8154,0.865,0.13529000000000002
8155,0.802,0.19848
8156,0.436,0.56443
8157,0.437,0.5633900000000001
8158,0.844,0.15606
8159,0.617,0.38266
8160,0.944,0.055900000000000005
8161,0.664,0.33555999999999997
8162,0.879,0.12095
8163,0.866,0.13372
8164,0.642,0.35825999999999997
8165,0.931,0.06901
8166,0.94,0.05988
8167,0.93,0.07015
8168,0.894,0.10572000000000001
8169,0.947,0.05267
8170,0.437,0.56321
8171,0.446,0.55369
8172,0.883,0.11740999999999999
8173,0.491,0.50885
8174,0.877,0.12304000000000001
8175,0.854,0.14585
8176,0.857,0.14279
8177,0.815,0.18451
8178,0.872,0.12789999999999999
8179,0.693,0.30655999999999994
8180,0.45,0.55047
8181,0.475,0.52522
8182,0.632,0.36784
8183,0.633,0.36696999999999996
8184,0.473,0.5267200000000001
8185,0.932,0.067945
8186,0.406,0.5939000000000001
8187,0.908,0.09204000000000001
8188,0.884,0.11582999999999999
8189,0.475,0.5249900000000001
8190,0.494,0.50637
8191,0.819,0.18081
8192,0.83,0.16988
8193,0.828,0.17160999999999998
8194,0.888,0.11168
8195,0.839,0.16075
8196,0.608,0.39215999999999995
8197,0.634,0.36571
8198,0.879,0.12050999999999999
8199,0.863,0.13702999999999999
8200,0.862,0.13834
8201,0.838,0.16183999999999998
8202,0.891,0.1092
8203,0.869,0.13093000000000002
8204,0.835,0.16472
8205,0.86,0.1402
8206,0.442,0.55793
8207,0.833,0.16745
8208,0.801,0.19883
8209,0.63,0.36998
8210,0.922,0.07831
8211,0.896,0.10407
8212,0.93,0.06974000000000001
8213,0.875,0.12509
8214,0.477,0.52327
8215,0.863,0.13745000000000002
8216,0.867,0.13272
8217,0.848,0.15225
8218,0.622,0.37783999999999995
8219,0.887,0.11273999999999999
8220,0.883,0.11731
8221,0.676,0.32353
8222,0.674,0.32594999999999996
8223,0.459,0.5408000000000001
8224,0.696,0.3035
8225,0.823,0.17739
8226,0.662,0.33768
8227,0.663,0.33692
8228,0.612,0.38783999999999996
8229,0.948,0.05242
8230,0.412,0.58826
8231,0.917,0.08322
8232,0.947,0.05284
8233,0.424,0.57609
8234,0.854,0.1459
8235,0.6,0.39981999999999995
8236,0.401,0.59928
8237,0.899,0.101
8238,0.81,0.18985
8239,0.879,0.12103000000000001
8240,0.883,0.11745999999999998
8241,0.687,0.31321
8242,0.804,0.19605
8243,0.912,0.08814000000000001
8244,0.942,0.057730000000000004
8245,0.913,0.08704
8246,0.464,0.53622
8247,0.466,0.5340100000000001
8248,0.905,0.09547
8249,0.926,0.07416
8250,0.693,0.30735999999999997
8251,0.461,0.53891
8252,0.451,0.5486500000000001
8253,0.418,0.58157
8254,0.837,0.16263999999999998
8255,0.867,0.13261
8256,0.657,0.34258
8257,0.683,0.31686
8258,0.921,0.07891000000000001
8259,0.854,0.14598
8260,0.641,0.35911
8261,0.812,0.18782
8262,0.624,0.37565
8263,0.808,0.19186
8264,0.874,0.12618
8265,0.48,0.52024
8266,0.863,0.13706000000000002
8267,0.457,0.54264
8268,0.806,0.19399
8269,0.68,0.32025
8270,0.438,0.56215
8271,0.601,0.39864
8272,0.84,0.15967
8273,0.667,0.333315
8274,0.441,0.55949
8275,0.876,0.12448
8276,0.891,0.10895
8277,0.423,0.5772
8278,0.44,0.5595
8279,0.87,0.12967
8280,0.802,0.19814
8281,0.903,0.09699
8282,0.417,0.58331
8283,0.889,0.11091999999999999
8284,0.601,0.39905
8285,0.411,0.5885900000000001
8286,0.612,0.38787
8287,0.933,0.06651000000000001
8288,0.828,0.17195
8289,0.893,0.10747000000000001
8290,0.643,0.35662
8291,0.475,0.5248700000000001
8292,0.855,0.14525
8293,0.94,0.060270000000000004
8294,0.646,0.35434
8295,0.614,0.38610999999999995
8296,0.458,0.54186
8297,0.636,0.36411
8298,0.899,0.10053999999999999
8299,0.61,0.38961999999999997
8300,0.462,0.53815
8301,0.94,0.0604
8302,0.803,0.19746
8303,0.904,0.09576000000000001
8304,0.932,0.06817999999999999
8305,0.626,0.37405
8306,0.602,0.39849
8307,0.48,0.5196200000000001
8308,0.69,0.31038
8309,0.669,0.33135
8310,0.929,0.07119
8311,0.833,0.1668
8312,0.636,0.36385999999999996
8313,0.856,0.1437
8314,0.645,0.35513999999999996
8315,0.603,0.39715
8316,0.406,0.59397
8317,0.654,0.346
8318,0.469,0.5305500000000001
8319,0.907,0.09265000000000001
8320,0.831,0.1688
8321,0.692,0.30801999999999996
8322,0.427,0.5727500000000001
8323,0.916,0.08378000000000001
8324,0.651,0.34892999999999996
8325,0.498,0.50212
8326,0.448,0.55156
8327,0.901,0.09884000000000001
8328,0.67,0.33007
8329,0.636,0.36395
8330,0.876,0.12391999999999999
8331,0.675,0.3251
8332,0.495,0.5052000000000001
8333,0.825,0.17532
8334,0.838,0.16169
8335,0.618,0.38223999999999997
8336,0.876,0.12428
8337,0.449,0.55101
8338,0.47,0.5297200000000001
8339,0.857,0.14294
8340,0.415,0.58508
8341,0.857,0.14323000000000002
8342,0.893,0.10715
8343,0.933,0.06727
8344,0.601,0.39866999999999997
8345,0.915,0.08507
8346,0.652,0.34802
8347,0.873,0.12713999999999998
8348,0.886,0.11389
8349,0.46,0.54027
8350,0.682,0.31827
8351,0.82,0.18039
8352,0.456,0.54398
8353,0.699,0.30119999999999997
8354,0.816,0.18363000000000002
8355,0.813,0.18696000000000002
8356,0.461,0.53888
8357,0.806,0.19392
8358,0.932,0.06812000000000001
8359,0.842,0.1585
8360,0.65,0.34963999999999995
8361,0.655,0.34463
8362,0.616,0.3843
8363,0.863,0.13729000000000002
8364,0.416,0.58447
8365,0.864,0.13618000000000002
8366,0.946,0.053770000000000005
8367,0.904,0.09605000000000001
8368,0.836,0.16358
8369,0.463,0.53729
8370,0.873,0.12675
8371,0.923,0.07730000000000001
8372,0.641,0.35947999999999997
8373,0.915,0.08512
8374,0.45,0.55003
8375,0.601,0.39931
8376,0.463,0.53724
8377,0.859,0.14149
8378,0.446,0.5543600000000001
8379,0.835,0.16538
8380,0.687,0.31311
8381,0.497,0.50343
8382,0.697,0.30315
8383,0.672,0.32771
8384,0.886,0.11393
8385,0.947,0.052910000000000006
8386,0.623,0.3767
8387,0.432,0.56771
8388,0.638,0.36185999999999996
8389,0.85,0.14992
8390,0.441,0.55938
8391,0.643,0.35688
8392,0.915,0.08487
8393,0.681,0.31876
8394,0.619,0.38065
8395,0.653,0.34692
8396,0.492,0.50782
8397,0.892,0.10761
8398,0.942,0.058050000000000004
8399,0.816,0.18442
8400,0.604,0.39564
8401,0.657,0.34325
8402,0.803,0.19747
8403,0.672,0.32754
8404,0.437,0.5629500000000001
8405,0.856,0.14388
8406,0.947,0.05303
8407,0.617,0.38327999999999995
8408,0.865,0.13541
8409,0.68,0.31984999999999997
8410,0.812,0.18823
8411,0.876,0.12372
8412,0.614,0.38555
8413,0.411,0.58931
8414,0.801,0.19932
8415,0.652,0.34848999999999997
8416,0.695,0.30457
8417,0.691,0.30874999999999997
8418,0.896,0.104405
8419,0.631,0.36895
8420,0.625,0.37487
8421,0.917,0.08269000000000001
8422,0.904,0.09565000000000001
8423,0.843,0.15674
8424,0.865,0.13479
8425,0.459,0.54132
8426,0.616,0.38448
8427,0.873,0.12731
8428,0.896,0.10447000000000001
8429,0.69,0.30957999999999997
8430,0.679,0.32072
8431,0.865,0.13549
8432,0.452,0.5479400000000001
8433,0.422,0.5775
8434,0.841,0.15852
8435,0.885,0.11484999999999998
8436,0.894,0.10615000000000001
8437,0.89,0.10990999999999998
8438,0.481,0.51937
8439,0.883,0.11666
8440,0.409,0.59136
8441,0.634,0.36590999999999996
8442,0.445,0.5551
8443,0.862,0.13835
8444,0.453,0.5474
8445,0.904,0.09594
8446,0.945,0.055420000000000004
8447,0.875,0.12461
8448,0.482,0.517595
8449,0.828,0.172225
8450,0.852,0.14782
8451,0.405,0.59516
8452,0.927,0.07337
8453,0.614,0.38566999999999996
8454,0.469,0.53078
8455,0.854,0.14578
8456,0.88,0.12
8457,0.925,0.07481
8458,0.828,0.17218
8459,0.656,0.34419
8460,0.841,0.15922
8461,0.863,0.13674
8462,0.48,0.5203800000000001
8463,0.857,0.14340000000000003
8464,0.855,0.14468999999999999
8465,0.931,0.06920000000000001
8466,0.866,0.1339
8467,0.906,0.09380000000000001
8468,0.414,0.58636
8469,0.885,0.11462999999999998
8470,0.607,0.39253
8471,0.648,0.35166
8472,0.635,0.36473
8473,0.661,0.33864
8474,0.836,0.16396
8475,0.874,0.12563
8476,0.415,0.58477
8477,0.852,0.14771
8478,0.8,0.19979
8479,0.649,0.35134
8480,0.884,0.11648999999999998
8481,0.664,0.33597
8482,0.465,0.5346200000000001
8483,0.91,0.09032000000000001
8484,0.876,0.1244
8485,0.856,0.14394
8486,0.651,0.34852
8487,0.673,0.32744999999999996
8488,0.939,0.06053
8489,0.432,0.5677300000000001
8490,0.889,0.11071
8491,0.918,0.08154
8492,0.867,0.13299
8493,0.849,0.15123
8494,0.668,0.33214
8495,0.873,0.12706
8496,0.449,0.55076
8497,0.421,0.5786
8498,0.428,0.57179
8499,0.65,0.34958
8500,0.459,0.54142
8501,0.468,0.53186
8502,0.819,0.18111
8503,0.64,0.36001999999999995
8504,0.924,0.07575000000000001
8505,0.404,0.59553
8506,0.816,0.18387
8507,0.853,0.14673000000000003
8508,0.494,0.5061300000000001
8509,0.92,0.08017
8510,0.878,0.12224000000000002
8511,0.617,0.38305999999999996
8512,0.672,0.32782
8513,0.447,0.5533
8514,0.494,0.5060300000000001
8515,0.683,0.31748
8516,0.42,0.57974
8517,0.498,0.50161
8518,0.61,0.38997
8519,0.918,0.08243
8520,0.443,0.5567200000000001
8521,0.82,0.17982
8522,0.68,0.32026
8523,0.423,0.5766800000000001
8524,0.437,0.5634100000000001
8525,0.673,0.32700999999999997
8526,0.802,0.19761
8527,0.867,0.13252
8528,0.664,0.33579
8529,0.811,0.18925
8530,0.475,0.52505
8531,0.892,0.10826
8532,0.468,0.5323300000000001
8533,0.87,0.12997
8534,0.898,0.10180999999999998
8535,0.913,0.08691
8536,0.636,0.36433
8537,0.834,0.16562
8538,0.401,0.5994900000000001
8539,0.859,0.1406
8540,0.619,0.38054
8541,0.626,0.37356
8542,0.432,0.56847
8543,0.874,0.12586999999999998
8544,0.863,0.13704
8545,0.677,0.32313
8546,0.649,0.35094
8547,0.434,0.5664600000000001
8548,0.868,0.13223
8549,0.924,0.07556
8550,0.837,0.16274999999999998
8551,0.833,0.16652999999999998
8552,0.854,0.14639000000000002
8553,0.412,0.58762
8554,0.697,0.30326
8555,0.462,0.5379700000000001
8556,0.424,0.57636
8557,0.825,0.17539
8558,0.936,0.06395
8559,0.642,0.35813999999999996
8560,0.894,0.10583999999999999
8561,0.647,0.35252999999999995
8562,0.83,0.17007
8563,0.864,0.13607000000000002
8564,0.636,0.3641
8565,0.677,0.32277
8566,0.411,0.58948
8567,0.856,0.14449
8568,0.847,0.15284
8569,0.842,0.1581
8570,0.488,0.5115000000000001
8571,0.453,0.5470700000000001
8572,0.669,0.3307
8573,0.887,0.11321999999999999
8574,0.868,0.13161
8575,0.669,0.33093999999999996
8576,0.629,0.37052999999999997
8577,0.689,0.31098
8578,0.911,0.08860000000000001
8579,0.874,0.12633
8580,0.655,0.34501
8581,0.429,0.57101
8582,0.423,0.5774100000000001
8583,0.884,0.11607999999999999
8584,0.923,0.07697000000000001
8585,0.873,0.12728
8586,0.612,0.38844999999999996
8587,0.692,0.30838
8588,0.637,0.36285999999999996
8589,0.675,0.32466999999999996
8590,0.614,0.3861
8591,0.483,0.51661
8592,0.456,0.54374
8593,0.68,0.31992
8594,0.473,0.5267900000000001
8595,0.677,0.3233
8596,0.663,0.33686
8597,0.937,0.06285
8598,0.425,0.5753600000000001
8599,0.424,0.5760000000000001
8600,0.944,0.056190000000000004
8601,0.467,0.5327900000000001
8602,0.871,0.12906
8603,0.858,0.14227
8604,0.4,0.59963
8605,0.665,0.33504999999999996
8606,0.924,0.07585
8607,0.671,0.32914
8608,0.612,0.38833999999999996
8609,0.491,0.5087700000000001
8610,0.944,0.05578
8611,0.877,0.12278
8612,0.608,0.39171999999999996
8613,0.691,0.30894999999999995
8614,0.868,0.13199
8615,0.861,0.13944
8616,0.466,0.53447
8617,0.656,0.34401
8618,0.435,0.5646300000000001
8619,0.9,0.09966
8620,0.806,0.19403
8621,0.485,0.51487
8622,0.882,0.11802000000000001
8623,0.452,0.5475800000000001
8624,0.493,0.50707
8625,0.661,0.33909999999999996
8626,0.481,0.51885
8627,0.696,0.30445999999999995
8628,0.854,0.14634000000000003
8629,0.892,0.10807
8630,0.649,0.35108
8631,0.855,0.14453
8632,0.496,0.5041500000000001
8633,0.918,0.08244000000000001
8634,0.893,0.10665000000000001
8635,0.888,0.11152999999999999
8636,0.942,0.05809
8637,0.644,0.35623
8638,0.896,0.10394999999999999
8639,0.858,0.14240000000000003
8640,0.861,0.13859
8641,0.885,0.11488499999999999
8642,0.941,0.059410000000000004
8643,0.932,0.06793
8644,0.919,0.08120000000000001
8645,0.832,0.16754
8646,0.619,0.38123999999999997
8647,0.678,0.32173999999999997
8648,0.474,0.52629
8649,0.943,0.056510000000000005
8650,0.677,0.32334999999999997
8651,0.407,0.59269
8652,0.429,0.57142
8653,0.899,0.10111
8654,0.471,0.5288400000000001
8655,0.681,0.31928999999999996
8656,0.468,0.53156
8657,0.449,0.5506000000000001
8658,0.689,0.31066
8659,0.402,0.5979300000000001
8660,0.425,0.5750000000000001
8661,0.821,0.17875
8662,0.492,0.5078100000000001
8663,0.487,0.5132500000000001
8664,0.848,0.15198
8665,0.839,0.16101
8666,0.864,0.13549999999999998
8667,0.891,0.10873000000000001
8668,0.893,0.10693000000000001
8669,0.618,0.38190999999999997
8670,0.493,0.5074500000000001
8671,0.646,0.3544
8672,0.88,0.12040000000000001
8673,0.467,0.5334000000000001
8674,0.471,0.52908
8675,0.825,0.17519
8676,0.881,0.1189
8677,0.444,0.55584
8678,0.815,0.18527
8679,0.474,0.52598
8680,0.935,0.06467
8681,0.649,0.35148999999999997
8682,0.67,0.32993999999999996
8683,0.45,0.5504600000000001
8684,0.801,0.19925
8685,0.802,0.19785
8686,0.896,0.10357999999999999
8687,0.93,0.07042000000000001
8688,0.665,0.33521999999999996
8689,0.63,0.36971
8690,0.432,0.56776
8691,0.669,0.33124
8692,0.857,0.14292
8693,0.879,0.12125000000000001
8694,0.829,0.17127
8695,0.891,0.10921
8696,0.616,0.38364
8697,0.859,0.14096
8698,0.921,0.07904
8699,0.805,0.19545
8700,0.474,0.52646
8701,0.661,0.33869
8702,0.475,0.5247350000000001
8703,0.857,0.14322
8704,0.641,0.35944
8705,0.462,0.53839
8706,0.472,0.5283500000000001
8707,0.458,0.54191
8708,0.663,0.33697
8709,0.469,0.5311800000000001
8710,0.878,0.12226000000000001
8711,0.865,0.13476
8712,0.638,0.36205
8713,0.884,0.11589
8714,0.42,0.58004
8715,0.831,0.16932
8716,0.48,0.51993
8717,0.939,0.06087000000000001
8718,0.445,0.5550400000000001
8719,0.683,0.31658
8720,0.936,0.06373999999999999
8721,0.643,0.35667
8722,0.849,0.1514
8723,0.689,0.31116
8724,0.611,0.38887
8725,0.432,0.56803
8726,0.434,0.56552
8727,0.873,0.12695
8728,0.847,0.15299
8729,0.898,0.10191
8730,0.852,0.1483
8731,0.859,0.14138
8732,0.662,0.33824
8733,0.423,0.57714
8734,0.892,0.10829
8735,0.407,0.59287
8736,0.876,0.12384999999999999
8737,0.475,0.5251600000000001
8738,0.858,0.14179000000000003
8739,0.485,0.5154000000000001
8740,0.634,0.36579
8741,0.825,0.17466
8742,0.62,0.38038
8743,0.846,0.15409
8744,0.633,0.36674999999999996
8745,0.893,0.10683
8746,0.453,0.54668
8747,0.818,0.18178
8748,0.676,0.32369
8749,0.648,0.35178
8750,0.86,0.13971999999999998
8751,0.821,0.17943
8752,0.94,0.05954
8753,0.929,0.07118000000000001
8754,0.45,0.5501400000000001
8755,0.436,0.56369
8756,0.498,0.50151
8757,0.46,0.5400600000000001
8758,0.415,0.5848500000000001
8759,0.813,0.18691
8760,0.863,0.13699
8761,0.892,0.10751
8762,0.858,0.14232
8763,0.881,0.11916
8764,0.7,0.30033
8765,0.665,0.33546
8766,0.898,0.10196
8767,0.815,0.18515
8768,0.912,0.08831
8769,0.441,0.5594600000000001
8770,0.842,0.15757
8771,0.823,0.17729
8772,0.925,0.07497000000000001
8773,0.437,0.5632600000000001
8774,0.931,0.06886
8775,0.481,0.5191600000000001
8776,0.849,0.15133
8777,0.904,0.09587000000000001
8778,0.406,0.59386
8779,0.695,0.30522
8780,0.808,0.19199
8781,0.843,0.15689
8782,0.691,0.30911999999999995
8783,0.425,0.5752600000000001
8784,0.895,0.10549999999999998
8785,0.481,0.51912
8786,0.698,0.30196999999999996
8787,0.888,0.1121
8788,0.895,0.10458999999999999
8789,0.834,0.16626
8790,0.441,0.5590200000000001
8791,0.802,0.19776
8792,0.869,0.13060000000000002
8793,0.661,0.33870999999999996
8794,0.876,0.1235
8795,0.674,0.32643
8796,0.488,0.5118900000000001
8797,0.898,0.10232000000000001
8798,0.888,0.11187
8799,0.666,0.33403
8800,0.945,0.05505
8801,0.649,0.35147999999999996
8802,0.469,0.53064
8803,0.907,0.09284
8804,0.929,0.07146000000000001
8805,0.488,0.5120100000000001
8806,0.476,0.52383
8807,0.827,0.17279
8808,0.447,0.5529200000000001
8809,0.436,0.56384
8810,0.62,0.38044999999999995
8811,0.949,0.05098
8812,0.631,0.36865
8813,0.461,0.5392100000000001
8814,0.86,0.13965
8815,0.667,0.33294999999999997
8816,0.695,0.30506
8817,0.876,0.12409
8818,0.909,0.09139
8819,0.898,0.10242000000000001
8820,0.814,0.18571
8821,0.9,0.10049999999999999
8822,0.472,0.5284800000000001
8823,0.48,0.5196500000000001
8824,0.948,0.052270000000000004
8825,0.629,0.37073999999999996
8826,0.944,0.05632000000000001
8827,0.438,0.5618000000000001
8828,0.664,0.33607
8829,0.496,0.50449
8830,0.879,0.12076999999999999
8831,0.908,0.09175
8832,0.934,0.06641
8833,0.656,0.34437999999999996
8834,0.932,0.06762000000000001
8835,0.442,0.5579400000000001
8836,0.402,0.5984200000000001
8837,0.849,0.15106
8838,0.489,0.5114500000000001
8839,0.696,0.30421
8840,0.483,0.5168400000000001
8841,0.824,0.17615
8842,0.844,0.15649
8843,0.877,0.12254000000000001
8844,0.609,0.39061999999999997
8845,0.477,0.52266
8846,0.872,0.12783
8847,0.419,0.5810200000000001
8848,0.86,0.14038
8849,0.945,0.05511
8850,0.89,0.11048
8851,0.887,0.11335
8852,0.64,0.35978
8853,0.407,0.59277
8854,0.42,0.5804100000000001
8855,0.859,0.14071
8856,0.66,0.34009999999999996
8857,0.925,0.07488
8858,0.869,0.13130999999999998
8859,0.852,0.14795000000000003
8860,0.657,0.34269
8861,0.812,0.1875
8862,0.455,0.5447500000000001
8863,0.454,0.54554
8864,0.493,0.5066700000000001
8865,0.692,0.30838999999999994
8866,0.669,0.33083999999999997
8867,0.657,0.34295
8868,0.655,0.34459999999999996
8869,0.693,0.30746999999999997
8870,0.812,0.18838
8871,0.864,0.13622
8872,0.41,0.5899500000000001
8873,0.688,0.31166
8874,0.484,0.5159
8875,0.672,0.32787
8876,0.435,0.5653
8877,0.946,0.05406
8878,0.436,0.5635
8879,0.462,0.5376000000000001
8880,0.688,0.31216999999999995
8881,0.882,0.11789999999999999
8882,0.863,0.1371
8883,0.474,0.5263500000000001
8884,0.892,0.10830999999999999
8885,0.851,0.14927
8886,0.92,0.08015
8887,0.885,0.11484
8888,0.876,0.12423
8889,0.945,0.055020000000000006
8890,0.809,0.19147
8891,0.866,0.13435
8892,0.683,0.31681
8893,0.611,0.38904
8894,0.843,0.15742
8895,0.809,0.19068000000000002
8896,0.7,0.30005
8897,0.68,0.32047
8898,0.828,0.17153000000000002
8899,0.611,0.38937
8900,0.901,0.09878
8901,0.412,0.5882000000000001
8902,0.909,0.09098
8903,0.695,0.30515
8904,0.924,0.0762
8905,0.432,0.56815
8906,0.672,0.32824
8907,0.892,0.10841
8908,0.908,0.09198
8909,0.46,0.53961
8910,0.643,0.35728
8911,0.884,0.11623999999999998
8912,0.601,0.39888999999999997
8913,0.408,0.59196
8914,0.44,0.5603600000000001
8915,0.49,0.5098400000000001
8916,0.463,0.53695
8917,0.863,0.13737
8918,0.67,0.33009
8919,0.607,0.39264
8920,0.868,0.13192
8921,0.877,0.12261999999999999
8922,0.886,0.114175
8923,0.854,0.14567000000000002
8924,0.945,0.05535
8925,0.698,0.30228
8926,0.619,0.38105999999999995
8927,0.612,0.38765
8928,0.825,0.17531
8929,0.806,0.19395
8930,0.859,0.14146
8931,0.487,0.51295
8932,0.418,0.58199
8933,0.45,0.5496300000000001
8934,0.41,0.5903200000000001
8935,0.491,0.50858
8936,0.603,0.39659999999999995
8937,0.872,0.12787
8938,0.446,0.5541900000000001
8939,0.432,0.5676000000000001
8940,0.457,0.54296
8941,0.634,0.36595999999999995
8942,0.409,0.59107
8943,0.933,0.06702
8944,0.651,0.34934
8945,0.677,0.3231
8946,0.859,0.14129999999999998
8947,0.815,0.1847
8948,0.629,0.37121
8949,0.473,0.52732
8950,0.455,0.5446500000000001
8951,0.449,0.5510900000000001
8952,0.486,0.51376
8953,0.895,0.1049
8954,0.935,0.06481
8955,0.635,0.36540999999999996
8956,0.422,0.5778500000000001
8957,0.859,0.14068999999999998
8958,0.918,0.08249000000000001
8959,0.63,0.36972
8960,0.69,0.30987
8961,0.632,0.36823
8962,0.458,0.54193
8963,0.606,0.39361
8964,0.459,0.5409400000000001
8965,0.928,0.0717
8966,0.847,0.15327
8967,0.878,0.1224
8968,0.809,0.19142
8969,0.673,0.32655999999999996
8970,0.819,0.18133
8971,0.944,0.05638
8972,0.485,0.51453
8973,0.839,0.16084
8974,0.421,0.5790000000000001
8975,0.431,0.56906
8976,0.834,0.16574
8977,0.876,0.12354
8978,0.839,0.16072
8979,0.693,0.30694999999999995
8980,0.832,0.16809
8981,0.628,0.37161999999999995
8982,0.932,0.06823000000000001
8983,0.448,0.55235
8984,0.885,0.11526
8985,0.877,0.12261
8986,0.453,0.5473800000000001
8987,0.899,0.10052
8988,0.897,0.10268
8989,0.449,0.55083
8990,0.934,0.06552
8991,0.819,0.1809
8992,0.448,0.5519000000000001
8993,0.928,0.07161000000000001
8994,0.64,0.36024
8995,0.921,0.0791
8996,0.935,0.0653
8997,0.417,0.5826300000000001
8998,0.944,0.055580000000000004
8999,0.682,0.31772
9000,0.659,0.34079
9001,0.877,0.12270999999999999
9002,0.634,0.36597999999999997
9003,0.891,0.10866999999999999
9004,0.642,0.35789
9005,0.87,0.13013000000000002
9006,0.841,0.15858999999999998
9007,0.629,0.37107999999999997
9008,0.89,0.11007
9009,0.944,0.05556
9010,0.804,0.19583
9011,0.454,0.5455500000000001
9012,0.918,0.08197
9013,0.932,0.06774
9014,0.432,0.5682900000000001
9015,0.876,0.12415
9016,0.628,0.37177
9017,0.604,0.39629
9018,0.889,0.11132
9019,0.402,0.59753
9020,0.864,0.13594
9021,0.833,0.16694
9022,0.866,0.13375
9023,0.657,0.34274
9024,0.434,0.5662200000000001
9025,0.884,0.11621
9026,0.929,0.07126
9027,0.657,0.34320999999999996
9028,0.93,0.07010000000000001
9029,0.623,0.37689999999999996
9030,0.46,0.53981
9031,0.802,0.19827
9032,0.863,0.13715000000000002
9033,0.877,0.12347
9034,0.422,0.5782400000000001
9035,0.628,0.37239999999999995
9036,0.401,0.59894
9037,0.411,0.58924
9038,0.898,0.10171
9039,0.463,0.53734
9040,0.924,0.0756
9041,0.654,0.34636999999999996
9042,0.441,0.55878
9043,0.91,0.09013
9044,0.658,0.34209
9045,0.848,0.15203999999999998
9046,0.628,0.37174999999999997
9047,0.883,0.11673999999999998
9048,0.683,0.31669499999999995
9049,0.494,0.50588
9050,0.876,0.12409999999999999
9051,0.878,0.12229999999999999
9052,0.874,0.12555
9053,0.453,0.54651
9054,0.479,0.52087
9055,0.617,0.38298
9056,0.629,0.37088
9057,0.473,0.52698
9058,0.414,0.58628
9059,0.884,0.11571999999999999
9060,0.644,0.35568
9061,0.652,0.34804999999999997
9062,0.889,0.11137
9063,0.873,0.12735
9064,0.898,0.10205
9065,0.912,0.08793000000000001
9066,0.884,0.11575
9067,0.406,0.5939800000000001
9068,0.609,0.39087
9069,0.895,0.10507
9070,0.804,0.19630999999999998
9071,0.629,0.37093
9072,0.941,0.05863
9073,0.697,0.30317
9074,0.466,0.53395
9075,0.914,0.08618
9076,0.642,0.3579
9077,0.649,0.3515
9078,0.491,0.50904
9079,0.629,0.3712
9080,0.91,0.08966
9081,0.811,0.18891
9082,0.85,0.14956999999999998
9083,0.815,0.18505
9084,0.888,0.11227000000000001
9085,0.688,0.31239999999999996
9086,0.607,0.39254999999999995
9087,0.691,0.30928999999999995
9088,0.69,0.31004
9089,0.84,0.16044
9090,0.92,0.07963
9091,0.416,0.58404
9092,0.95,0.05043
9093,0.691,0.30878999999999995
9094,0.622,0.37805
9095,0.924,0.07586000000000001
9096,0.856,0.14378000000000002
9097,0.849,0.15081
9098,0.626,0.37449
9099,0.892,0.10769000000000001
9100,0.646,0.35446
9101,0.921,0.07857
9102,0.609,0.39143
9103,0.852,0.14802
9104,0.652,0.34809999999999997
9105,0.41,0.5903400000000001
9106,0.848,0.15222
9107,0.459,0.54052
9108,0.848,0.15212
9109,0.802,0.19802999999999998
9110,0.889,0.11082
9111,0.481,0.5189100000000001
9112,0.803,0.19734000000000002
9113,0.653,0.34658
9114,0.9,0.10013
9115,0.904,0.09562000000000001
9116,0.6,0.39987
9117,0.674,0.32647
9118,0.847,0.15328
9119,0.619,0.381
9120,0.944,0.055740000000000005
9121,0.62,0.38021
9122,0.404,0.5959300000000001
9123,0.902,0.09755
9124,0.63,0.37006
9125,0.857,0.1428
9126,0.891,0.10874
9127,0.458,0.5421100000000001
9128,0.83,0.17028
9129,0.465,0.53451
9130,0.679,0.32081
9131,0.92,0.07988
9132,0.623,0.37736
9133,0.891,0.10898999999999999
9134,0.863,0.13749
9135,0.611,0.38933999999999996
9136,0.618,0.38172999999999996
9137,0.88,0.12046000000000001
9138,0.921,0.07867
9139,0.854,0.1459
9140,0.488,0.5116900000000001
9141,0.457,0.543
9142,0.886,0.11415
9143,0.404,0.59569
9144,0.809,0.19092
9145,0.455,0.54539
9146,0.901,0.09861
9147,0.802,0.19788
9148,0.888,0.11208000000000001
9149,0.872,0.12761
9150,0.899,0.10116999999999998
9151,0.932,0.06791
9152,0.65,0.35011
9153,0.919,0.08083000000000001
9154,0.896,0.10402999999999998
9155,0.888,0.11209000000000001
9156,0.922,0.0781
9157,0.883,0.11653
9158,0.471,0.5294000000000001
9159,0.818,0.18187
9160,0.855,0.14529
9161,0.854,0.14604
9162,0.858,0.14246
9163,0.413,0.58681
9164,0.631,0.36912999999999996
9165,0.889,0.1114
9166,0.941,0.05868
9167,0.423,0.5768500000000001
9168,0.821,0.17913
9169,0.626,0.37363999999999997
9170,0.874,0.12562
9171,0.649,0.35055
9172,0.621,0.37894
9173,0.807,0.19282
9174,0.86,0.13992
9175,0.839,0.16072999999999998
9176,0.864,0.13649
9177,0.617,0.38332
9178,0.699,0.30061
9179,0.866,0.13366
9180,0.407,0.59319
9181,0.872,0.12819
9182,0.92,0.07971
9183,0.846,0.15397999999999998
9184,0.612,0.38798
9185,0.882,0.11824000000000001
9186,0.488,0.5123500000000001
9187,0.854,0.14626
9188,0.624,0.37579999999999997
9189,0.665,0.33469
9190,0.474,0.52566
9191,0.47,0.53039
9192,0.897,0.10316
9193,0.676,0.32405999999999996
9194,0.472,0.528
9195,0.913,0.08741
9196,0.457,0.5429400000000001
9197,0.874,0.12611
9198,0.608,0.3917
9199,0.824,0.1762
9200,0.699,0.30105
9201,0.693,0.30680999999999997
9202,0.612,0.38849
9203,0.631,0.369
9204,0.824,0.17639
9205,0.433,0.56742
9206,0.825,0.17495
9207,0.845,0.15481
9208,0.892,0.10818999999999998
9209,0.868,0.13232
9210,0.495,0.50465
9211,0.677,0.32332
9212,0.486,0.5144500000000001
9213,0.453,0.54681
9214,0.663,0.3374
9215,0.456,0.5442600000000001
9216,0.872,0.12829
9217,0.895,0.10454999999999999
9218,0.634,0.36558999999999997
9219,0.63,0.36978999999999995
9220,0.673,0.32716999999999996
9221,0.868,0.13188
9222,0.692,0.30806
9223,0.481,0.5191100000000001
9224,0.423,0.57715
9225,0.885,0.11457
9226,0.867,0.13322
9227,0.617,0.38266999999999995
9228,0.939,0.06146
9229,0.809,0.19138
9230,0.85,0.15014999999999998
9231,0.478,0.52232
9232,0.495,0.50509
9233,0.91,0.09034
9234,0.941,0.058710000000000005
9235,0.877,0.12304999999999999
9236,0.444,0.5560200000000001
9237,0.863,0.13689
9238,0.898,0.10172999999999999
9239,0.459,0.54122
9240,0.859,0.14129
9241,0.831,0.16856
9242,0.429,0.57149
9243,0.845,0.15499
9244,0.852,0.14752
9245,0.853,0.14686
9246,0.898,0.10209000000000001
9247,0.645,0.35518
9248,0.618,0.38201999999999997
9249,0.607,0.39291
9250,0.888,0.11245
9251,0.684,0.31593
9252,0.65,0.35003999999999996
9253,0.879,0.12107
9254,0.404,0.59648
9255,0.843,0.15739
9256,0.874,0.12614
9257,0.816,0.18427
9258,0.408,0.59238
9259,0.638,0.36206
9260,0.825,0.17545
9261,0.654,0.34602999999999995
9262,0.913,0.08713000000000001
9263,0.417,0.58265
9264,0.62,0.37962999999999997
9265,0.656,0.34414999999999996
9266,0.693,0.30701999999999996
9267,0.625,0.37471
9268,0.832,0.16807999999999998
9269,0.437,0.56266
9270,0.447,0.55347
9271,0.698,0.30178
9272,0.479,0.5209400000000001
9273,0.62,0.38049
9274,0.948,0.051930000000000004
9275,0.93,0.06955
9276,0.903,0.09743
9277,0.48,0.5201800000000001
9278,0.664,0.33624
9279,0.839,0.161
9280,0.893,0.10727999999999999
9281,0.947,0.0534
9282,0.919,0.08086
9283,0.431,0.56852
9284,0.895,0.10457999999999999
9285,0.471,0.52927
9286,0.895,0.10511000000000001
9287,0.614,0.38608
9288,0.681,0.31944
9289,0.614,0.38577999999999996
9290,0.899,0.10074
9291,0.408,0.59189
9292,0.632,0.36779999999999996
9293,0.824,0.17627
9294,0.893,0.10733999999999999
9295,0.873,0.1274
9296,0.884,0.11579999999999999
9297,0.817,0.18252000000000002
9298,0.947,0.05330000000000001
9299,0.451,0.5490900000000001
9300,0.664,0.33631999999999995
9301,0.873,0.12677000000000002
9302,0.88,0.11967
9303,0.6,0.39998
9304,0.697,0.30269999999999997
9305,0.646,0.35395
9306,0.887,0.11256000000000001
9307,0.639,0.36079
9308,0.413,0.5865600000000001
9309,0.827,0.17282999999999998
9310,0.869,0.13059
9311,0.878,0.12242
9312,0.629,0.37131
9313,0.807,0.19273
9314,0.61,0.38978
9315,0.667,0.33260999999999996
9316,0.862,0.13802
9317,0.403,0.59697
9318,0.804,0.19557
9319,0.884,0.11629999999999999
9320,0.879,0.12058999999999999
9321,0.832,0.16766999999999999
9322,0.422,0.57793
9323,0.926,0.07426
9324,0.465,0.5345000000000001
9325,0.636,0.36418
9326,0.87,0.13030000000000003
9327,0.449,0.55137
9328,0.862,0.13785999999999998
9329,0.865,0.1346
9330,0.921,0.07862000000000001
9331,0.452,0.5477700000000001
9332,0.904,0.09608
9333,0.84,0.15984
9334,0.479,0.52058
9335,0.855,0.14529999999999998
9336,0.947,0.052610000000000004
9337,0.853,0.14704
9338,0.95,0.05034
9339,0.856,0.14424
9340,0.943,0.05682
9341,0.677,0.32349
9342,0.907,0.09314
9343,0.939,0.060880000000000004
9344,0.828,0.17236
9345,0.949,0.051160000000000004
9346,0.477,0.5234800000000001
9347,0.887,0.11315
9348,0.671,0.32921999999999996
9349,0.901,0.09898000000000001
9350,0.83,0.1696
9351,0.488,0.51237
9352,0.457,0.54283
9353,0.892,0.10830000000000001
9354,0.866,0.13438
9355,0.938,0.062200000000000005
9356,0.878,0.122
9357,0.894,0.10552
9358,0.825,0.17485
9359,0.492,0.5081600000000001
9360,0.939,0.06089
9361,0.835,0.16513
9362,0.826,0.17381
9363,0.459,0.5413300000000001
9364,0.454,0.54601
9365,0.672,0.32758
9366,0.862,0.13777
9367,0.475,0.5252800000000001
9368,0.875,0.12507
9369,0.851,0.14908
9370,0.948,0.05165
9371,0.945,0.0553
9372,0.915,0.08493
9373,0.926,0.07400000000000001
9374,0.888,0.11159999999999999
9375,0.664,0.33614
9376,0.695,0.30545
9377,0.643,0.35729
9378,0.889,0.11073
9379,0.614,0.38600999999999996
9380,0.859,0.14115
9381,0.406,0.59409
9382,0.684,0.31631
9383,0.845,0.15506999999999999
9384,0.42,0.57959
9385,0.924,0.07591
9386,0.459,0.54086
9387,0.485,0.5154700000000001
9388,0.633,0.36657999999999996
9389,0.936,0.06396
9390,0.918,0.0815
9391,0.666,0.33361999999999997
9392,0.481,0.51948
9393,0.891,0.10893
9394,0.649,0.35061
9395,0.457,0.54303
9396,0.889,0.11071999999999999
9397,0.613,0.38656999999999997
9398,0.67,0.3303
9399,0.893,0.10724
9400,0.915,0.0848
9401,0.876,0.12427
9402,0.815,0.18545
9403,0.675,0.3248
9404,0.909,0.09076000000000001
9405,0.943,0.057120000000000004
9406,0.652,0.34774
9407,0.884,0.1162
9408,0.946,0.053860000000000005
9409,0.465,0.53452
9410,0.853,0.14745
9411,0.879,0.12073
9412,0.481,0.51873
9413,0.877,0.12328
9414,0.86,0.13999999999999999
9415,0.613,0.38713
9416,0.631,0.36915
9417,0.862,0.13835
9418,0.869,0.13103
9419,0.855,0.14472
9420,0.496,0.504
9421,0.899,0.10059000000000001
9422,0.864,0.13615
9423,0.636,0.36412999999999995
9424,0.855,0.1452
9425,0.896,0.10448
9426,0.871,0.12925999999999999
9427,0.647,0.35324
9428,0.446,0.55423
9429,0.84,0.15954
9430,0.876,0.12387
9431,0.439,0.5610200000000001
9432,0.872,0.12761999999999998
9433,0.673,0.32691
9434,0.485,0.5145900000000001
9435,0.631,0.36926
9436,0.685,0.31473999999999996
9437,0.688,0.31233
9438,0.891,0.1091
9439,0.407,0.59347
9440,0.937,0.06341
9441,0.925,0.07545
9442,0.844,0.15558
9443,0.428,0.57216
9444,0.85,0.14998
9445,0.907,0.09299
9446,0.872,0.12836999999999998
9447,0.649,0.35145
9448,0.918,0.08198
9449,0.699,0.30130999999999997
9450,0.456,0.544
9451,0.869,0.13087
9452,0.94,0.059660000000000005
9453,0.479,0.5207900000000001
9454,0.622,0.37806999999999996
9455,0.803,0.19703
9456,0.816,0.18443
9457,0.929,0.07071000000000001
9458,0.808,0.19188
9459,0.851,0.14914
9460,0.605,0.39454
9461,0.64,0.35966
9462,0.66,0.33968
9463,0.431,0.56857
9464,0.498,0.5020600000000001
9465,0.817,0.18336
9466,0.407,0.59307
9467,0.858,0.14197
9468,0.693,0.30662
9469,0.443,0.55696
9470,0.889,0.11079999999999998
9471,0.685,0.314565
9472,0.473,0.52658
9473,0.653,0.34672
9474,0.439,0.5608700000000001
9475,0.889,0.11096999999999999
9476,0.419,0.5814600000000001
9477,0.475,0.52517
9478,0.484,0.51578
9479,0.611,0.3893
9480,0.435,0.5646800000000001
9481,0.49,0.5103300000000001
9482,0.467,0.5328200000000001
9483,0.62,0.38047
9484,0.804,0.19578
9485,0.852,0.14784999999999998
9486,0.828,0.17174
9487,0.427,0.57347
9488,0.65,0.34951
9489,0.896,0.10393
9490,0.846,0.1542
9491,0.883,0.11659
9492,0.882,0.11839
9493,0.645,0.35452
9494,0.885,0.11512
9495,0.414,0.58647
9496,0.86,0.13991
9497,0.436,0.5637500000000001
9498,0.686,0.31425
9499,0.477,0.5226000000000001
9500,0.486,0.51405
9501,0.854,0.14571
9502,0.694,0.30607999999999996
9503,0.405,0.5952500000000001
9504,0.912,0.0879
9505,0.81,0.19
9506,0.855,0.14532
9507,0.835,0.16499
9508,0.421,0.5789000000000001
9509,0.804,0.19628
9510,0.488,0.5119800000000001
9511,0.885,0.11519000000000001
9512,0.496,0.5037900000000001
9513,0.897,0.10349
9514,0.86,0.14043
9515,0.813,0.18742
9516,0.877,0.123
9517,0.639,0.36057999999999996
9518,0.936,0.06431
9519,0.456,0.54417
9520,0.438,0.56247
9521,0.865,0.13496000000000002
9522,0.949,0.051190000000000006
9523,0.401,0.5990800000000001
9524,0.497,0.50327
9525,0.452,0.5482100000000001
9526,0.65,0.35047999999999996
9527,0.671,0.32872999999999997
9528,0.875,0.12467
9529,0.942,0.058460000000000005
9530,0.693,0.30745999999999996
9531,0.891,0.10896
9532,0.636,0.36372
9533,0.948,0.052020000000000004
9534,0.697,0.30345999999999995
9535,0.871,0.1293
9536,0.866,0.13417
9537,0.43,0.5703100000000001
9538,0.931,0.06855
9539,0.637,0.36302999999999996
9540,0.657,0.3427
9541,0.891,0.10887999999999999
9542,0.652,0.34819
9543,0.812,0.18839
9544,0.923,0.0767
9545,0.643,0.35695
9546,0.911,0.08918000000000001
9547,0.475,0.52454
9548,0.486,0.5135000000000001
9549,0.825,0.1752
9550,0.63,0.37023999999999996
9551,0.886,0.11402000000000001
9552,0.863,0.13678
9553,0.674,0.32621
9554,0.888,0.11196
9555,0.621,0.3785
9556,0.626,0.37445
9557,0.408,0.5922000000000001
9558,0.638,0.36225999999999997
9559,0.933,0.06668
9560,0.623,0.37664
9561,0.482,0.51766
9562,0.458,0.5424
9563,0.806,0.19363
9564,0.856,0.14412000000000003
9565,0.692,0.30772
9566,0.935,0.06496
9567,0.931,0.06865
9568,0.688,0.31174999999999997
9569,0.434,0.56584
9570,0.919,0.08075
9571,0.83,0.17016
9572,0.942,0.05765000000000001
9573,0.448,0.5516500000000001
9574,0.807,0.19341
9575,0.855,0.1447
9576,0.872,0.12799
9577,0.892,0.10766999999999999
9578,0.623,0.37678999999999996
9579,0.671,0.32938
9580,0.659,0.34065999999999996
9581,0.862,0.13783
9582,0.421,0.5788300000000001
9583,0.876,0.1237
9584,0.854,0.14576999999999998
9585,0.488,0.51229
9586,0.893,0.10664000000000001
9587,0.849,0.15103
9588,0.94,0.05952
9589,0.609,0.39122
9590,0.658,0.34247
9591,0.619,0.38128999999999996
9592,0.449,0.55054
9593,0.606,0.39435
9594,0.433,0.56672
9595,0.686,0.31387
9596,0.666,0.33404999999999996
9597,0.661,0.33910999999999997
9598,0.499,0.5011800000000001
9599,0.936,0.06397
9600,0.435,0.56494
9601,0.801,0.19875
9602,0.851,0.14862999999999998
9603,0.431,0.5690200000000001
9604,0.419,0.58101
9605,0.936,0.06449
9606,0.458,0.5422100000000001
9607,0.614,0.38616999999999996
9608,0.887,0.11348000000000001
9609,0.42,0.5798000000000001
9610,0.464,0.5358700000000001
9611,0.875,0.12456
9612,0.851,0.14945000000000003
9613,0.863,0.13719
9614,0.432,0.5675800000000001
9615,0.882,0.11816
9616,0.618,0.38208
9617,0.425,0.5746800000000001
9618,0.44,0.5596300000000001
9619,0.853,0.14665999999999998
9620,0.639,0.36068999999999996
9621,0.401,0.5988500000000001
9622,0.851,0.14918
9623,0.864,0.13634
9624,0.468,0.53236
9625,0.852,0.14836000000000002
9626,0.446,0.5541100000000001
9627,0.602,0.39764
9628,0.426,0.5740700000000001
9629,0.908,0.09208000000000001
9630,0.843,0.15706
9631,0.656,0.34362
9632,0.625,0.37453
9633,0.663,0.33721999999999996
9634,0.663,0.33702
9635,0.866,0.13359000000000001
9636,0.874,0.12598
9637,0.897,0.10258
9638,0.901,0.09945000000000001
9639,0.834,0.16621
9640,0.402,0.59804
9641,0.869,0.13069
9642,0.462,0.53847
9643,0.603,0.39668
9644,0.893,0.10719
9645,0.802,0.19809
9646,0.478,0.5222300000000001
9647,0.487,0.5126400000000001
9648,0.439,0.5606500000000001
9649,0.883,0.11714999999999999
9650,0.945,0.05527
9651,0.844,0.15586
9652,0.852,0.14799
9653,0.617,0.38295999999999997
9654,0.901,0.09906000000000001
9655,0.441,0.5594
9656,0.896,0.10427
9657,0.9,0.09967000000000001
9658,0.841,0.15882
9659,0.444,0.5557000000000001
9660,0.634,0.366
9661,0.928,0.07207000000000001
9662,0.664,0.33599999999999997
9663,0.412,0.5882400000000001
9664,0.889,0.11123
9665,0.872,0.12841
9666,0.649,0.35073
9667,0.801,0.19926
9668,0.629,0.3715
9669,0.478,0.5217200000000001
9670,0.935,0.06533
9671,0.624,0.37640999999999997
9672,0.891,0.10855499999999998
9673,0.652,0.34759999999999996
9674,0.684,0.31571
9675,0.64,0.35962
9676,0.619,0.3812
9677,0.648,0.35229
9678,0.656,0.34445
9679,0.81,0.19044
9680,0.614,0.38605
9681,0.66,0.34007
9682,0.688,0.31218999999999997
9683,0.908,0.09166
9684,0.499,0.5009
9685,0.443,0.55737
9686,0.409,0.5913
9687,0.899,0.10089
9688,0.816,0.18381
9689,0.819,0.18141000000000002
9690,0.6,0.39957
9691,0.445,0.5551600000000001
9692,0.693,0.30713999999999997
9693,0.902,0.09778
9694,0.485,0.51534
9695,0.931,0.06949
9696,0.933,0.06691
9697,0.603,0.39705999999999997
9698,0.494,0.50629
9699,0.932,0.06846
9700,0.403,0.5965
9701,0.851,0.14912
9702,0.933,0.06704
9703,0.601,0.3988
9704,0.44,0.56037
9705,0.678,0.32164
9706,0.671,0.32854
9707,0.695,0.30462999999999996
9708,0.612,0.38754
9709,0.635,0.36474999999999996
9710,0.862,0.13792000000000001
9711,0.444,0.5563600000000001
9712,0.413,0.5873900000000001
9713,0.619,0.38055
9714,0.451,0.5485300000000001
9715,0.937,0.06297
9716,0.62,0.38039999999999996
9717,0.864,0.13571
9718,0.828,0.17204
9719,0.873,0.12686
9720,0.934,0.06595000000000001
9721,0.815,0.18537
9722,0.689,0.31129999999999997
9723,0.925,0.07451
9724,0.848,0.1517
9725,0.671,0.32867999999999997
9726,0.916,0.08359
9727,0.424,0.5763100000000001
9728,0.498,0.50176
9729,0.465,0.53463
9730,0.693,0.30726
9731,0.921,0.07918
9732,0.865,0.13491
9733,0.911,0.08932000000000001
9734,0.462,0.53752
9735,0.491,0.50883
9736,0.675,0.32525
9737,0.84,0.1601
9738,0.647,0.35285
9739,0.809,0.19132
9740,0.882,0.11761
9741,0.646,0.35402999999999996
9742,0.635,0.36535999999999996
9743,0.643,0.35714999999999997
9744,0.402,0.5983400000000001
9745,0.436,0.56367
9746,0.831,0.16852999999999999
9747,0.91,0.08978
9748,0.64,0.35980999999999996
9749,0.41,0.5900500000000001
9750,0.637,0.36317
9751,0.878,0.12168999999999999
9752,0.844,0.15607
9753,0.854,0.14565
9754,0.841,0.15869999999999998
9755,0.672,0.32759
9756,0.865,0.13497
9757,0.917,0.08251
9758,0.478,0.52224
9759,0.655,0.34496
9760,0.815,0.18516
9761,0.466,0.5338700000000001
9762,0.693,0.30722
9763,0.642,0.35846999999999996
9764,0.898,0.10206
9765,0.941,0.05919
9766,0.654,0.34637999999999997
9767,0.447,0.5531
9768,0.864,0.13575
9769,0.894,0.105785
9770,0.664,0.33596
9771,0.696,0.30427
9772,0.896,0.10401
9773,0.489,0.51061
9774,0.858,0.14154
9775,0.631,0.36883
9776,0.871,0.12865000000000001
9777,0.662,0.33751
9778,0.884,0.11639000000000001
9779,0.625,0.37545999999999996
9780,0.685,0.31466
9781,0.489,0.5109100000000001
9782,0.657,0.34336999999999995
9783,0.875,0.12472
9784,0.666,0.33437
9785,0.852,0.14829
9786,0.931,0.06887
9787,0.402,0.5977300000000001
9788,0.91,0.08985000000000001
9789,0.48,0.52012
9790,0.82,0.18009
9791,0.461,0.5389
9792,0.678,0.32183999999999996
9793,0.823,0.17682
9794,0.819,0.1807
9795,0.405,0.5950200000000001
9796,0.858,0.14194
9797,0.436,0.5644
9798,0.442,0.55764
9799,0.863,0.13743
9800,0.684,0.31577
9801,0.854,0.14643
9802,0.42,0.58035
9803,0.6,0.39960999999999997
9804,0.643,0.35684
9805,0.924,0.07617
9806,0.605,0.39527
9807,0.412,0.58753
9808,0.827,0.17327
9809,0.66,0.33997999999999995
9810,0.856,0.14446
9811,0.909,0.09082000000000001
9812,0.889,0.11133
9813,0.667,0.33292
9814,0.859,0.14065
9815,0.461,0.5394500000000001
9816,0.808,0.19247
9817,0.61,0.39028999999999997
9818,0.812,0.18767
9819,0.82,0.17953
9820,0.86,0.13996
9821,0.678,0.32154
9822,0.883,0.11734999999999998
9823,0.661,0.33916999999999997
9824,0.486,0.5143300000000001
9825,0.667,0.33326
9826,0.407,0.59275
9827,0.676,0.32444999999999996
9828,0.62,0.3795
9829,0.803,0.19653
9830,0.839,0.16127
9831,0.486,0.5142100000000001
9832,0.417,0.5827100000000001
9833,0.88,0.12048
9834,0.881,0.11929999999999999
9835,0.412,0.58809
9836,0.878,0.12176
9837,0.628,0.37240999999999996
9838,0.906,0.09434000000000001
9839,0.801,0.19858
9840,0.882,0.11809
9841,0.851,0.14928
9842,0.834,0.1655
9843,0.499,0.5005900000000001
9844,0.478,0.52248
9845,0.938,0.062040000000000005
9846,0.639,0.36055
9847,0.612,0.3876
9848,0.852,0.14767000000000002
9849,0.625,0.37495999999999996
9850,0.424,0.57591
9851,0.882,0.11751999999999999
9852,0.603,0.39691
9853,0.898,0.10235
9854,0.891,0.10876
9855,0.448,0.55244
9856,0.897,0.10271
9857,0.687,0.31253
9858,0.461,0.53927
9859,0.85,0.14988
9860,0.497,0.50265
9861,0.658,0.34158999999999995
9862,0.426,0.57411
9863,0.654,0.34647999999999995
9864,0.665,0.33542
9865,0.477,0.52325
9866,0.692,0.30783
9867,0.91,0.08975000000000001
9868,0.606,0.39410999999999996
9869,0.925,0.07532
9870,0.911,0.08933
9871,0.687,0.31290999999999997
9872,0.861,0.13885999999999998
9873,0.858,0.14208
9874,0.936,0.06391
9875,0.481,0.5187400000000001
9876,0.899,0.10107000000000001
9877,0.907,0.09293000000000001
9878,0.864,0.13646000000000003
9879,0.929,0.07064000000000001
9880,0.808,0.19175999999999999
9881,0.893,0.1074
9882,0.656,0.34436999999999995
9883,0.851,0.14867
9884,0.896,0.10400000000000001
9885,0.653,0.34747999999999996
9886,0.605,0.39533999999999997
9887,0.834,0.16551
9888,0.831,0.16905
9889,0.653,0.3475
9890,0.81,0.19042
9891,0.842,0.15780999999999998
9892,0.454,0.5461400000000001
9893,0.803,0.19691999999999998
9894,0.443,0.55725
9895,0.859,0.14093
9896,0.834,0.16615
9897,0.661,0.33877999999999997
9898,0.489,0.5110100000000001
9899,0.869,0.13061999999999999
9900,0.872,0.12764
9901,0.841,0.1588
9902,0.674,0.32613
9903,0.679,0.32083
9904,0.609,0.39141
9905,0.44,0.55979
9906,0.441,0.5593400000000001
9907,0.413,0.5865400000000001
9908,0.874,0.12608000000000003
9909,0.482,0.51841
9910,0.637,0.36288
9911,0.431,0.56899
9912,0.405,0.5952000000000001
9913,0.898,0.10228999999999999
9914,0.428,0.57235
9915,0.866,0.13438999999999998
9916,0.457,0.5430900000000001
9917,0.877,0.12344
9918,0.646,0.35385999999999995
9919,0.413,0.5867600000000001
9920,0.645,0.35524
9921,0.421,0.5793200000000001
9922,0.863,0.1371
9923,0.898,0.10219
9924,0.681,0.31894999999999996
9925,0.656,0.34395
9926,0.871,0.12915000000000001
9927,0.889,0.11131
9928,0.816,0.18441
9929,0.419,0.5814400000000001
9930,0.934,0.06604
9931,0.607,0.39335
9932,0.681,0.31859
9933,0.932,0.06756000000000001
9934,0.613,0.38666
9935,0.494,0.50602
9936,0.853,0.14715999999999999
9937,0.416,0.5841500000000001
9938,0.883,0.11737999999999998
9939,0.871,0.12917
9940,0.882,0.11751
9941,0.652,0.34786999999999996
9942,0.855,0.14458
9943,0.92,0.08021
9944,0.664,0.33564
9945,0.679,0.32133
9946,0.822,0.17846
9947,0.657,0.34276999999999996
9948,0.497,0.50312
9949,0.627,0.37272
9950,0.429,0.5712400000000001
9951,0.622,0.37807999999999997
9952,0.835,0.16511
9953,0.852,0.14753
9954,0.926,0.07376
9955,0.401,0.59921
9956,0.466,0.53446
9957,0.817,0.18303
9958,0.853,0.14653
9959,0.85,0.1502
9960,0.49,0.5099800000000001
9961,0.935,0.06528
9962,0.416,0.5837300000000001
9963,0.893,0.10652999999999999
9964,0.896,0.10358
9965,0.684,0.31568999999999997
9966,0.677,0.32300999999999996
9967,0.845,0.15544
9968,0.94,0.060180000000000004
9969,0.818,0.18188
9970,0.453,0.5468500000000001
9971,0.408,0.5917800000000001
9972,0.881,0.11897
9973,0.813,0.18734
9974,0.818,0.18174
9975,0.677,0.32299
9976,0.855,0.14471
9977,0.829,0.17094
9978,0.449,0.55091
9979,0.807,0.19318
9980,0.803,0.19658
9981,0.485,0.51522
9982,0.452,0.5477500000000001
9983,0.818,0.18245
9984,0.48,0.52046
9985,0.629,0.37067999999999995
9986,0.679,0.32123999999999997
9987,0.697,0.30256
9988,0.405,0.59463
9989,0.456,0.54422
9990,0.487,0.51307
9991,0.884,0.11644
9992,0.442,0.55755
9993,0.659,0.34128
9994,0.61,0.3902
9995,0.673,0.32738999999999996
9996,0.852,0.14800000000000002
9997,0.804,0.19582
9998,0.675,0.32467999999999997
9999,0.941,0.059250000000000004
10000,0.802,0.19808
