loan_id,loan_type,region,loan_purpose,origination_date,orig_credit_score,current_credit_score,original_balance,current_balance,credit_limit,interest_rate,days_past_due,watchlist_flag,default_flag,months_on_book,utilization,credit_score_change,stage
1,term,East,debt_consolidation,2023-05-04,588,579,3591.94,1410.48,,8.13,42,0,1,20.3,,-9,Stage 2
2,revolving,West,personal,2021-09-15,615,595,12584.49,7287.52,13478.76,7.84,21,0,0,40.1,0.541,-20,Stage 1
3,revolving,West,auto,2024-11-12,746,735,20895.64,20183.16,33870.13,11.22,1,0,0,1.7,0.596,-11,Stage 1
4,term,South,debt_consolidation,2021-02-14,676,649,15981.4,1598.14,,9.36,8,0,0,47.2,,-27,Stage 1
5,term,North,auto,2021-09-26,654,640,18555.3,3752.12,,8.33,18,0,0,39.8,,-14,Stage 1
6,term,West,debt_consolidation,2024-08-27,664,636,12238.65,11193.45,,15.5,14,0,0,4.2,,-28,Stage 1
7,term,South,debt_consolidation,2022-11-03,664,654,9323.79,4537.56,,13.61,8,0,0,26.3,,-10,Stage 1
8,revolving,East,personal,2023-10-16,713,698,18801.91,12763.92,26947.14,4.77,5,0,0,14.8,0.474,-15,Stage 1
9,term,East,home_improvement,2024-07-25,613,569,17877.54,16035.77,,14.62,29,0,0,5.3,,-44,Stage 2
10,revolving,East,home_improvement,2023-05-07,681,676,5255.94,2991.09,4965.63,8.46,9,0,0,20.2,0.602,-5,Stage 1
11,term,East,personal,2021-05-25,694,687,14657.44,7221.1,,12.4,4,0,0,43.9,,-7,Stage 1
12,revolving,South,debt_consolidation,2021-08-23,703,699,12878.8,3469.61,9024.78,14.95,2,0,0,40.9,0.384,-4,Stage 1
13,revolving,North,home_improvement,2022-11-22,693,664,21274.86,5394.18,8970.01,11.43,3,0,0,25.7,0.601,-29,Stage 1
14,term,South,home_improvement,2022-12-21,710,712,17152.13,8311.3,,15.84,2,0,0,24.7,,2,Stage 1
15,term,North,home_improvement,2024-03-05,645,644,30726.02,21661.18,,11.56,11,0,0,10.1,,-1,Stage 1
16,term,East,personal,2021-12-19,623,591,25417.96,9360.91,,10.89,28,0,0,37.0,,-32,Stage 2
17,term,West,auto,2024-11-18,827,836,27524.91,27066.73,,12.03,10,0,0,1.5,,9,Stage 1
18,term,West,auto,2023-09-21,661,640,21699.46,18184.17,,5.29,16,0,0,15.6,,-21,Stage 1
19,term,West,auto,2021-10-02,668,647,26675.31,2667.53,,8.39,7,0,0,39.6,,-21,Stage 1
20,term,North,auto,2024-11-08,720,713,10007.99,9722.46,,5.79,1,0,0,1.8,,-7,Stage 1
21,term,East,auto,2023-06-29,775,767,24727.14,17794.82,,8.47,1,0,0,18.4,,-8,Stage 1
22,term,South,home_improvement,2024-09-08,647,626,12931.58,11544.3,,10.35,13,0,0,3.8,,-21,Stage 1
23,term,West,home_improvement,2024-04-21,620,617,3722.62,3301.29,,8.56,46,0,0,8.5,,-3,Stage 2
24,term,North,debt_consolidation,2022-03-16,605,567,24487.56,8842.31,,8.57,25,0,1,34.1,,-38,Stage 2
25,term,West,home_improvement,2023-12-23,775,776,16073.37,10249.29,,4.93,2,0,0,12.5,,1,Stage 1
26,revolving,South,personal,2023-05-22,617,617,34345.89,19002.31,45907.91,7.43,31,0,0,19.7,0.414,0,Stage 2
27,term,East,debt_consolidation,2022-10-13,678,663,14530.04,3034.25,,14.0,7,0,0,27.0,,-15,Stage 1
28,term,South,home_improvement,2023-08-01,621,605,6977.51,5187.28,,7.33,26,0,0,17.3,,-16,Stage 1
29,term,East,debt_consolidation,2021-02-03,593,559,8561.97,2162.85,,7.97,31,1,0,47.6,,-34,Stage 2
30,term,East,debt_consolidation,2022-12-06,662,636,11339.89,4608.69,,9.7,12,0,0,25.2,,-26,Stage 1
31,term,East,auto,2023-05-17,623,587,16423.46,6695.92,,10.11,26,1,0,19.8,,-36,Stage 2
32,term,West,debt_consolidation,2023-09-12,638,618,26935.45,16842.01,,8.59,27,0,0,15.9,,-20,Stage 1
33,term,South,home_improvement,2023-04-12,800,819,16171.0,7860.7,,4.81,2,0,0,21.0,,19,Stage 1
34,revolving,West,auto,2024-01-16,705,700,5150.29,4328.43,11613.43,10.62,7,0,0,11.7,0.373,-5,Stage 1
35,revolving,South,home_improvement,2024-05-18,735,729,16573.95,13255.19,25090.57,14.76,0,0,0,7.6,0.528,-6,Stage 1
36,revolving,North,auto,2022-04-07,729,717,29875.84,5624.17,14820.17,14.51,1,0,0,33.3,0.379,-12,Stage 1
37,term,North,home_improvement,2021-03-22,673,652,14775.55,1629.33,,6.85,11,0,0,46.0,,-21,Stage 1
38,term,South,auto,2021-11-18,653,626,18463.66,3456.29,,10.21,11,1,0,38.0,,-27,Stage 2
39,term,South,auto,2022-02-19,694,674,12601.63,2718.36,,16.59,3,0,0,34.9,,-20,Stage 1
40,term,South,personal,2023-09-19,690,682,12518.66,10239.93,,8.99,8,0,0,15.7,,-8,Stage 1
41,term,South,home_improvement,2021-07-09,645,650,27650.65,2765.06,,9.76,20,0,0,42.4,,5,Stage 1
42,term,East,debt_consolidation,2024-06-10,687,682,23075.22,19572.63,,4.52,4,0,0,6.8,,-5,Stage 1
43,term,West,auto,2022-01-27,637,611,57083.69,14031.57,,12.13,20,0,0,35.7,,-26,Stage 1
44,revolving,East,home_improvement,2024-04-07,669,645,9331.5,7589.51,19879.05,9.83,12,0,0,9.0,0.382,-24,Stage 1
45,term,West,auto,2021-06-17,659,633,7776.57,777.66,,6.32,15,1,0,43.1,,-26,Stage 2
46,term,West,personal,2024-06-08,603,601,3857.01,3106.95,,11.08,29,0,0,6.9,,-2,Stage 1
47,term,West,personal,2024-03-19,538,513,11250.23,9633.77,,11.93,53,0,0,9.6,,-25,Stage 2
48,term,East,personal,2022-10-26,623,605,13056.24,9341.98,,6.92,25,0,0,26.6,,-18,Stage 1
49,term,South,personal,2024-11-10,788,799,7479.16,7151.44,,4.02,3,0,0,1.7,,11,Stage 1
50,term,East,debt_consolidation,2022-01-16,661,651,18796.27,8958.18,,9.42,16,1,0,36.0,,-10,Stage 2
51,revolving,East,debt_consolidation,2024-07-22,726,696,23396.6,21763.02,41715.74,11.08,0,0,0,5.4,0.522,-30,Stage 2
52,revolving,West,auto,2023-06-17,552,510,18197.88,7939.99,22692.95,9.8,58,0,1,18.8,0.35,-42,Stage 2
53,revolving,North,home_improvement,2023-05-14,619,608,5719.36,3660.53,6602.83,12.47,23,0,0,19.9,0.554,-11,Stage 1
54,revolving,North,personal,2021-03-03,598,594,7966.95,796.69,1340.49,3.86,42,0,0,46.7,0.594,-4,Stage 2
55,term,East,personal,2022-06-12,667,664,14289.8,7009.38,,5.96,10,0,0,31.1,,-3,Stage 1
56,revolving,West,debt_consolidation,2023-05-12,825,829,28874.74,22806.7,45209.41,9.67,11,0,0,20.0,0.504,4,Stage 1
57,term,East,debt_consolidation,2021-05-30,707,701,12135.94,4390.55,,4.33,5,0,0,43.7,,-6,Stage 1
58,term,East,personal,2024-03-11,781,770,1838.8,1630.73,,6.73,1,0,0,9.9,,-11,Stage 1
59,term,South,home_improvement,2021-04-26,664,651,11169.01,4916.49,,7.42,8,1,1,44.9,,-13,Stage 2
60,term,West,auto,2023-04-04,761,760,13640.24,6112.59,,12.05,1,0,0,21.3,,-1,Stage 1
61,term,North,auto,2021-03-06,804,806,36772.56,3677.26,,12.92,7,0,0,46.6,,2,Stage 1
62,term,North,auto,2024-12-23,673,664,1816.8,1763.62,,11.17,15,0,0,0.3,,-9,Stage 1
63,revolving,North,auto,2021-11-06,647,629,23518.4,7292.41,12378.83,14.62,14,0,0,38.4,0.589,-18,Stage 1
64,term,East,home_improvement,2022-12-07,600,546,3914.22,2366.0,,13.2,40,0,1,25.2,,-54,Stage 2
65,term,West,home_improvement,2023-05-04,661,638,9546.65,4537.63,,11.37,9,0,0,20.3,,-23,Stage 1
66,term,South,home_improvement,2024-12-24,684,663,17778.77,17434.8,,11.28,12,0,0,0.3,,-21,Stage 1
67,term,North,debt_consolidation,2023-10-21,801,801,25657.51,15754.64,,7.24,2,0,0,14.6,,0,Stage 1
68,revolving,West,personal,2024-03-30,602,580,8030.92,6038.03,15486.14,4.82,45,0,0,9.2,0.39,-22,Stage 2
69,term,North,home_improvement,2021-11-02,683,673,9809.07,980.91,,6.86,7,0,0,38.5,,-10,Stage 1
70,revolving,South,auto,2024-10-16,571,540,12013.74,11498.01,25614.53,11.52,33,0,0,2.6,0.449,-31,Stage 2
71,revolving,West,home_improvement,2024-07-25,654,635,7655.93,7021.4,12848.88,8.06,19,0,0,5.3,0.546,-19,Stage 1
72,term,East,personal,2024-08-12,698,662,34403.34,31008.96,,10.83,2,0,0,4.7,,-36,Stage 2
73,term,East,debt_consolidation,2023-05-23,710,710,16017.89,9813.41,,3.51,0,0,0,19.6,,0,Stage 1
74,revolving,North,auto,2021-06-18,715,707,22170.76,2217.08,6557.54,10.58,2,0,0,43.1,0.338,-8,Stage 1
75,revolving,North,debt_consolidation,2023-10-28,703,690,12126.7,9231.58,18606.56,6.43,5,0,0,14.4,0.496,-13,Stage 1
76,revolving,West,home_improvement,2024-03-01,714,701,12048.42,9035.79,18526.66,6.81,1,0,0,10.2,0.488,-13,Stage 1
77,revolving,South,auto,2022-08-11,682,653,27245.05,13596.95,27069.22,14.0,7,0,1,29.1,0.502,-29,Stage 1
78,term,North,auto,2023-02-01,617,614,13542.96,10283.92,,15.45,33,0,0,23.3,,-3,Stage 2
79,term,West,home_improvement,2021-12-13,568,532,19784.82,11380.45,,5.78,57,1,0,37.2,,-36,Stage 2
80,term,South,home_improvement,2023-08-13,647,612,10362.64,8098.27,,8.31,16,0,0,16.9,,-35,Stage 2
81,revolving,North,personal,2023-01-05,671,653,8207.24,4597.57,12879.81,8.63,12,0,0,24.2,0.357,-18,Stage 1
82,term,North,home_improvement,2024-06-30,755,751,15558.79,13284.67,,11.21,1,0,0,6.2,,-4,Stage 1
83,term,West,home_improvement,2022-02-14,673,669,6957.2,2683.28,,7.59,11,0,0,35.1,,-4,Stage 1
84,term,North,home_improvement,2022-06-27,668,650,3299.92,645.52,,6.58,21,1,0,30.6,,-18,Stage 2
85,term,East,auto,2021-12-21,703,689,10425.39,1042.54,,9.88,5,0,0,36.9,,-14,Stage 1
86,term,South,personal,2022-12-14,663,638,39768.34,11443.61,,9.24,15,0,1,25.0,,-25,Stage 1
87,revolving,South,auto,2024-10-23,728,705,19335.77,18861.68,47743.61,11.6,2,0,0,2.3,0.395,-23,Stage 1
88,term,East,home_improvement,2022-08-07,798,786,9155.31,6376.93,,6.95,5,0,0,29.3,,-12,Stage 1
89,revolving,West,personal,2022-05-26,811,819,19900.63,3975.91,10989.32,8.39,6,0,0,31.7,0.362,8,Stage 1
90,term,East,home_improvement,2022-06-17,685,675,29932.65,9078.81,,11.33,7,0,1,31.0,,-10,Stage 1
91,term,East,auto,2022-06-12,700,697,7563.43,3761.91,,8.82,3,0,0,31.1,,-3,Stage 1
92,revolving,South,auto,2023-08-05,774,770,19877.01,10221.52,16301.35,3.96,0,0,0,17.2,0.627,-4,Stage 1
93,revolving,West,home_improvement,2024-11-26,671,670,10218.91,10084.57,20702.29,13.87,9,0,0,1.2,0.487,-1,Stage 1
94,term,North,personal,2024-04-13,720,701,32195.87,27934.72,,8.75,3,0,0,8.8,,-19,Stage 1
95,revolving,East,auto,2023-04-04,611,583,9053.96,6099.72,17037.13,8.8,31,0,1,21.3,0.358,-28,Stage 2
96,term,East,home_improvement,2021-03-19,661,643,9961.94,4409.64,,16.58,7,0,0,46.1,,-18,Stage 1
97,term,West,debt_consolidation,2022-03-16,749,742,18414.69,5068.52,,15.34,1,0,0,34.1,,-7,Stage 1
98,term,East,home_improvement,2022-07-03,636,607,6722.19,4046.71,,11.85,20,0,0,30.4,,-29,Stage 1
99,term,West,home_improvement,2024-06-09,672,646,6361.44,5347.67,,5.74,9,0,0,6.9,,-26,Stage 1
100,term,North,personal,2022-02-04,585,534,31309.14,5066.41,,13.13,43,0,0,35.4,,-51,Stage 2
101,term,West,home_improvement,2024-05-21,800,817,27293.44,22595.04,,3.69,5,0,0,7.5,,17,Stage 1
102,term,North,debt_consolidation,2024-05-01,755,750,22676.15,18066.19,,9.41,2,0,0,8.2,,-5,Stage 1
103,term,West,home_improvement,2022-12-02,691,674,8044.04,1945.06,,7.61,7,0,0,25.4,,-17,Stage 1
104,term,East,debt_consolidation,2024-07-14,710,691,13935.68,11860.44,,6.9,2,0,0,5.7,,-19,Stage 1
105,revolving,North,auto,2021-05-06,703,692,15271.98,2222.53,3551.2,9.7,3,0,0,44.5,0.626,-11,Stage 1
106,term,East,home_improvement,2023-04-14,763,758,38178.59,25543.78,,10.84,0,0,0,20.9,,-5,Stage 1
107,term,North,personal,2024-11-06,648,646,13109.1,12757.55,,11.36,10,0,0,1.9,,-2,Stage 1
108,revolving,West,home_improvement,2022-06-28,723,709,7448.19,1328.25,3760.59,8.76,0,0,0,30.6,0.353,-14,Stage 1
109,term,West,debt_consolidation,2022-05-17,744,735,21313.56,3806.77,,8.37,0,0,0,32.0,,-9,Stage 1
110,term,West,debt_consolidation,2024-11-27,752,754,15524.63,15303.14,,11.56,1,0,0,1.2,,2,Stage 1
111,term,South,personal,2023-04-04,544,518,23278.84,8988.9,,11.64,58,0,1,21.3,,-26,Stage 2
112,term,South,debt_consolidation,2024-07-08,644,612,33969.15,29837.65,,9.41,7,0,0,5.9,,-32,Stage 2
113,revolving,North,home_improvement,2022-01-22,618,600,35351.6,19703.26,32248.7,6.4,31,0,0,35.8,0.611,-18,Stage 2
114,revolving,South,debt_consolidation,2022-02-16,688,686,8851.67,885.17,1468.36,3.93,5,1,0,35.0,0.603,-2,Stage 2
115,term,West,home_improvement,2024-10-01,559,542,10420.99,9834.79,,10.98,65,0,1,3.1,,-17,Stage 2
116,revolving,South,home_improvement,2024-01-23,557,513,1389.76,1079.05,2624.05,11.92,59,1,1,11.5,0.411,-44,Stage 2
117,revolving,South,debt_consolidation,2021-11-24,810,812,7351.87,735.19,1179.6,8.39,7,0,0,37.8,0.623,2,Stage 1
118,term,East,personal,2021-04-10,717,696,12862.23,2991.18,,10.12,1,0,0,45.4,,-21,Stage 1
119,revolving,North,auto,2022-04-06,687,682,31766.84,20287.53,32343.52,12.96,10,0,0,33.4,0.627,-5,Stage 1
120,term,North,personal,2024-08-31,701,691,12514.3,11318.21,,15.03,4,0,0,4.1,,-10,Stage 1
121,revolving,North,auto,2021-01-25,688,686,25670.24,4548.59,12861.49,7.81,6,0,0,47.9,0.354,-2,Stage 1
122,revolving,South,personal,2022-05-09,739,737,8416.61,2272.59,5153.13,8.74,1,0,0,32.3,0.441,-2,Stage 1
123,term,West,home_improvement,2021-12-19,642,613,5363.22,536.32,,10.36,14,0,0,37.0,,-29,Stage 1
124,term,East,home_improvement,2023-05-19,691,678,13648.98,10774.05,,5.36,3,0,0,19.8,,-13,Stage 1
125,term,North,debt_consolidation,2024-02-15,693,672,16885.9,12741.89,,3.0,6,0,0,10.7,,-21,Stage 1
126,term,South,auto,2021-07-18,617,583,7464.14,746.41,,5.0,31,1,0,42.1,,-34,Stage 2
127,revolving,West,auto,2024-07-26,756,746,4659.25,4406.09,8622.97,8.17,3,0,0,5.3,0.511,-10,Stage 1
128,revolving,East,debt_consolidation,2023-04-27,653,636,9184.66,6086.48,12469.23,6.83,23,0,0,20.5,0.488,-17,Stage 1
129,term,East,personal,2024-01-08,741,725,21169.29,15141.13,,6.55,3,0,0,12.0,,-16,Stage 1
130,term,North,debt_consolidation,2024-12-18,686,673,13617.73,13252.37,,9.15,8,1,0,0.5,,-13,Stage 2
131,term,North,personal,2024-10-09,778,763,6184.12,5770.35,,8.96,3,0,0,2.8,,-15,Stage 1
132,term,West,debt_consolidation,2022-06-10,617,575,6988.63,1190.65,,6.73,23,0,1,31.2,,-42,Stage 2
133,term,South,auto,2022-06-25,614,608,22881.14,3903.32,,4.16,18,0,0,30.7,,-6,Stage 1
134,term,West,auto,2022-04-22,625,599,11809.93,1783.07,,10.22,27,0,0,32.8,,-26,Stage 1
135,revolving,North,personal,2021-01-10,687,671,3603.95,745.09,1326.93,12.16,6,0,0,48.4,0.562,-16,Stage 1
136,term,West,auto,2024-07-07,772,766,29406.41,26820.08,,7.14,3,0,0,5.9,,-6,Stage 1
137,term,South,auto,2022-06-08,775,778,3839.98,1486.12,,7.85,8,0,0,31.3,,3,Stage 1
138,revolving,East,auto,2023-03-21,541,509,26652.88,14214.62,36082.16,11.44,65,0,0,21.7,0.394,-32,Stage 2
139,term,East,auto,2023-02-11,694,690,8601.49,6503.84,,12.15,3,0,0,23.0,,-4,Stage 1
140,revolving,East,home_improvement,2023-05-10,487,449,5869.73,2553.52,4680.54,7.63,99,0,1,20.1,0.546,-38,Stage 3
141,revolving,East,debt_consolidation,2023-10-27,727,718,15084.97,11293.76,25084.93,8.69,3,0,0,14.4,0.45,-9,Stage 1
142,term,North,debt_consolidation,2023-11-25,747,751,11243.34,9244.77,,13.43,3,0,0,13.4,,4,Stage 1
143,term,North,home_improvement,2021-06-24,677,658,9065.25,3546.02,,11.63,11,0,0,42.9,,-19,Stage 1
144,term,South,auto,2022-03-18,685,670,15696.49,7051.5,,5.58,7,0,0,34.0,,-15,Stage 1
145,term,South,debt_consolidation,2024-03-16,684,667,4365.53,3636.57,,3.85,6,0,0,9.7,,-17,Stage 1
146,term,South,debt_consolidation,2024-05-01,632,624,14438.57,11104.68,,8.17,30,0,0,8.2,,-8,Stage 2
147,term,South,debt_consolidation,2023-11-03,705,697,15214.38,11531.77,,6.1,3,0,0,14.2,,-8,Stage 1
148,term,West,personal,2021-09-03,666,650,8547.62,3466.63,,10.4,11,0,0,40.5,,-16,Stage 1
149,term,South,home_improvement,2022-11-06,735,706,1000.0,534.69,,11.14,1,0,0,26.2,,-29,Stage 1
150,term,East,personal,2021-04-24,673,661,11652.73,4554.35,,9.77,10,0,0,44.9,,-12,Stage 1
151,revolving,East,personal,2023-10-09,628,613,11381.76,8015.69,23776.34,6.58,18,0,0,15.0,0.337,-15,Stage 1
152,term,East,home_improvement,2023-03-05,587,569,10486.53,3813.19,,5.19,40,0,0,22.3,,-18,Stage 2
153,term,West,debt_consolidation,2021-08-21,568,536,2536.64,253.66,,10.98,52,0,0,41.0,,-32,Stage 2
154,term,South,personal,2023-09-07,758,760,14553.76,8055.72,,11.49,1,0,0,16.1,,2,Stage 1
155,revolving,East,debt_consolidation,2024-09-07,652,638,24634.08,21818.46,47672.84,12.32,16,0,0,3.9,0.458,-14,Stage 1
156,term,East,personal,2021-05-06,700,668,10864.2,2313.59,,8.13,2,0,0,44.5,,-32,Stage 2
157,term,East,debt_consolidation,2024-08-29,786,797,4414.62,4164.08,,8.73,1,0,0,4.2,,11,Stage 1
158,revolving,East,auto,2022-05-26,646,625,18190.47,4897.93,14018.92,11.43,9,0,0,31.7,0.349,-21,Stage 1
159,term,North,auto,2021-10-08,642,624,34448.67,3444.87,,9.04,19,0,0,39.4,,-18,Stage 1
160,revolving,South,auto,2023-03-09,672,650,6153.88,3035.09,4821.66,7.28,10,1,0,22.1,0.629,-22,Stage 2
161,term,South,home_improvement,2023-09-05,681,673,6348.44,3752.16,,6.48,10,1,0,16.1,,-8,Stage 2
162,term,West,auto,2023-06-22,793,797,29944.15,22108.34,,11.16,2,0,0,18.6,,4,Stage 1
163,term,North,personal,2024-07-30,773,754,11632.23,11015.53,,8.12,1,0,0,5.2,,-19,Stage 1
164,term,West,debt_consolidation,2022-10-13,717,700,2322.83,1066.23,,7.37,2,0,0,27.0,,-17,Stage 1
165,term,East,debt_consolidation,2022-01-27,766,777,41644.28,22421.62,,10.35,1,0,0,35.7,,11,Stage 1
166,revolving,West,debt_consolidation,2022-01-17,669,661,1000.0,619.78,933.94,6.86,6,0,0,36.0,0.664,-8,Stage 1
167,term,East,debt_consolidation,2021-08-04,697,681,1940.29,394.09,,7.27,3,0,0,41.5,,-16,Stage 1
168,term,East,personal,2022-06-26,661,640,4757.84,1317.17,,9.12,8,0,0,30.7,,-21,Stage 1
169,term,South,debt_consolidation,2022-08-29,602,568,21700.19,8848.2,,7.6,23,0,1,28.5,,-34,Stage 2
170,term,South,personal,2021-04-26,752,738,23017.05,12037.1,,13.24,2,0,0,44.9,,-14,Stage 1
171,term,South,personal,2022-05-24,711,702,3762.32,2102.82,,10.6,3,0,0,31.8,,-9,Stage 1
172,term,South,debt_consolidation,2021-09-28,681,683,6550.81,1716.31,,9.38,5,0,0,39.7,,2,Stage 1
173,term,South,debt_consolidation,2024-08-07,679,661,16464.97,14341.01,,13.21,6,0,0,4.9,,-18,Stage 1
174,term,North,debt_consolidation,2023-11-29,589,562,34126.16,26903.9,,9.24,34,0,0,13.3,,-27,Stage 2
175,term,South,personal,2023-11-14,621,591,1000.0,625.9,,12.25,30,0,0,13.8,,-30,Stage 2
176,term,West,home_improvement,2023-02-15,700,687,2068.12,803.63,,6.02,4,0,0,22.9,,-13,Stage 1
177,term,East,personal,2023-12-03,648,632,8577.41,6036.64,,7.1,22,0,0,13.2,,-16,Stage 1
178,term,South,home_improvement,2024-04-08,666,668,3127.97,2375.97,,6.13,15,0,0,8.9,,2,Stage 1
179,revolving,North,debt_consolidation,2021-12-06,673,669,28754.49,3893.34,7066.6,10.51,8,0,0,37.4,0.551,-4,Stage 1
180,term,West,personal,2021-06-18,639,630,12342.74,5011.07,,4.37,17,0,0,43.1,,-9,Stage 1
181,term,West,debt_consolidation,2022-10-24,621,594,27022.57,19648.39,,9.95,23,0,0,26.7,,-27,Stage 1
182,term,East,home_improvement,2021-05-23,583,546,16612.4,1661.24,,7.52,36,0,0,44.0,,-37,Stage 2
183,revolving,West,home_improvement,2024-01-30,671,655,21174.46,17818.26,28620.55,9.39,10,1,0,11.2,0.623,-16,Stage 2
184,revolving,West,personal,2022-07-29,717,701,7383.36,2535.5,7044.38,8.94,3,0,0,29.6,0.36,-16,Stage 1
185,term,West,personal,2022-04-20,581,549,1716.57,905.8,,10.67,55,0,0,32.9,,-32,Stage 2
186,term,West,personal,2021-11-07,678,666,11145.94,5780.22,,15.71,4,0,0,38.4,,-12,Stage 1
187,revolving,North,personal,2023-12-20,696,690,24764.25,19016.87,48848.01,15.06,8,0,0,12.6,0.389,-6,Stage 1
188,term,East,auto,2023-11-19,620,609,40856.85,26943.53,,11.45,27,0,0,13.6,,-11,Stage 1
189,term,South,auto,2022-06-15,765,767,10543.47,5728.54,,7.97,0,0,0,31.0,,2,Stage 1
190,term,West,debt_consolidation,2023-09-18,656,639,21805.67,12639.25,,9.57,19,1,0,15.7,,-17,Stage 2
191,term,North,home_improvement,2021-03-14,673,649,7263.7,726.37,,7.81,13,0,0,46.3,,-24,Stage 1
192,revolving,East,home_improvement,2024-11-18,670,666,9238.82,9033.93,16266.3,6.79,10,0,0,1.5,0.555,-4,Stage 1
193,revolving,South,debt_consolidation,2023-05-19,573,552,12154.01,8505.55,19368.86,3.14,45,0,0,19.8,0.439,-21,Stage 2
194,term,East,debt_consolidation,2022-01-29,740,729,36003.13,14044.42,,8.32,1,0,0,35.6,,-11,Stage 1
195,term,North,debt_consolidation,2022-04-26,622,608,21246.27,4406.18,,9.83,24,0,0,32.7,,-14,Stage 1
196,term,North,auto,2022-04-18,665,649,19121.84,11269.51,,10.83,12,0,0,33.0,,-16,Stage 1
197,revolving,North,debt_consolidation,2021-11-09,715,716,34715.66,3471.57,8340.97,9.34,2,0,0,38.3,0.416,1,Stage 1
198,revolving,West,home_improvement,2023-08-10,767,761,6525.15,4269.47,7479.35,6.92,0,0,0,17.0,0.571,-6,Stage 1
199,revolving,North,debt_consolidation,2021-11-20,615,589,10456.55,1745.46,3619.54,7.51,19,0,0,37.9,0.482,-26,Stage 1
200,revolving,South,personal,2023-10-10,653,619,19229.55,11664.85,17785.28,11.77,18,0,0,15.0,0.656,-34,Stage 2
201,term,West,home_improvement,2023-08-23,762,754,8142.8,6522.18,,3.87,0,0,0,16.6,,-8,Stage 1
202,term,East,home_improvement,2021-03-28,707,712,10060.49,1006.05,,7.47,3,0,0,45.8,,5,Stage 1
203,term,South,home_improvement,2021-12-25,720,737,15512.18,1551.22,,9.07,4,0,0,36.8,,17,Stage 1
204,revolving,West,auto,2022-11-26,616,597,12523.12,4929.42,13862.59,7.77,30,0,0,25.6,0.356,-19,Stage 2
205,term,North,auto,2021-07-16,657,634,5009.96,501.0,,4.45,18,0,0,42.2,,-23,Stage 1
206,term,East,home_improvement,2023-01-26,669,650,7180.62,5057.4,,11.8,16,0,1,23.5,,-19,Stage 1
207,term,North,personal,2023-09-04,628,606,4961.1,3328.76,,12.49,19,0,0,16.2,,-22,Stage 1
208,term,South,home_improvement,2024-11-09,579,547,21762.35,21186.6,,6.04,52,0,1,1.8,,-32,Stage 2
209,term,South,auto,2024-02-16,649,638,6966.06,5043.9,,3.0,12,0,0,10.7,,-11,Stage 1
210,term,West,personal,2022-05-13,761,743,19297.44,3253.36,,15.0,3,0,0,32.1,,-18,Stage 1
211,term,South,home_improvement,2023-06-27,683,669,14535.87,9807.71,,7.75,13,0,0,18.5,,-14,Stage 1
212,term,East,auto,2023-07-20,762,776,12745.72,7272.63,,6.08,1,0,0,17.7,,14,Stage 1
213,term,West,personal,2022-04-07,690,687,4182.56,1336.31,,8.67,4,0,0,33.3,,-3,Stage 1
214,term,East,debt_consolidation,2023-08-28,634,633,14411.82,9623.89,,9.96,24,0,1,16.4,,-1,Stage 1
215,revolving,North,debt_consolidation,2024-06-24,756,750,17906.51,15243.8,33343.59,7.11,1,0,0,6.4,0.457,-6,Stage 1
216,term,East,home_improvement,2021-08-22,692,672,21870.57,2425.64,,9.39,6,0,0,40.9,,-20,Stage 1
217,term,East,debt_consolidation,2022-02-21,737,733,4904.24,2627.31,,8.64,3,0,0,34.8,,-4,Stage 1
218,revolving,South,auto,2024-10-20,615,584,10749.02,10161.91,25080.4,6.94,29,0,0,2.4,0.405,-31,Stage 2
219,term,North,personal,2021-06-02,742,730,25899.56,4897.97,,4.1,0,0,0,43.6,,-12,Stage 1
220,revolving,South,home_improvement,2021-09-29,744,736,24017.71,5906.11,16489.86,13.0,0,0,0,39.7,0.358,-8,Stage 1
221,term,North,personal,2022-01-27,697,697,12160.1,1216.01,,10.69,4,0,0,35.7,,0,Stage 1
222,term,North,personal,2022-07-01,631,619,4055.41,959.14,,6.7,29,0,0,30.5,,-12,Stage 1
223,term,East,personal,2022-12-26,677,667,22722.23,9119.23,,10.22,8,1,1,24.6,,-10,Stage 2
224,term,South,auto,2024-12-24,716,707,12966.58,12619.89,,6.39,5,0,0,0.3,,-9,Stage 1
225,term,East,home_improvement,2021-07-08,694,699,5887.51,2395.74,,8.89,6,0,0,42.4,,5,Stage 1
226,term,East,debt_consolidation,2023-03-23,716,710,11043.58,6260.89,,10.78,2,0,0,21.7,,-6,Stage 1
227,revolving,East,personal,2024-06-29,740,724,4162.68,3408.81,6397.67,10.39,1,0,0,6.2,0.533,-16,Stage 1
228,term,North,personal,2022-01-30,641,623,22624.62,12952.89,,7.78,10,0,0,35.6,,-18,Stage 1
229,revolving,South,personal,2022-10-24,610,576,2417.55,564.78,1628.03,11.45,28,1,1,26.7,0.347,-34,Stage 2
230,term,South,auto,2023-05-03,677,657,27142.77,20038.46,,9.03,18,0,0,20.3,,-20,Stage 1
231,revolving,East,debt_consolidation,2024-05-27,660,656,15884.36,14629.81,33922.81,7.42,8,0,1,7.3,0.431,-4,Stage 1
232,term,North,personal,2022-08-17,727,722,4232.46,2534.43,,14.03,1,0,0,28.9,,-5,Stage 1
233,term,South,auto,2021-07-09,615,593,10246.41,1983.27,,5.63,21,0,0,42.4,,-22,Stage 1
234,term,West,auto,2021-08-22,741,737,9362.34,3452.34,,10.2,1,0,0,40.9,,-4,Stage 1
235,term,South,personal,2021-08-20,761,756,6272.93,1372.46,,13.25,1,0,0,41.0,,-5,Stage 1
236,revolving,East,personal,2021-12-24,680,644,14793.94,4215.23,7013.84,3.89,9,0,0,36.8,0.601,-36,Stage 2
237,term,West,auto,2022-04-23,683,676,35069.64,3506.96,,13.91,12,0,0,32.8,,-7,Stage 1
238,term,North,auto,2024-12-23,633,619,6787.93,6644.98,,14.07,24,1,0,0.3,,-14,Stage 2
239,term,West,personal,2021-08-25,647,630,13768.67,1376.87,,7.59,13,0,0,40.8,,-17,Stage 1
240,term,West,auto,2023-11-23,655,630,13109.26,11009.15,,9.87,17,0,0,13.5,,-25,Stage 1
241,revolving,East,auto,2021-08-01,766,780,14679.86,1467.99,3109.88,6.79,1,1,0,41.6,0.472,14,Stage 2
242,revolving,South,personal,2022-01-14,675,655,1000.0,438.98,1104.19,6.52,11,1,0,36.1,0.398,-20,Stage 2
243,revolving,North,personal,2023-10-23,600,567,28460.79,22144.44,47819.22,5.6,47,0,0,14.5,0.463,-33,Stage 2
244,term,West,home_improvement,2023-06-28,695,683,55459.47,24893.57,,14.08,7,0,0,18.4,,-12,Stage 1
245,term,East,debt_consolidation,2022-03-26,729,728,12898.79,5820.28,,8.3,1,0,0,33.7,,-1,Stage 1
246,revolving,South,personal,2022-07-23,678,668,21480.28,3942.27,7821.12,4.84,4,1,0,29.8,0.504,-10,Stage 2
247,term,West,personal,2024-12-21,768,771,17434.97,17099.87,,12.12,1,0,0,0.4,,3,Stage 1
248,revolving,East,personal,2023-03-24,726,729,4796.81,2967.94,4643.84,11.02,2,1,0,21.6,0.639,3,Stage 2
249,revolving,East,debt_consolidation,2021-10-06,617,597,12142.25,6004.33,16819.05,10.13,18,0,0,39.4,0.357,-20,Stage 1
250,revolving,East,home_improvement,2021-08-02,646,640,7263.2,726.32,1135.24,7.02,13,0,0,41.6,0.64,-6,Stage 1
251,term,North,auto,2024-08-01,693,685,11239.05,10053.19,,7.79,5,0,0,5.1,,-8,Stage 1
252,term,South,debt_consolidation,2022-12-19,580,551,13424.14,5971.62,,15.22,35,1,0,24.8,,-29,Stage 2
253,revolving,West,personal,2023-08-28,700,683,14159.74,7966.58,15923.03,10.16,4,0,1,16.4,0.5,-17,Stage 1
254,term,South,personal,2024-07-21,574,559,6747.02,5791.34,,7.41,57,1,0,5.5,,-15,Stage 2
255,term,South,home_improvement,2023-11-01,741,741,14199.07,11769.82,,11.23,1,0,0,14.2,,0,Stage 1
256,term,West,home_improvement,2023-05-21,734,723,11570.09,9074.32,,11.53,0,0,0,19.7,,-11,Stage 1
257,revolving,South,home_improvement,2023-12-07,710,695,26962.46,19754.99,32076.44,14.44,3,0,0,13.0,0.616,-15,Stage 1
258,term,North,auto,2022-03-14,639,609,20776.91,11916.3,,9.2,23,0,0,34.1,,-30,Stage 2
259,term,West,debt_consolidation,2022-11-02,690,694,23687.68,5285.42,,11.2,8,0,0,26.4,,4,Stage 1
260,term,West,debt_consolidation,2023-06-23,649,635,24892.41,14097.26,,10.59,20,0,0,18.6,,-14,Stage 1
261,term,East,home_improvement,2024-12-21,618,610,5733.74,5575.97,,6.86,28,0,0,0.4,,-8,Stage 1
262,revolving,South,auto,2024-12-26,659,662,20135.4,19923.11,44516.45,4.9,13,1,1,0.2,0.448,3,Stage 2
263,term,West,debt_consolidation,2024-02-28,721,730,5508.5,4424.81,,10.86,1,0,0,10.3,,9,Stage 1
264,term,West,personal,2023-11-12,682,663,32210.1,23627.68,,11.08,8,0,1,13.9,,-19,Stage 1
265,revolving,North,personal,2023-06-11,767,793,19862.16,14250.34,24749.41,3.0,0,0,0,19.0,0.576,26,Stage 1
266,revolving,East,personal,2022-01-24,725,724,5175.38,3007.76,4899.38,10.59,4,1,0,35.8,0.614,-1,Stage 2
267,term,West,debt_consolidation,2021-05-15,719,698,14555.96,4530.02,,8.76,0,0,0,44.2,,-21,Stage 1
268,revolving,North,home_improvement,2022-06-16,583,558,6405.21,1710.74,4743.87,10.31,53,0,0,31.0,0.361,-25,Stage 2
269,term,West,personal,2021-08-08,662,646,8838.1,4927.94,,7.56,16,0,0,41.4,,-16,Stage 1
270,term,West,home_improvement,2021-11-29,616,597,16337.97,4053.23,,13.36,22,0,0,37.6,,-19,Stage 1
271,revolving,West,auto,2024-02-28,669,656,7943.24,6405.01,12671.12,12.09,8,0,0,10.3,0.505,-13,Stage 1
272,revolving,North,personal,2023-11-22,638,624,10491.06,8323.5,19316.11,4.83,20,1,0,13.5,0.431,-14,Stage 2
273,revolving,South,auto,2024-12-19,657,632,25274.93,24871.82,67645.23,6.06,9,0,0,0.4,0.368,-25,Stage 1
274,revolving,West,home_improvement,2024-08-14,743,740,11258.66,10504.57,21725.76,9.18,0,0,0,4.7,0.484,-3,Stage 1
275,term,West,debt_consolidation,2021-12-23,708,693,5811.86,897.46,,7.14,4,0,0,36.8,,-15,Stage 1
276,term,South,home_improvement,2022-02-05,740,735,2083.34,652.44,,12.24,1,0,0,35.4,,-5,Stage 1
277,revolving,West,personal,2023-06-15,583,554,20895.16,10839.19,31300.84,5.96,33,1,0,18.9,0.346,-29,Stage 2
278,term,East,personal,2023-09-17,683,665,20651.99,12825.67,,12.22,4,0,0,15.7,,-18,Stage 1
279,revolving,West,home_improvement,2022-12-10,738,739,14610.92,6893.23,16450.11,3.0,0,0,0,25.1,0.419,1,Stage 1
280,revolving,East,personal,2023-11-24,770,772,50644.07,30585.97,83400.94,7.79,2,0,0,13.5,0.367,2,Stage 1
281,revolving,South,personal,2021-09-05,587,564,10128.39,2814.88,6846.14,13.17,47,0,0,40.5,0.411,-23,Stage 2
282,term,North,auto,2023-08-04,658,636,27254.98,14359.03,,8.83,9,1,0,17.2,,-22,Stage 2
283,term,South,debt_consolidation,2021-02-11,742,741,7285.02,728.5,,9.08,3,0,0,47.3,,-1,Stage 1
284,term,West,home_improvement,2023-03-12,668,651,21728.48,14813.4,,11.33,11,0,0,22.0,,-17,Stage 1
285,term,East,auto,2021-05-03,625,599,5027.8,502.78,,10.58,26,0,0,44.6,,-26,Stage 1
286,term,North,personal,2021-01-27,587,570,21398.81,2139.88,,8.66,56,0,0,47.8,,-17,Stage 2
287,term,West,auto,2022-07-25,623,609,10523.21,5276.85,,12.95,25,0,0,29.7,,-14,Stage 1
288,term,North,debt_consolidation,2024-03-16,578,520,18425.0,13607.25,,9.39,31,0,0,9.7,,-58,Stage 2
289,term,North,home_improvement,2022-05-11,683,647,15056.38,9561.25,,10.63,8,0,0,32.2,,-36,Stage 2
290,term,West,debt_consolidation,2022-05-01,733,741,20414.46,9482.29,,11.84,2,0,0,32.5,,8,Stage 1
291,term,South,debt_consolidation,2023-06-18,604,567,1889.61,1016.69,,3.0,38,0,0,18.8,,-37,Stage 2
292,term,West,auto,2022-12-12,695,669,11499.8,7584.52,,6.84,5,0,0,25.0,,-26,Stage 1
293,revolving,West,auto,2024-02-26,730,720,26160.95,20775.85,38187.1,7.23,3,0,0,10.3,0.544,-10,Stage 1
294,term,South,debt_consolidation,2022-01-11,679,667,28685.07,10775.19,,10.98,9,0,0,36.2,,-12,Stage 1
295,term,East,personal,2022-10-27,583,550,17829.76,9977.17,,14.23,49,0,1,26.6,,-33,Stage 2
296,term,West,home_improvement,2023-02-22,703,661,26840.36,15724.27,,3.4,3,0,0,22.6,,-42,Stage 2
297,revolving,North,personal,2023-05-01,676,662,11091.34,6393.43,16657.56,7.75,7,0,1,20.4,0.384,-14,Stage 1
298,term,West,personal,2024-01-12,670,672,7574.29,6128.28,,12.28,13,0,0,11.8,,2,Stage 1
299,term,West,home_improvement,2022-11-05,647,614,13765.61,7234.44,,3.78,13,1,0,26.3,,-33,Stage 2
300,term,North,auto,2024-02-01,685,687,15220.35,11403.42,,10.15,8,0,0,11.2,,2,Stage 1
301,term,South,personal,2021-12-28,710,696,17075.78,6665.8,,10.37,5,0,0,36.7,,-14,Stage 1
302,term,East,auto,2022-11-15,823,845,12956.07,3754.62,,10.61,11,0,0,25.9,,22,Stage 1
303,term,East,home_improvement,2024-07-03,686,678,13114.12,11040.87,,5.63,9,0,0,6.1,,-8,Stage 1
304,term,North,personal,2021-09-04,770,762,22307.33,10705.42,,8.88,2,0,0,40.5,,-8,Stage 1
305,revolving,South,auto,2024-04-30,701,695,6279.35,4890.86,7663.92,5.39,6,0,0,8.2,0.638,-6,Stage 1
306,revolving,West,auto,2022-06-19,674,671,15061.48,8726.72,15227.52,12.32,10,0,0,30.9,0.573,-3,Stage 1
307,term,West,personal,2021-11-10,688,660,17851.69,9436.84,,5.81,6,0,0,38.3,,-28,Stage 1
308,term,West,home_improvement,2024-07-23,606,582,7981.26,6708.13,,9.11,26,0,0,5.4,,-24,Stage 1
309,revolving,West,debt_consolidation,2024-10-28,698,696,10353.92,9882.79,22917.0,15.27,6,0,0,2.2,0.431,-2,Stage 1
310,term,West,auto,2022-03-20,560,526,35825.47,3582.55,,12.38,47,0,0,33.9,,-34,Stage 2
311,term,North,home_improvement,2023-05-19,628,593,14538.0,10246.63,,3.69,25,0,0,19.8,,-35,Stage 2
312,term,West,personal,2024-05-03,686,692,60684.16,46481.63,,8.09,13,0,0,8.1,,6,Stage 1
313,term,West,auto,2024-07-05,751,728,13748.7,11438.76,,9.2,0,0,0,6.0,,-23,Stage 1
314,revolving,South,auto,2022-08-05,765,758,23131.72,9048.03,19289.49,8.43,0,0,0,29.3,0.469,-7,Stage 1
315,revolving,West,auto,2023-05-21,665,647,3352.53,1579.48,4559.65,10.16,11,1,0,19.7,0.346,-18,Stage 2
316,term,East,home_improvement,2024-10-15,689,696,1875.51,1789.29,,10.85,5,0,0,2.6,,7,Stage 1
317,term,North,auto,2022-07-02,739,710,5556.57,1825.33,,14.5,1,0,0,30.5,,-29,Stage 1
318,term,North,auto,2024-02-06,600,574,25165.47,18713.78,,7.6,40,0,0,11.0,,-26,Stage 2
319,term,North,personal,2023-11-14,704,686,10524.31,6612.64,,11.23,3,0,0,13.8,,-18,Stage 1
320,term,East,auto,2022-04-10,630,602,3198.48,749.84,,8.45,20,0,1,33.2,,-28,Stage 1
321,term,West,home_improvement,2023-11-12,669,668,13552.31,7994.59,,13.71,12,0,1,13.9,,-1,Stage 1
322,revolving,North,personal,2022-05-17,652,624,23508.39,15801.9,25260.08,10.17,24,0,1,32.0,0.626,-28,Stage 1
323,term,East,debt_consolidation,2023-05-01,706,682,6153.58,2808.07,,9.12,3,0,0,20.4,,-24,Stage 1
324,term,South,personal,2022-12-17,713,691,24518.61,14778.86,,8.22,2,0,0,24.9,,-22,Stage 1
325,revolving,West,auto,2023-06-11,733,727,4165.2,3196.28,5272.76,6.39,3,0,0,19.0,0.606,-6,Stage 1
326,revolving,East,debt_consolidation,2022-05-16,700,688,23078.57,12506.98,34051.26,11.6,9,0,0,32.0,0.367,-12,Stage 1
327,term,West,personal,2023-01-05,690,674,7544.53,2804.59,,6.54,7,0,1,24.2,,-16,Stage 1
328,term,South,auto,2022-08-16,791,786,30303.71,14514.66,,3.4,4,0,0,29.0,,-5,Stage 1
329,term,East,personal,2022-02-11,588,575,34390.51,6247.12,,6.12,38,1,0,35.2,,-13,Stage 2
330,term,West,home_improvement,2024-09-15,781,760,17233.29,15796.4,,9.46,1,0,0,3.6,,-21,Stage 1
331,term,East,auto,2022-12-04,662,657,8019.3,4581.1,,5.33,13,0,0,25.3,,-5,Stage 1
332,revolving,North,home_improvement,2021-10-13,714,690,62959.72,12062.17,30864.73,6.58,2,0,0,39.2,0.391,-24,Stage 1
333,term,West,auto,2021-05-27,660,653,7049.62,822.85,,3.33,12,0,0,43.8,,-7,Stage 1
334,term,East,home_improvement,2023-03-05,637,625,37559.01,21939.36,,6.52,16,0,0,22.3,,-12,Stage 1
335,term,North,debt_consolidation,2022-01-19,709,704,46785.4,21658.72,,14.14,3,1,0,35.9,,-5,Stage 2
336,term,South,home_improvement,2021-01-11,742,735,17730.33,1773.03,,7.1,2,0,0,48.4,,-7,Stage 1
337,revolving,West,personal,2021-10-03,708,693,5023.73,2742.19,5997.07,8.68,7,0,0,39.5,0.457,-15,Stage 1
338,revolving,West,auto,2023-06-05,647,630,16652.93,8913.98,24369.62,15.72,14,0,0,19.2,0.366,-17,Stage 1
339,term,South,personal,2023-08-22,850,850,51606.94,34603.27,,9.99,11,0,0,16.6,,0,Stage 1
340,term,North,home_improvement,2021-10-30,751,742,7972.38,797.24,,9.88,0,0,0,38.6,,-9,Stage 1
341,term,South,auto,2021-07-23,736,724,12311.94,4879.15,,6.14,1,0,0,41.9,,-12,Stage 1
342,term,West,home_improvement,2021-12-11,658,640,1404.6,463.31,,9.68,14,0,0,37.2,,-18,Stage 1
343,term,East,debt_consolidation,2023-04-06,642,620,12366.37,4926.9,,14.2,14,1,0,21.2,,-22,Stage 2
344,term,North,debt_consolidation,2024-07-13,663,644,21042.45,18572.09,,5.37,17,0,0,5.7,,-19,Stage 1
345,term,North,debt_consolidation,2021-01-22,744,754,5658.85,565.88,,8.44,1,0,0,48.0,,10,Stage 1
346,term,North,home_improvement,2023-04-19,620,589,36568.94,22938.37,,5.48,16,0,0,20.8,,-31,Stage 2
347,term,South,home_improvement,2022-06-20,615,604,3662.02,431.73,,13.85,25,0,0,30.9,,-11,Stage 1
348,term,South,debt_consolidation,2024-01-25,712,711,8081.65,6251.32,,5.46,4,0,0,11.4,,-1,Stage 1
349,term,East,home_improvement,2023-09-08,699,672,32085.24,24922.69,,6.89,9,0,0,16.0,,-27,Stage 1
350,term,East,personal,2021-09-20,633,605,11618.68,2238.61,,5.52,11,0,1,40.0,,-28,Stage 1
351,term,North,home_improvement,2022-08-07,614,590,41990.95,13286.45,,4.85,32,0,0,29.3,,-24,Stage 2
352,revolving,East,personal,2023-10-10,766,762,2123.7,1358.17,2982.99,9.28,1,0,0,15.0,0.455,-4,Stage 1
353,term,South,debt_consolidation,2022-01-18,701,684,9858.34,2664.68,,7.95,6,0,0,36.0,,-17,Stage 1
354,term,East,home_improvement,2023-07-06,598,582,16994.35,10792.23,,10.05,36,0,0,18.2,,-16,Stage 2
355,term,South,debt_consolidation,2022-01-27,602,579,50358.68,23899.26,,10.86,35,1,0,35.7,,-23,Stage 2
356,term,East,auto,2023-06-08,658,641,14693.77,11454.84,,3.96,14,0,0,19.1,,-17,Stage 1
357,term,West,home_improvement,2022-06-24,723,727,19898.71,13082.2,,9.91,5,0,1,30.7,,4,Stage 1
358,term,South,home_improvement,2024-01-21,715,698,13004.97,10358.65,,6.26,2,1,0,11.5,,-17,Stage 2
359,revolving,West,debt_consolidation,2022-07-20,747,735,11990.86,6410.46,16756.74,9.43,0,0,0,29.9,0.383,-12,Stage 1
360,term,South,debt_consolidation,2024-03-28,590,559,7983.19,5911.61,,10.0,44,0,0,9.3,,-31,Stage 2
361,term,East,debt_consolidation,2023-06-03,693,666,18134.46,14367.3,,8.22,6,0,0,19.3,,-27,Stage 1
362,term,West,auto,2021-08-16,765,761,10600.73,1060.07,,12.95,2,0,0,41.1,,-4,Stage 1
363,term,East,auto,2022-04-18,759,761,20728.7,6908.66,,4.7,2,0,0,33.0,,2,Stage 1
364,term,South,debt_consolidation,2022-01-07,701,676,14510.37,1451.04,,5.62,6,0,0,36.3,,-25,Stage 1
365,revolving,West,home_improvement,2024-10-31,820,813,9726.05,9463.91,17968.17,9.73,8,0,0,2.1,0.527,-7,Stage 1
366,term,North,home_improvement,2021-02-06,716,706,36904.12,3690.41,,15.34,5,0,0,47.5,,-10,Stage 1
367,revolving,East,debt_consolidation,2022-11-22,742,739,7331.83,4130.66,6451.54,6.18,0,0,0,25.7,0.64,-3,Stage 1
368,revolving,South,personal,2023-04-24,682,665,8292.86,3243.48,5931.6,8.8,8,0,0,20.6,0.547,-17,Stage 1
369,term,West,auto,2023-11-27,633,608,1199.78,794.05,,12.57,21,1,0,13.4,,-25,Stage 2
370,term,East,auto,2021-04-11,627,619,11033.58,1103.36,,11.75,27,0,0,45.4,,-8,Stage 1
371,term,West,personal,2024-04-28,690,671,34980.28,31893.01,,10.85,2,0,0,8.3,,-19,Stage 1
372,term,East,debt_consolidation,2022-10-20,667,666,35604.97,25906.45,,6.84,14,1,0,26.8,,-1,Stage 2
373,term,East,home_improvement,2021-03-31,573,538,9001.8,3344.5,,8.92,53,0,0,45.7,,-35,Stage 2
374,term,East,home_improvement,2023-10-27,618,600,19499.4,12759.99,,9.09,18,0,0,14.4,,-18,Stage 1
375,term,West,auto,2023-06-24,660,637,22683.67,13327.87,,12.13,19,1,0,18.6,,-23,Stage 2
376,term,West,personal,2024-03-08,723,710,3411.02,2532.05,,8.6,3,0,0,10.0,,-13,Stage 1
377,revolving,East,home_improvement,2021-04-05,679,658,29455.51,2945.55,7613.9,13.07,10,0,0,45.6,0.387,-21,Stage 1
378,term,North,auto,2022-09-24,675,667,4081.25,1086.34,,8.84,3,1,0,27.7,,-8,Stage 2
379,revolving,North,home_improvement,2024-11-10,620,613,9573.1,9077.2,23631.37,9.42,25,0,0,1.7,0.384,-7,Stage 1
380,term,North,home_improvement,2021-05-03,681,667,5146.4,514.64,,8.62,11,0,0,44.6,,-14,Stage 1
381,term,South,home_improvement,2024-08-01,759,744,16902.69,15169.06,,8.47,3,1,0,5.1,,-15,Stage 2
382,term,North,auto,2022-01-01,689,682,6610.39,2375.12,,8.79,4,0,0,36.5,,-7,Stage 1
383,term,West,personal,2022-11-22,589,577,8000.52,1968.58,,9.1,46,0,0,25.7,,-12,Stage 2
384,revolving,North,debt_consolidation,2021-11-21,604,588,25617.61,3280.98,6858.88,4.14,42,0,0,37.9,0.478,-16,Stage 2
385,revolving,West,personal,2022-02-11,715,691,8848.08,1320.63,2149.15,8.16,0,0,0,35.2,0.614,-24,Stage 1
386,revolving,South,home_improvement,2023-09-23,666,643,13163.3,8120.56,23298.68,14.07,8,0,0,15.5,0.349,-23,Stage 1
387,term,West,personal,2022-06-03,675,651,4020.0,2040.97,,3.56,11,0,0,31.4,,-24,Stage 1
388,term,West,home_improvement,2023-06-15,643,624,2827.59,1524.23,,8.27,25,0,0,18.9,,-19,Stage 1
389,revolving,West,auto,2021-03-18,710,705,15182.82,4940.03,9314.27,7.32,3,0,1,46.2,0.53,-5,Stage 1
390,revolving,North,auto,2021-08-22,661,655,8539.19,1398.05,2612.24,9.98,9,0,0,40.9,0.535,-6,Stage 1
391,revolving,East,auto,2023-04-10,668,656,41088.53,30072.66,89074.13,10.53,17,0,0,21.1,0.338,-12,Stage 1
392,term,West,home_improvement,2022-08-09,628,621,53776.06,21517.03,,9.44,23,0,0,29.2,,-7,Stage 1
393,term,North,personal,2022-04-29,735,746,4398.28,439.83,,3.0,3,0,0,32.6,,11,Stage 1
394,revolving,North,debt_consolidation,2021-09-28,666,664,2948.15,911.32,1916.29,3.0,14,0,0,39.7,0.476,-2,Stage 1
395,term,North,debt_consolidation,2023-07-28,716,699,41687.79,27909.57,,3.0,3,0,0,17.4,,-17,Stage 1
396,revolving,East,auto,2022-04-14,608,591,18513.37,4836.58,10766.96,8.59,32,0,0,33.1,0.449,-17,Stage 2
397,revolving,East,debt_consolidation,2022-09-24,784,789,14899.39,2540.7,4948.46,4.07,3,0,0,27.7,0.513,5,Stage 1
398,term,East,home_improvement,2022-07-01,756,770,3320.83,439.55,,3.0,2,0,0,30.5,,14,Stage 1
399,revolving,East,personal,2022-12-20,565,566,51070.88,28051.61,48726.46,6.24,65,0,0,24.8,0.576,1,Stage 2
400,revolving,South,debt_consolidation,2023-10-05,631,606,6373.32,3511.86,5976.95,6.95,23,0,1,15.1,0.588,-25,Stage 1
401,term,East,debt_consolidation,2021-09-27,708,699,23270.33,2327.03,,8.75,4,0,0,39.7,,-9,Stage 1
402,revolving,East,personal,2022-08-28,600,576,22412.49,14646.93,27044.07,9.02,34,1,1,28.6,0.542,-24,Stage 2
403,term,East,debt_consolidation,2023-08-23,672,669,2654.26,1348.61,,9.18,8,0,0,16.6,,-3,Stage 1
404,revolving,West,personal,2022-01-13,705,693,7496.9,982.74,1504.81,11.46,5,0,0,36.1,0.653,-12,Stage 1
405,term,West,home_improvement,2021-06-26,668,659,3607.38,360.74,,8.12,11,0,0,42.8,,-9,Stage 1
406,revolving,East,home_improvement,2021-10-01,712,702,1554.25,155.42,414.63,11.25,3,0,0,39.6,0.375,-10,Stage 1
407,term,South,home_improvement,2022-09-29,638,603,11027.99,4910.11,,7.95,17,0,0,27.5,,-35,Stage 2
408,term,West,auto,2021-01-27,545,513,4105.76,1401.74,,7.81,54,0,1,47.8,,-32,Stage 2
409,revolving,North,home_improvement,2022-07-30,738,734,6399.75,3435.74,8443.15,7.29,0,0,0,29.5,0.407,-4,Stage 1
410,term,West,debt_consolidation,2021-03-01,738,734,3212.85,321.28,,8.89,3,0,0,46.7,,-4,Stage 1
411,term,North,auto,2023-01-01,830,846,9916.2,6419.1,,10.98,10,0,0,24.4,,16,Stage 1
412,revolving,West,auto,2024-05-25,547,511,40843.63,36160.82,75643.55,10.92,64,0,1,7.4,0.478,-36,Stage 2
413,revolving,East,auto,2022-10-23,725,706,16647.68,4045.58,6706.08,10.83,1,0,0,26.7,0.603,-19,Stage 1
414,term,West,home_improvement,2021-09-27,561,545,8341.42,2331.22,,9.93,62,0,1,39.7,,-16,Stage 2
415,term,East,auto,2024-02-14,785,781,12401.41,8969.7,,5.54,2,0,0,10.7,,-4,Stage 1
416,term,East,home_improvement,2021-09-02,709,701,15736.9,3512.41,,17.27,3,0,0,40.6,,-8,Stage 1
417,term,West,home_improvement,2022-10-22,622,601,15928.03,6467.55,,5.0,24,0,0,26.7,,-21,Stage 1
418,term,North,auto,2021-03-26,726,703,10240.61,1024.06,,9.37,2,1,0,45.9,,-23,Stage 2
419,term,North,auto,2023-06-26,646,642,7085.48,5731.06,,17.99,19,0,1,18.5,,-4,Stage 1
420,revolving,West,debt_consolidation,2022-06-20,698,690,23156.5,14984.22,40158.71,11.65,6,0,0,30.9,0.373,-8,Stage 1
421,revolving,East,auto,2021-03-30,692,686,4696.39,1357.25,3472.45,6.9,8,0,0,45.8,0.391,-6,Stage 1
422,revolving,North,home_improvement,2022-07-03,784,797,23419.16,9094.8,24760.32,12.66,2,0,0,30.4,0.367,13,Stage 1
423,term,South,debt_consolidation,2023-05-04,788,787,9034.84,3678.51,,9.59,2,0,0,20.3,,-1,Stage 1
424,term,East,debt_consolidation,2023-06-14,644,631,29645.59,19789.36,,6.55,20,0,0,18.9,,-13,Stage 1
425,term,West,home_improvement,2022-05-22,743,739,5359.92,2207.0,,9.65,3,0,0,31.8,,-4,Stage 1
426,term,East,auto,2022-02-12,701,698,5255.47,1006.93,,7.91,5,1,0,35.1,,-3,Stage 2
427,term,South,auto,2024-07-18,595,566,13544.54,11310.38,,8.36,17,0,0,5.6,,-29,Stage 1
428,revolving,South,personal,2022-06-08,638,635,6329.27,3298.58,5305.95,9.13,20,0,0,31.3,0.622,-3,Stage 1
429,term,North,auto,2022-08-30,820,814,41967.77,14915.48,,11.1,8,0,0,28.5,,-6,Stage 1
430,term,South,personal,2023-09-30,701,704,7274.49,4441.67,,11.7,10,0,0,15.3,,3,Stage 1
431,term,East,debt_consolidation,2022-03-24,739,748,5809.47,3054.17,,6.82,1,0,0,33.8,,9,Stage 1
432,revolving,North,debt_consolidation,2022-06-27,667,655,17979.97,10196.62,23731.95,10.08,14,0,0,30.6,0.43,-12,Stage 1
433,term,South,debt_consolidation,2023-08-07,647,628,1000.0,619.67,,8.2,10,0,0,17.1,,-19,Stage 1
434,term,North,personal,2021-12-16,681,681,43808.07,4380.81,,11.3,3,0,0,37.1,,0,Stage 1
435,term,North,home_improvement,2023-05-02,664,658,20553.65,13296.15,,5.94,14,0,0,20.3,,-6,Stage 1
436,revolving,West,home_improvement,2021-11-24,590,556,15821.09,1582.11,3346.45,8.94,51,0,1,37.8,0.473,-34,Stage 2
437,term,North,debt_consolidation,2024-08-02,619,603,6669.14,6027.75,,3.51,21,0,0,5.1,,-16,Stage 1
438,revolving,North,personal,2023-11-25,722,711,11606.68,8543.76,13400.32,11.11,1,0,0,13.4,0.638,-11,Stage 1
439,revolving,South,personal,2022-09-15,657,645,7482.7,3913.49,10550.75,14.4,13,0,0,28.0,0.371,-12,Stage 1
440,term,East,debt_consolidation,2022-05-03,681,673,8804.57,4627.14,,13.64,8,0,0,32.5,,-8,Stage 1
441,term,East,auto,2022-05-02,694,674,24870.97,12826.22,,11.51,9,0,0,32.5,,-20,Stage 1
442,revolving,South,debt_consolidation,2021-05-25,698,673,17065.46,1706.55,4813.04,10.72,2,0,0,43.9,0.355,-25,Stage 1
443,term,East,personal,2023-01-26,748,738,9569.38,5412.03,,15.2,0,0,0,23.5,,-10,Stage 1
444,term,North,auto,2021-05-26,614,604,2407.79,760.1,,7.33,29,0,0,43.9,,-10,Stage 1
445,revolving,West,home_improvement,2023-10-18,714,706,55763.04,39252.29,98174.09,8.24,1,0,0,14.7,0.4,-8,Stage 1
446,revolving,North,auto,2023-04-08,725,730,25015.5,19370.99,35784.04,13.24,1,0,0,21.1,0.541,5,Stage 1
447,revolving,North,home_improvement,2022-09-19,739,751,7281.83,3179.59,7746.93,8.58,1,0,0,27.8,0.41,12,Stage 1
448,revolving,West,personal,2024-07-19,595,571,14840.3,13042.24,35161.19,6.22,34,0,0,5.5,0.371,-24,Stage 2
449,term,South,debt_consolidation,2022-06-18,695,688,5845.4,644.49,,4.44,6,0,0,30.9,,-7,Stage 1
450,term,North,debt_consolidation,2022-09-22,782,790,7058.13,2400.38,,6.48,3,0,0,27.7,,8,Stage 1
451,revolving,North,debt_consolidation,2023-05-31,674,639,6578.64,4141.52,11968.15,14.27,10,0,0,19.4,0.346,-35,Stage 2
452,term,South,debt_consolidation,2024-01-24,709,693,14044.52,10658.34,,8.69,4,0,0,11.4,,-16,Stage 1
453,term,North,debt_consolidation,2022-02-19,726,718,6677.4,667.74,,6.72,2,0,0,34.9,,-8,Stage 1
454,revolving,North,personal,2021-09-14,618,607,13578.35,6414.82,14933.43,8.73,32,0,0,40.2,0.43,-11,Stage 2
455,term,East,personal,2024-07-09,790,776,32331.34,27926.45,,9.98,2,0,0,5.9,,-14,Stage 1
456,term,South,debt_consolidation,2021-03-28,709,707,4441.32,444.13,,3.42,4,0,0,45.8,,-2,Stage 1
457,term,North,auto,2023-06-24,711,696,4467.04,2988.59,,6.33,1,0,0,18.6,,-15,Stage 1
458,term,North,debt_consolidation,2024-12-30,580,558,37350.19,36775.82,,4.54,54,0,1,0.1,,-22,Stage 2
459,term,West,home_improvement,2022-07-24,727,716,20917.24,11004.3,,13.39,1,0,0,29.7,,-11,Stage 1
460,term,West,home_improvement,2023-01-12,710,698,12904.24,7517.63,,8.65,4,0,0,24.0,,-12,Stage 1
461,term,West,home_improvement,2021-04-18,777,771,3109.02,1081.99,,8.47,1,0,0,45.1,,-6,Stage 1
462,term,North,home_improvement,2023-11-09,661,641,2518.77,1892.65,,8.46,12,0,0,14.0,,-20,Stage 1
463,revolving,North,debt_consolidation,2024-10-20,620,610,5749.42,5397.37,15441.39,5.64,32,0,0,2.4,0.35,-10,Stage 2
464,term,West,home_improvement,2024-11-03,639,609,14356.69,13737.12,,10.55,14,0,1,2.0,,-30,Stage 2
465,revolving,East,auto,2021-06-09,649,617,26420.59,2642.06,7185.44,14.51,7,0,0,43.4,0.368,-32,Stage 2
466,term,East,debt_consolidation,2021-04-10,612,577,14030.74,1403.07,,7.15,32,0,0,45.4,,-35,Stage 2
467,term,East,home_improvement,2021-09-22,757,748,14716.54,5950.41,,11.66,0,0,0,39.9,,-9,Stage 1
468,revolving,East,debt_consolidation,2023-01-20,759,755,28834.78,17457.5,49785.58,8.66,0,0,0,23.7,0.351,-4,Stage 1
469,term,South,debt_consolidation,2023-12-09,668,654,17874.75,14070.23,,6.71,12,0,0,13.0,,-14,Stage 1
470,revolving,West,debt_consolidation,2022-11-08,656,638,8121.12,3125.95,5718.58,11.72,12,0,0,26.2,0.547,-18,Stage 1
471,term,North,personal,2023-03-10,571,536,12250.98,7339.04,,4.14,48,0,0,22.1,,-35,Stage 2
472,revolving,West,home_improvement,2024-12-09,721,732,26944.79,26524.33,77959.2,4.73,0,0,0,0.8,0.34,11,Stage 1
473,term,East,personal,2023-12-19,779,785,15738.6,11244.18,,14.3,2,0,0,12.6,,6,Stage 1
474,revolving,North,auto,2021-07-02,641,614,39536.65,3953.66,6922.59,7.79,15,0,0,42.6,0.571,-27,Stage 1
475,term,South,auto,2022-10-21,672,657,6805.5,3874.2,,12.57,6,1,0,26.8,,-15,Stage 2
476,revolving,West,personal,2024-08-17,706,707,4892.75,4353.73,10691.18,8.65,3,1,0,4.6,0.407,1,Stage 2
477,term,North,home_improvement,2022-08-31,783,778,16653.54,7996.6,,3.0,3,0,0,28.5,,-5,Stage 1
478,term,North,debt_consolidation,2024-10-09,691,677,13768.14,12696.68,,11.04,4,0,1,2.8,,-14,Stage 1
479,revolving,East,auto,2024-05-21,691,674,4428.1,3711.88,6723.42,10.1,8,0,0,7.5,0.552,-17,Stage 1
480,term,East,auto,2024-04-27,690,689,7567.57,6444.45,,6.76,8,0,0,8.3,,-1,Stage 1
481,term,West,auto,2022-10-05,594,573,32532.63,9473.83,,12.29,36,0,0,27.3,,-21,Stage 2
482,term,South,home_improvement,2021-12-13,593,561,18450.0,4482.28,,11.81,38,0,0,37.2,,-32,Stage 2
483,term,North,personal,2023-03-23,631,632,8038.43,3964.14,,6.73,20,0,0,21.7,,1,Stage 1
484,term,East,personal,2023-03-12,740,724,5563.28,2626.7,,12.25,0,0,0,22.0,,-16,Stage 1
485,term,West,home_improvement,2024-03-06,659,642,9582.95,6822.53,,9.66,14,0,0,10.0,,-17,Stage 1
486,revolving,East,auto,2023-11-20,648,642,25940.34,21928.15,52575.15,9.21,16,0,0,13.6,0.417,-6,Stage 1
487,term,West,home_improvement,2021-05-26,647,628,13393.57,1983.94,,6.79,18,0,0,43.9,,-19,Stage 1
488,term,East,home_improvement,2022-05-18,671,653,12060.8,3840.25,,6.25,18,0,0,32.0,,-18,Stage 1
489,revolving,South,personal,2023-03-10,782,786,26860.36,10079.5,17703.99,13.26,2,0,0,22.1,0.569,4,Stage 1
490,revolving,North,home_improvement,2023-08-26,670,657,4648.33,3717.91,8540.93,10.15,8,0,0,16.5,0.435,-13,Stage 1
491,term,East,home_improvement,2024-04-29,632,604,6507.22,5717.24,,11.83,29,0,0,8.2,,-28,Stage 1
492,term,North,auto,2022-04-16,681,675,14292.76,1429.28,,7.56,3,1,0,33.0,,-6,Stage 2
493,term,West,debt_consolidation,2022-11-21,785,777,12043.0,5955.91,,10.51,3,0,0,25.7,,-8,Stage 1
494,term,South,auto,2024-09-30,649,617,10087.57,9360.91,,7.95,16,0,0,3.1,,-32,Stage 2
495,term,North,personal,2021-01-01,609,588,27786.05,2778.6,,11.0,29,0,0,48.7,,-21,Stage 1
496,term,East,debt_consolidation,2021-04-20,649,623,1787.83,178.78,,4.79,19,1,0,45.1,,-26,Stage 2
497,term,North,auto,2023-06-13,687,675,5061.51,3928.36,,4.84,5,0,0,18.9,,-12,Stage 1
498,term,North,home_improvement,2023-12-24,721,717,19745.55,17031.05,,5.68,1,0,1,12.5,,-4,Stage 1
499,revolving,West,home_improvement,2023-01-26,740,736,8847.38,4857.76,12077.21,8.96,0,0,0,23.5,0.402,-4,Stage 1
500,revolving,South,debt_consolidation,2021-02-22,617,626,51619.13,5161.91,12378.04,3.0,21,0,0,47.0,0.417,9,Stage 1
501,term,South,debt_consolidation,2021-09-19,622,616,28711.02,3416.22,,10.38,29,1,0,40.0,,-6,Stage 2
502,term,North,home_improvement,2024-08-18,660,650,8897.48,7929.06,,10.84,18,0,0,4.5,,-10,Stage 1
503,term,North,personal,2023-06-05,721,718,19330.68,9021.07,,3.76,2,0,0,19.2,,-3,Stage 1
504,revolving,West,auto,2021-08-22,604,589,18611.41,8778.33,23634.29,7.78,34,1,0,40.9,0.371,-15,Stage 2
505,term,North,home_improvement,2021-03-14,643,625,34690.57,3469.06,,14.57,16,0,0,46.3,,-18,Stage 1
506,term,West,auto,2024-10-12,644,625,10359.98,9979.62,,7.68,17,0,1,2.7,,-19,Stage 1
507,revolving,South,auto,2023-08-09,736,730,7878.46,4426.5,13022.33,5.98,0,0,0,17.0,0.34,-6,Stage 1
508,revolving,South,auto,2022-04-29,711,697,17643.75,3061.76,6595.71,7.87,3,0,0,32.6,0.464,-14,Stage 1
509,revolving,West,auto,2023-10-27,734,748,10468.7,8722.67,24023.66,12.52,0,0,0,14.4,0.363,14,Stage 1
510,revolving,North,personal,2023-05-27,760,747,20980.93,9167.45,26656.8,5.55,2,0,0,19.5,0.344,-13,Stage 1
511,term,South,personal,2023-05-09,661,655,32007.47,20475.77,,10.66,11,1,0,20.1,,-6,Stage 2
512,term,East,personal,2021-05-17,608,593,5710.64,2579.92,,10.27,28,0,0,44.2,,-15,Stage 1
513,revolving,West,home_improvement,2023-02-18,609,593,7274.78,4833.16,13524.53,8.97,34,1,0,22.8,0.357,-16,Stage 2
514,revolving,South,home_improvement,2024-11-28,569,542,30019.81,29063.07,48682.14,7.87,51,0,1,1.1,0.597,-27,Stage 2
515,term,South,home_improvement,2022-09-20,652,626,12850.29,5784.03,,11.78,11,0,0,27.8,,-26,Stage 1
516,term,South,personal,2022-07-09,656,644,13219.22,3826.8,,5.58,14,0,0,30.2,,-12,Stage 1
517,term,East,auto,2023-01-13,727,725,26605.76,14487.44,,10.21,2,0,0,24.0,,-2,Stage 1
518,revolving,East,personal,2022-07-24,681,692,11743.32,7556.83,20979.17,4.35,7,0,0,29.7,0.36,11,Stage 1
519,revolving,East,home_improvement,2024-05-14,650,640,23277.82,19139.19,30800.34,11.89,21,0,0,7.7,0.621,-10,Stage 1
520,term,North,debt_consolidation,2022-02-14,673,662,6158.77,615.88,,11.27,6,0,0,35.1,,-11,Stage 1
521,term,West,home_improvement,2023-11-26,617,596,9202.69,6693.03,,7.75,29,0,0,13.4,,-21,Stage 1
522,term,North,auto,2021-08-18,741,732,35867.55,14612.59,,8.3,1,0,0,41.1,,-9,Stage 1
523,revolving,East,personal,2024-06-04,632,615,13011.76,11596.7,33043.45,10.43,26,0,0,7.0,0.351,-17,Stage 1
524,revolving,West,debt_consolidation,2021-09-19,611,595,5846.45,2352.25,5214.27,4.93,20,0,0,40.0,0.451,-16,Stage 1
525,revolving,North,debt_consolidation,2024-02-29,729,715,5662.05,3988.11,7823.12,8.11,4,0,0,10.2,0.51,-14,Stage 1
526,term,North,auto,2023-06-11,714,701,12034.69,5392.53,,8.99,6,0,0,19.0,,-13,Stage 1
527,term,North,personal,2022-03-24,576,540,23902.92,11208.1,,3.88,40,0,0,33.8,,-36,Stage 2
528,term,East,debt_consolidation,2021-07-05,731,730,1000.0,568.72,,11.69,3,0,0,42.5,,-1,Stage 1
529,term,South,home_improvement,2024-04-24,635,627,8290.25,7153.29,,15.24,27,0,0,8.4,,-8,Stage 1
530,revolving,West,auto,2024-07-21,657,614,18672.06,16491.13,25742.26,16.21,14,1,0,5.5,0.641,-43,Stage 2
531,revolving,East,debt_consolidation,2021-12-18,691,676,15330.89,1533.09,3867.54,3.15,4,0,0,37.0,0.396,-15,Stage 1
532,revolving,West,auto,2024-12-07,715,725,17393.88,17074.61,44049.88,12.48,1,0,0,0.8,0.388,10,Stage 1
533,revolving,East,personal,2024-03-20,706,704,6744.05,5474.37,13789.81,7.11,4,0,0,9.6,0.397,-2,Stage 1
534,term,North,personal,2022-01-19,677,668,14097.61,7749.6,,8.67,10,0,0,35.9,,-9,Stage 1
535,revolving,North,personal,2023-11-26,654,626,27331.84,19473.86,58212.16,6.05,18,0,0,13.4,0.335,-28,Stage 1
536,revolving,South,home_improvement,2021-11-22,704,703,8984.39,1396.77,2846.74,10.82,2,0,0,37.9,0.491,-1,Stage 1
537,revolving,South,debt_consolidation,2022-04-10,672,657,13544.05,7799.07,13561.53,3.0,14,0,0,33.2,0.575,-15,Stage 1
538,term,West,personal,2022-04-11,788,797,18420.71,8425.98,,5.4,0,0,0,33.2,,9,Stage 1
539,term,South,home_improvement,2024-01-24,715,729,6953.02,5704.86,,3.0,0,0,0,11.4,,14,Stage 1
540,term,South,personal,2024-03-03,624,590,3976.81,2861.33,,7.27,22,0,0,10.1,,-34,Stage 2
541,revolving,West,personal,2021-06-11,651,649,8241.18,824.12,2428.52,8.06,17,0,0,43.3,0.339,-2,Stage 1
542,term,East,debt_consolidation,2022-07-10,682,666,19147.59,5180.82,,4.28,6,0,0,30.2,,-16,Stage 1
543,term,South,home_improvement,2021-10-27,757,767,7110.27,2091.24,,10.56,1,0,0,38.7,,10,Stage 1
544,term,East,personal,2021-12-22,764,756,4783.0,1638.45,,10.3,1,0,0,36.9,,-8,Stage 1
545,term,North,home_improvement,2024-06-17,656,630,21482.14,19180.27,,11.6,9,1,0,6.6,,-26,Stage 2
546,term,South,home_improvement,2022-07-18,623,610,5689.7,3135.08,,13.22,24,0,0,29.9,,-13,Stage 1
547,term,North,personal,2023-03-04,616,578,49713.8,17251.49,,8.2,21,0,0,22.3,,-38,Stage 2
548,term,North,personal,2023-10-20,695,676,26548.7,19285.75,,9.67,2,0,0,14.6,,-19,Stage 1
549,term,East,auto,2022-08-09,818,816,35992.19,18261.55,,5.93,5,0,0,29.2,,-2,Stage 1
550,revolving,West,debt_consolidation,2023-01-20,712,696,14499.33,8586.46,16054.29,9.2,0,0,0,23.7,0.535,-16,Stage 1
551,term,South,personal,2024-04-05,584,564,6858.93,5789.57,,9.34,47,0,0,9.0,,-20,Stage 2
552,revolving,East,auto,2021-05-20,636,622,27901.75,11224.48,25948.25,13.58,18,0,0,44.1,0.433,-14,Stage 1
553,term,West,debt_consolidation,2024-03-08,642,623,4383.8,3768.3,,10.61,17,0,0,10.0,,-19,Stage 1
554,term,North,personal,2021-08-23,630,602,1931.94,193.19,,10.67,20,0,0,40.9,,-28,Stage 1
555,revolving,South,home_improvement,2023-10-24,656,638,17433.07,14833.12,35521.78,8.09,16,1,1,14.5,0.418,-18,Stage 2
556,term,North,debt_consolidation,2021-09-13,702,679,3546.07,354.61,,3.0,4,0,0,40.2,,-23,Stage 1
557,term,North,home_improvement,2022-01-06,720,699,11988.96,6124.4,,9.07,5,0,0,36.4,,-21,Stage 1
558,term,South,auto,2021-10-05,745,733,11414.99,1141.5,,7.57,2,0,0,39.5,,-12,Stage 1
559,revolving,West,personal,2022-05-31,711,687,23268.43,10891.25,24154.42,5.66,7,0,0,31.5,0.451,-24,Stage 1
560,term,West,auto,2023-06-23,562,534,4124.94,3148.85,,11.22,53,0,1,18.6,,-28,Stage 2
561,revolving,South,personal,2024-05-20,616,600,2992.08,2423.74,5074.37,11.96,27,0,0,7.5,0.478,-16,Stage 1
562,term,South,personal,2024-05-24,670,655,10702.63,9187.06,,5.98,10,0,0,7.4,,-15,Stage 1
563,term,East,home_improvement,2021-09-27,688,664,1000.0,463.88,,9.11,6,0,0,39.7,,-24,Stage 1
564,term,East,auto,2022-04-21,731,720,16468.03,4452.52,,8.68,0,1,0,32.9,,-11,Stage 2
565,term,North,home_improvement,2023-07-17,682,678,15341.93,9314.93,,12.41,16,0,0,17.8,,-4,Stage 1
566,term,South,home_improvement,2021-03-05,683,682,15555.42,1555.54,,10.31,7,0,0,46.6,,-1,Stage 1
567,term,West,home_improvement,2022-04-05,694,670,10530.39,5059.04,,11.14,8,0,0,33.4,,-24,Stage 1
568,term,North,auto,2023-11-06,664,653,42593.0,36558.4,,7.89,13,0,0,14.1,,-11,Stage 1
569,revolving,North,personal,2022-07-18,685,664,17821.91,4442.84,8377.07,10.24,11,0,0,29.9,0.53,-21,Stage 1
570,term,North,personal,2023-11-09,747,754,21492.87,18409.51,,11.62,0,0,0,14.0,,7,Stage 1
571,term,North,auto,2024-09-10,674,672,7686.86,7220.08,,15.95,2,0,0,3.8,,-2,Stage 1
572,revolving,West,personal,2023-06-27,678,639,10857.82,7598.0,15147.0,7.38,5,0,0,18.5,0.502,-39,Stage 2
573,term,North,auto,2021-04-03,677,654,5956.22,1979.65,,7.9,10,0,0,45.6,,-23,Stage 1
574,term,South,auto,2023-02-12,757,758,14110.07,8497.03,,6.78,2,0,0,23.0,,1,Stage 1
575,revolving,East,personal,2023-03-21,613,568,6055.76,2719.81,4080.98,7.66,27,1,0,21.7,0.666,-45,Stage 2
576,revolving,West,debt_consolidation,2023-11-07,786,801,21933.1,14081.93,21559.38,13.15,2,0,0,14.0,0.653,15,Stage 1
577,term,South,home_improvement,2023-04-20,609,590,12471.23,9228.62,,6.51,42,0,0,20.7,,-19,Stage 2
578,revolving,South,auto,2022-05-03,640,605,1000.0,155.0,246.24,10.17,17,1,0,32.5,0.629,-35,Stage 2
579,term,South,auto,2024-01-23,724,726,5537.7,4741.34,,11.99,1,0,0,11.5,,2,Stage 1
580,term,East,debt_consolidation,2023-10-31,741,745,33670.59,21210.76,,12.6,2,0,0,14.3,,4,Stage 1
581,term,East,auto,2023-01-19,595,576,35289.13,21492.87,,13.36,40,1,1,23.8,,-19,Stage 2
582,revolving,East,auto,2022-06-12,614,596,19538.52,12737.69,31078.91,10.41,32,0,0,31.1,0.41,-18,Stage 2
583,term,South,personal,2024-03-13,696,693,10823.0,7770.52,,10.12,6,0,0,9.8,,-3,Stage 1
584,term,East,personal,2022-07-08,820,814,30594.53,8853.65,,7.3,8,0,0,30.3,,-6,Stage 1
585,term,North,debt_consolidation,2022-05-30,754,752,11495.55,4676.21,,3.09,0,0,0,31.6,,-2,Stage 1
586,term,East,auto,2022-01-12,665,641,29513.4,16082.29,,7.21,17,0,0,36.2,,-24,Stage 1
587,term,West,home_improvement,2022-04-29,534,512,14029.6,8933.63,,9.48,83,0,0,32.6,,-22,Stage 2
588,term,South,personal,2022-03-28,684,670,9977.75,1708.58,,12.04,4,0,0,33.7,,-14,Stage 1
589,term,South,home_improvement,2023-02-26,701,667,21847.85,7677.51,,13.5,4,0,0,22.5,,-34,Stage 2
590,term,North,home_improvement,2024-01-04,657,624,4883.67,3247.9,,9.02,11,0,0,12.1,,-33,Stage 2
591,term,East,debt_consolidation,2023-11-30,628,606,6063.97,4480.06,,12.37,21,0,0,13.3,,-22,Stage 1
592,term,East,debt_consolidation,2021-10-29,689,670,3260.36,1252.84,,9.5,9,0,0,38.7,,-19,Stage 1
593,term,West,auto,2023-12-22,623,596,17956.3,15064.72,,9.62,27,1,0,12.5,,-27,Stage 2
594,term,North,debt_consolidation,2023-09-26,792,785,12078.17,9006.38,,8.1,4,0,0,15.4,,-7,Stage 1
595,revolving,West,personal,2024-06-22,771,760,71230.89,59195.23,141321.0,7.57,3,0,0,6.4,0.419,-11,Stage 1
596,term,West,auto,2021-01-18,719,713,18437.87,1843.79,,7.25,1,0,0,48.1,,-6,Stage 1
597,term,South,auto,2022-02-02,685,678,9721.23,972.12,,7.35,3,0,0,35.5,,-7,Stage 1
598,term,South,home_improvement,2023-10-04,640,622,11363.96,8979.94,,6.98,15,0,0,15.2,,-18,Stage 1
599,term,East,home_improvement,2022-08-17,678,670,15308.55,9412.23,,11.55,10,0,0,28.9,,-8,Stage 1
600,term,East,home_improvement,2021-07-08,778,777,7716.19,771.62,,12.81,8,0,0,42.4,,-1,Stage 1
601,term,West,auto,2021-04-14,732,709,1000.0,100.0,,6.72,1,0,0,45.3,,-23,Stage 1
602,term,East,debt_consolidation,2024-09-29,692,694,3299.26,3122.4,,6.32,4,0,0,3.1,,2,Stage 1
603,term,West,debt_consolidation,2024-10-26,735,742,8613.65,8179.7,,8.44,1,0,0,2.2,,7,Stage 1
604,term,East,debt_consolidation,2021-02-02,712,708,2367.65,236.76,,6.38,2,0,0,47.6,,-4,Stage 1
605,term,East,auto,2023-01-19,703,679,12760.12,5401.92,,5.95,4,0,0,23.8,,-24,Stage 1
606,term,South,auto,2022-01-09,738,716,26316.09,12723.73,,7.95,1,0,0,36.3,,-22,Stage 1
607,term,South,auto,2024-04-16,711,693,6110.7,4966.45,,9.73,3,0,0,8.7,,-18,Stage 1
608,term,South,auto,2023-11-02,731,744,8840.28,6208.9,,9.69,2,0,0,14.2,,13,Stage 1
609,term,South,auto,2023-01-11,689,679,11253.69,5259.5,,8.06,9,0,0,24.0,,-10,Stage 1
610,term,North,debt_consolidation,2023-06-09,664,647,9889.64,6320.44,,7.43,16,0,0,19.1,,-17,Stage 1
611,term,South,auto,2022-04-01,647,629,12873.0,3608.76,,10.83,21,0,0,33.5,,-18,Stage 1
612,revolving,North,debt_consolidation,2021-09-06,639,615,1359.86,365.2,866.18,10.17,24,0,0,40.4,0.422,-24,Stage 1
613,term,South,auto,2022-03-24,583,555,28270.97,2827.1,,9.52,46,0,0,33.8,,-28,Stage 2
614,term,East,debt_consolidation,2023-10-15,625,604,10547.83,8179.33,,7.31,25,0,0,14.8,,-21,Stage 1
615,revolving,West,personal,2023-09-07,623,595,5564.85,4502.61,11809.6,13.0,26,0,1,16.1,0.381,-28,Stage 1
616,revolving,East,personal,2023-10-25,649,618,15961.61,12773.39,22569.56,5.07,12,0,0,14.5,0.566,-31,Stage 2
617,term,East,debt_consolidation,2024-06-13,773,772,25362.64,21298.65,,7.32,2,0,0,6.7,,-1,Stage 1
618,term,North,personal,2021-06-22,670,646,4706.96,1453.2,,6.04,10,0,0,43.0,,-24,Stage 1
619,revolving,South,personal,2024-09-07,694,692,16469.61,15502.32,40793.47,9.01,10,1,0,3.9,0.38,-2,Stage 2
620,revolving,West,debt_consolidation,2022-01-06,696,688,31588.44,13990.96,22063.05,7.0,7,0,0,36.4,0.634,-8,Stage 1
621,term,West,auto,2023-03-02,775,772,31758.3,23663.74,,9.28,3,0,0,22.4,,-3,Stage 1
622,term,South,auto,2023-01-19,645,618,22293.06,6905.05,,10.57,24,0,0,23.8,,-27,Stage 1
623,term,North,debt_consolidation,2023-02-26,666,656,7848.71,4864.04,,12.79,10,0,0,22.5,,-10,Stage 1
624,term,North,home_improvement,2024-08-12,673,664,4950.17,4413.81,,9.64,10,0,0,4.7,,-9,Stage 1
625,term,North,home_improvement,2023-04-20,748,738,6052.96,2973.28,,9.6,1,0,0,20.7,,-10,Stage 1
626,term,West,personal,2022-02-04,760,759,31255.31,11858.34,,10.29,0,0,0,35.4,,-1,Stage 1
627,term,North,home_improvement,2023-12-18,708,688,19462.8,12687.61,,3.0,6,1,0,12.7,,-20,Stage 2
628,revolving,North,personal,2022-07-02,753,750,22813.86,5947.31,14130.31,9.17,2,1,0,30.5,0.421,-3,Stage 2
629,term,West,auto,2022-02-12,690,668,12127.25,7358.67,,5.68,5,0,0,35.1,,-22,Stage 1
630,term,West,debt_consolidation,2022-10-03,669,648,1573.12,436.35,,7.05,12,0,0,27.4,,-21,Stage 1
631,revolving,East,auto,2021-03-05,750,753,16297.57,5358.51,12409.44,8.64,0,0,0,46.6,0.432,3,Stage 1
632,revolving,West,debt_consolidation,2022-07-28,709,710,5543.79,2600.92,4402.74,11.86,1,0,0,29.6,0.591,1,Stage 1
633,term,South,home_improvement,2022-02-24,635,600,26836.74,2683.67,,3.7,21,1,0,34.7,,-35,Stage 2
634,term,West,auto,2021-05-26,739,730,6104.84,2033.02,,9.72,1,0,1,43.9,,-9,Stage 1
635,term,West,auto,2024-07-19,667,657,14903.51,12540.94,,9.31,7,0,0,5.5,,-10,Stage 1
636,term,North,personal,2021-01-17,660,632,19939.7,1993.97,,10.29,16,0,0,48.2,,-28,Stage 1
637,term,East,debt_consolidation,2021-04-08,733,721,72450.65,7245.06,,15.71,2,0,0,45.5,,-12,Stage 1
638,term,North,home_improvement,2022-03-28,674,664,11797.85,1179.78,,13.67,5,0,0,33.7,,-10,Stage 1
639,term,East,auto,2023-09-02,703,686,12219.61,6681.59,,9.87,4,0,0,16.2,,-17,Stage 1
640,term,North,debt_consolidation,2023-06-17,719,696,27002.67,13289.26,,10.68,3,0,0,18.8,,-23,Stage 1
641,term,South,home_improvement,2023-10-13,633,609,10678.05,8920.31,,8.89,28,0,0,14.9,,-24,Stage 1
642,term,North,auto,2024-06-20,703,689,8919.54,7899.79,,11.28,3,0,0,6.5,,-14,Stage 1
643,term,North,debt_consolidation,2022-04-24,760,771,7049.49,3185.97,,9.11,1,0,0,32.8,,11,Stage 1
644,term,South,personal,2021-07-20,622,623,13427.12,7008.71,,10.28,26,0,0,42.0,,1,Stage 1
645,term,South,auto,2021-06-28,706,698,8058.2,3814.07,,7.01,3,0,0,42.8,,-8,Stage 1
646,revolving,West,debt_consolidation,2022-05-23,630,609,32921.22,8116.27,15064.39,9.69,25,0,0,31.8,0.539,-21,Stage 1
647,term,North,home_improvement,2022-03-29,741,723,22194.85,2650.71,,13.09,2,0,0,33.6,,-18,Stage 1
648,term,South,home_improvement,2021-09-27,740,719,14308.14,1612.71,,10.7,0,0,0,39.7,,-21,Stage 1
649,revolving,South,personal,2024-06-11,658,652,13276.2,10964.06,25087.07,9.35,13,0,0,6.8,0.437,-6,Stage 1
650,term,West,auto,2022-05-01,812,800,6675.09,1885.93,,3.0,10,0,0,32.5,,-12,Stage 1
651,term,East,personal,2022-08-01,746,747,12049.57,3426.36,,10.15,0,0,0,29.5,,1,Stage 1
652,term,South,debt_consolidation,2021-12-04,722,737,11103.92,1110.39,,8.74,1,0,0,37.5,,15,Stage 1
653,term,South,home_improvement,2023-05-11,719,699,43553.69,20688.9,,5.78,6,0,0,20.0,,-20,Stage 1
654,revolving,North,personal,2023-01-27,739,713,10566.96,6534.94,13249.14,8.8,0,0,0,23.5,0.493,-26,Stage 1
655,term,West,auto,2023-01-27,620,602,18410.61,7246.83,,8.81,21,0,0,23.5,,-18,Stage 1
656,term,North,debt_consolidation,2022-08-07,691,690,19190.84,7954.03,,9.02,4,0,0,29.3,,-1,Stage 1
657,term,East,auto,2024-10-12,702,680,5380.95,4956.18,,11.23,6,0,0,2.7,,-22,Stage 1
658,term,West,personal,2023-12-09,655,646,10383.11,8593.57,,8.37,12,0,0,13.0,,-9,Stage 1
659,term,North,home_improvement,2021-12-12,707,708,21795.0,2179.5,,8.26,4,0,0,37.2,,1,Stage 1
660,term,South,home_improvement,2022-12-03,753,752,4789.89,3354.26,,7.94,3,0,0,25.3,,-1,Stage 1
661,term,South,personal,2021-10-20,654,632,50670.84,7303.83,,9.73,16,1,0,39.0,,-22,Stage 2
662,revolving,West,auto,2024-03-19,676,669,14055.29,10864.64,17394.87,10.63,7,1,0,9.6,0.625,-7,Stage 2
663,term,South,auto,2023-03-07,630,603,7965.35,3013.22,,12.87,26,0,1,22.2,,-27,Stage 1
664,term,North,auto,2023-10-19,572,542,3901.72,2459.84,,10.59,50,0,0,14.7,,-30,Stage 2
665,term,West,auto,2024-07-07,726,714,37208.07,34578.57,,12.23,1,0,0,5.9,,-12,Stage 1
666,term,South,home_improvement,2024-09-07,678,666,10942.84,9997.62,,11.54,7,0,0,3.9,,-12,Stage 1
667,term,South,auto,2021-03-18,682,669,18148.54,1814.85,,9.46,7,0,0,46.2,,-13,Stage 1
668,term,East,personal,2024-02-08,620,597,4511.23,3817.35,,6.82,24,0,0,10.9,,-23,Stage 1
669,term,East,personal,2023-03-28,668,649,6992.72,3512.07,,10.21,8,0,0,21.5,,-19,Stage 1
670,term,West,personal,2023-06-15,745,745,25853.86,20084.38,,13.67,1,0,0,18.9,,0,Stage 1
671,term,East,personal,2022-10-13,680,658,36507.66,23848.59,,12.26,7,0,0,27.0,,-22,Stage 1
672,revolving,North,auto,2022-07-01,681,658,5889.15,2793.09,8303.33,12.83,15,1,0,30.5,0.336,-23,Stage 2
673,term,South,home_improvement,2024-12-17,692,690,17770.25,17522.88,,3.47,7,0,0,0.5,,-2,Stage 1
674,term,South,debt_consolidation,2022-01-29,605,589,17554.46,11261.66,,3.1,50,0,0,35.6,,-16,Stage 2
675,term,South,auto,2024-06-12,717,700,25848.55,21926.78,,7.55,1,0,0,6.8,,-17,Stage 1
676,revolving,West,debt_consolidation,2024-09-15,604,571,18866.11,17558.26,52661.57,10.42,23,0,0,3.6,0.333,-33,Stage 2
677,term,West,home_improvement,2021-11-21,623,594,21341.4,9644.87,,7.88,20,0,1,37.9,,-29,Stage 1
678,term,East,auto,2021-05-31,617,575,1499.13,565.94,,8.4,23,0,0,43.7,,-42,Stage 2
679,revolving,South,debt_consolidation,2023-05-29,669,662,17146.29,9861.67,22754.44,4.56,13,0,0,19.4,0.433,-7,Stage 1
680,revolving,South,home_improvement,2023-11-22,658,644,3769.03,3149.22,9115.17,7.18,21,0,0,13.5,0.345,-14,Stage 1
681,revolving,South,debt_consolidation,2021-09-29,679,655,16040.05,6516.68,16423.25,6.33,4,0,0,39.7,0.397,-24,Stage 1
682,term,South,personal,2023-04-16,625,610,28505.75,22069.28,,6.43,26,0,0,20.9,,-15,Stage 1
683,term,South,personal,2022-01-03,740,742,15144.32,1514.43,,6.79,0,0,0,36.5,,2,Stage 1
684,term,North,home_improvement,2024-09-01,730,721,21700.04,19094.61,,5.71,1,0,0,4.1,,-9,Stage 1
685,revolving,South,home_improvement,2022-08-13,669,657,25054.86,13900.58,41162.48,3.0,15,0,0,29.1,0.338,-12,Stage 1
686,term,North,debt_consolidation,2022-08-11,651,637,23437.2,10265.59,,13.23,20,0,0,29.1,,-14,Stage 1
687,term,South,home_improvement,2022-07-26,645,625,15997.65,7102.24,,8.65,22,0,0,29.7,,-20,Stage 1
688,term,West,personal,2024-10-23,661,644,16999.62,16173.25,,6.94,12,0,0,2.3,,-17,Stage 1
689,revolving,West,personal,2021-03-21,595,572,27749.44,5376.0,8753.66,8.57,31,0,1,46.1,0.614,-23,Stage 2
690,term,North,auto,2024-04-10,622,602,56586.05,50241.81,,10.0,19,0,0,8.9,,-20,Stage 1
691,term,South,debt_consolidation,2021-09-15,731,719,6506.65,2598.74,,9.34,2,0,1,40.1,,-12,Stage 1
692,term,West,home_improvement,2021-10-06,698,680,8796.43,879.64,,6.79,3,0,0,39.4,,-18,Stage 1
693,term,West,home_improvement,2022-05-19,778,792,23706.07,7081.66,,11.98,0,0,0,31.9,,14,Stage 1
694,term,South,home_improvement,2022-07-12,662,641,44834.32,29461.51,,7.22,10,0,0,30.1,,-21,Stage 1
695,term,South,debt_consolidation,2022-05-06,658,627,3104.85,1665.01,,8.3,12,0,1,32.4,,-31,Stage 2
696,term,West,personal,2022-07-20,655,649,3802.23,1757.92,,14.17,13,0,1,29.9,,-6,Stage 1
697,term,South,home_improvement,2024-09-22,660,642,13678.41,12622.79,,15.18,10,0,0,3.4,,-18,Stage 1
698,term,East,home_improvement,2022-06-05,640,619,24770.87,4802.65,,12.44,23,0,0,31.4,,-21,Stage 1
699,term,South,personal,2021-11-22,696,683,13758.68,2462.15,,6.99,2,0,0,37.9,,-13,Stage 1
700,term,West,home_improvement,2024-04-10,681,679,15150.63,11390.86,,7.72,5,0,0,8.9,,-2,Stage 1
701,term,West,auto,2021-03-25,649,620,5962.05,596.2,,6.66,9,0,0,45.9,,-29,Stage 1
702,term,North,personal,2023-04-21,755,761,12856.71,7659.22,,8.29,0,0,0,20.7,,6,Stage 1
703,term,East,personal,2024-12-12,793,797,7853.33,7660.28,,10.6,4,0,0,0.7,,4,Stage 1
704,term,West,personal,2024-09-24,749,753,16582.06,15857.93,,3.36,1,0,0,3.3,,4,Stage 1
705,term,East,auto,2021-11-16,713,698,10976.4,3891.28,,5.9,5,0,0,38.1,,-15,Stage 1
706,revolving,South,personal,2021-10-31,725,743,6460.16,3860.12,7785.12,9.33,2,0,1,38.6,0.496,18,Stage 1
707,term,West,debt_consolidation,2024-07-19,791,790,37839.43,32638.51,,8.71,6,0,0,5.5,,-1,Stage 1
708,revolving,North,debt_consolidation,2022-11-21,725,716,21635.41,5696.78,9228.26,7.66,1,0,0,25.7,0.617,-9,Stage 1
709,term,West,debt_consolidation,2024-02-12,644,615,16795.43,13611.55,,4.81,19,0,0,10.8,,-29,Stage 1
710,term,North,personal,2022-02-11,703,690,6970.18,3005.02,,7.21,6,0,0,35.2,,-13,Stage 1
711,revolving,East,personal,2023-11-16,717,699,21518.64,16995.64,30407.82,7.55,2,0,0,13.7,0.559,-18,Stage 1
712,term,North,personal,2024-06-14,620,619,5453.73,5088.32,,5.01,22,0,0,6.7,,-1,Stage 1
713,term,South,auto,2024-08-26,662,627,6705.83,6243.96,,6.49,14,0,0,4.3,,-35,Stage 2
714,term,South,debt_consolidation,2022-11-15,746,717,12803.13,9371.89,,8.42,0,0,0,25.9,,-29,Stage 1
715,term,South,home_improvement,2021-08-21,570,535,14553.79,1900.67,,10.42,41,0,1,41.0,,-35,Stage 2
716,revolving,West,home_improvement,2023-10-19,604,583,8948.93,5839.77,10719.71,11.74,33,0,0,14.7,0.545,-21,Stage 2
717,revolving,South,personal,2022-07-03,669,666,3024.24,1444.37,2310.59,5.86,10,0,0,30.4,0.625,-3,Stage 1
718,revolving,South,auto,2024-07-12,701,690,10275.9,9205.86,16805.02,7.95,5,0,0,5.8,0.548,-11,Stage 1
719,term,West,personal,2023-11-03,598,569,34900.49,26821.47,,8.26,26,0,0,14.2,,-29,Stage 1
720,revolving,East,home_improvement,2022-05-11,672,656,1984.72,1005.05,2706.04,8.41,11,0,0,32.2,0.371,-16,Stage 1
721,revolving,South,debt_consolidation,2024-09-01,749,751,19208.98,17921.7,49274.79,8.2,1,0,0,4.1,0.364,2,Stage 1
722,term,South,home_improvement,2022-09-10,684,658,11248.01,4526.97,,5.49,6,0,0,28.1,,-26,Stage 1
723,term,West,debt_consolidation,2023-04-28,736,738,3936.27,2225.75,,10.42,1,0,0,20.5,,2,Stage 1
724,revolving,East,debt_consolidation,2023-10-03,644,606,31682.08,19780.4,33083.81,8.06,23,0,0,15.2,0.598,-38,Stage 2
725,term,East,auto,2022-01-19,631,607,7538.09,4106.35,,9.1,18,0,0,35.9,,-24,Stage 1
726,revolving,East,home_improvement,2023-10-14,730,721,39684.96,22509.55,47506.36,9.24,1,0,0,14.8,0.474,-9,Stage 1
727,term,West,personal,2022-10-04,702,676,15192.36,6695.98,,7.18,4,0,0,27.3,,-26,Stage 1
728,revolving,North,auto,2021-11-12,608,584,16596.91,1659.69,2827.0,11.29,36,0,0,38.2,0.587,-24,Stage 2
729,term,North,debt_consolidation,2021-09-13,631,605,10750.97,5896.28,,7.65,25,1,0,40.2,,-26,Stage 2
730,term,South,home_improvement,2022-03-17,773,773,27004.3,11177.95,,9.51,2,0,0,34.0,,0,Stage 1
731,term,South,personal,2024-02-13,624,605,11745.59,8638.34,,9.29,21,0,0,10.8,,-19,Stage 1
732,revolving,South,auto,2021-10-26,736,732,28087.58,15084.32,36801.67,9.77,1,0,0,38.8,0.41,-4,Stage 1
733,term,North,personal,2023-07-04,651,627,16864.15,12755.76,,12.23,12,0,0,18.2,,-24,Stage 1
734,term,West,home_improvement,2024-02-22,679,666,10533.07,8163.23,,6.84,7,0,0,10.5,,-13,Stage 1
735,term,South,personal,2021-09-13,697,697,2410.97,494.63,,8.97,3,0,0,40.2,,0,Stage 1
736,revolving,West,auto,2022-10-13,553,529,33433.96,17233.14,41272.42,8.87,70,0,0,27.0,0.418,-24,Stage 2
737,term,South,personal,2021-02-16,592,568,14677.42,5470.21,,8.12,43,0,0,47.2,,-24,Stage 2
738,revolving,West,home_improvement,2023-06-22,685,661,8069.02,6530.95,15145.71,10.47,8,0,0,18.6,0.431,-24,Stage 1
739,term,West,auto,2022-04-08,636,589,22033.45,14608.28,,5.51,16,0,0,33.3,,-47,Stage 2
740,term,North,debt_consolidation,2024-10-05,739,712,16817.22,15722.15,,13.19,2,0,0,2.9,,-27,Stage 1
741,term,West,auto,2024-02-21,583,562,16846.79,13560.7,,13.33,44,0,0,10.5,,-21,Stage 2
742,term,East,home_improvement,2021-01-31,713,695,66483.36,6648.34,,7.1,2,0,0,47.7,,-18,Stage 1
743,revolving,North,personal,2021-02-24,597,558,6827.51,1450.65,3019.37,8.71,33,0,1,46.9,0.48,-39,Stage 2
744,term,South,debt_consolidation,2021-06-02,658,634,22736.08,12814.39,,3.62,7,0,0,43.6,,-24,Stage 1
745,term,North,debt_consolidation,2022-04-01,616,591,32995.39,10682.86,,7.04,31,0,0,33.5,,-25,Stage 2
746,revolving,East,personal,2021-10-13,794,795,10968.0,2809.05,6471.85,15.93,3,0,0,39.2,0.434,1,Stage 1
747,term,East,home_improvement,2021-02-05,599,566,6549.52,2218.51,,10.8,35,1,0,47.5,,-33,Stage 2
748,term,West,auto,2023-03-29,672,665,10807.61,3870.88,,11.05,12,0,1,21.5,,-7,Stage 1
749,revolving,East,home_improvement,2021-09-13,576,545,16603.97,8412.73,20718.8,7.51,40,0,0,40.2,0.406,-31,Stage 2
750,term,East,debt_consolidation,2021-06-27,775,770,29546.91,7154.04,,8.69,1,0,0,42.8,,-5,Stage 1
751,term,East,auto,2024-07-01,704,683,7269.53,6352.14,,8.82,5,0,0,6.1,,-21,Stage 1
752,revolving,East,auto,2022-05-23,688,694,10859.62,5039.67,8895.89,4.8,6,0,0,31.8,0.567,6,Stage 1
753,term,South,personal,2021-01-21,768,763,22553.22,3878.87,,9.36,1,0,0,48.0,,-5,Stage 1
754,term,South,home_improvement,2021-03-16,688,680,25423.54,2542.35,,11.25,4,0,0,46.2,,-8,Stage 1
755,term,North,auto,2022-12-20,693,682,27255.61,14994.6,,14.3,6,0,0,24.8,,-11,Stage 1
756,revolving,West,personal,2022-04-05,687,686,3343.6,1204.33,2212.04,9.72,7,0,0,33.4,0.544,-1,Stage 1
757,term,South,home_improvement,2024-04-16,713,694,49857.26,41236.29,,8.6,2,0,0,8.7,,-19,Stage 1
758,term,East,debt_consolidation,2024-11-06,650,636,9087.0,8713.86,,8.6,20,0,0,1.9,,-14,Stage 1
759,revolving,West,debt_consolidation,2023-11-27,667,647,48853.93,37416.54,83914.43,10.11,9,0,0,13.4,0.446,-20,Stage 1
760,revolving,South,home_improvement,2024-02-18,728,721,54566.47,38011.33,75586.43,11.31,5,1,0,10.6,0.503,-7,Stage 2
761,term,North,auto,2022-09-22,696,680,2701.17,1832.44,,12.2,2,0,0,27.7,,-16,Stage 1
762,term,East,auto,2021-01-01,673,676,22058.74,6136.36,,3.0,10,0,0,48.7,,3,Stage 1
763,term,West,debt_consolidation,2023-07-25,595,568,10052.45,4904.87,,12.2,39,0,0,17.5,,-27,Stage 2
764,revolving,South,debt_consolidation,2021-11-07,769,750,13720.89,5921.38,12116.8,5.4,3,0,0,38.4,0.489,-19,Stage 1
765,term,West,auto,2024-05-16,640,619,25515.6,20206.78,,6.05,17,0,0,7.7,,-21,Stage 1
766,term,South,home_improvement,2024-03-23,739,733,5300.89,4093.95,,8.37,3,0,0,9.5,,-6,Stage 1
767,revolving,North,debt_consolidation,2023-02-01,690,678,9598.25,3692.59,7413.6,10.5,8,0,0,23.3,0.498,-12,Stage 1
768,revolving,East,auto,2022-11-14,602,564,21464.81,8427.63,17336.16,5.06,29,0,0,26.0,0.486,-38,Stage 2
769,term,North,home_improvement,2021-11-11,755,738,17521.91,5241.21,,7.22,1,0,0,38.2,,-17,Stage 1
770,revolving,East,personal,2021-11-03,695,701,25307.18,2530.72,4077.31,9.86,5,0,0,38.5,0.621,6,Stage 1
771,term,East,home_improvement,2022-09-11,760,754,9267.6,6625.29,,10.45,1,0,0,28.1,,-6,Stage 1
772,revolving,West,auto,2024-01-26,669,651,4958.65,3775.8,8443.97,10.38,12,0,0,11.4,0.447,-18,Stage 1
773,term,South,home_improvement,2021-01-07,722,734,53495.73,9953.11,,11.82,2,0,0,48.5,,12,Stage 1
774,term,North,auto,2023-11-02,574,553,6803.32,4731.91,,12.43,58,0,0,14.2,,-21,Stage 2
775,revolving,North,debt_consolidation,2022-05-29,649,630,5777.63,577.76,1516.69,9.32,15,0,0,31.6,0.381,-19,Stage 1
776,term,North,personal,2021-12-15,603,580,7339.96,734.0,,8.79,36,0,0,37.1,,-23,Stage 2
777,term,West,debt_consolidation,2023-07-06,657,659,15497.75,10904.13,,6.62,7,0,0,18.2,,2,Stage 1
778,revolving,West,debt_consolidation,2023-10-28,708,691,16447.17,9653.24,28559.43,7.26,3,0,0,14.4,0.338,-17,Stage 1
779,revolving,West,auto,2022-05-15,643,632,3487.54,348.75,957.6,4.91,7,0,0,32.1,0.364,-11,Stage 1
780,term,East,auto,2022-04-20,731,730,6233.03,2215.93,,13.17,1,0,0,32.9,,-1,Stage 1
781,term,North,auto,2022-06-08,628,607,27551.75,16657.55,,8.8,20,0,0,31.3,,-21,Stage 1
782,term,East,auto,2023-12-17,733,720,10356.19,6485.68,,11.23,3,0,0,12.7,,-13,Stage 1
783,term,North,debt_consolidation,2022-08-13,758,758,17082.2,3211.8,,17.03,2,0,0,29.1,,0,Stage 1
784,term,North,auto,2021-08-21,740,733,6584.65,658.46,,15.68,1,0,0,41.0,,-7,Stage 1
785,term,South,auto,2023-03-02,659,649,19987.67,15267.93,,12.33,8,1,0,22.4,,-10,Stage 2
786,revolving,North,debt_consolidation,2023-11-20,552,504,6315.77,4842.87,8695.94,7.87,59,0,0,13.6,0.557,-48,Stage 2
787,term,West,personal,2022-01-02,714,736,4558.41,2381.31,,11.4,4,0,0,36.5,,22,Stage 1
788,term,West,personal,2021-02-25,672,662,1751.46,619.27,,8.98,11,0,0,46.9,,-10,Stage 1
789,term,West,home_improvement,2021-01-10,621,603,13201.7,1320.17,,6.18,39,0,0,48.4,,-18,Stage 2
790,revolving,South,debt_consolidation,2021-05-27,646,647,20695.68,4528.43,7391.73,6.26,17,0,0,43.8,0.613,1,Stage 1
791,term,South,auto,2021-12-30,766,756,21076.25,8132.62,,11.56,4,0,0,36.6,,-10,Stage 1
792,term,East,home_improvement,2021-09-10,611,580,15090.52,3330.48,,11.21,29,0,0,40.3,,-31,Stage 2
793,term,North,personal,2023-07-29,708,694,27192.29,20948.13,,12.66,3,0,0,17.4,,-14,Stage 1
794,term,North,personal,2024-06-30,693,702,3840.69,3396.14,,8.29,7,0,0,6.2,,9,Stage 1
795,term,West,debt_consolidation,2023-01-06,658,639,4103.55,1251.33,,7.68,8,0,0,24.2,,-19,Stage 1
796,revolving,West,auto,2021-12-06,718,736,5776.8,577.68,1333.17,5.73,3,0,0,37.4,0.433,18,Stage 1
797,revolving,West,auto,2024-10-08,777,770,9718.36,9420.03,17860.22,4.03,3,0,0,2.8,0.527,-7,Stage 1
798,term,West,home_improvement,2022-09-16,662,619,12830.09,6156.86,,6.46,7,0,1,27.9,,-43,Stage 2
799,term,West,personal,2022-12-06,665,631,28956.69,9096.23,,7.04,11,1,0,25.2,,-34,Stage 2
800,revolving,West,home_improvement,2021-11-19,717,713,10381.87,4459.66,7717.27,5.59,2,0,0,38.0,0.578,-4,Stage 1
801,revolving,North,home_improvement,2024-03-09,735,734,22058.31,16190.38,45043.85,7.46,1,0,0,9.9,0.359,-1,Stage 1
802,term,South,home_improvement,2023-05-11,672,660,19246.64,10834.12,,14.69,13,0,0,20.0,,-12,Stage 1
803,term,West,auto,2021-04-05,661,633,28856.62,15466.59,,6.94,22,0,0,45.6,,-28,Stage 1
804,term,North,personal,2022-07-07,546,501,18243.83,2949.4,,3.45,53,0,1,30.3,,-45,Stage 2
805,term,West,home_improvement,2024-12-14,633,597,30180.79,29337.64,,9.46,21,0,0,0.6,,-36,Stage 2
806,revolving,East,personal,2023-03-01,611,584,1797.8,730.21,1436.87,10.92,29,0,0,22.4,0.508,-27,Stage 1
807,revolving,East,personal,2024-03-19,721,715,10619.99,8525.51,19012.42,6.34,1,0,0,9.6,0.448,-6,Stage 1
808,revolving,North,home_improvement,2022-07-07,665,661,2584.83,660.26,1951.99,11.27,16,0,0,30.3,0.338,-4,Stage 1
809,term,South,home_improvement,2024-10-06,663,655,5756.89,5546.74,,14.41,18,0,0,2.9,,-8,Stage 1
810,term,East,debt_consolidation,2021-04-26,679,666,5406.62,540.66,,8.3,10,0,0,44.9,,-13,Stage 1
811,revolving,East,auto,2022-09-24,627,632,30101.95,5968.35,17261.39,11.23,24,0,0,27.7,0.346,5,Stage 1
812,revolving,South,personal,2024-06-14,773,771,11172.64,9932.11,15660.44,11.77,5,0,0,6.7,0.634,-2,Stage 1
813,term,East,home_improvement,2021-09-27,757,730,49713.84,19637.51,,10.23,3,0,0,39.7,,-27,Stage 1
814,revolving,West,home_improvement,2023-05-11,777,762,10384.46,7277.5,17368.03,11.73,0,0,0,20.0,0.419,-15,Stage 1
815,revolving,South,personal,2021-10-18,721,713,2374.32,821.13,1961.92,10.6,2,0,0,39.0,0.419,-8,Stage 1
816,term,East,home_improvement,2024-12-28,678,650,9682.2,9570.2,,6.16,6,0,0,0.1,,-28,Stage 1
817,term,South,debt_consolidation,2021-01-09,776,787,18435.04,1843.5,,3.0,0,0,0,48.4,,11,Stage 1
818,term,West,personal,2022-09-22,639,621,16045.16,8725.39,,9.56,16,0,0,27.7,,-18,Stage 1
819,term,East,home_improvement,2023-05-14,627,619,13268.01,10198.5,,8.31,19,0,0,19.9,,-8,Stage 1
820,term,North,personal,2022-04-20,643,626,16963.22,1696.32,,4.12,19,0,0,32.9,,-17,Stage 1
821,revolving,East,home_improvement,2022-06-21,711,676,25239.72,14119.38,41339.13,8.35,4,0,0,30.8,0.342,-35,Stage 2
822,term,East,home_improvement,2022-11-16,634,628,1000.0,317.03,,8.6,18,0,0,25.9,,-6,Stage 1
823,term,West,auto,2023-11-01,670,653,14566.11,10450.75,,9.9,12,0,0,14.2,,-17,Stage 1
824,term,North,personal,2022-09-05,583,555,5348.0,2696.64,,12.34,48,0,0,28.3,,-28,Stage 2
825,term,North,auto,2023-02-16,708,702,20370.59,9507.7,,6.58,4,0,0,22.8,,-6,Stage 1
826,revolving,North,home_improvement,2024-09-12,588,560,6082.13,5469.22,15102.0,3.0,37,0,1,3.7,0.362,-28,Stage 2
827,term,West,personal,2022-08-18,624,607,6209.4,4213.57,,7.79,29,0,0,28.9,,-17,Stage 1
828,term,West,personal,2021-10-03,753,750,3727.55,2122.9,,11.44,0,0,0,39.5,,-3,Stage 1
829,revolving,West,debt_consolidation,2022-01-05,750,744,13754.2,1375.42,2937.06,13.01,3,0,0,36.4,0.468,-6,Stage 1
830,term,West,debt_consolidation,2021-12-11,702,676,2350.5,1007.08,,7.19,2,0,0,37.2,,-26,Stage 1
831,term,West,home_improvement,2022-01-03,696,684,3689.57,2196.88,,10.75,4,0,0,36.5,,-12,Stage 1
832,term,North,home_improvement,2024-08-27,648,628,13977.3,12996.73,,5.7,16,0,0,4.2,,-20,Stage 1
833,term,South,home_improvement,2023-01-01,633,619,10700.71,7149.51,,9.02,22,0,0,24.4,,-14,Stage 1
834,term,West,home_improvement,2021-01-15,658,648,10600.97,1060.1,,3.0,16,0,0,48.2,,-10,Stage 1
835,term,South,debt_consolidation,2023-01-28,589,560,1645.38,578.53,,8.02,31,0,0,23.5,,-29,Stage 2
836,term,East,personal,2022-11-19,695,679,14020.97,3922.89,,9.96,3,0,0,25.8,,-16,Stage 1
837,revolving,East,auto,2021-01-04,682,680,14945.56,3152.17,8799.5,7.62,3,0,0,48.6,0.358,-2,Stage 1
838,term,West,personal,2024-10-31,623,608,26881.11,25796.85,,4.79,22,1,0,2.1,,-15,Stage 2
839,term,East,personal,2024-10-24,774,765,19012.26,18101.9,,9.23,1,0,0,2.3,,-9,Stage 1
840,term,South,debt_consolidation,2022-06-17,716,690,5158.72,2755.29,,14.44,3,0,0,31.0,,-26,Stage 1
841,term,East,personal,2023-09-13,721,730,5060.6,3988.4,,6.51,1,0,0,15.9,,9,Stage 1
842,term,East,personal,2024-03-06,650,639,28377.31,22824.6,,6.86,23,1,0,10.0,,-11,Stage 2
843,term,South,home_improvement,2023-04-14,679,673,25330.49,15729.99,,8.28,6,0,0,20.9,,-6,Stage 1
844,revolving,East,auto,2021-12-29,717,696,11919.94,1191.99,3052.75,13.99,4,0,0,36.6,0.39,-21,Stage 1
845,term,West,personal,2024-05-24,689,683,20898.33,16732.81,,5.0,6,0,0,7.4,,-6,Stage 1
846,term,South,personal,2024-10-23,776,764,23416.89,22145.13,,6.69,2,0,0,2.3,,-12,Stage 1
847,term,South,auto,2021-04-27,667,661,2975.66,884.34,,11.03,12,0,1,44.8,,-6,Stage 1
848,revolving,North,home_improvement,2024-04-17,649,629,4315.24,3665.53,10426.92,5.29,29,0,0,8.6,0.352,-20,Stage 1
849,term,North,debt_consolidation,2024-06-23,718,695,9146.2,8353.11,,6.43,2,0,0,6.4,,-23,Stage 1
850,term,South,debt_consolidation,2021-05-08,604,581,28709.71,9049.25,,14.32,30,0,0,44.5,,-23,Stage 2
851,term,South,personal,2024-10-13,735,733,40018.61,36851.78,,14.24,4,0,0,2.7,,-2,Stage 1
852,revolving,North,home_improvement,2021-03-19,601,582,14822.77,1482.28,2955.14,10.77,31,0,0,46.1,0.502,-19,Stage 2
853,term,West,debt_consolidation,2023-01-11,718,709,4823.74,1768.34,,9.99,0,0,0,24.0,,-9,Stage 1
854,revolving,East,debt_consolidation,2024-08-09,641,601,5588.74,5170.49,7760.12,7.24,17,0,0,4.8,0.666,-40,Stage 2
855,term,East,debt_consolidation,2023-02-13,708,712,9664.02,5626.3,,9.01,4,1,0,22.9,,4,Stage 2
856,term,East,debt_consolidation,2021-03-23,734,733,9506.99,950.7,,6.71,1,0,0,46.0,,-1,Stage 1
857,term,South,debt_consolidation,2021-12-08,689,676,5390.33,3175.07,,13.55,8,0,0,37.3,,-13,Stage 1
858,term,West,personal,2024-09-23,608,596,10506.5,9526.79,,9.44,26,0,0,3.3,,-12,Stage 1
859,term,North,debt_consolidation,2023-03-30,626,591,1871.58,791.48,,8.53,22,0,0,21.4,,-35,Stage 2
860,term,West,personal,2022-08-01,636,612,11052.94,1405.06,,9.16,20,0,0,29.5,,-24,Stage 1
861,revolving,West,auto,2021-04-06,566,546,6602.07,1276.85,2566.87,7.09,40,0,0,45.5,0.497,-20,Stage 2
862,term,East,auto,2024-03-14,747,763,6340.41,5568.79,,10.54,1,0,0,9.8,,16,Stage 1
863,term,North,home_improvement,2022-07-31,686,667,17860.98,5424.17,,8.34,6,0,0,29.5,,-19,Stage 1
864,term,West,personal,2022-06-05,611,569,18536.61,11193.1,,17.72,26,0,0,31.4,,-42,Stage 2
865,term,North,home_improvement,2024-11-21,767,771,9032.28,8832.31,,7.69,1,0,0,1.4,,4,Stage 1
866,term,South,auto,2023-09-23,637,630,4244.62,3301.38,,11.51,10,1,0,15.5,,-7,Stage 2
867,term,East,auto,2021-12-23,695,665,13914.2,2265.65,,14.54,3,0,0,36.8,,-30,Stage 2
868,term,North,auto,2021-07-05,630,607,8767.87,876.79,,3.0,13,1,0,42.5,,-23,Stage 2
869,revolving,South,auto,2022-06-27,558,538,21837.21,10711.57,19688.23,7.71,46,0,0,30.6,0.544,-20,Stage 2
870,revolving,South,debt_consolidation,2021-05-31,598,587,17677.61,1767.76,3462.28,13.59,42,0,0,43.7,0.511,-11,Stage 2
871,term,South,auto,2024-09-04,653,619,19756.85,17746.68,,3.0,18,0,0,4.0,,-34,Stage 2
872,term,West,debt_consolidation,2023-12-19,733,723,1179.85,825.99,,12.58,1,0,0,12.6,,-10,Stage 1
873,term,West,debt_consolidation,2021-01-10,700,683,36015.31,16564.36,,9.98,3,0,0,48.4,,-17,Stage 1
874,term,East,home_improvement,2023-05-07,688,664,14344.89,10607.06,,13.62,11,0,0,20.2,,-24,Stage 1
875,term,East,debt_consolidation,2024-02-22,559,530,1579.47,1288.8,,8.1,50,0,0,10.5,,-29,Stage 2
876,term,South,home_improvement,2021-12-22,756,755,9984.61,3092.52,,9.79,0,0,0,36.9,,-1,Stage 1
877,revolving,East,debt_consolidation,2024-10-01,693,698,12230.33,11609.55,26592.67,5.49,1,0,0,3.1,0.437,5,Stage 1
878,term,West,debt_consolidation,2023-03-05,672,632,30109.81,15953.52,,8.32,8,0,0,22.3,,-40,Stage 2
879,term,East,auto,2021-08-25,747,746,18765.73,6483.29,,6.67,1,0,0,40.8,,-1,Stage 1
880,term,North,personal,2021-11-29,754,741,15799.87,4887.07,,7.24,2,0,0,37.6,,-13,Stage 1
881,term,West,debt_consolidation,2021-01-17,749,732,12469.51,6222.51,,9.45,0,0,0,48.2,,-17,Stage 1
882,term,South,personal,2024-12-18,665,645,10730.75,10547.37,,6.65,9,0,0,0.5,,-20,Stage 1
883,term,South,personal,2021-11-20,619,599,2820.57,282.06,,3.0,24,0,0,37.9,,-20,Stage 1
884,term,East,personal,2021-01-23,739,726,14755.56,1475.56,,9.73,3,0,0,48.0,,-13,Stage 1
885,revolving,West,debt_consolidation,2023-07-20,598,570,5423.34,3075.64,8301.72,9.65,35,0,0,17.7,0.37,-28,Stage 2
886,term,South,personal,2022-04-04,796,797,7053.84,1821.67,,11.23,5,0,0,33.4,,1,Stage 1
887,term,South,debt_consolidation,2022-06-05,681,670,19314.25,1931.42,,8.98,8,0,0,31.4,,-11,Stage 1
888,term,West,auto,2022-12-20,616,604,6680.52,4133.41,,5.75,29,0,0,24.8,,-12,Stage 1
889,term,West,debt_consolidation,2022-07-11,606,579,1786.65,1132.82,,13.58,40,0,1,30.2,,-27,Stage 2
890,term,South,home_improvement,2024-12-15,603,579,10175.07,10046.02,,7.98,36,1,0,0.6,,-24,Stage 2
891,revolving,East,auto,2022-02-07,688,675,1517.18,694.01,1868.43,6.09,11,0,0,35.3,0.371,-13,Stage 1
892,revolving,East,personal,2024-09-16,679,681,13186.65,12175.2,26990.95,13.36,9,0,0,3.6,0.451,2,Stage 1
893,revolving,East,personal,2022-04-02,605,585,20638.37,3030.42,5402.63,14.11,31,0,0,33.5,0.561,-20,Stage 2
894,term,North,home_improvement,2023-11-17,658,644,10861.95,9261.04,,3.0,16,0,0,13.7,,-14,Stage 1
895,term,West,auto,2022-02-01,597,571,2364.65,236.46,,6.22,37,0,1,35.5,,-26,Stage 2
896,term,South,home_improvement,2024-04-26,715,705,22538.66,19333.21,,8.45,6,0,0,8.3,,-10,Stage 1
897,term,North,personal,2021-05-20,676,641,31599.01,3159.9,,9.84,10,0,0,44.1,,-35,Stage 2
898,revolving,East,debt_consolidation,2022-06-05,657,635,9981.24,2648.73,6255.0,10.96,17,0,0,31.4,0.423,-22,Stage 1
899,term,North,personal,2023-01-16,602,582,7048.37,3375.03,,16.55,29,0,0,23.9,,-20,Stage 1
900,term,South,home_improvement,2021-04-02,661,644,2817.09,1309.16,,5.71,15,0,0,45.7,,-17,Stage 1
901,term,South,debt_consolidation,2021-03-18,655,635,13548.06,1354.81,,9.47,15,0,0,46.2,,-20,Stage 1
902,term,West,debt_consolidation,2023-05-02,699,701,27771.32,17860.19,,4.58,5,0,0,20.3,,2,Stage 1
903,term,East,personal,2024-06-21,690,680,2932.95,2404.84,,9.68,10,1,0,6.5,,-10,Stage 2
904,term,East,debt_consolidation,2023-04-25,727,707,1289.69,923.2,,13.97,2,0,0,20.6,,-20,Stage 1
905,term,North,auto,2022-10-29,650,615,10234.87,2276.96,,3.0,15,0,0,26.5,,-35,Stage 2
906,revolving,East,personal,2023-08-17,568,548,2990.22,1864.74,3234.68,4.69,46,0,0,16.8,0.576,-20,Stage 2
907,revolving,North,personal,2023-09-16,739,723,12101.07,7001.37,11388.79,11.35,0,0,0,15.8,0.615,-16,Stage 1
908,term,South,auto,2023-03-08,623,603,15210.06,8447.43,,11.43,18,0,0,22.2,,-20,Stage 1
909,term,South,personal,2021-03-29,613,597,15832.35,1583.23,,6.51,30,0,0,45.8,,-16,Stage 2
910,term,South,home_improvement,2023-07-04,677,664,18999.67,13322.41,,11.45,12,0,0,18.2,,-13,Stage 1
911,term,South,home_improvement,2024-08-10,698,701,35861.13,31584.46,,12.91,10,0,0,4.8,,3,Stage 1
912,term,South,personal,2021-04-05,648,627,22376.8,2237.68,,10.65,28,1,0,45.6,,-21,Stage 2
913,term,North,auto,2024-06-30,647,631,23632.8,20085.56,,13.38,19,1,1,6.2,,-16,Stage 2
914,term,South,debt_consolidation,2022-07-05,656,634,3714.42,1524.69,,9.97,7,0,0,30.4,,-22,Stage 1
915,term,North,auto,2022-02-03,764,758,13033.96,1303.4,,8.21,4,0,0,35.4,,-6,Stage 1
916,term,South,home_improvement,2023-02-06,679,672,29040.82,15596.05,,9.85,9,0,0,23.2,,-7,Stage 1
917,term,North,personal,2023-12-14,621,608,7732.15,5872.57,,11.53,27,0,0,12.8,,-13,Stage 1
918,revolving,North,auto,2021-08-31,622,584,21711.89,2171.19,4352.17,4.16,26,0,0,40.6,0.499,-38,Stage 2
919,revolving,North,debt_consolidation,2024-02-08,664,639,42127.4,35404.99,88373.75,9.81,12,1,0,10.9,0.401,-25,Stage 2
920,term,East,debt_consolidation,2022-09-16,694,683,5330.61,2425.31,,8.61,3,0,0,27.9,,-11,Stage 1
921,revolving,North,debt_consolidation,2022-12-02,709,704,2900.85,2105.39,6067.46,7.41,4,0,0,25.4,0.347,-5,Stage 1
922,term,North,debt_consolidation,2024-05-29,687,661,16152.45,12683.67,,5.59,9,0,0,7.2,,-26,Stage 1
923,revolving,South,auto,2022-07-18,629,602,11498.33,1437.99,2983.01,3.36,24,0,0,29.9,0.482,-27,Stage 1
924,revolving,North,debt_consolidation,2021-06-11,654,641,33704.85,3370.48,5205.29,7.45,15,0,0,43.3,0.648,-13,Stage 1
925,term,North,home_improvement,2021-02-04,724,722,4402.03,440.2,,7.21,0,0,0,47.6,,-2,Stage 1
926,term,West,debt_consolidation,2023-08-24,611,591,28187.05,15128.27,,11.83,36,0,0,16.5,,-20,Stage 2
927,term,East,home_improvement,2021-02-06,652,632,11085.97,4918.47,,12.39,16,0,0,47.5,,-20,Stage 1
928,term,West,auto,2023-04-26,715,695,6732.09,4762.02,,6.44,1,1,0,20.5,,-20,Stage 2
929,term,South,home_improvement,2023-04-09,732,720,13104.63,6647.69,,6.41,0,0,0,21.1,,-12,Stage 1
930,term,East,auto,2022-09-15,668,662,9104.47,5527.24,,7.31,13,0,1,28.0,,-6,Stage 1
931,term,East,debt_consolidation,2024-10-25,655,646,12431.39,12121.85,,12.36,16,0,0,2.3,,-9,Stage 1
932,revolving,West,personal,2024-04-15,600,566,27269.47,22959.38,44264.81,6.99,35,1,0,8.7,0.519,-34,Stage 2
933,revolving,East,home_improvement,2022-06-05,711,716,44646.85,4641.38,9064.83,14.89,5,0,0,31.4,0.512,5,Stage 1
934,term,West,home_improvement,2024-07-22,759,747,11706.36,9803.55,,9.38,1,0,0,5.4,,-12,Stage 1
935,term,North,personal,2021-04-15,833,840,17044.39,1808.33,,10.33,13,0,0,45.2,,7,Stage 1
936,term,West,auto,2021-06-05,703,681,24560.17,2456.02,,7.59,0,1,0,43.5,,-22,Stage 2
937,term,East,auto,2021-12-02,676,678,16862.19,6144.21,,13.86,8,0,0,37.5,,2,Stage 1
938,revolving,East,debt_consolidation,2023-11-16,624,610,7154.41,5617.69,11193.29,10.3,16,0,0,13.7,0.502,-14,Stage 1
939,term,South,home_improvement,2021-10-23,567,539,15149.8,1514.98,,7.56,45,0,0,38.9,,-28,Stage 2
940,term,South,auto,2024-10-10,690,672,11461.87,10688.53,,5.04,5,0,0,2.8,,-18,Stage 1
941,term,South,debt_consolidation,2023-06-05,821,847,1550.92,1121.31,,11.06,8,0,0,19.2,,26,Stage 1
942,term,South,auto,2021-03-10,756,757,1000.0,305.72,,7.08,1,0,0,46.4,,1,Stage 1
943,term,East,personal,2024-09-12,746,760,15134.8,13769.8,,8.47,0,0,0,3.7,,14,Stage 1
944,revolving,South,personal,2021-05-31,694,683,5969.07,1284.64,2220.63,6.19,6,0,0,43.7,0.579,-11,Stage 1
945,term,West,personal,2023-05-07,701,691,24921.67,14921.4,,6.23,5,0,0,20.2,,-10,Stage 1
946,term,North,debt_consolidation,2022-07-31,534,508,6895.41,1568.15,,7.17,78,0,1,29.5,,-26,Stage 2
947,term,East,home_improvement,2022-10-24,725,718,7982.59,2925.57,,8.81,2,0,0,26.7,,-7,Stage 1
948,revolving,South,personal,2024-09-05,645,628,20891.22,18514.78,37124.62,5.44,15,0,0,3.9,0.499,-17,Stage 1
949,revolving,East,personal,2023-01-27,637,620,9657.07,3621.14,10009.34,8.24,17,0,0,23.5,0.362,-17,Stage 1
950,term,South,auto,2022-03-28,660,651,5731.94,2779.51,,6.84,26,0,0,33.7,,-9,Stage 1
951,term,East,personal,2022-07-24,658,633,18199.09,6800.31,,8.64,14,1,0,29.7,,-25,Stage 2
952,term,South,home_improvement,2024-02-10,636,616,56021.99,46712.43,,11.75,12,0,0,10.9,,-20,Stage 1
953,term,North,debt_consolidation,2022-09-27,680,660,6746.11,3722.31,,9.63,3,1,0,27.6,,-20,Stage 2
954,revolving,South,personal,2021-12-28,646,633,22769.24,2276.92,4023.74,7.17,21,1,1,36.7,0.566,-13,Stage 2
955,term,West,debt_consolidation,2021-07-22,686,672,20071.0,5162.71,,8.86,11,0,0,42.0,,-14,Stage 1
956,term,East,debt_consolidation,2022-05-02,590,558,48889.96,17774.94,,10.79,36,1,0,32.5,,-32,Stage 2
957,term,East,home_improvement,2021-01-04,667,665,28981.09,2898.11,,11.1,4,0,0,48.6,,-2,Stage 1
958,term,West,auto,2024-02-27,614,602,12391.2,10059.3,,9.62,29,0,0,10.3,,-12,Stage 1
959,term,West,auto,2023-11-16,641,633,17890.09,13296.7,,14.39,11,0,0,13.7,,-8,Stage 1
960,revolving,North,debt_consolidation,2023-03-12,688,687,2295.83,1439.25,2507.14,6.35,4,1,0,22.0,0.574,-1,Stage 2
961,term,East,personal,2023-09-04,583,561,33693.74,23302.1,,10.58,53,0,0,16.2,,-22,Stage 2
962,term,North,debt_consolidation,2021-01-27,630,615,3718.0,371.8,,8.8,24,0,0,47.8,,-15,Stage 1
963,term,East,auto,2023-12-02,714,702,17741.45,12614.48,,12.06,2,0,0,13.2,,-12,Stage 1
964,term,East,personal,2023-08-23,595,582,17667.88,14349.49,,9.03,31,0,0,16.6,,-13,Stage 2
965,term,North,auto,2021-03-05,786,787,19993.04,8796.87,,15.25,4,0,0,46.6,,1,Stage 1
966,term,East,home_improvement,2023-11-15,752,741,5524.59,4744.1,,9.27,2,0,0,13.8,,-11,Stage 1
967,revolving,East,auto,2021-03-13,650,636,12300.59,4287.35,9408.47,11.2,19,0,0,46.3,0.456,-14,Stage 1
968,term,North,personal,2023-06-19,632,607,21502.41,15674.46,,8.4,25,1,0,18.7,,-25,Stage 2
969,term,South,personal,2021-09-25,692,688,20093.57,10945.43,,10.03,5,0,0,39.8,,-4,Stage 1
970,term,North,debt_consolidation,2021-04-05,593,574,46701.87,4670.19,,7.16,36,0,0,45.6,,-19,Stage 2
971,term,East,personal,2022-01-30,559,537,32220.96,4728.78,,10.29,54,0,0,35.6,,-22,Stage 2
972,revolving,West,home_improvement,2023-05-19,652,619,11292.57,6699.11,12640.8,3.11,15,1,0,19.8,0.53,-33,Stage 2
973,revolving,South,auto,2021-12-30,671,638,10983.71,1773.35,3613.97,7.39,10,0,0,36.6,0.491,-33,Stage 2
974,term,West,debt_consolidation,2024-08-31,685,673,6486.27,5746.26,,6.93,9,0,0,4.1,,-12,Stage 1
975,term,South,debt_consolidation,2021-04-27,643,625,20356.87,6976.33,,14.71,13,0,1,44.8,,-18,Stage 1
976,term,West,personal,2021-06-13,756,765,2324.68,407.11,,6.82,1,0,0,43.3,,9,Stage 1
977,term,South,home_improvement,2023-05-27,590,557,2792.97,1801.75,,7.55,33,0,0,19.5,,-33,Stage 2
978,term,North,debt_consolidation,2023-03-01,611,577,18904.8,7705.83,,6.71,31,0,0,22.4,,-34,Stage 2
979,term,South,home_improvement,2022-07-31,709,691,26680.48,13971.99,,10.23,4,0,0,29.5,,-18,Stage 1
980,term,South,home_improvement,2021-11-02,610,575,7326.51,2391.21,,8.0,22,0,1,38.5,,-35,Stage 2
981,term,South,auto,2023-02-11,607,578,21742.72,14823.69,,7.63,32,0,0,23.0,,-29,Stage 2
982,revolving,East,auto,2021-07-19,687,662,36204.06,20011.46,60030.45,15.42,5,0,0,42.1,0.333,-25,Stage 1
983,term,West,auto,2021-06-29,616,594,25375.44,2537.54,,9.46,24,0,0,42.7,,-22,Stage 1
984,term,North,home_improvement,2021-12-24,672,657,16995.19,1699.52,,11.03,12,1,0,36.8,,-15,Stage 2
985,revolving,West,auto,2023-01-10,638,611,18595.26,6979.92,19524.98,10.22,15,0,0,24.1,0.357,-27,Stage 1
986,term,West,debt_consolidation,2024-06-29,628,596,20972.65,18990.8,,6.48,26,0,0,6.2,,-32,Stage 2
987,term,North,debt_consolidation,2024-08-15,553,510,14325.6,13481.64,,7.26,62,0,0,4.6,,-43,Stage 2
988,term,East,personal,2022-03-06,688,651,9309.07,2259.63,,5.64,6,0,0,34.4,,-37,Stage 2
989,term,South,home_improvement,2023-10-25,605,573,14893.27,10701.82,,5.31,45,0,1,14.5,,-32,Stage 2
990,revolving,East,auto,2022-10-15,669,648,8872.21,5306.46,15282.15,9.1,5,0,0,27.0,0.347,-21,Stage 1
991,revolving,East,debt_consolidation,2022-11-09,649,610,25837.25,8606.07,21347.12,9.3,24,0,0,26.1,0.403,-39,Stage 2
992,term,South,home_improvement,2021-09-11,667,664,14377.59,6885.33,,8.62,9,0,0,40.3,,-3,Stage 1
993,term,West,home_improvement,2023-07-30,671,664,6624.66,3582.24,,10.13,19,0,0,17.4,,-7,Stage 1
994,term,South,auto,2024-01-25,691,676,11226.8,7546.98,,8.5,8,0,0,11.4,,-15,Stage 1
995,term,North,home_improvement,2021-06-16,636,595,6966.6,696.66,,12.72,31,0,0,43.2,,-41,Stage 2
996,term,South,auto,2024-09-16,754,760,37095.41,33993.29,,7.5,0,0,0,3.6,,6,Stage 1
997,revolving,West,auto,2023-08-23,569,535,24886.78,17870.97,43951.92,11.94,52,0,0,16.6,0.407,-34,Stage 2
998,term,East,auto,2023-05-04,666,634,9841.35,7172.79,,11.27,10,0,0,20.3,,-32,Stage 2
999,revolving,East,home_improvement,2023-12-22,730,709,8446.68,6919.12,16318.25,3.0,3,0,0,12.5,0.424,-21,Stage 1
1000,term,South,home_improvement,2021-06-23,708,692,9721.36,2635.73,,4.47,2,0,0,42.9,,-16,Stage 1
1001,term,North,auto,2024-06-30,621,589,3780.34,3334.16,,3.83,32,0,1,6.2,,-32,Stage 2
1002,term,West,home_improvement,2022-09-16,631,603,15069.7,3208.24,,9.91,23,0,0,27.9,,-28,Stage 1
1003,revolving,East,auto,2024-05-23,619,576,4553.27,3921.29,7067.76,5.74,34,0,0,7.4,0.555,-43,Stage 2
1004,revolving,South,personal,2024-06-16,715,719,13061.02,10619.25,25637.97,12.13,0,0,0,6.6,0.414,4,Stage 1
1005,revolving,North,home_improvement,2022-02-19,635,624,24667.84,11903.55,29098.13,5.72,20,0,1,34.9,0.409,-11,Stage 1
1006,term,North,home_improvement,2023-01-09,695,675,35212.97,12919.56,,9.53,4,0,0,24.1,,-20,Stage 1
1007,term,East,personal,2022-11-06,695,691,8871.44,3579.28,,5.96,5,0,0,26.2,,-4,Stage 1
1008,revolving,East,personal,2021-05-06,822,821,8317.3,3154.9,8639.42,10.72,11,0,0,44.5,0.365,-1,Stage 1
1009,term,West,personal,2023-07-30,698,686,3379.76,2643.57,,8.04,8,0,0,17.4,,-12,Stage 1
1010,term,North,auto,2021-09-10,631,598,20842.43,12377.52,,7.65,18,1,0,40.3,,-33,Stage 2
1011,term,West,auto,2021-07-16,592,571,13341.95,3900.61,,6.94,33,0,0,42.2,,-21,Stage 2
1012,revolving,North,debt_consolidation,2022-02-17,663,654,7139.98,3396.43,9553.09,5.68,14,0,0,35.0,0.356,-9,Stage 1
1013,revolving,North,personal,2023-02-15,672,658,7930.41,2689.46,6976.83,10.08,15,0,0,22.9,0.385,-14,Stage 1
1014,term,South,debt_consolidation,2023-12-14,547,509,28088.1,19146.7,,6.96,53,0,0,12.8,,-38,Stage 2
1015,revolving,East,auto,2024-09-24,637,596,1113.68,1070.65,2735.27,16.18,23,0,0,3.3,0.391,-41,Stage 2
1016,revolving,North,home_improvement,2024-10-14,697,693,31798.98,29753.13,78614.8,13.77,6,0,0,2.6,0.378,-4,Stage 1
1017,term,West,personal,2024-03-20,648,627,6373.93,5443.35,,8.2,16,0,0,9.6,,-21,Stage 1
1018,term,East,home_improvement,2024-01-29,738,723,22844.21,16178.16,,7.76,2,0,0,11.3,,-15,Stage 1
1019,revolving,West,auto,2021-08-22,586,552,4844.78,1054.72,1939.53,8.42,55,1,1,40.9,0.544,-34,Stage 2
1020,term,East,personal,2023-12-22,720,713,17597.77,14435.02,,13.5,6,0,0,12.5,,-7,Stage 1
1021,term,East,debt_consolidation,2021-07-15,734,714,11437.65,1143.76,,15.31,0,0,0,42.2,,-20,Stage 1
1022,term,North,debt_consolidation,2022-06-26,737,734,31348.89,3265.77,,3.1,2,0,0,30.7,,-3,Stage 1
1023,revolving,South,auto,2024-02-04,586,556,11044.71,8627.44,24394.91,13.01,49,0,0,11.1,0.354,-30,Stage 2
1024,revolving,North,home_improvement,2021-10-22,698,678,33654.57,9842.71,25568.94,8.13,7,0,0,38.9,0.385,-20,Stage 1
1025,revolving,East,auto,2022-10-07,639,611,9645.13,3611.6,8715.41,6.53,22,1,0,27.2,0.414,-28,Stage 2
1026,term,North,home_improvement,2021-06-05,595,572,21921.95,7721.74,,12.36,33,1,0,43.5,,-23,Stage 2
1027,revolving,North,auto,2022-02-10,655,612,25272.49,2527.25,5610.95,9.24,11,0,0,35.2,0.45,-43,Stage 2
1028,revolving,East,debt_consolidation,2023-06-15,625,596,10799.99,6146.01,13658.59,13.1,22,0,0,18.9,0.45,-29,Stage 1
1029,term,East,home_improvement,2022-12-27,735,734,13583.1,5341.7,,11.86,0,0,0,24.5,,-1,Stage 1
1030,revolving,North,auto,2023-01-08,710,698,3647.09,1382.84,2809.36,10.0,3,0,0,24.1,0.492,-12,Stage 1
1031,term,North,personal,2023-03-08,610,598,16436.72,6961.42,,13.87,27,0,0,22.2,,-12,Stage 1
1032,term,North,debt_consolidation,2022-07-08,636,617,22956.82,5625.4,,8.54,17,0,0,30.3,,-19,Stage 1
1033,term,West,debt_consolidation,2022-01-10,657,632,35935.61,15562.73,,5.71,13,0,0,36.2,,-25,Stage 1
1034,term,North,personal,2022-03-31,675,657,24291.46,5341.87,,14.75,12,0,1,33.6,,-18,Stage 1
1035,term,West,auto,2021-07-21,740,735,15260.45,1526.04,,8.29,2,1,0,42.0,,-5,Stage 2
1036,term,South,home_improvement,2024-04-25,721,704,10385.7,7922.69,,9.52,0,1,0,8.4,,-17,Stage 2
1037,term,West,debt_consolidation,2023-05-04,683,675,12647.97,6269.1,,7.31,5,0,0,20.3,,-8,Stage 1
1038,revolving,North,auto,2022-12-25,664,665,11071.7,5300.61,10482.09,9.3,12,0,0,24.6,0.506,1,Stage 1
1039,term,South,personal,2024-10-23,573,532,26363.56,24613.11,,9.96,49,0,1,2.3,,-41,Stage 2
1040,term,West,home_improvement,2021-12-06,757,759,31768.14,3176.81,,5.66,2,0,0,37.4,,2,Stage 1
1041,term,West,auto,2021-09-19,653,627,10936.73,3994.9,,5.73,12,0,0,40.0,,-26,Stage 1
1042,revolving,East,auto,2022-06-27,773,764,19389.93,2470.23,6497.62,6.35,0,0,0,30.6,0.38,-9,Stage 1
1043,term,South,debt_consolidation,2022-07-05,691,674,12047.26,4993.11,,8.62,7,0,0,30.4,,-17,Stage 1
1044,term,East,debt_consolidation,2024-08-22,801,796,2798.04,2607.27,,10.3,6,0,1,4.4,,-5,Stage 1
1045,revolving,South,home_improvement,2022-09-30,716,712,4478.31,2831.83,5056.26,12.89,0,0,0,27.5,0.56,-4,Stage 1
1046,term,West,auto,2021-06-14,594,568,6774.72,677.47,,16.35,40,0,0,43.2,,-26,Stage 2
1047,term,East,personal,2023-01-28,643,621,12072.84,5589.55,,9.54,17,0,1,23.5,,-22,Stage 1
1048,term,North,personal,2022-09-13,669,656,15722.19,6037.52,,7.65,8,0,0,28.0,,-13,Stage 1
1049,revolving,West,home_improvement,2024-01-17,627,609,36319.91,25086.89,70589.26,3.0,15,1,0,11.7,0.355,-18,Stage 2
1050,term,South,auto,2024-05-08,657,639,13918.4,10644.39,,9.78,16,1,0,7.9,,-18,Stage 2
1051,revolving,South,debt_consolidation,2024-07-18,597,581,14397.69,13384.17,20245.66,8.49,43,1,0,5.6,0.661,-16,Stage 2
1052,term,East,auto,2021-02-20,680,666,22891.26,2289.13,,7.93,8,0,1,47.0,,-14,Stage 1
1053,revolving,East,debt_consolidation,2022-05-04,694,702,4835.14,1011.35,2293.06,7.03,5,0,0,32.4,0.441,8,Stage 1
1054,revolving,South,personal,2021-07-17,619,587,15898.57,3019.46,6043.47,7.12,16,0,0,42.1,0.5,-32,Stage 2
1055,revolving,West,home_improvement,2023-11-13,796,782,21381.8,16379.15,34087.75,9.99,6,0,0,13.8,0.48,-14,Stage 1
1056,term,East,home_improvement,2022-10-27,683,670,9700.51,3910.95,,10.93,13,0,0,26.6,,-13,Stage 1
1057,revolving,North,home_improvement,2024-05-31,630,618,12940.41,10672.25,28407.52,8.92,25,0,0,7.2,0.376,-12,Stage 1
1058,term,South,debt_consolidation,2024-05-29,582,551,10686.03,9146.03,,11.36,28,0,0,7.2,,-31,Stage 2
1059,term,North,personal,2022-10-25,683,660,9733.57,5824.9,,12.86,2,1,0,26.6,,-23,Stage 2
1060,term,South,personal,2021-09-23,664,647,15007.63,1500.76,,8.72,15,0,0,39.9,,-17,Stage 1
1061,revolving,North,home_improvement,2021-03-14,726,715,26492.95,11084.44,16775.06,12.67,3,0,0,46.3,0.661,-11,Stage 1
1062,revolving,West,home_improvement,2021-03-18,671,653,18677.91,6719.39,17516.0,6.14,14,0,0,46.2,0.384,-18,Stage 1
1063,revolving,South,debt_consolidation,2022-06-28,608,576,30496.46,9974.97,28128.39,9.87,28,1,0,30.6,0.355,-32,Stage 2
1064,term,West,debt_consolidation,2023-05-31,780,773,9641.01,6089.27,,7.85,4,0,0,19.4,,-7,Stage 1
1065,term,East,auto,2022-03-11,706,704,19700.28,4754.05,,10.47,5,0,0,34.2,,-2,Stage 1
1066,revolving,South,debt_consolidation,2023-12-25,664,660,16526.59,11148.51,19646.75,3.0,12,0,0,12.4,0.567,-4,Stage 1
1067,term,West,auto,2021-12-23,689,674,26226.08,2622.61,,12.53,6,0,0,36.8,,-15,Stage 1
1068,term,North,home_improvement,2023-07-25,708,686,20505.39,12726.41,,8.86,4,0,0,17.5,,-22,Stage 1
1069,term,West,personal,2021-01-18,594,558,29546.18,2954.62,,10.3,33,0,0,48.1,,-36,Stage 2
1070,term,South,debt_consolidation,2022-11-07,689,663,8077.69,4576.59,,6.64,3,0,0,26.2,,-26,Stage 1
1071,term,West,personal,2022-07-29,652,642,36961.55,14542.54,,14.01,24,0,0,29.6,,-10,Stage 1
1072,term,North,debt_consolidation,2023-01-21,710,701,9666.89,4419.52,,10.03,4,0,0,23.7,,-9,Stage 1
1073,term,North,debt_consolidation,2024-12-30,635,612,8804.91,8638.49,,7.86,19,0,0,0.1,,-23,Stage 1
1074,term,North,auto,2023-09-23,643,632,19138.47,10696.74,,3.0,20,0,0,15.5,,-11,Stage 1
1075,revolving,East,debt_consolidation,2023-10-30,779,781,1785.52,1028.77,2853.59,7.96,2,0,0,14.3,0.361,2,Stage 1
1076,term,South,home_improvement,2022-09-24,753,724,12961.39,9336.18,,3.0,0,0,0,27.7,,-29,Stage 1
1077,term,North,personal,2024-10-03,482,434,7302.69,6727.54,,9.38,111,0,1,3.0,,-48,Stage 3
1078,term,East,debt_consolidation,2022-01-07,749,743,5664.73,566.47,,10.77,1,0,0,36.3,,-6,Stage 1
1079,term,North,personal,2023-08-28,675,677,7201.18,3971.91,,11.13,9,0,0,16.4,,2,Stage 1
1080,revolving,West,personal,2024-04-13,637,633,9411.17,7126.61,18084.4,6.43,21,0,0,8.8,0.394,-4,Stage 1
1081,revolving,South,personal,2024-02-28,619,574,7219.8,5177.98,9227.34,7.1,25,1,0,10.3,0.561,-45,Stage 2
1082,term,West,debt_consolidation,2024-08-09,623,588,5301.75,5004.6,,8.72,24,1,0,4.8,,-35,Stage 2
1083,term,East,auto,2021-12-19,639,620,9569.93,4819.9,,7.36,14,0,0,37.0,,-19,Stage 1
1084,revolving,West,personal,2021-08-12,612,594,4161.06,1266.44,3600.22,4.02,35,0,0,41.3,0.352,-18,Stage 2
1085,revolving,West,personal,2023-08-12,598,566,19549.75,14855.32,22799.29,7.14,40,0,0,16.9,0.652,-32,Stage 2
1086,term,North,debt_consolidation,2022-01-03,617,599,8875.19,2167.35,,10.2,27,0,0,36.5,,-18,Stage 1
1087,term,West,debt_consolidation,2024-01-19,699,680,5580.73,4595.34,,7.62,7,0,0,11.6,,-19,Stage 1
1088,term,North,home_improvement,2022-10-18,683,663,21705.86,13984.16,,8.29,7,0,0,26.9,,-20,Stage 1
1089,revolving,North,home_improvement,2024-01-01,713,691,19627.47,16332.91,25635.26,7.44,1,0,0,12.2,0.637,-22,Stage 1
1090,term,South,auto,2022-03-09,676,647,6540.93,961.35,,16.03,11,0,0,34.3,,-29,Stage 1
1091,revolving,East,auto,2024-10-03,601,571,43690.99,41904.13,101475.42,9.38,27,0,0,3.0,0.413,-30,Stage 2
1092,term,East,auto,2024-07-10,709,709,39758.07,35129.74,,9.67,2,0,0,5.8,,0,Stage 1
1093,term,East,auto,2024-07-18,619,601,22633.12,19118.58,,7.29,28,0,0,5.6,,-18,Stage 1
1094,term,North,personal,2022-05-24,718,711,29767.52,10060.74,,10.42,1,0,0,31.8,,-7,Stage 1
1095,term,East,debt_consolidation,2022-05-23,610,583,5259.36,2931.22,,9.29,34,1,0,31.8,,-27,Stage 2
1096,term,North,home_improvement,2022-09-09,638,622,18183.35,8709.93,,3.78,20,0,0,28.2,,-16,Stage 1
1097,term,South,personal,2022-02-24,658,635,12380.81,2039.44,,13.49,14,0,1,34.7,,-23,Stage 1
1098,term,East,debt_consolidation,2024-01-01,720,702,18505.83,13877.87,,8.67,3,0,0,12.2,,-18,Stage 1
1099,revolving,North,debt_consolidation,2021-03-15,690,682,20762.7,2076.27,3214.71,10.61,5,0,0,46.3,0.646,-8,Stage 1
1100,term,East,personal,2022-07-28,681,661,21025.46,13610.56,,7.1,3,0,0,29.6,,-20,Stage 1
1101,term,East,personal,2021-05-26,793,783,7032.27,1850.86,,10.34,5,0,0,43.9,,-10,Stage 1
1102,revolving,South,home_improvement,2021-02-15,569,544,57163.18,21603.97,59020.07,11.0,50,0,0,47.2,0.366,-25,Stage 2
1103,revolving,West,auto,2024-02-03,617,580,13952.03,9501.34,15669.67,4.61,25,1,0,11.1,0.606,-37,Stage 2
1104,revolving,East,auto,2024-02-07,615,595,4850.31,4084.43,6871.53,10.56,26,0,0,11.0,0.594,-20,Stage 1
1105,revolving,South,home_improvement,2024-09-02,573,548,24780.78,22185.28,57382.54,8.68,57,0,1,4.0,0.387,-25,Stage 2
1106,term,East,home_improvement,2021-05-01,636,602,7577.79,2892.39,,5.92,28,0,0,44.7,,-34,Stage 2
1107,term,East,auto,2023-12-03,721,699,13837.96,8743.39,,14.02,3,0,0,13.2,,-22,Stage 1
1108,revolving,East,personal,2021-04-09,644,637,10590.85,4897.93,9894.36,6.2,23,0,0,45.4,0.495,-7,Stage 1
1109,term,East,auto,2022-12-07,660,649,18642.91,11137.82,,9.7,9,0,0,25.2,,-11,Stage 1
1110,term,West,debt_consolidation,2021-11-07,576,552,29487.88,15193.01,,5.28,46,1,0,38.4,,-24,Stage 2
1111,revolving,West,debt_consolidation,2024-05-22,632,613,16005.21,14035.0,23999.54,5.7,25,0,0,7.5,0.585,-19,Stage 1
1112,term,East,home_improvement,2022-02-27,652,641,9249.46,2709.72,,12.18,15,0,0,34.6,,-11,Stage 1
1113,term,East,auto,2024-11-13,718,715,40681.17,38727.04,,7.95,2,1,0,1.6,,-3,Stage 2
1114,term,South,auto,2024-02-10,579,543,33177.03,27284.17,,13.33,56,0,1,10.9,,-36,Stage 2
1115,term,South,debt_consolidation,2021-09-29,652,632,57935.59,23447.43,,7.76,11,0,0,39.7,,-20,Stage 1
1116,term,North,auto,2023-04-05,745,734,8699.13,4481.74,,7.63,2,1,0,21.2,,-11,Stage 2
1117,term,West,home_improvement,2024-01-31,653,640,5257.34,4283.8,,6.72,10,0,0,11.2,,-13,Stage 1
1118,revolving,East,home_improvement,2021-07-29,553,523,3137.8,992.32,2672.98,7.52,51,0,0,41.7,0.371,-30,Stage 2
1119,term,West,debt_consolidation,2023-01-09,756,764,10745.59,3182.36,,10.86,0,0,0,24.1,,8,Stage 1
1120,term,South,auto,2023-03-04,724,718,16909.07,11501.03,,9.26,0,0,0,22.3,,-6,Stage 1
1121,revolving,West,auto,2023-11-12,732,724,7108.8,5878.93,9148.42,8.08,1,1,0,13.9,0.643,-8,Stage 2
1122,revolving,West,debt_consolidation,2023-01-30,575,554,5149.34,1761.36,3438.21,11.07,55,1,1,23.4,0.512,-21,Stage 2
1123,revolving,East,personal,2021-06-08,770,775,18812.67,1881.27,2830.76,10.65,0,0,0,43.4,0.665,5,Stage 1
1124,revolving,East,personal,2023-01-11,633,624,28781.76,12955.3,38055.68,8.16,22,0,0,24.0,0.34,-9,Stage 1
1125,term,South,auto,2021-12-09,649,632,1428.85,152.1,,13.57,18,0,0,37.3,,-17,Stage 1
1126,term,East,home_improvement,2024-11-24,637,637,1485.37,1451.33,,4.37,17,0,0,1.3,,0,Stage 1
1127,term,South,personal,2022-11-30,736,738,13534.73,6508.96,,10.22,2,0,0,25.4,,2,Stage 1
1128,term,South,auto,2024-03-12,669,674,21116.77,15881.14,,8.63,10,0,0,9.8,,5,Stage 1
1129,term,North,personal,2022-02-01,708,698,5876.29,1465.57,,10.51,3,0,0,35.5,,-10,Stage 1
1130,term,North,debt_consolidation,2022-06-20,684,692,3589.46,1169.06,,9.31,4,0,0,30.9,,8,Stage 1
1131,revolving,North,personal,2021-05-21,674,666,26992.38,2699.24,4769.71,9.79,9,0,0,44.0,0.566,-8,Stage 1
1132,term,West,personal,2023-08-19,623,590,13388.99,9326.41,,3.63,34,0,0,16.7,,-33,Stage 2
1133,term,North,debt_consolidation,2021-08-28,788,778,6436.52,2198.24,,9.68,2,0,0,40.7,,-10,Stage 1
1134,term,East,home_improvement,2021-10-19,592,562,42410.49,22347.4,,12.13,29,0,0,39.0,,-30,Stage 2
1135,term,East,auto,2023-03-28,704,689,22083.04,16424.78,,7.19,6,0,0,21.5,,-15,Stage 1
1136,term,North,home_improvement,2021-03-23,702,694,12284.18,1662.78,,11.99,4,1,0,46.0,,-8,Stage 2
1137,revolving,West,home_improvement,2022-07-14,749,761,25545.41,13059.46,30145.26,7.94,1,0,0,30.1,0.433,12,Stage 1
1138,term,South,personal,2023-05-20,763,762,3035.34,1814.94,,7.22,1,0,0,19.7,,-1,Stage 1
1139,term,West,auto,2021-06-20,671,645,9572.27,4993.0,,7.29,12,0,0,43.0,,-26,Stage 1
1140,term,West,personal,2023-09-04,711,705,7964.09,4919.94,,5.94,5,0,0,16.2,,-6,Stage 1
1141,revolving,South,debt_consolidation,2022-08-03,785,780,10728.13,7548.23,20648.95,9.22,5,0,0,29.4,0.366,-5,Stage 1
1142,term,South,home_improvement,2022-06-10,676,657,33333.03,22704.52,,7.13,6,0,0,31.2,,-19,Stage 1
1143,term,South,home_improvement,2022-06-26,616,591,37690.96,23833.66,,7.36,28,0,0,30.7,,-25,Stage 1
1144,term,East,debt_consolidation,2021-04-20,656,634,15896.77,8364.0,,6.95,14,0,0,45.1,,-22,Stage 1
1145,term,South,auto,2024-05-20,601,563,8328.41,7337.8,,9.98,36,0,0,7.5,,-38,Stage 2
1146,revolving,South,home_improvement,2021-11-18,702,691,4673.23,467.32,1282.35,5.2,5,0,0,38.0,0.364,-11,Stage 1
1147,revolving,West,home_improvement,2023-06-19,743,754,34653.45,26211.21,76361.14,10.78,2,0,0,18.7,0.343,11,Stage 1
1148,term,West,auto,2022-12-15,672,664,19467.24,6579.31,,10.51,15,0,0,24.9,,-8,Stage 1
1149,revolving,North,personal,2021-03-25,582,542,7229.19,722.92,2018.66,10.53,47,0,0,45.9,0.358,-40,Stage 2
1150,revolving,West,debt_consolidation,2023-08-14,741,709,7848.29,6179.25,13239.3,6.06,0,0,0,16.9,0.467,-32,Stage 2
1151,revolving,South,auto,2022-01-11,573,547,15395.37,1539.54,2776.73,9.72,53,0,0,36.2,0.554,-26,Stage 2
1152,revolving,East,debt_consolidation,2023-12-13,587,566,2910.19,2151.42,3788.13,12.91,51,0,0,12.8,0.568,-21,Stage 2
1153,term,West,debt_consolidation,2024-07-03,669,658,11563.08,10062.53,,5.38,10,1,0,6.1,,-11,Stage 2
1154,term,West,home_improvement,2022-08-09,695,683,6897.68,2686.81,,9.54,4,0,0,29.2,,-12,Stage 1
1155,term,South,auto,2024-05-28,705,683,26038.01,20924.9,,5.66,9,0,1,7.3,,-22,Stage 1
1156,revolving,West,debt_consolidation,2021-04-10,676,677,14936.37,1493.64,4016.08,8.18,9,0,0,45.4,0.372,1,Stage 1
1157,term,West,personal,2021-05-09,785,783,8594.89,3978.96,,8.9,8,0,0,44.4,,-2,Stage 1
1158,revolving,South,debt_consolidation,2023-07-07,683,663,6184.96,3670.68,10657.63,7.1,12,0,0,18.1,0.344,-20,Stage 1
1159,revolving,West,home_improvement,2021-08-07,742,740,40975.06,4097.51,6870.0,6.75,0,0,0,41.4,0.596,-2,Stage 1
1160,term,East,personal,2022-04-22,727,713,35920.62,8222.98,,9.77,1,0,0,32.8,,-14,Stage 1
1161,revolving,North,personal,2021-01-22,602,565,1000.0,100.0,285.36,5.97,39,0,0,48.0,0.35,-37,Stage 2
1162,term,West,auto,2022-07-14,669,648,37955.16,21672.1,,10.55,17,0,0,30.1,,-21,Stage 1
1163,term,East,personal,2022-09-21,807,812,5618.08,1966.94,,14.22,7,0,0,27.8,,5,Stage 1
1164,revolving,West,auto,2023-10-16,649,643,17335.02,11327.14,28947.93,5.17,13,0,0,14.8,0.391,-6,Stage 1
1165,term,North,auto,2024-09-14,639,601,15495.79,14828.56,,4.99,16,0,0,3.6,,-38,Stage 2
1166,revolving,South,personal,2021-12-05,690,681,4720.87,1595.11,4697.76,4.45,8,0,0,37.4,0.34,-9,Stage 1
1167,revolving,North,auto,2021-06-28,651,641,23316.06,5433.52,11240.77,7.57,21,0,1,42.8,0.483,-10,Stage 1
1168,term,West,auto,2022-02-25,632,615,6385.97,856.38,,11.57,26,0,0,34.7,,-17,Stage 1
1169,term,North,personal,2023-10-04,651,639,15370.32,10433.01,,11.84,14,0,0,15.2,,-12,Stage 1
1170,term,North,home_improvement,2021-02-18,765,776,49219.41,18230.75,,10.26,0,1,0,47.1,,11,Stage 2
1171,term,South,debt_consolidation,2023-02-06,671,664,10970.63,6686.7,,9.6,10,1,0,23.2,,-7,Stage 2
1172,revolving,West,auto,2021-01-30,600,571,12765.4,6204.18,14200.5,12.83,28,0,0,47.7,0.437,-29,Stage 1
1173,term,North,auto,2021-03-26,589,572,12276.86,2782.43,,7.53,31,0,0,45.9,,-17,Stage 2
1174,term,North,personal,2023-02-28,812,816,7289.21,5546.4,,10.68,4,0,0,22.4,,4,Stage 1
1175,term,South,debt_consolidation,2021-11-25,666,657,2147.73,214.77,,14.96,11,0,0,37.8,,-9,Stage 1
1176,term,East,debt_consolidation,2022-09-02,706,682,11081.58,2919.97,,12.7,8,0,0,28.4,,-24,Stage 1
1177,revolving,West,auto,2022-03-10,633,610,3551.46,355.15,753.68,5.64,25,0,0,34.3,0.471,-23,Stage 1
1178,term,East,personal,2022-08-11,699,693,21273.67,9532.87,,7.26,5,0,0,29.1,,-6,Stage 1
1179,revolving,East,home_improvement,2024-06-26,767,762,11180.89,9962.18,15635.69,15.1,2,0,0,6.3,0.637,-5,Stage 1
1180,term,South,debt_consolidation,2024-03-03,640,625,36094.26,25274.13,,7.27,14,0,0,10.1,,-15,Stage 1
1181,revolving,South,home_improvement,2022-11-21,707,709,9396.52,2835.33,7351.23,13.8,3,0,0,25.7,0.386,2,Stage 1
1182,term,West,personal,2024-10-20,595,566,12986.94,12232.07,,7.7,35,0,1,2.4,,-29,Stage 2
1183,term,East,home_improvement,2022-03-01,801,811,13478.28,5449.64,,8.4,6,0,0,34.6,,10,Stage 1
1184,revolving,North,personal,2024-12-09,696,673,27772.04,27359.28,61286.33,6.25,4,0,0,0.8,0.446,-23,Stage 1
1185,term,East,auto,2023-02-09,655,644,12582.88,6822.49,,6.76,11,0,1,23.1,,-11,Stage 1
1186,revolving,South,home_improvement,2022-05-27,662,628,9867.02,5275.53,12955.57,8.41,16,0,0,31.7,0.407,-34,Stage 2
1187,term,North,auto,2024-11-09,649,632,8537.59,8333.39,,9.55,21,0,0,1.8,,-17,Stage 1
1188,term,North,auto,2024-11-12,652,635,7665.22,7455.66,,7.79,16,0,1,1.7,,-17,Stage 1
1189,term,South,personal,2023-10-09,533,516,3929.43,3207.65,,11.1,63,0,0,15.0,,-17,Stage 2
1190,revolving,North,home_improvement,2022-07-18,674,654,9232.35,3716.98,10289.4,7.8,11,0,0,29.9,0.361,-20,Stage 1
1191,term,East,debt_consolidation,2021-10-30,671,635,10776.25,1077.62,,3.0,13,0,0,38.6,,-36,Stage 2
1192,term,South,home_improvement,2021-04-09,709,703,27843.08,2784.31,,8.38,2,0,0,45.4,,-6,Stage 1
1193,term,West,debt_consolidation,2024-08-22,648,619,27090.94,24897.69,,7.58,17,0,0,4.4,,-29,Stage 1
1194,term,South,auto,2022-07-11,633,613,8721.37,1027.53,,13.46,21,0,0,30.2,,-20,Stage 1
1195,term,West,auto,2021-02-11,679,657,3609.84,360.98,,11.69,6,0,0,47.3,,-22,Stage 1
1196,revolving,West,personal,2023-09-18,583,553,6024.16,4967.32,9682.05,11.98,48,0,0,15.7,0.513,-30,Stage 2
1197,revolving,South,debt_consolidation,2022-04-13,688,653,15803.28,6163.36,10546.72,11.11,4,0,0,33.1,0.584,-35,Stage 2
1198,revolving,South,home_improvement,2022-03-16,568,521,6873.39,687.34,1509.44,10.32,53,1,0,34.1,0.455,-47,Stage 2
1199,revolving,West,personal,2021-11-23,747,745,13635.88,5933.67,11887.12,10.31,2,0,0,37.8,0.499,-2,Stage 1
1200,term,West,personal,2022-07-23,721,710,1892.41,1228.54,,11.77,0,0,0,29.8,,-11,Stage 1
1201,revolving,North,personal,2021-02-02,624,590,30537.01,7582.07,16106.44,10.74,31,0,1,47.6,0.471,-34,Stage 2
1202,term,South,home_improvement,2022-02-16,719,704,12157.25,2767.77,,7.42,5,0,0,35.0,,-15,Stage 1
1203,term,South,personal,2023-03-23,686,677,10580.02,4512.68,,4.75,8,0,0,21.7,,-9,Stage 1
1204,term,North,home_improvement,2024-02-12,619,593,21347.55,16797.75,,3.34,26,0,1,10.8,,-26,Stage 1
1205,term,South,personal,2022-05-23,558,531,9543.26,2699.32,,6.45,62,0,0,31.8,,-27,Stage 2
1206,revolving,North,debt_consolidation,2021-02-25,698,677,2291.23,229.12,649.79,6.79,7,0,0,46.9,0.353,-21,Stage 1
1207,term,North,auto,2024-10-07,632,616,11412.02,10675.88,,8.72,24,1,0,2.9,,-16,Stage 2
1208,term,South,debt_consolidation,2024-09-14,745,736,12235.07,11318.43,,8.63,1,0,0,3.6,,-9,Stage 1
1209,term,East,debt_consolidation,2022-06-30,680,669,14810.65,9761.59,,14.21,6,0,0,30.5,,-11,Stage 1
1210,revolving,West,personal,2024-07-17,638,620,43002.32,37379.6,65580.68,10.68,23,0,0,5.6,0.57,-18,Stage 1
1211,term,South,debt_consolidation,2021-07-15,787,782,19185.44,2242.76,,6.76,2,0,0,42.2,,-5,Stage 1
1212,term,East,debt_consolidation,2022-02-17,714,700,13810.36,1381.04,,13.11,3,0,0,35.0,,-14,Stage 1
1213,term,North,debt_consolidation,2022-09-29,460,414,22557.75,9835.1,,8.31,135,0,1,27.5,,-46,Stage 3
1214,revolving,East,personal,2024-01-08,650,638,2458.72,1998.28,4506.17,10.7,10,0,0,12.0,0.443,-12,Stage 1
1215,term,South,home_improvement,2024-01-12,596,587,29127.1,24454.8,,10.4,37,0,1,11.8,,-9,Stage 2
1216,term,South,auto,2023-01-12,632,603,21220.38,9130.83,,9.12,23,0,0,24.0,,-29,Stage 1
1217,term,East,auto,2021-05-17,671,665,30618.4,4866.97,,13.24,14,1,0,44.2,,-6,Stage 2
1218,term,South,home_improvement,2022-06-23,701,686,9663.83,2792.99,,7.25,8,0,0,30.8,,-15,Stage 1
1219,term,West,home_improvement,2022-11-20,695,681,17039.15,5370.16,,9.39,6,0,0,25.8,,-14,Stage 1
1220,term,East,debt_consolidation,2022-12-20,744,741,10018.69,5932.45,,6.29,1,0,0,24.8,,-3,Stage 1
1221,revolving,North,auto,2023-07-22,718,704,41074.4,24717.74,43183.47,10.05,1,0,0,17.6,0.572,-14,Stage 1
1222,term,East,home_improvement,2021-11-02,714,700,10547.44,1054.74,,10.22,0,0,0,38.5,,-14,Stage 1
1223,term,East,debt_consolidation,2024-08-27,692,697,5240.97,4925.49,,9.26,8,0,0,4.2,,5,Stage 1
1224,revolving,East,auto,2022-01-23,757,753,6175.23,617.52,1810.67,9.2,0,0,0,35.8,0.341,-4,Stage 1
1225,term,East,personal,2022-12-26,661,649,15022.35,9990.88,,8.48,14,0,0,24.6,,-12,Stage 1
1226,term,North,personal,2023-07-04,662,663,20681.9,14192.54,,10.13,14,0,0,18.2,,1,Stage 1
1227,term,North,auto,2022-07-03,565,553,6234.65,2708.46,,10.85,44,0,0,30.4,,-12,Stage 2
1228,term,North,auto,2022-05-21,743,735,19667.29,5859.78,,5.37,2,0,0,31.9,,-8,Stage 1
1229,revolving,East,personal,2022-01-23,675,652,28985.29,14945.03,22528.21,8.17,3,0,0,35.8,0.663,-23,Stage 1
1230,term,West,personal,2021-10-20,850,847,26474.52,6079.7,,7.91,13,0,0,39.0,,-3,Stage 1
1231,revolving,West,auto,2021-06-28,655,625,19457.72,1945.77,5238.44,10.98,11,0,0,42.8,0.371,-30,Stage 2
1232,term,North,debt_consolidation,2022-11-03,685,667,21038.15,11755.19,,12.63,7,0,0,26.3,,-18,Stage 1
1233,term,West,home_improvement,2024-12-23,712,690,18041.38,17780.92,,10.28,3,0,0,0.3,,-22,Stage 1
1234,term,West,home_improvement,2024-08-28,613,589,2733.27,2607.66,,9.43,27,0,0,4.2,,-24,Stage 1
1235,term,West,auto,2021-03-21,701,682,23718.81,2371.88,,6.69,3,0,0,46.1,,-19,Stage 1
1236,term,West,home_improvement,2023-11-04,682,664,9304.74,6665.16,,14.59,11,0,0,14.1,,-18,Stage 1
1237,revolving,West,personal,2023-12-14,661,643,27949.31,20592.01,54816.37,6.23,14,0,0,12.8,0.376,-18,Stage 1
1238,term,South,personal,2022-03-23,750,741,7642.22,764.22,,5.23,2,0,0,33.8,,-9,Stage 1
1239,revolving,North,home_improvement,2023-02-05,625,592,10228.86,6684.23,14587.24,11.16,21,0,0,23.2,0.458,-33,Stage 2
1240,term,East,auto,2023-12-25,696,687,16021.77,10691.76,,7.47,2,1,0,12.4,,-9,Stage 2
1241,revolving,West,personal,2024-10-27,767,776,50812.99,49308.09,103385.83,11.29,3,0,0,2.2,0.477,9,Stage 1
1242,revolving,South,debt_consolidation,2022-05-18,637,629,16574.22,6431.19,10364.28,13.3,22,0,0,32.0,0.621,-8,Stage 1
1243,revolving,East,debt_consolidation,2022-07-24,662,653,16572.94,5195.69,11051.07,8.2,11,0,0,29.7,0.47,-9,Stage 1
1244,revolving,South,personal,2021-04-06,820,821,5471.62,547.16,1290.27,10.37,13,0,0,45.5,0.424,1,Stage 1
1245,revolving,West,personal,2024-07-07,708,691,4329.88,3701.45,5634.04,7.66,5,0,0,5.9,0.657,-17,Stage 1
1246,term,West,home_improvement,2022-08-08,649,637,8986.47,3072.19,,9.22,10,1,0,29.2,,-12,Stage 2
1247,term,West,auto,2021-09-05,728,723,20574.73,11959.25,,8.62,4,0,0,40.5,,-5,Stage 1
1248,term,West,home_improvement,2021-05-07,645,633,16574.56,1657.46,,11.88,17,1,0,44.5,,-12,Stage 2
1249,revolving,East,auto,2022-05-14,586,577,13111.88,5802.5,14871.43,7.36,44,0,0,32.1,0.39,-9,Stage 2
1250,term,East,debt_consolidation,2021-02-15,762,758,9678.87,967.89,,6.98,4,1,0,47.2,,-4,Stage 2
1251,revolving,South,debt_consolidation,2023-09-09,613,582,23708.49,17437.23,28770.28,8.41,34,0,0,16.0,0.606,-31,Stage 2
1252,term,North,auto,2021-09-25,827,826,35612.14,18504.58,,10.99,8,0,0,39.8,,-1,Stage 1
1253,term,West,home_improvement,2021-04-04,650,633,22599.04,9312.27,,6.6,14,0,0,45.6,,-17,Stage 1
1254,term,South,personal,2023-01-06,807,803,30917.44,13099.46,,5.45,11,0,0,24.2,,-4,Stage 1
1255,term,South,auto,2024-09-01,597,579,12208.0,11302.05,,12.53,33,0,0,4.1,,-18,Stage 2
1256,term,South,home_improvement,2022-09-04,741,741,20761.68,10214.26,,3.0,2,0,1,28.3,,0,Stage 1
1257,term,West,debt_consolidation,2021-03-12,709,711,43879.67,8077.82,,5.09,9,0,0,46.4,,2,Stage 1
1258,term,West,personal,2022-08-16,730,735,30776.26,4753.22,,15.5,0,0,0,29.0,,5,Stage 1
1259,term,South,debt_consolidation,2022-03-25,738,706,39301.78,22198.83,,3.74,1,0,0,33.8,,-32,Stage 2
1260,term,West,auto,2024-10-22,650,623,31314.63,29323.53,,7.69,21,0,0,2.4,,-27,Stage 1
1261,term,South,debt_consolidation,2022-09-12,601,577,36685.83,8771.87,,7.05,38,0,0,28.1,,-24,Stage 2
1262,revolving,East,debt_consolidation,2022-09-06,676,649,9418.85,3249.06,9666.53,3.0,5,0,0,28.3,0.336,-27,Stage 1
1263,term,West,auto,2024-12-04,693,679,7540.51,7425.24,,5.99,8,0,1,0.9,,-14,Stage 1
1264,term,East,personal,2021-04-01,651,625,11795.91,1179.59,,9.8,19,0,0,45.7,,-26,Stage 1
1265,term,North,auto,2023-05-27,696,679,10287.37,8003.36,,11.26,7,1,0,19.5,,-17,Stage 2
1266,term,West,home_improvement,2022-06-12,699,703,8491.41,915.35,,12.31,5,0,0,31.1,,4,Stage 1
1267,term,North,auto,2024-02-08,625,615,36788.73,27397.0,,7.88,18,0,0,10.9,,-10,Stage 1
1268,term,South,auto,2023-02-14,703,692,4533.21,3198.02,,3.45,4,0,0,22.9,,-11,Stage 1
1269,term,West,personal,2022-11-03,663,637,30989.44,10111.76,,9.16,8,1,0,26.3,,-26,Stage 2
1270,term,West,home_improvement,2023-02-04,638,621,21870.2,13609.3,,13.12,23,0,1,23.2,,-17,Stage 1
1271,term,West,debt_consolidation,2024-01-18,727,697,1000.0,874.31,,13.58,0,0,0,11.6,,-30,Stage 2
1272,revolving,North,debt_consolidation,2024-07-19,633,619,9801.41,9008.08,22299.13,11.95,30,0,0,5.5,0.404,-14,Stage 2
1273,revolving,North,debt_consolidation,2024-06-24,652,639,8780.23,7494.74,15140.42,4.91,19,1,0,6.4,0.495,-13,Stage 2
1274,term,South,debt_consolidation,2021-12-27,684,658,6991.62,1080.8,,8.42,7,0,0,36.7,,-26,Stage 1
1275,term,East,personal,2022-01-13,762,772,6887.21,688.72,,9.69,1,0,0,36.1,,10,Stage 1
1276,term,East,home_improvement,2024-05-14,691,672,7790.55,6734.1,,10.18,3,0,0,7.7,,-19,Stage 1
1277,term,North,personal,2021-12-11,711,691,7221.31,722.13,,3.66,5,0,0,37.2,,-20,Stage 1
1278,revolving,West,auto,2023-03-09,662,647,9771.36,5517.55,15691.44,15.17,10,0,0,22.1,0.352,-15,Stage 1
1279,term,East,home_improvement,2022-03-31,675,647,7705.46,1251.59,,12.96,11,0,0,33.6,,-28,Stage 1
1280,term,East,home_improvement,2023-06-27,677,653,8654.0,5450.15,,8.99,8,0,1,18.5,,-24,Stage 1
1281,term,North,debt_consolidation,2021-03-08,697,688,48305.64,4830.56,,9.38,4,0,0,46.5,,-9,Stage 1
1282,revolving,South,debt_consolidation,2023-09-14,662,640,20309.33,14625.82,28552.89,7.5,13,0,0,15.8,0.512,-22,Stage 1
1283,term,North,debt_consolidation,2023-09-06,760,770,33732.32,27917.98,,12.71,2,0,0,16.1,,10,Stage 1
1284,term,North,debt_consolidation,2021-02-12,657,624,4668.86,466.89,,5.53,16,0,0,47.3,,-33,Stage 2
1285,term,West,auto,2021-08-17,577,550,8364.77,836.48,,9.34,54,1,1,41.1,,-27,Stage 2
1286,term,North,debt_consolidation,2021-08-22,844,850,6552.95,1294.16,,6.49,9,0,0,40.9,,6,Stage 1
1287,term,West,personal,2024-05-07,660,651,51389.43,42803.63,,8.95,14,0,0,8.0,,-9,Stage 1
1288,term,South,home_improvement,2022-05-12,758,747,25822.61,14230.55,,12.51,2,0,0,32.2,,-11,Stage 1
1289,term,West,auto,2023-04-28,764,779,12346.96,5009.67,,7.07,1,0,0,20.5,,15,Stage 1
1290,term,South,auto,2023-11-22,736,710,28568.94,22620.19,,9.54,0,0,0,13.5,,-26,Stage 1
1291,term,South,home_improvement,2024-07-11,668,651,12000.23,11303.29,,8.62,9,0,0,5.8,,-17,Stage 1
1292,term,South,home_improvement,2021-04-23,697,694,12258.23,1225.82,,6.8,8,1,0,45.0,,-3,Stage 2
1293,term,North,home_improvement,2023-08-31,603,590,7624.89,4336.08,,7.15,35,0,0,16.3,,-13,Stage 2
1294,term,West,auto,2022-04-04,799,791,10957.73,2677.7,,7.18,9,0,0,33.4,,-8,Stage 1
1295,revolving,East,personal,2024-07-23,628,608,13095.74,11990.08,23512.17,3.58,19,0,0,5.4,0.51,-20,Stage 1
1296,term,North,personal,2024-03-15,664,655,6255.25,5138.89,,8.53,11,0,0,9.7,,-9,Stage 1
1297,term,South,home_improvement,2024-10-12,685,669,31631.64,29569.71,,9.23,6,0,0,2.7,,-16,Stage 1
1298,term,East,auto,2021-01-06,673,645,29974.39,2997.44,,4.45,10,0,0,48.5,,-28,Stage 1
1299,term,North,debt_consolidation,2024-09-25,640,603,8457.44,7927.87,,7.64,19,0,0,3.3,,-37,Stage 2
1300,revolving,East,auto,2023-09-19,763,753,2003.22,1686.03,3517.71,8.32,1,0,0,15.7,0.479,-10,Stage 1
1301,term,South,home_improvement,2022-05-09,737,724,11825.95,3742.44,,11.42,1,0,0,32.3,,-13,Stage 1
1302,revolving,East,auto,2024-02-06,699,679,12384.32,9824.38,18670.51,14.18,7,0,0,11.0,0.526,-20,Stage 1
1303,term,East,auto,2021-03-12,656,657,26074.1,6416.33,,10.18,10,0,0,46.4,,1,Stage 1
1304,term,South,auto,2023-07-28,743,742,14855.11,8542.77,,4.87,1,0,0,17.4,,-1,Stage 1
1305,revolving,East,debt_consolidation,2024-09-25,652,631,2645.03,2489.89,4610.5,6.23,14,0,0,3.3,0.54,-21,Stage 1
1306,revolving,North,home_improvement,2022-11-05,774,769,11554.97,5201.69,12291.57,9.22,0,0,0,26.3,0.423,-5,Stage 1
1307,revolving,East,home_improvement,2024-01-29,686,670,15426.43,13080.59,35235.97,7.64,10,0,0,11.3,0.371,-16,Stage 1
1308,revolving,West,home_improvement,2024-09-12,753,754,8032.07,7651.35,17676.55,8.88,1,0,0,3.7,0.433,1,Stage 1
1309,term,North,personal,2023-11-23,673,646,27292.77,20153.14,,11.48,5,0,1,13.5,,-27,Stage 1
1310,revolving,East,personal,2021-05-23,684,660,27250.97,11773.73,24712.65,8.49,5,0,1,44.0,0.476,-24,Stage 1
1311,term,West,home_improvement,2024-06-21,753,748,14266.45,11637.8,,16.34,0,0,0,6.5,,-5,Stage 1
1312,revolving,West,auto,2023-01-06,811,786,31209.16,15613.86,25503.88,4.27,2,0,0,24.2,0.612,-25,Stage 1
1313,term,West,auto,2022-12-27,773,762,1370.07,662.74,,10.62,1,0,0,24.5,,-11,Stage 1
1314,revolving,East,home_improvement,2021-08-05,732,733,17868.27,1786.83,4410.53,4.0,0,0,0,41.5,0.405,1,Stage 1
1315,term,South,debt_consolidation,2022-03-10,715,713,18658.02,5732.08,,6.44,2,0,0,34.3,,-2,Stage 1
1316,term,West,debt_consolidation,2023-04-14,649,614,10248.3,5394.91,,11.52,17,1,1,20.9,,-35,Stage 2
1317,term,South,auto,2023-12-14,697,683,1533.06,1239.11,,3.0,6,0,1,12.8,,-14,Stage 1
1318,revolving,North,auto,2022-12-21,625,590,10986.94,7077.24,15498.23,9.89,20,0,0,24.7,0.457,-35,Stage 2
1319,term,South,personal,2023-07-31,702,682,8919.08,7172.95,,5.27,6,0,0,17.3,,-20,Stage 1
1320,term,South,debt_consolidation,2023-06-26,706,688,35147.95,22715.49,,8.79,4,0,0,18.5,,-18,Stage 1
1321,term,South,auto,2023-09-22,562,538,22616.22,16055.33,,7.11,66,0,1,15.6,,-24,Stage 2
1322,term,South,auto,2024-03-20,682,677,13892.49,10160.79,,9.04,6,0,0,9.6,,-5,Stage 1
1323,revolving,South,home_improvement,2021-02-24,704,687,12419.17,5030.12,7571.98,10.19,5,0,0,46.9,0.664,-17,Stage 1
1324,term,North,personal,2023-11-25,674,643,36747.48,25672.71,,12.18,11,0,0,13.4,,-31,Stage 2
1325,revolving,North,debt_consolidation,2023-05-11,701,671,1944.29,1362.29,2463.73,9.42,6,0,0,20.0,0.553,-30,Stage 2
1326,term,South,debt_consolidation,2023-10-04,599,585,2051.85,1239.24,,10.85,33,0,1,15.2,,-14,Stage 2
1327,term,South,personal,2024-02-17,633,609,48392.18,41667.07,,8.8,19,0,0,10.6,,-24,Stage 1
1328,revolving,West,auto,2024-05-05,742,733,10883.9,9881.03,21949.27,4.97,0,0,0,8.0,0.45,-9,Stage 1
1329,term,North,debt_consolidation,2022-07-20,680,654,4375.44,2156.4,,5.58,6,0,0,29.9,,-26,Stage 1
1330,term,East,debt_consolidation,2023-02-10,700,697,2157.08,877.9,,13.48,10,0,0,23.0,,-3,Stage 1
1331,term,North,debt_consolidation,2023-05-28,647,634,37565.46,27246.06,,5.34,14,0,1,19.5,,-13,Stage 1
1332,revolving,East,home_improvement,2023-04-04,681,662,5948.03,3960.96,6736.1,9.57,6,0,0,21.3,0.588,-19,Stage 1
1333,term,West,personal,2022-05-29,541,498,5082.24,1393.29,,9.52,68,0,1,31.6,,-43,Stage 2
1334,revolving,South,debt_consolidation,2023-05-12,730,724,17341.3,11417.53,22828.52,9.35,1,0,0,20.0,0.5,-6,Stage 1
1335,revolving,West,personal,2022-02-26,788,769,23866.91,4936.57,12852.78,12.07,1,0,0,34.7,0.384,-19,Stage 1
1336,term,South,auto,2022-06-01,616,597,16781.84,3764.19,,7.06,27,0,0,31.5,,-19,Stage 1
1337,term,North,personal,2024-03-08,623,597,16802.54,14312.72,,8.37,21,0,1,10.0,,-26,Stage 1
1338,term,South,home_improvement,2022-12-06,706,696,6639.97,3467.2,,7.98,5,0,0,25.2,,-10,Stage 1
1339,term,East,home_improvement,2023-03-20,768,764,17424.29,11669.95,,3.0,1,0,0,21.8,,-4,Stage 1
1340,term,East,personal,2021-02-13,679,672,33125.78,3312.58,,6.72,8,0,0,47.3,,-7,Stage 1
1341,term,West,home_improvement,2023-05-08,606,590,18435.67,10938.56,,12.2,31,0,0,20.1,,-16,Stage 2
1342,term,North,debt_consolidation,2023-03-12,667,661,7295.13,5462.23,,15.07,10,0,0,22.0,,-6,Stage 1
1343,revolving,East,home_improvement,2021-08-07,618,596,24608.45,2460.84,4700.52,11.85,25,0,0,41.4,0.524,-22,Stage 1
1344,revolving,West,auto,2022-07-22,639,618,7666.26,1772.25,3748.77,10.17,10,0,0,29.8,0.473,-21,Stage 1
1345,revolving,North,personal,2023-06-27,661,637,14230.54,10123.29,15466.33,4.87,12,0,0,18.5,0.655,-24,Stage 1
1346,term,North,personal,2021-09-15,624,596,14753.54,1475.35,,9.56,29,0,0,40.1,,-28,Stage 1
1347,term,West,auto,2023-08-19,633,615,48855.62,25228.44,,9.3,18,0,0,16.7,,-18,Stage 1
1348,term,East,auto,2024-11-01,684,670,18921.81,18269.07,,16.02,8,0,0,2.0,,-14,Stage 1
1349,revolving,East,auto,2023-06-12,692,691,5779.29,2776.55,6794.38,3.76,6,0,0,19.0,0.409,-1,Stage 1
1350,term,West,auto,2021-10-16,594,565,5261.81,526.18,,5.25,37,0,0,39.1,,-29,Stage 2
1351,revolving,East,debt_consolidation,2023-08-30,703,677,14704.58,9954.95,20052.83,12.64,2,0,0,16.3,0.496,-26,Stage 1
1352,term,West,home_improvement,2021-04-13,657,641,36083.37,11997.4,,13.63,15,1,0,45.3,,-16,Stage 2
1353,term,East,home_improvement,2023-03-15,723,723,1507.73,1075.65,,9.99,2,1,0,21.9,,0,Stage 2
1354,revolving,East,debt_consolidation,2024-03-18,726,722,14884.18,12011.93,22568.55,7.91,1,0,0,9.6,0.532,-4,Stage 1
1355,term,West,auto,2024-01-13,647,632,32991.37,22080.68,,10.72,15,0,0,11.8,,-15,Stage 1
1356,revolving,West,personal,2023-11-16,716,716,21858.65,14918.56,33254.55,15.53,4,0,0,13.7,0.449,0,Stage 1
1357,revolving,East,personal,2024-04-13,629,609,41973.51,32615.86,64167.87,7.06,20,0,0,8.8,0.508,-20,Stage 1
1358,term,West,personal,2024-12-16,759,738,11370.68,11156.47,,10.4,0,0,0,0.5,,-21,Stage 1
1359,term,East,auto,2024-10-01,632,619,5311.16,5045.24,,8.39,31,0,1,3.1,,-13,Stage 2
1360,term,South,debt_consolidation,2021-10-29,701,692,11232.39,1123.24,,10.11,6,0,0,38.7,,-9,Stage 1
1361,revolving,North,debt_consolidation,2024-08-14,668,650,6026.52,5628.07,13953.97,11.34,10,0,1,4.7,0.403,-18,Stage 1
1362,term,North,debt_consolidation,2024-03-04,618,583,47207.38,33517.4,,7.24,31,1,0,10.1,,-35,Stage 2
1363,term,East,home_improvement,2023-12-15,734,718,15689.98,10136.93,,11.94,1,1,0,12.8,,-16,Stage 2
1364,term,North,home_improvement,2021-02-25,643,605,18269.18,7668.42,,7.52,15,0,0,46.9,,-38,Stage 2
1365,revolving,East,home_improvement,2023-10-12,577,543,5432.2,4149.45,8735.28,10.72,44,0,0,14.9,0.475,-34,Stage 2
1366,term,West,home_improvement,2022-01-09,507,463,8392.94,839.29,,3.17,101,0,1,36.3,,-44,Stage 3
1367,revolving,South,personal,2023-04-11,627,604,26855.58,17741.26,49930.83,11.29,26,1,0,21.0,0.355,-23,Stage 2
1368,revolving,North,personal,2023-07-09,762,774,13283.27,8207.45,19175.46,6.34,0,0,0,18.1,0.428,12,Stage 1
1369,term,North,debt_consolidation,2024-09-24,755,760,9985.11,9280.93,,7.5,1,0,0,3.3,,5,Stage 1
1370,term,West,home_improvement,2022-04-02,636,616,15205.97,2698.58,,3.0,8,0,0,33.5,,-20,Stage 1
1371,revolving,South,debt_consolidation,2024-10-10,657,632,10148.28,9338.03,21750.22,8.33,15,0,0,2.8,0.429,-25,Stage 1
1372,term,South,auto,2021-05-12,652,622,1000.0,540.98,,12.98,15,1,0,44.3,,-30,Stage 2
1373,revolving,South,home_improvement,2022-05-08,599,584,3901.52,390.15,779.34,4.3,42,0,1,32.3,0.501,-15,Stage 2
1374,term,West,home_improvement,2021-04-20,623,588,14480.95,1448.09,,9.58,15,0,0,45.1,,-35,Stage 2
1375,term,North,debt_consolidation,2022-08-05,738,719,26987.77,17184.48,,3.0,0,0,0,29.3,,-19,Stage 1
1376,revolving,North,debt_consolidation,2023-03-07,710,725,9059.96,4326.41,11859.69,8.55,2,0,0,22.2,0.365,15,Stage 1
1377,term,South,auto,2024-02-24,696,681,36802.47,27830.62,,11.58,7,0,0,10.4,,-15,Stage 1
1378,term,West,debt_consolidation,2024-08-12,599,594,26439.23,24492.56,,8.67,31,0,1,4.7,,-5,Stage 2
1379,term,West,home_improvement,2024-04-17,686,668,29197.59,22785.4,,11.34,11,0,0,8.6,,-18,Stage 1
1380,term,West,personal,2023-03-21,541,520,3218.76,1298.99,,7.49,64,0,1,21.7,,-21,Stage 2
1381,term,South,auto,2023-06-05,730,725,25540.3,18208.76,,16.75,3,0,0,19.2,,-5,Stage 1
1382,term,West,auto,2024-05-05,695,675,8570.45,6737.54,,12.3,10,0,0,8.0,,-20,Stage 1
1383,revolving,South,home_improvement,2023-02-12,599,564,38353.52,16152.44,34849.16,9.63,28,0,0,23.0,0.463,-35,Stage 2
1384,term,South,personal,2024-01-30,776,752,11362.04,9889.53,,14.14,3,0,0,11.2,,-24,Stage 1
1385,term,South,debt_consolidation,2023-07-26,572,533,8253.27,4829.82,,13.18,51,1,0,17.5,,-39,Stage 2
1386,term,East,debt_consolidation,2022-07-27,711,707,8510.38,5186.36,,7.39,4,0,0,29.6,,-4,Stage 1
1387,revolving,South,personal,2024-04-21,713,702,22785.47,20071.92,43453.61,10.5,2,0,0,8.5,0.462,-11,Stage 1
1388,term,West,personal,2023-03-20,605,574,2956.03,2166.76,,8.11,30,0,0,21.8,,-31,Stage 2
1389,revolving,East,home_improvement,2023-05-29,677,661,16158.09,8444.51,25284.89,11.76,6,0,0,19.4,0.334,-16,Stage 1
1390,term,North,debt_consolidation,2023-10-30,581,562,12741.76,7499.33,,13.72,43,0,0,14.3,,-19,Stage 2
1391,term,North,home_improvement,2022-02-17,509,458,6615.26,2962.73,,4.56,90,0,1,35.0,,-51,Stage 3
1392,term,West,debt_consolidation,2023-04-10,615,595,28831.87,16624.63,,9.36,28,1,0,21.1,,-20,Stage 2
1393,term,West,debt_consolidation,2022-07-20,643,608,21491.09,8703.17,,13.39,14,0,0,29.9,,-35,Stage 2
1394,term,West,personal,2021-04-14,718,680,6993.74,3783.44,,11.28,3,0,0,45.3,,-38,Stage 2
1395,term,West,home_improvement,2024-02-24,684,664,4679.42,3890.35,,10.28,11,0,0,10.4,,-20,Stage 1
1396,revolving,East,personal,2022-11-08,685,666,12005.11,7503.79,14526.02,12.23,4,0,0,26.2,0.517,-19,Stage 1
1397,term,West,home_improvement,2023-08-03,619,593,21902.32,18074.51,,4.99,33,0,0,17.2,,-26,Stage 2
1398,term,South,debt_consolidation,2021-09-27,648,628,18717.01,9234.36,,10.7,14,0,0,39.7,,-20,Stage 1
1399,term,North,auto,2022-04-11,624,607,22268.0,6551.77,,12.7,23,0,0,33.2,,-17,Stage 1
1400,revolving,West,auto,2023-03-12,606,574,1814.22,859.69,1496.9,10.71,36,0,0,22.0,0.574,-32,Stage 2
1401,term,South,home_improvement,2024-02-16,644,611,6170.48,4197.47,,5.34,14,0,0,10.7,,-33,Stage 2
1402,term,West,home_improvement,2024-01-21,684,680,17510.64,12633.3,,7.87,6,0,0,11.5,,-4,Stage 1
1403,term,South,personal,2023-10-02,645,638,6993.01,5735.37,,9.03,17,0,1,15.2,,-7,Stage 1
1404,revolving,East,debt_consolidation,2024-01-16,660,644,29213.17,22761.84,34290.72,6.54,8,0,0,11.7,0.664,-16,Stage 1
1405,term,North,auto,2021-08-22,721,716,11139.51,1113.95,,6.3,0,0,0,40.9,,-5,Stage 1
1406,term,North,personal,2023-07-02,649,640,4874.64,3100.95,,10.47,15,0,0,18.3,,-9,Stage 1
1407,revolving,East,home_improvement,2024-02-22,599,583,4407.22,3657.78,6717.31,13.94,36,1,1,10.5,0.545,-16,Stage 2
1408,revolving,South,debt_consolidation,2024-05-11,713,690,15375.41,14038.4,32071.38,3.34,2,0,0,7.8,0.438,-23,Stage 1
1409,term,West,personal,2023-11-22,695,680,5394.92,4073.01,,7.55,7,0,0,13.5,,-15,Stage 1
1410,revolving,South,personal,2021-12-23,699,670,2019.96,771.06,2115.46,6.83,5,0,0,36.8,0.364,-29,Stage 1
1411,term,North,home_improvement,2023-08-22,717,710,7155.49,3924.6,,13.5,3,0,0,16.6,,-7,Stage 1
1412,term,East,debt_consolidation,2021-04-04,707,702,48036.27,18627.61,,11.17,0,0,0,45.6,,-5,Stage 1
1413,term,East,auto,2024-12-02,681,652,1165.65,1131.47,,13.17,8,0,0,1.0,,-29,Stage 1
1414,term,South,personal,2024-01-29,823,834,8645.81,6042.6,,11.66,10,0,0,11.3,,11,Stage 1
1415,term,South,home_improvement,2021-09-01,602,586,8490.88,3258.52,,12.54,30,0,0,40.6,,-16,Stage 2
1416,revolving,East,personal,2021-02-27,644,639,7264.39,3628.13,7428.45,9.86,12,0,0,46.8,0.488,-5,Stage 1
1417,term,North,home_improvement,2023-08-23,738,729,12198.53,8280.73,,10.43,0,0,0,16.6,,-9,Stage 1
1418,term,West,home_improvement,2024-10-12,688,679,16959.91,15910.3,,10.57,6,0,0,2.7,,-9,Stage 1
1419,term,West,home_improvement,2021-11-16,725,729,25016.61,9662.79,,9.1,1,0,0,38.1,,4,Stage 1
1420,revolving,South,debt_consolidation,2023-11-09,690,665,60124.43,51501.27,115327.06,9.02,5,0,0,14.0,0.447,-25,Stage 1
1421,term,East,auto,2021-12-23,762,757,22355.59,2235.56,,10.42,1,0,0,36.8,,-5,Stage 1
1422,term,East,debt_consolidation,2021-04-27,619,583,29106.36,7174.77,,10.35,29,0,1,44.8,,-36,Stage 2
1423,term,East,auto,2024-03-05,760,756,8934.49,6358.15,,9.63,1,0,0,10.1,,-4,Stage 1
1424,term,North,home_improvement,2021-10-23,750,742,12510.5,4525.25,,9.54,2,0,0,38.9,,-8,Stage 1
1425,revolving,South,auto,2022-06-09,607,576,11394.85,3280.56,7531.38,11.14,30,1,1,31.2,0.436,-31,Stage 2
1426,revolving,South,debt_consolidation,2024-01-30,717,713,7588.77,5731.14,11995.9,8.62,3,0,0,11.2,0.478,-4,Stage 1
1427,term,South,personal,2024-11-04,677,654,13986.5,13276.59,,5.34,5,0,0,1.9,,-23,Stage 1
1428,revolving,North,debt_consolidation,2024-03-24,643,619,3552.79,2607.55,7185.05,9.62,22,0,0,9.4,0.363,-24,Stage 1
1429,term,South,debt_consolidation,2024-02-03,566,547,8547.97,6725.15,,6.31,61,0,1,11.1,,-19,Stage 2
1430,revolving,West,debt_consolidation,2024-02-26,619,616,32059.5,25926.72,46306.91,12.12,27,1,0,10.3,0.56,-3,Stage 2
1431,term,South,debt_consolidation,2022-02-05,722,727,15449.87,1544.99,,7.24,5,0,0,35.4,,5,Stage 1
1432,term,South,debt_consolidation,2023-01-09,728,722,32414.31,22514.27,,7.5,3,0,0,24.1,,-6,Stage 1
1433,term,South,auto,2022-06-13,667,658,15678.59,8268.7,,10.24,11,0,0,31.1,,-9,Stage 1
1434,term,North,auto,2022-07-11,729,724,11421.98,7157.72,,8.96,0,0,0,30.2,,-5,Stage 1
1435,term,West,personal,2022-07-04,736,708,5524.84,2838.33,,12.55,2,0,0,30.4,,-28,Stage 1
1436,term,West,debt_consolidation,2024-02-22,689,659,13225.98,10336.59,,8.37,7,0,0,10.5,,-30,Stage 2
1437,term,East,debt_consolidation,2021-12-26,636,612,7693.88,979.72,,8.12,25,0,0,36.7,,-24,Stage 1
1438,revolving,East,personal,2021-03-05,706,714,4211.19,1174.89,2714.15,6.71,3,0,0,46.6,0.433,8,Stage 1
1439,term,West,personal,2023-02-04,709,686,6084.66,2690.29,,5.44,3,0,0,23.2,,-23,Stage 1
1440,term,South,home_improvement,2023-02-13,720,718,19386.95,11233.99,,7.42,0,0,0,22.9,,-2,Stage 1
1441,revolving,South,personal,2022-09-16,731,710,31397.0,9573.82,18216.72,10.23,0,0,0,27.9,0.526,-21,Stage 1
1442,term,South,personal,2021-04-12,598,581,20581.96,2058.2,,12.85,37,0,0,45.3,,-17,Stage 2
1443,term,North,personal,2022-07-15,649,636,5781.23,1031.73,,11.55,13,1,0,30.0,,-13,Stage 2
1444,term,South,home_improvement,2024-07-24,566,523,15467.56,13228.68,,7.29,49,1,1,5.4,,-43,Stage 2
1445,revolving,North,auto,2024-06-04,724,716,10509.75,9140.5,22240.44,9.49,1,0,0,7.0,0.411,-8,Stage 1
1446,term,West,home_improvement,2023-11-13,667,657,17504.57,11177.74,,9.08,10,1,0,13.8,,-10,Stage 2
1447,term,South,auto,2023-04-24,705,696,8535.34,4744.89,,12.48,3,0,0,20.6,,-9,Stage 1
1448,revolving,South,personal,2023-12-24,591,576,23883.17,19472.41,50341.0,12.95,34,1,0,12.5,0.387,-15,Stage 2
1449,revolving,East,home_improvement,2024-03-26,764,768,23885.41,21126.95,35174.74,3.16,1,0,0,9.4,0.601,4,Stage 1
1450,term,West,home_improvement,2024-11-14,608,602,21784.11,21402.61,,13.18,26,0,0,1.6,,-6,Stage 1
1451,term,South,auto,2024-03-18,726,733,14799.26,12664.81,,4.29,2,0,0,9.6,,7,Stage 1
1452,term,North,home_improvement,2023-04-19,687,678,24405.51,18495.68,,9.82,8,0,0,20.8,,-9,Stage 1
1453,revolving,West,home_improvement,2024-10-18,668,660,3426.83,3308.9,6460.07,3.0,12,0,0,2.5,0.512,-8,Stage 1
1454,term,East,debt_consolidation,2022-11-12,663,644,10050.12,5226.13,,12.05,8,1,0,26.0,,-19,Stage 2
1455,term,West,auto,2022-10-07,641,625,29487.22,18919.69,,7.98,16,0,1,27.2,,-16,Stage 1
1456,revolving,North,home_improvement,2022-02-03,757,759,5756.53,742.3,2111.35,11.03,1,0,0,35.4,0.352,2,Stage 1
1457,term,East,home_improvement,2022-02-09,680,660,25212.86,16091.11,,8.14,10,0,0,35.2,,-20,Stage 1
1458,term,North,personal,2023-04-06,603,593,16176.39,6391.64,,11.91,32,0,0,21.2,,-10,Stage 2
1459,term,West,debt_consolidation,2024-03-01,656,634,12347.42,10118.52,,4.0,16,0,0,10.2,,-22,Stage 1
1460,term,East,debt_consolidation,2024-05-05,687,676,10186.84,9193.99,,10.83,11,0,0,8.0,,-11,Stage 1
1461,term,North,personal,2022-10-09,733,723,5779.86,4181.8,,10.25,1,1,0,27.2,,-10,Stage 2
1462,term,West,personal,2021-02-04,643,638,25345.56,2534.56,,10.12,14,1,0,47.6,,-5,Stage 2
1463,term,North,personal,2022-02-24,647,614,15316.87,5107.31,,10.54,14,0,0,34.7,,-33,Stage 2
1464,term,South,personal,2022-01-12,681,654,29547.15,2954.71,,12.4,7,0,0,36.2,,-27,Stage 1
1465,revolving,West,debt_consolidation,2024-11-23,732,718,20899.7,20332.63,34494.31,11.96,1,0,0,1.3,0.589,-14,Stage 1
1466,term,East,home_improvement,2021-08-08,597,567,13784.85,6722.65,,4.77,29,0,1,41.4,,-30,Stage 2
1467,revolving,East,home_improvement,2022-11-28,710,700,9214.45,3802.81,7709.73,9.34,3,0,0,25.5,0.493,-10,Stage 1
1468,term,South,personal,2021-12-08,652,621,5293.24,529.32,,10.07,13,0,0,37.3,,-31,Stage 2
1469,revolving,North,auto,2023-01-23,660,645,4196.41,2161.85,6459.91,8.8,10,0,0,23.6,0.335,-15,Stage 1
1470,revolving,North,personal,2022-02-20,800,788,28670.63,13078.41,31593.2,9.46,3,0,0,34.9,0.414,-12,Stage 1
1471,term,East,home_improvement,2024-08-13,668,653,11003.71,9623.6,,10.43,8,0,0,4.7,,-15,Stage 1
1472,revolving,North,auto,2023-07-27,725,728,19485.66,15436.31,26316.97,11.27,1,0,0,17.5,0.587,3,Stage 1
1473,revolving,West,personal,2024-09-16,723,722,5728.59,5305.05,12878.64,10.71,3,0,0,3.6,0.412,-1,Stage 1
1474,term,West,auto,2023-10-04,609,581,7297.45,4341.2,,11.59,28,0,1,15.2,,-28,Stage 1
1475,term,East,personal,2022-11-11,569,533,10265.49,5462.38,,14.91,45,0,0,26.1,,-36,Stage 2
1476,term,West,debt_consolidation,2024-09-24,729,746,12510.44,11767.45,,8.38,1,0,0,3.3,,17,Stage 1
1477,revolving,East,home_improvement,2023-01-18,614,597,2773.71,1732.95,4568.23,8.6,29,0,0,23.8,0.379,-17,Stage 1
1478,revolving,North,personal,2023-03-17,580,558,3153.04,1962.8,3742.98,11.11,42,0,0,21.9,0.524,-22,Stage 2
1479,revolving,North,auto,2024-08-14,741,744,6915.67,6373.52,15193.18,8.99,1,0,0,4.7,0.419,3,Stage 1
1480,term,North,home_improvement,2021-11-08,618,601,15462.97,5225.0,,7.98,18,0,0,38.3,,-17,Stage 1
1481,revolving,South,personal,2021-02-24,633,618,18589.86,8531.83,14341.36,7.64,22,0,0,46.9,0.595,-15,Stage 1
1482,term,East,personal,2022-11-25,798,802,19238.14,11165.38,,10.89,2,0,0,25.6,,4,Stage 1
1483,term,West,personal,2022-06-18,580,555,25866.29,2785.16,,10.36,35,0,0,30.9,,-25,Stage 2
1484,term,North,personal,2021-04-15,604,576,3570.29,730.73,,14.6,35,0,1,45.2,,-28,Stage 2
1485,term,South,debt_consolidation,2024-04-13,652,633,13778.04,10313.86,,5.93,16,0,0,8.8,,-19,Stage 1
1486,term,West,home_improvement,2021-10-21,665,663,16257.59,9467.21,,6.0,8,1,1,38.9,,-2,Stage 2
1487,term,West,debt_consolidation,2023-05-30,626,613,42403.47,23720.24,,9.2,23,0,0,19.4,,-13,Stage 1
1488,term,West,home_improvement,2022-07-05,610,578,27196.09,12439.98,,6.65,25,0,0,30.4,,-32,Stage 2
1489,term,North,personal,2023-06-30,770,777,11393.23,7851.34,,3.66,0,0,0,18.4,,7,Stage 1
1490,term,West,home_improvement,2022-01-10,695,682,10453.83,2327.85,,7.73,4,0,0,36.2,,-13,Stage 1
1491,term,East,auto,2022-03-26,715,698,5102.26,2993.62,,15.49,5,0,0,33.7,,-17,Stage 1
1492,term,South,home_improvement,2023-12-20,671,659,8418.33,5808.78,,16.46,11,0,0,12.6,,-12,Stage 1
1493,term,West,auto,2024-11-16,697,676,18438.41,17690.23,,10.63,3,0,0,1.5,,-21,Stage 1
1494,term,West,auto,2023-03-23,735,719,15875.93,12169.09,,5.66,1,0,0,21.7,,-16,Stage 1
1495,term,East,debt_consolidation,2022-01-25,620,610,6793.09,3615.09,,6.66,21,0,0,35.7,,-10,Stage 1
1496,term,West,home_improvement,2024-05-20,695,670,5461.24,4954.01,,9.28,5,0,0,7.5,,-25,Stage 1
1497,term,North,personal,2022-10-29,721,714,20925.0,4965.39,,7.49,0,0,0,26.5,,-7,Stage 1
1498,term,North,home_improvement,2024-06-17,772,778,17147.66,14450.82,,9.49,1,0,0,6.6,,6,Stage 1
1499,term,North,debt_consolidation,2024-02-20,796,789,7302.22,6091.36,,9.13,4,0,1,10.5,,-7,Stage 1
1500,revolving,West,auto,2024-06-30,684,681,21221.09,19657.83,55744.56,5.33,7,0,0,6.2,0.353,-3,Stage 1
1501,term,South,auto,2021-05-21,748,749,12455.16,1245.52,,8.85,2,0,0,44.0,,1,Stage 1
1502,term,South,debt_consolidation,2023-05-24,519,517,11247.44,8652.71,,10.39,73,0,1,19.6,,-2,Stage 2
1503,term,West,debt_consolidation,2024-03-22,773,772,2259.74,1649.29,,7.88,3,0,0,9.5,,-1,Stage 1
1504,term,South,home_improvement,2024-08-24,636,634,14551.24,13586.6,,11.84,17,0,0,4.3,,-2,Stage 1
1505,term,South,auto,2024-09-02,665,636,7294.45,6843.69,,9.17,11,0,0,4.0,,-29,Stage 1
1506,term,West,debt_consolidation,2024-08-12,706,687,11866.3,10788.8,,8.61,5,0,0,4.7,,-19,Stage 1
1507,term,North,home_improvement,2023-04-23,670,665,17413.86,7035.6,,9.19,11,0,0,20.6,,-5,Stage 1
1508,term,West,home_improvement,2024-09-30,691,672,7411.66,7002.69,,7.38,5,0,0,3.1,,-19,Stage 1
1509,term,North,personal,2022-08-20,775,768,5733.01,2941.87,,10.22,3,0,0,28.8,,-7,Stage 1
1510,revolving,North,auto,2024-07-29,656,657,4828.95,4284.25,11221.42,6.43,14,0,0,5.2,0.382,1,Stage 1
1511,revolving,South,home_improvement,2024-05-16,614,597,35501.75,27460.55,43385.46,16.17,30,0,0,7.7,0.633,-17,Stage 2
1512,revolving,South,debt_consolidation,2023-08-10,788,793,8346.63,6233.63,11175.18,15.09,3,0,0,17.0,0.558,5,Stage 1
1513,revolving,North,auto,2022-07-06,711,703,9473.4,1612.48,3946.18,8.77,2,0,0,30.3,0.409,-8,Stage 1
1514,term,North,debt_consolidation,2024-01-25,795,800,15526.31,12001.17,,10.71,5,0,0,11.4,,5,Stage 1
1515,term,South,debt_consolidation,2022-01-08,731,706,23741.43,2374.14,,10.81,0,0,0,36.3,,-25,Stage 1
1516,term,East,home_improvement,2022-10-10,600,576,17007.17,8991.74,,10.78,47,0,1,27.1,,-24,Stage 2
1517,term,North,home_improvement,2024-01-02,718,702,6743.62,5183.65,,11.05,2,0,0,12.2,,-16,Stage 1
1518,revolving,North,personal,2021-11-29,620,608,6332.46,2095.31,4604.36,11.27,29,0,0,37.6,0.455,-12,Stage 1
1519,term,North,debt_consolidation,2022-01-28,680,658,9548.31,2655.97,,11.08,12,0,0,35.6,,-22,Stage 1
1520,revolving,South,home_improvement,2024-02-04,675,654,29290.79,25007.64,52376.54,6.64,8,1,0,11.1,0.477,-21,Stage 2
1521,term,West,personal,2024-01-30,582,541,15212.04,10673.29,,10.33,35,0,0,11.2,,-41,Stage 2
1522,revolving,North,auto,2024-10-14,631,616,12756.78,12159.22,33597.62,6.77,29,0,0,2.6,0.362,-15,Stage 1
1523,term,North,personal,2024-09-14,812,829,9785.88,9195.45,,10.57,7,0,0,3.6,,17,Stage 1
1524,term,North,personal,2022-01-30,694,672,18761.92,1876.19,,11.81,3,0,0,35.6,,-22,Stage 1
1525,term,West,debt_consolidation,2021-02-04,669,646,15938.74,5081.58,,10.13,12,0,0,47.6,,-23,Stage 1
1526,term,West,auto,2021-06-06,788,798,26827.98,2682.8,,11.25,2,0,0,43.5,,10,Stage 1
1527,term,North,debt_consolidation,2023-06-23,656,638,1769.69,1216.36,,9.66,11,1,0,18.6,,-18,Stage 2
1528,term,North,debt_consolidation,2024-07-20,674,661,32459.14,28634.06,,14.55,8,0,0,5.5,,-13,Stage 1
1529,revolving,East,personal,2023-08-25,739,737,17565.21,11672.34,30562.1,10.23,0,0,0,16.5,0.382,-2,Stage 1
1530,term,West,personal,2022-01-31,655,635,14537.38,3381.78,,6.24,13,0,0,35.5,,-20,Stage 1
1531,term,East,home_improvement,2021-07-26,635,611,10693.67,1069.37,,7.54,15,0,0,41.8,,-24,Stage 1
1532,term,North,personal,2022-09-13,544,502,1394.3,465.68,,10.3,67,1,1,28.0,,-42,Stage 2
1533,revolving,North,home_improvement,2024-08-22,623,590,14635.85,13389.31,24457.13,12.94,20,0,0,4.4,0.547,-33,Stage 2
1534,term,North,debt_consolidation,2023-03-16,623,582,14570.05,8239.41,,10.21,30,0,1,21.9,,-41,Stage 2
1535,term,North,personal,2022-04-07,689,677,44420.51,7150.86,,9.68,9,1,0,33.3,,-12,Stage 2
1536,term,South,auto,2021-09-09,643,625,5299.7,2268.59,,5.65,19,0,0,40.3,,-18,Stage 1
1537,term,South,auto,2024-07-14,809,816,8624.63,7367.2,,14.69,9,0,0,5.7,,7,Stage 1
1538,term,South,debt_consolidation,2023-05-17,616,602,16524.02,13191.56,,5.02,26,0,0,19.8,,-14,Stage 1
1539,term,East,debt_consolidation,2021-07-28,764,763,31439.09,3148.99,,4.36,0,0,0,41.8,,-1,Stage 1
1540,term,West,personal,2023-08-13,693,666,15912.04,10880.08,,7.59,10,1,0,16.9,,-27,Stage 2
1541,revolving,North,home_improvement,2022-06-23,728,713,11637.79,3527.09,7936.45,10.78,2,0,0,30.8,0.444,-15,Stage 1
1542,term,West,personal,2023-04-15,724,705,4268.3,2504.01,,7.8,0,0,0,20.9,,-19,Stage 1
1543,term,South,home_improvement,2022-05-18,546,504,14158.35,2482.7,,7.15,63,0,0,32.0,,-42,Stage 2
1544,term,North,personal,2023-08-14,679,670,6364.68,4866.08,,6.53,8,0,0,16.9,,-9,Stage 1
1545,revolving,North,auto,2022-05-29,664,648,7271.2,3731.94,7540.27,14.3,15,0,0,31.6,0.495,-16,Stage 1
1546,term,East,auto,2022-08-03,612,579,14837.59,5433.72,,10.01,36,0,0,29.4,,-33,Stage 2
1547,revolving,West,home_improvement,2024-03-17,707,703,11633.79,9978.74,23032.98,11.69,2,0,0,9.7,0.433,-4,Stage 1
1548,term,East,personal,2023-04-20,782,779,16083.03,6446.88,,15.17,4,0,0,20.7,,-3,Stage 1
1549,term,South,debt_consolidation,2023-09-13,519,475,9429.27,5359.8,,15.08,88,0,0,15.9,,-44,Stage 2
1550,term,West,home_improvement,2021-03-24,647,632,14062.15,1406.21,,6.3,16,1,0,46.0,,-15,Stage 2
1551,revolving,South,auto,2023-12-02,605,594,5961.22,3990.82,8810.11,9.75,41,0,1,13.2,0.453,-11,Stage 2
1552,term,East,home_improvement,2021-06-05,684,663,6731.17,673.12,,11.36,7,0,1,43.5,,-21,Stage 1
1553,revolving,East,personal,2022-03-29,660,633,26881.99,4557.5,7598.31,9.33,12,0,0,33.6,0.6,-27,Stage 1
1554,revolving,North,debt_consolidation,2024-07-31,643,628,43818.63,41418.2,121310.04,6.97,18,0,0,5.1,0.341,-15,Stage 1
1555,term,West,debt_consolidation,2024-04-26,721,713,40265.19,33012.21,,3.0,3,0,0,8.3,,-8,Stage 1
1556,term,West,home_improvement,2022-09-09,778,772,7887.09,4499.42,,13.04,4,0,0,28.2,,-6,Stage 1
1557,term,North,personal,2022-09-16,839,839,18294.32,12186.13,,14.55,10,0,0,27.9,,0,Stage 1
1558,term,West,personal,2022-05-22,635,616,9037.18,903.72,,11.21,13,0,0,31.8,,-19,Stage 1
1559,revolving,South,debt_consolidation,2024-03-02,570,529,14203.52,10027.69,16559.15,8.93,43,0,1,10.2,0.606,-41,Stage 2
1560,revolving,South,auto,2024-07-18,713,698,14237.81,12009.16,21182.28,7.34,4,0,0,5.6,0.567,-15,Stage 1
1561,term,East,personal,2022-09-14,776,767,11548.22,4130.62,,9.39,4,0,0,28.0,,-9,Stage 1
1562,term,South,debt_consolidation,2024-01-02,728,710,11113.92,9754.52,,13.01,0,0,0,12.2,,-18,Stage 1
1563,revolving,West,debt_consolidation,2024-12-30,776,776,1628.09,1602.12,3948.23,10.65,2,0,0,0.1,0.406,0,Stage 1
1564,term,North,personal,2021-10-20,666,668,8468.69,5051.41,,3.0,7,1,0,39.0,,2,Stage 2
1565,revolving,East,personal,2022-10-17,643,608,18559.72,10273.08,28253.01,13.81,13,0,0,26.9,0.364,-35,Stage 2
1566,term,North,home_improvement,2023-07-26,686,681,23768.11,17140.64,,11.04,8,0,0,17.5,,-5,Stage 1
1567,term,East,auto,2023-01-27,660,643,11562.32,5736.34,,5.78,8,0,0,23.5,,-17,Stage 1
1568,term,East,home_improvement,2023-09-23,719,670,34331.34,27479.31,,10.77,0,0,0,15.5,,-49,Stage 2
1569,term,North,home_improvement,2022-10-29,738,727,14676.52,8270.56,,9.62,1,0,0,26.5,,-11,Stage 1
1570,term,South,debt_consolidation,2021-03-01,742,770,30284.14,3028.41,,9.61,0,0,0,46.7,,28,Stage 1
1571,term,South,debt_consolidation,2021-11-23,710,679,14861.05,6638.85,,5.98,5,0,1,37.8,,-31,Stage 2
1572,term,South,auto,2024-04-20,694,693,1000.0,830.46,,8.22,0,0,0,8.5,,-1,Stage 1
1573,revolving,South,home_improvement,2023-03-10,727,723,31164.27,22641.94,48037.02,4.16,2,0,0,22.1,0.471,-4,Stage 1
1574,revolving,North,home_improvement,2023-02-24,562,522,10853.81,4717.78,12816.86,12.68,59,0,1,22.6,0.368,-40,Stage 2
1575,term,West,debt_consolidation,2023-02-06,692,684,10400.83,7603.17,,6.43,4,0,0,23.2,,-8,Stage 1
1576,term,East,debt_consolidation,2024-12-28,683,673,4182.05,4126.18,,12.37,5,0,0,0.1,,-10,Stage 1
1577,term,North,personal,2022-06-03,692,678,24600.22,2460.02,,10.84,5,0,0,31.4,,-14,Stage 1
1578,term,South,home_improvement,2022-09-30,674,655,4618.28,2597.05,,7.81,8,1,0,27.5,,-19,Stage 2
1579,term,South,auto,2021-03-24,705,690,30935.97,16416.84,,6.75,3,0,0,46.0,,-15,Stage 1
1580,term,North,home_improvement,2021-01-28,645,628,10623.81,3130.52,,9.63,16,0,0,47.8,,-17,Stage 1
1581,term,East,debt_consolidation,2021-09-23,747,746,23675.19,6106.14,,12.25,2,0,0,39.9,,-1,Stage 1
1582,term,North,personal,2024-07-30,708,707,5771.34,5192.51,,11.44,4,0,0,5.2,,-1,Stage 1
1583,term,North,home_improvement,2022-02-01,689,674,32615.91,11607.88,,10.7,7,0,0,35.5,,-15,Stage 1
1584,term,West,auto,2023-08-20,638,621,20227.06,15942.08,,8.51,25,0,0,16.7,,-17,Stage 1
1585,revolving,North,debt_consolidation,2023-02-02,728,707,10283.34,6991.91,19494.52,11.45,2,0,0,23.3,0.359,-21,Stage 1
1586,term,West,personal,2023-09-07,692,661,28096.54,17560.03,,4.37,4,0,0,16.1,,-31,Stage 2
1587,term,East,home_improvement,2024-11-07,634,609,14688.14,13894.83,,9.74,30,0,0,1.8,,-25,Stage 2
1588,term,North,auto,2023-03-22,676,649,40864.25,18709.6,,9.03,8,1,0,21.7,,-27,Stage 2
1589,term,North,debt_consolidation,2022-08-04,717,707,7646.71,1940.88,,5.33,3,0,0,29.4,,-10,Stage 1
1590,revolving,South,auto,2024-09-04,713,707,26318.67,24361.71,47661.13,7.95,4,1,0,4.0,0.511,-6,Stage 2
1591,term,North,home_improvement,2022-09-03,709,699,21835.81,11201.6,,14.08,6,0,0,28.4,,-10,Stage 1
1592,revolving,South,debt_consolidation,2021-07-12,685,666,3109.62,310.96,921.51,10.71,8,0,0,42.3,0.337,-19,Stage 1
1593,term,South,home_improvement,2021-08-15,741,726,4120.69,412.07,,11.82,1,0,0,41.2,,-15,Stage 1
1594,term,South,personal,2022-03-27,754,756,9853.47,3555.46,,7.66,0,0,0,33.7,,2,Stage 1
1595,revolving,East,home_improvement,2024-04-20,724,726,17367.33,13638.93,25707.03,3.96,3,0,0,8.5,0.531,2,Stage 1
1596,term,West,personal,2023-07-21,644,624,23296.74,18591.69,,13.5,17,1,0,17.7,,-20,Stage 2
1597,term,South,home_improvement,2024-09-12,616,585,17079.71,16365.0,,6.8,29,0,0,3.7,,-31,Stage 2
1598,term,North,auto,2022-10-17,647,635,25981.56,9076.81,,8.01,16,0,0,26.9,,-12,Stage 1
1599,term,North,auto,2021-07-22,797,785,11214.45,1121.44,,4.95,6,0,0,42.0,,-12,Stage 1
1600,revolving,South,debt_consolidation,2022-02-06,696,673,23787.61,12699.38,36583.98,13.18,8,1,0,35.3,0.347,-23,Stage 2
1601,term,South,auto,2022-04-17,807,816,14500.56,1450.06,,9.99,6,0,0,33.0,,9,Stage 1
1602,term,North,auto,2023-06-09,672,640,9835.42,4319.42,,8.6,13,1,0,19.1,,-32,Stage 2
1603,term,South,personal,2021-06-28,664,634,4232.67,2071.55,,10.84,17,0,0,42.8,,-30,Stage 2
1604,term,West,auto,2023-11-08,675,672,1958.33,1434.81,,7.89,7,0,0,14.0,,-3,Stage 1
1605,term,West,personal,2022-04-08,674,642,10988.24,4144.71,,7.19,9,0,0,33.3,,-32,Stage 2
1606,term,East,personal,2023-04-15,633,609,15259.49,10702.07,,5.46,12,0,0,20.9,,-24,Stage 1
1607,term,South,personal,2022-09-01,611,605,7415.12,3448.04,,5.07,33,0,0,28.4,,-6,Stage 2
1608,revolving,East,home_improvement,2023-07-15,710,705,9236.27,4825.25,14233.22,12.21,3,0,0,17.9,0.339,-5,Stage 1
1609,term,East,personal,2024-11-27,743,726,10008.49,9677.74,,12.8,3,0,0,1.2,,-17,Stage 1
1610,term,East,home_improvement,2024-11-17,826,834,5326.61,5193.64,,3.91,6,0,0,1.5,,8,Stage 1
1611,revolving,South,personal,2023-07-25,653,639,7016.84,5241.69,8578.76,8.85,15,0,0,17.5,0.611,-14,Stage 1
1612,term,East,home_improvement,2021-10-27,658,629,20841.46,4339.96,,9.32,17,1,0,38.7,,-29,Stage 2
1613,term,West,debt_consolidation,2021-12-17,633,617,12002.56,4933.99,,7.05,23,0,0,37.0,,-16,Stage 1
1614,term,East,debt_consolidation,2021-07-06,747,754,17069.09,2039.87,,6.55,1,0,0,42.5,,7,Stage 1
1615,term,West,home_improvement,2024-10-02,728,735,2547.91,2374.11,,9.3,1,1,0,3.0,,7,Stage 2
1616,term,West,debt_consolidation,2022-09-15,627,610,29403.25,8095.17,,6.91,25,0,0,28.0,,-17,Stage 1
1617,revolving,South,auto,2024-12-03,625,611,13860.11,13540.58,30676.73,9.1,26,0,1,1.0,0.441,-14,Stage 1
1618,term,East,personal,2021-03-12,737,721,23134.13,2313.41,,5.76,0,0,0,46.4,,-16,Stage 1
1619,term,South,home_improvement,2024-09-12,702,707,4594.65,4195.49,,7.25,3,0,0,3.7,,5,Stage 1
1620,revolving,West,debt_consolidation,2024-05-20,725,707,18947.5,16880.29,36275.98,8.17,1,0,0,7.5,0.465,-18,Stage 1
1621,term,North,debt_consolidation,2021-11-05,627,598,10015.75,1001.57,,8.0,20,0,0,38.4,,-29,Stage 1
1622,term,East,auto,2024-02-06,567,533,46921.8,35065.4,,12.44,46,0,0,11.0,,-34,Stage 2
1623,term,South,personal,2021-06-26,627,600,7868.5,786.85,,7.34,23,0,0,42.8,,-27,Stage 1
1624,revolving,North,auto,2022-03-03,721,700,14371.16,7259.22,12579.43,11.83,1,0,0,34.5,0.577,-21,Stage 1
1625,term,East,home_improvement,2023-01-10,806,805,5004.5,2157.42,,3.0,3,0,0,24.1,,-1,Stage 1
1626,term,East,debt_consolidation,2022-06-15,654,651,14193.91,9577.4,,9.01,15,0,0,31.0,,-3,Stage 1
1627,term,South,debt_consolidation,2022-02-22,816,813,12684.42,6973.39,,3.0,8,0,0,34.8,,-3,Stage 1
1628,term,North,debt_consolidation,2021-09-05,729,715,27540.55,13372.1,,12.7,1,0,0,40.5,,-14,Stage 1
1629,term,South,auto,2021-07-28,596,584,14880.77,1488.08,,15.07,47,0,0,41.8,,-12,Stage 2
1630,term,East,auto,2021-08-04,692,659,10276.1,2046.89,,8.89,6,0,0,41.5,,-33,Stage 2
1631,revolving,East,personal,2022-12-14,731,731,12499.61,5137.49,10737.21,14.17,0,0,0,25.0,0.478,0,Stage 1
1632,term,West,home_improvement,2022-03-14,534,498,2455.23,245.52,,6.61,71,0,0,34.1,,-36,Stage 2
1633,term,East,personal,2021-11-07,718,713,15648.26,1564.83,,11.95,1,0,0,38.4,,-5,Stage 1
1634,revolving,East,personal,2022-01-18,750,748,24859.5,5005.8,14421.95,11.54,3,0,0,36.0,0.347,-2,Stage 1
1635,revolving,North,debt_consolidation,2023-09-08,703,705,14577.54,11038.06,27235.63,8.54,6,0,0,16.0,0.405,2,Stage 1
1636,term,North,auto,2024-07-18,676,649,3029.61,2808.04,,8.97,1,0,0,5.6,,-27,Stage 1
1637,term,West,home_improvement,2021-05-01,669,639,17025.51,1702.55,,10.0,10,0,0,44.7,,-30,Stage 2
1638,term,West,personal,2022-02-11,666,653,17562.31,7188.84,,9.62,14,0,0,35.2,,-13,Stage 1
1639,revolving,West,home_improvement,2021-09-02,609,573,18689.72,4665.35,9716.98,10.03,37,0,0,40.6,0.48,-36,Stage 2
1640,revolving,South,debt_consolidation,2021-03-07,638,626,12511.89,1251.19,2300.71,15.42,18,0,0,46.5,0.544,-12,Stage 1
1641,term,South,personal,2023-07-31,655,641,15392.23,8437.42,,15.01,15,0,0,17.3,,-14,Stage 1
1642,revolving,West,auto,2021-08-16,686,675,17493.68,2277.84,5446.52,11.55,10,1,1,41.1,0.418,-11,Stage 2
1643,term,South,personal,2023-06-01,646,620,6121.31,2908.44,,15.2,22,0,0,19.3,,-26,Stage 1
1644,term,East,debt_consolidation,2021-05-17,627,605,7028.56,702.86,,5.71,22,0,0,44.2,,-22,Stage 1
1645,term,West,personal,2021-07-13,725,714,18950.82,2083.72,,11.47,4,0,1,42.3,,-11,Stage 1
1646,revolving,West,debt_consolidation,2022-12-07,702,707,6901.92,4873.91,14598.35,11.59,0,0,0,25.2,0.334,5,Stage 1
1647,term,South,personal,2022-10-20,647,625,11917.9,4333.19,,7.76,18,1,0,26.8,,-22,Stage 2
1648,revolving,North,home_improvement,2022-10-19,710,693,18737.37,9915.37,20259.3,15.47,3,0,0,26.8,0.489,-17,Stage 1
1649,revolving,West,auto,2024-10-09,652,644,26015.23,24150.92,56568.69,13.85,14,0,1,2.8,0.427,-8,Stage 1
1650,revolving,South,debt_consolidation,2023-07-19,683,659,8114.22,6462.85,18541.41,10.61,8,0,0,17.7,0.349,-24,Stage 1
1651,term,South,home_improvement,2022-07-10,738,749,6739.99,2849.69,,6.87,1,0,0,30.2,,11,Stage 1
1652,term,North,debt_consolidation,2024-03-26,643,607,18795.85,15567.41,,4.39,19,0,0,9.4,,-36,Stage 2
1653,term,West,personal,2023-08-16,609,603,26942.95,20717.31,,5.9,28,1,0,16.8,,-6,Stage 2
1654,term,North,debt_consolidation,2023-11-06,671,655,2972.33,2092.48,,13.92,9,0,0,14.1,,-16,Stage 1
1655,term,East,debt_consolidation,2024-01-07,598,568,13431.54,10113.31,,8.18,38,1,0,12.0,,-30,Stage 2
1656,revolving,North,auto,2021-02-21,663,663,35149.24,3514.92,8590.51,12.46,17,0,0,47.0,0.409,0,Stage 1
1657,term,North,home_improvement,2022-05-29,663,643,6278.8,2983.35,,10.1,14,1,0,31.6,,-20,Stage 2
1658,term,South,personal,2023-01-14,532,487,19292.62,6200.33,,3.0,75,0,0,23.9,,-45,Stage 2
1659,term,North,auto,2023-12-21,711,700,12274.06,8305.07,,8.22,2,1,0,12.6,,-11,Stage 2
1660,term,East,debt_consolidation,2024-03-01,669,659,12557.33,9112.17,,6.13,11,0,0,10.2,,-10,Stage 1
1661,term,South,auto,2024-11-06,750,744,11258.72,10929.86,,11.5,0,0,0,1.9,,-6,Stage 1
1662,term,East,debt_consolidation,2022-11-23,692,676,16096.02,4038.75,,11.66,6,0,1,25.7,,-16,Stage 1
1663,revolving,North,personal,2022-06-27,724,712,27716.26,13689.77,24294.62,8.45,1,0,0,30.6,0.563,-12,Stage 1
1664,term,East,debt_consolidation,2022-02-14,751,751,6508.87,3755.2,,13.62,1,0,0,35.1,,0,Stage 1
1665,revolving,East,auto,2021-06-04,672,644,7027.76,702.78,1144.05,12.25,4,0,0,43.6,0.614,-28,Stage 1
1666,revolving,North,auto,2022-09-25,679,669,15696.03,11033.41,19361.47,7.72,6,0,0,27.6,0.57,-10,Stage 1
1667,term,North,debt_consolidation,2021-02-20,585,573,16329.65,1632.96,,10.64,42,0,0,47.0,,-12,Stage 2
1668,revolving,South,home_improvement,2023-10-21,754,763,11167.15,9162.73,18901.04,6.62,0,0,0,14.6,0.485,9,Stage 1
1669,term,South,auto,2023-09-21,671,670,25035.52,20041.54,,7.99,8,0,0,15.6,,-1,Stage 1
1670,revolving,West,home_improvement,2024-01-24,619,587,7647.8,6728.8,16383.86,10.83,27,0,0,11.4,0.411,-32,Stage 2
1671,term,South,home_improvement,2022-06-08,724,732,7179.27,4436.97,,9.18,2,0,0,31.3,,8,Stage 1
1672,revolving,North,home_improvement,2021-12-21,549,515,14475.43,6652.89,12902.32,4.75,77,1,0,36.9,0.516,-34,Stage 2
1673,revolving,East,home_improvement,2023-12-05,654,640,6349.8,4196.17,6528.44,10.25,12,0,0,13.1,0.643,-14,Stage 1
1674,revolving,East,auto,2023-03-13,734,727,55687.17,43160.66,106177.77,8.04,4,0,0,22.0,0.406,-7,Stage 1
1675,revolving,South,auto,2024-05-13,653,628,3877.14,3061.47,6124.61,6.61,17,0,0,7.8,0.5,-25,Stage 1
1676,term,South,home_improvement,2023-04-20,636,617,32695.88,21812.41,,5.72,11,0,0,20.7,,-19,Stage 1
1677,term,North,auto,2024-12-25,655,645,7345.39,7141.26,,8.42,12,0,0,0.2,,-10,Stage 1
1678,term,East,home_improvement,2021-09-13,559,534,3768.16,989.35,,9.76,47,0,1,40.2,,-25,Stage 2
1679,term,West,home_improvement,2021-09-05,722,717,15492.89,1549.29,,8.31,0,0,0,40.5,,-5,Stage 1
1680,term,West,home_improvement,2022-06-17,672,648,11032.92,6617.25,,9.92,11,0,0,31.0,,-24,Stage 1
1681,term,South,debt_consolidation,2021-02-10,663,644,45223.33,4522.33,,8.21,12,0,0,47.4,,-19,Stage 1
1682,revolving,West,personal,2023-03-01,663,648,17139.31,10776.77,28123.63,10.77,14,0,0,22.4,0.383,-15,Stage 1
1683,term,North,auto,2024-07-24,680,649,10743.91,9865.81,,8.56,6,0,0,5.4,,-31,Stage 2
1684,revolving,West,auto,2021-07-14,719,715,12366.09,1236.61,3264.31,4.09,0,0,0,42.2,0.379,-4,Stage 1
1685,term,South,home_improvement,2023-12-31,676,665,1535.1,1007.54,,5.4,9,0,0,12.2,,-11,Stage 1
1686,revolving,North,debt_consolidation,2024-07-17,598,587,1150.99,1004.76,2009.44,7.42,34,1,0,5.6,0.5,-11,Stage 2
1687,revolving,East,debt_consolidation,2024-09-20,714,699,2872.94,2599.91,4775.15,12.78,3,1,0,3.4,0.544,-15,Stage 2
1688,term,North,auto,2021-11-04,709,697,11248.8,3671.59,,6.13,4,0,0,38.5,,-12,Stage 1
1689,term,South,home_improvement,2024-12-21,692,679,13143.27,12837.1,,10.18,3,0,0,0.4,,-13,Stage 1
1690,revolving,South,auto,2024-05-07,744,745,17565.49,15889.12,32534.84,10.22,0,0,0,8.0,0.488,1,Stage 1
1691,term,West,home_improvement,2021-03-17,681,662,21176.78,2117.68,,5.35,14,0,0,46.2,,-19,Stage 1
1692,term,West,home_improvement,2023-02-26,746,752,1621.57,738.36,,8.19,2,0,0,22.5,,6,Stage 1
1693,term,East,personal,2023-03-06,764,758,16013.67,8671.23,,9.46,1,0,0,22.2,,-6,Stage 1
1694,term,East,home_improvement,2021-08-18,714,706,29269.16,2926.92,,8.16,5,0,0,41.1,,-8,Stage 1
1695,term,South,personal,2021-03-26,635,607,9444.11,944.41,,10.7,26,0,0,45.9,,-28,Stage 1
1696,term,South,auto,2024-03-31,672,645,53423.94,44129.63,,10.59,4,0,0,9.2,,-27,Stage 1
1697,term,South,auto,2022-02-01,754,748,12459.88,3002.03,,9.64,0,0,0,35.5,,-6,Stage 1
1698,term,East,debt_consolidation,2024-10-26,590,555,7770.2,7402.46,,11.75,46,1,1,2.2,,-35,Stage 2
1699,revolving,South,personal,2021-08-03,656,628,23319.75,2331.97,6309.33,8.99,16,0,1,41.6,0.37,-28,Stage 1
1700,term,East,auto,2023-10-22,659,641,17541.56,11088.11,,9.34,14,0,0,14.6,,-18,Stage 1
1701,revolving,South,personal,2022-01-12,628,593,30216.29,10880.81,30949.96,9.85,20,0,0,36.2,0.352,-35,Stage 2
1702,term,North,auto,2022-02-16,732,721,21028.86,2389.43,,5.71,0,0,0,35.0,,-11,Stage 1
1703,term,North,personal,2023-03-11,702,690,13223.65,8669.46,,10.74,6,0,0,22.1,,-12,Stage 1
1704,term,South,personal,2024-05-08,637,627,21661.59,18638.61,,7.16,23,0,0,7.9,,-10,Stage 1
1705,term,North,home_improvement,2024-04-21,716,705,2605.97,2219.25,,8.36,3,0,0,8.5,,-11,Stage 1
1706,term,East,auto,2022-02-14,670,658,18565.28,10996.31,,10.64,7,0,0,35.1,,-12,Stage 1
1707,term,West,debt_consolidation,2024-11-22,626,591,12036.6,11814.01,,10.34,19,0,0,1.3,,-35,Stage 2
1708,term,North,home_improvement,2021-08-04,637,604,4157.51,415.75,,4.74,17,0,0,41.5,,-33,Stage 2
1709,term,West,debt_consolidation,2023-01-22,706,703,20627.59,10816.06,,4.76,6,0,0,23.7,,-3,Stage 1
1710,term,North,personal,2021-12-15,736,722,27393.66,12741.76,,6.01,0,0,0,37.1,,-14,Stage 1
1711,term,East,home_improvement,2023-04-11,650,621,10096.67,6343.67,,9.6,10,0,0,21.0,,-29,Stage 1
1712,term,North,personal,2022-10-16,712,691,6270.49,3074.66,,12.92,4,0,0,26.9,,-21,Stage 1
1713,revolving,North,auto,2023-10-19,774,768,24780.2,17720.67,33964.16,7.56,4,0,0,14.7,0.522,-6,Stage 1
1714,term,South,auto,2023-12-01,604,585,6135.48,4612.07,,6.18,24,0,0,13.2,,-19,Stage 1
1715,term,West,debt_consolidation,2021-01-03,701,667,13273.05,1327.3,,6.19,3,0,0,48.6,,-34,Stage 2
1716,revolving,West,auto,2024-01-23,729,747,12817.41,10293.09,17880.48,10.31,2,0,0,11.5,0.576,18,Stage 1
1717,term,East,debt_consolidation,2023-12-19,674,659,5862.28,4243.98,,12.23,5,0,0,12.6,,-15,Stage 1
1718,term,East,personal,2023-01-10,754,740,3841.18,2078.08,,12.05,1,0,0,24.1,,-14,Stage 1
1719,revolving,West,home_improvement,2022-02-11,811,812,22812.92,7351.76,12679.98,6.98,6,0,0,35.2,0.58,1,Stage 1
1720,term,South,auto,2021-01-18,700,678,16661.51,1666.15,,4.45,7,0,0,48.1,,-22,Stage 1
1721,term,South,personal,2023-01-21,665,650,9051.21,5507.79,,9.25,12,0,0,23.7,,-15,Stage 1
1722,term,West,home_improvement,2022-08-09,738,723,9328.97,5889.61,,13.45,1,0,1,29.2,,-15,Stage 1
1723,term,North,personal,2023-06-07,730,723,17594.02,11666.81,,10.3,3,0,0,19.1,,-7,Stage 1
1724,term,West,debt_consolidation,2021-11-28,528,488,8315.77,4359.91,,4.93,75,0,1,37.7,,-40,Stage 2
1725,term,North,personal,2023-10-10,679,670,11029.14,6670.62,,8.8,8,0,0,15.0,,-9,Stage 1
1726,term,West,debt_consolidation,2021-06-18,656,655,7717.43,2833.17,,5.97,12,0,0,43.1,,-1,Stage 1
1727,term,North,debt_consolidation,2023-02-15,703,684,10187.16,5236.87,,9.99,4,0,0,22.9,,-19,Stage 1
1728,revolving,South,auto,2023-04-29,668,651,10854.73,7768.62,19640.48,8.87,12,1,0,20.4,0.396,-17,Stage 2
1729,revolving,West,debt_consolidation,2023-07-30,674,665,18111.38,14614.98,28001.37,8.18,16,0,0,17.4,0.522,-9,Stage 1
1730,term,East,debt_consolidation,2021-07-25,628,618,7401.15,2306.03,,7.11,23,0,0,41.9,,-10,Stage 1
1731,term,North,personal,2022-06-05,724,719,25825.53,2582.55,,10.28,2,0,0,31.4,,-5,Stage 1
1732,term,South,debt_consolidation,2023-10-15,779,770,17762.99,10009.14,,12.58,1,0,0,14.8,,-9,Stage 1
1733,term,East,debt_consolidation,2024-10-01,629,595,12130.7,11406.66,,13.85,28,0,1,3.1,,-34,Stage 2
1734,term,South,personal,2021-10-31,596,573,10357.94,3311.21,,10.24,31,0,0,38.6,,-23,Stage 2
1735,term,North,home_improvement,2021-04-25,681,673,9171.97,917.2,,12.81,8,0,0,44.9,,-8,Stage 1
1736,revolving,West,auto,2022-10-26,678,668,22741.29,11452.93,24379.11,5.97,12,0,0,26.6,0.47,-10,Stage 1
1737,term,South,personal,2021-03-28,750,751,8322.38,4380.22,,7.99,2,0,0,45.8,,1,Stage 1
1738,term,West,debt_consolidation,2024-01-24,606,569,1708.44,1139.49,,6.12,30,0,0,11.4,,-37,Stage 2
1739,term,West,personal,2023-01-13,647,622,8114.17,2887.2,,7.53,19,0,0,24.0,,-25,Stage 1
1740,term,South,home_improvement,2022-03-04,551,517,30854.09,5581.08,,5.92,59,0,0,34.5,,-34,Stage 2
1741,revolving,South,personal,2022-03-26,762,761,4928.27,492.83,1101.24,13.89,4,0,0,33.7,0.448,-1,Stage 1
1742,revolving,South,personal,2023-02-25,695,685,36260.57,25696.36,71839.72,7.88,6,1,0,22.5,0.358,-10,Stage 2
1743,revolving,West,personal,2022-12-16,652,637,8765.73,5583.38,11618.61,8.58,14,0,0,24.9,0.481,-15,Stage 1
1744,term,East,personal,2021-01-02,600,555,8352.31,3621.45,,4.36,38,0,0,48.7,,-45,Stage 2
1745,term,North,debt_consolidation,2024-01-07,606,568,40766.25,26826.81,,3.0,31,1,0,12.0,,-38,Stage 2
1746,term,East,personal,2024-09-09,704,693,14567.24,13647.91,,14.1,5,0,0,3.8,,-11,Stage 1
1747,term,West,home_improvement,2023-01-13,613,591,21644.43,6817.18,,8.28,22,0,0,24.0,,-22,Stage 1
1748,term,South,personal,2024-01-27,686,670,5798.18,4507.24,,15.88,9,1,0,11.3,,-16,Stage 2
1749,revolving,South,personal,2021-04-20,802,807,9581.87,958.19,1984.02,8.55,5,0,0,45.1,0.483,5,Stage 1
1750,term,North,debt_consolidation,2022-11-10,659,648,1201.6,415.97,,5.27,13,0,0,26.1,,-11,Stage 1
1751,term,North,debt_consolidation,2022-01-06,622,588,7764.73,3222.1,,9.07,20,0,0,36.4,,-34,Stage 2
1752,term,East,personal,2024-09-22,702,673,9828.71,9196.57,,9.22,1,1,0,3.4,,-29,Stage 2
1753,term,East,debt_consolidation,2023-06-09,606,577,9123.69,4249.48,,9.43,26,0,0,19.1,,-29,Stage 1
1754,term,North,debt_consolidation,2022-08-22,783,789,10957.14,2860.37,,8.79,3,0,0,28.8,,6,Stage 1
1755,revolving,West,personal,2023-11-12,764,763,9551.48,6726.91,13001.73,4.46,1,0,0,13.9,0.517,-1,Stage 1
1756,revolving,East,debt_consolidation,2022-12-23,670,651,1541.75,849.88,1860.54,4.4,8,1,0,24.7,0.457,-19,Stage 2
1757,revolving,South,auto,2021-11-01,626,616,7478.73,747.87,1150.71,12.49,13,0,0,38.6,0.65,-10,Stage 1
1758,term,South,auto,2023-07-13,654,657,13469.99,10855.49,,14.9,16,0,0,17.9,,3,Stage 1
1759,term,West,auto,2024-07-19,662,652,15792.33,13576.67,,8.14,10,0,0,5.5,,-10,Stage 1
1760,term,North,debt_consolidation,2023-04-16,703,707,29549.59,16167.44,,3.51,2,1,0,20.9,,4,Stage 2
1761,term,East,auto,2022-03-22,742,720,1233.07,123.31,,12.61,1,0,0,33.9,,-22,Stage 1
1762,revolving,South,home_improvement,2023-07-21,617,595,7851.88,4403.13,8205.48,6.46,22,0,0,17.7,0.537,-22,Stage 1
1763,term,North,auto,2021-10-05,740,728,22389.79,10985.62,,10.04,1,0,0,39.5,,-12,Stage 1
1764,term,East,home_improvement,2022-01-12,717,714,12843.69,1284.37,,7.43,2,0,0,36.2,,-3,Stage 1
1765,term,West,debt_consolidation,2021-08-20,649,618,8081.88,2608.59,,7.52,17,0,0,41.0,,-31,Stage 2
1766,term,South,auto,2022-08-15,614,590,24139.91,12364.38,,6.41,29,1,0,29.0,,-24,Stage 2
1767,revolving,West,home_improvement,2022-03-02,686,666,12550.44,3983.42,11220.93,13.19,9,0,0,34.5,0.355,-20,Stage 1
1768,term,West,debt_consolidation,2023-12-15,616,601,20252.91,14384.85,,10.36,33,0,0,12.8,,-15,Stage 2
1769,term,West,auto,2022-03-17,741,729,11417.45,7437.78,,9.99,0,0,0,34.0,,-12,Stage 1
1770,term,East,personal,2021-02-03,612,573,1321.83,132.18,,9.11,28,0,0,47.6,,-39,Stage 2
1771,term,West,auto,2021-11-25,712,706,30070.71,4346.73,,10.16,4,0,0,37.8,,-6,Stage 1
1772,revolving,East,auto,2023-04-25,675,668,10359.14,6473.24,18471.93,5.45,7,1,0,20.6,0.35,-7,Stage 2
1773,revolving,East,auto,2022-03-30,646,618,2844.9,635.35,1020.16,10.57,19,0,0,33.6,0.623,-28,Stage 1
1774,revolving,West,personal,2024-11-12,673,664,7636.09,7335.44,17461.39,12.63,12,0,0,1.7,0.42,-9,Stage 1
1775,revolving,West,home_improvement,2023-02-03,744,739,5303.55,4021.27,9869.54,9.66,0,0,0,23.3,0.407,-5,Stage 1
1776,term,North,home_improvement,2024-12-24,608,585,1000.0,987.93,,11.6,31,0,1,0.3,,-23,Stage 2
1777,term,South,personal,2024-02-23,655,615,9315.42,7257.03,,7.78,13,0,0,10.4,,-40,Stage 2
1778,term,North,auto,2022-06-07,634,625,1397.68,604.01,,10.23,15,0,0,31.3,,-9,Stage 1
1779,term,South,auto,2022-04-27,677,665,9258.16,3384.11,,7.84,8,0,0,32.7,,-12,Stage 1
1780,revolving,South,auto,2021-11-13,638,620,14429.15,6589.1,16517.72,4.06,23,0,0,38.2,0.399,-18,Stage 1
1781,term,North,home_improvement,2021-05-02,573,548,14187.81,1418.78,,8.29,44,0,0,44.7,,-25,Stage 2
1782,revolving,North,home_improvement,2022-08-04,616,595,6761.12,3384.71,7553.21,12.38,32,1,0,29.4,0.448,-21,Stage 2
1783,term,South,personal,2024-08-29,778,791,3797.7,3620.8,,5.0,0,0,0,4.2,,13,Stage 1
1784,term,South,debt_consolidation,2022-05-02,694,692,21635.96,5615.26,,13.9,3,0,0,32.5,,-2,Stage 1
1785,term,South,personal,2023-11-02,692,674,16313.54,11301.92,,7.35,7,0,0,14.2,,-18,Stage 1
1786,revolving,East,home_improvement,2021-05-05,663,673,7957.03,795.7,2348.47,10.69,20,1,0,44.6,0.339,10,Stage 2
1787,term,South,auto,2022-10-21,676,668,2359.15,1635.89,,13.55,8,0,0,26.8,,-8,Stage 1
1788,term,West,auto,2024-01-06,654,655,4682.51,3250.49,,14.48,12,0,0,12.0,,1,Stage 1
1789,term,West,auto,2022-08-03,711,703,36917.2,18816.8,,13.82,3,1,0,29.4,,-8,Stage 2
1790,term,West,auto,2022-12-19,686,673,20418.67,5704.73,,6.72,8,0,0,24.8,,-13,Stage 1
1791,term,North,debt_consolidation,2024-06-13,609,572,14586.19,12382.09,,12.43,34,0,0,6.7,,-37,Stage 2
1792,revolving,North,personal,2023-02-09,695,664,5289.24,2422.3,4021.59,7.22,7,0,0,23.1,0.602,-31,Stage 2
1793,term,North,personal,2024-07-01,532,498,5377.77,4662.75,,6.18,71,0,0,6.1,,-34,Stage 2
1794,term,South,home_improvement,2023-06-23,704,689,22274.95,14385.32,,7.24,3,0,0,18.6,,-15,Stage 1
1795,term,West,personal,2022-02-10,595,573,32323.74,13226.22,,12.79,28,0,0,35.2,,-22,Stage 1
1796,term,South,debt_consolidation,2024-06-20,674,652,22510.18,20582.13,,7.59,13,0,0,6.5,,-22,Stage 1
1797,revolving,East,debt_consolidation,2021-10-04,608,591,9053.45,1058.36,2828.08,6.66,34,0,0,39.5,0.374,-17,Stage 2
1798,term,East,debt_consolidation,2024-05-28,680,674,6149.2,4812.35,,13.8,8,0,0,7.3,,-6,Stage 1
1799,term,North,auto,2024-06-02,714,721,4851.88,4224.38,,8.59,5,0,0,7.1,,7,Stage 1
1800,term,East,home_improvement,2023-07-14,770,791,8441.25,6187.19,,10.96,0,0,0,17.9,,21,Stage 1
1801,revolving,West,debt_consolidation,2024-01-30,587,567,5352.94,3792.04,9923.11,6.18,45,0,0,11.2,0.382,-20,Stage 2
1802,revolving,East,personal,2023-05-04,738,751,12516.77,5236.0,7957.3,7.81,2,0,0,20.3,0.658,13,Stage 1
1803,term,North,personal,2022-05-22,687,677,11363.14,1136.31,,8.39,5,0,0,31.8,,-10,Stage 1
1804,term,South,personal,2024-09-16,652,636,43642.12,39424.35,,7.26,15,0,0,3.6,,-16,Stage 1
1805,term,East,debt_consolidation,2021-08-25,725,706,22576.59,3970.62,,8.76,3,0,0,40.8,,-19,Stage 1
1806,revolving,West,debt_consolidation,2023-09-21,665,649,12669.59,7320.88,10992.67,6.33,12,0,0,15.6,0.666,-16,Stage 1
1807,term,West,personal,2024-09-24,723,711,43372.76,41730.56,,8.77,1,0,0,3.3,,-12,Stage 1
1808,term,West,debt_consolidation,2023-01-22,620,588,16286.35,6199.07,,12.42,33,0,0,23.7,,-32,Stage 2
1809,term,South,personal,2022-05-21,642,607,5055.53,3139.09,,3.98,19,0,1,31.9,,-35,Stage 2
1810,term,West,auto,2021-06-14,736,728,21473.81,2147.38,,8.6,0,0,0,43.2,,-8,Stage 1
1811,term,North,debt_consolidation,2023-04-26,769,755,3850.64,2530.32,,7.56,1,0,0,20.5,,-14,Stage 1
1812,revolving,North,auto,2022-12-29,677,660,1667.82,802.29,1772.1,7.27,4,0,0,24.5,0.453,-17,Stage 1
1813,term,West,auto,2024-05-26,512,483,15889.04,14011.97,,14.86,81,0,1,7.3,,-29,Stage 2
1814,term,East,debt_consolidation,2022-01-11,668,643,18021.91,10753.27,,13.34,13,0,0,36.2,,-25,Stage 1
1815,term,West,personal,2023-11-02,681,654,21525.27,13619.39,,7.53,10,0,0,14.2,,-27,Stage 1
1816,revolving,North,home_improvement,2024-12-26,666,636,17911.56,17688.92,31388.68,4.93,14,0,0,0.2,0.564,-30,Stage 2
1817,term,North,auto,2021-03-24,700,681,15369.46,1536.95,,13.56,4,0,0,46.0,,-19,Stage 1
1818,revolving,North,debt_consolidation,2022-03-07,651,626,7054.96,3164.92,8963.65,10.2,18,0,0,34.4,0.353,-25,Stage 1
1819,term,East,auto,2022-04-23,730,709,13881.66,3587.54,,5.53,2,0,0,32.8,,-21,Stage 1
1820,term,East,personal,2023-02-22,609,594,21585.56,12532.69,,6.27,29,0,1,22.6,,-15,Stage 1
1821,term,East,debt_consolidation,2022-01-04,754,755,15348.31,1534.83,,9.32,1,0,0,36.4,,1,Stage 1
1822,term,North,home_improvement,2023-08-13,773,755,19090.25,11172.11,,14.26,1,0,0,16.9,,-18,Stage 1
1823,term,South,debt_consolidation,2021-05-21,625,592,18647.17,6361.84,,7.9,21,0,1,44.0,,-33,Stage 2
1824,revolving,West,auto,2022-12-21,625,611,23656.06,6519.44,19552.97,10.36,27,0,0,24.7,0.333,-14,Stage 1
1825,term,West,debt_consolidation,2024-11-27,704,679,2557.3,2512.26,,7.23,4,0,0,1.2,,-25,Stage 1
1826,term,North,debt_consolidation,2023-10-13,608,574,15591.18,12543.46,,10.42,26,0,0,14.9,,-34,Stage 2
1827,term,East,auto,2021-10-15,650,629,42145.49,4214.55,,4.11,18,0,0,39.1,,-21,Stage 1
1828,revolving,South,home_improvement,2021-12-21,746,732,13369.06,7620.34,20963.42,10.92,0,0,0,36.9,0.364,-14,Stage 1
1829,revolving,South,personal,2021-12-09,724,736,13482.79,4854.02,9005.35,9.72,2,0,0,37.3,0.539,12,Stage 1
1830,term,East,debt_consolidation,2021-05-29,798,803,9609.56,960.96,,6.52,3,0,0,43.8,,5,Stage 1
1831,revolving,West,home_improvement,2021-07-29,690,679,9060.37,906.04,2592.62,3.0,6,0,0,41.7,0.349,-11,Stage 1
1832,term,West,personal,2024-02-10,643,623,35202.88,29160.5,,13.88,21,0,0,10.9,,-20,Stage 1
1833,term,South,auto,2022-10-16,683,677,1304.97,491.73,,3.78,9,1,0,26.9,,-6,Stage 2
1834,revolving,South,home_improvement,2023-09-03,670,657,14803.5,12288.94,22548.57,12.79,10,0,0,16.2,0.545,-13,Stage 1
1835,revolving,East,home_improvement,2022-06-20,671,650,9857.53,2464.64,5014.83,6.52,8,0,0,30.9,0.491,-21,Stage 1
1836,term,West,debt_consolidation,2023-12-09,678,646,1955.3,1237.29,,10.14,10,0,0,13.0,,-32,Stage 2
1837,term,South,auto,2021-11-27,624,595,21495.35,10764.43,,10.84,24,0,0,37.7,,-29,Stage 1
1838,term,West,debt_consolidation,2021-12-31,696,680,11197.92,1119.79,,13.97,6,0,0,36.6,,-16,Stage 1
1839,revolving,South,auto,2021-01-11,595,574,14605.44,1460.54,3018.51,5.75,45,0,0,48.4,0.484,-21,Stage 2
1840,term,East,personal,2024-04-26,636,625,8458.91,6909.49,,8.88,16,0,0,8.3,,-11,Stage 1
1841,term,West,debt_consolidation,2022-05-24,672,656,16523.81,3866.85,,6.11,5,0,1,31.8,,-16,Stage 1
1842,term,South,auto,2022-08-03,544,512,18200.19,5306.42,,5.87,73,1,0,29.4,,-32,Stage 2
1843,term,South,auto,2024-01-19,726,705,4620.8,3574.75,,9.28,0,0,0,11.6,,-21,Stage 1
1844,term,South,home_improvement,2022-09-14,556,516,4601.86,2130.16,,11.52,55,0,1,28.0,,-40,Stage 2
1845,revolving,South,debt_consolidation,2023-06-20,720,692,8432.32,5936.51,10476.27,16.46,4,0,0,18.7,0.567,-28,Stage 1
1846,term,East,debt_consolidation,2022-12-19,602,571,32086.11,21535.17,,8.34,32,0,0,24.8,,-31,Stage 2
1847,term,West,personal,2023-11-22,655,640,8804.46,5581.91,,8.79,15,0,0,13.5,,-15,Stage 1
1848,term,West,auto,2021-11-23,711,707,8605.92,860.59,,8.98,1,0,0,37.8,,-4,Stage 1
1849,revolving,North,home_improvement,2021-03-15,811,807,7156.27,715.63,1854.29,9.49,6,0,0,46.3,0.386,-4,Stage 1
1850,term,West,auto,2021-09-08,686,683,36837.15,3683.71,,9.76,9,0,0,40.4,,-3,Stage 1
1851,term,North,auto,2022-03-26,561,545,13597.16,5726.28,,5.53,42,1,0,33.7,,-16,Stage 2
1852,revolving,South,auto,2023-06-25,737,738,25190.47,16368.82,44361.77,3.0,0,0,0,18.5,0.369,1,Stage 1
1853,revolving,East,debt_consolidation,2021-12-21,666,661,26847.54,2684.75,6524.6,8.19,11,0,0,36.9,0.411,-5,Stage 1
1854,revolving,East,auto,2022-06-17,684,660,5059.45,2894.46,8542.79,14.88,2,0,0,31.0,0.339,-24,Stage 1
1855,revolving,South,personal,2021-10-23,713,688,6417.82,921.47,2529.95,9.22,0,0,0,38.9,0.364,-25,Stage 1
1856,term,North,home_improvement,2021-10-25,546,522,14485.06,1448.51,,8.6,63,0,1,38.8,,-24,Stage 2
1857,revolving,South,home_improvement,2024-09-13,680,679,4878.88,4431.63,10928.82,8.93,4,0,0,3.7,0.405,-1,Stage 1
1858,term,East,auto,2021-10-29,655,653,6259.9,625.99,,6.9,20,0,0,38.7,,-2,Stage 1
1859,revolving,East,home_improvement,2022-05-27,753,731,9134.31,4720.53,10280.87,8.7,2,0,0,31.7,0.459,-22,Stage 1
1860,revolving,West,auto,2024-09-23,723,714,6485.78,6010.51,15037.33,9.14,0,0,0,3.3,0.4,-9,Stage 1
1861,revolving,North,debt_consolidation,2022-08-08,582,543,3950.1,632.4,1165.79,9.12,48,1,0,29.2,0.542,-39,Stage 2
1862,term,West,home_improvement,2022-01-09,755,748,7305.49,730.55,,9.33,1,0,0,36.3,,-7,Stage 1
1863,term,East,debt_consolidation,2024-01-23,706,703,12480.1,9354.48,,9.31,3,0,0,11.5,,-3,Stage 1
1864,term,East,debt_consolidation,2021-05-12,587,564,5399.82,1704.11,,8.81,38,0,0,44.3,,-23,Stage 2
1865,revolving,West,personal,2023-06-29,683,654,7604.3,4726.24,13511.96,12.41,8,0,0,18.4,0.35,-29,Stage 1
1866,revolving,West,personal,2021-02-22,742,734,9791.72,1925.02,5664.31,14.68,2,0,0,47.0,0.34,-8,Stage 1
1867,term,East,home_improvement,2021-08-17,607,577,37556.85,3755.68,,3.93,38,0,0,41.1,,-30,Stage 2
1868,term,West,auto,2022-10-02,762,767,6072.74,2474.93,,7.33,0,0,0,27.4,,5,Stage 1
1869,term,West,auto,2024-05-20,589,555,29372.07,26488.85,,3.0,35,0,1,7.5,,-34,Stage 2
1870,revolving,North,auto,2023-03-08,632,612,1268.91,762.56,1825.37,10.49,25,0,0,22.2,0.418,-20,Stage 1
1871,revolving,East,auto,2023-03-02,623,597,20865.55,7320.67,16407.36,12.74,24,0,0,22.4,0.446,-26,Stage 1
1872,term,South,personal,2022-05-10,762,776,18161.51,3049.42,,9.33,1,0,0,32.2,,14,Stage 1
1873,term,North,auto,2023-05-03,650,638,20804.19,13064.3,,9.37,19,0,0,20.3,,-12,Stage 1
1874,revolving,South,auto,2022-11-02,610,585,19063.14,5349.02,9464.26,7.27,35,1,1,26.4,0.565,-25,Stage 2
1875,revolving,West,debt_consolidation,2024-06-10,706,691,23803.8,20612.33,33705.74,9.56,1,0,0,6.8,0.612,-15,Stage 1
1876,term,West,auto,2023-12-31,719,709,8923.57,6762.94,,8.78,3,0,0,12.2,,-10,Stage 1
1877,term,South,auto,2021-07-08,720,732,29749.0,2974.9,,12.25,2,0,0,42.4,,12,Stage 1
1878,term,West,personal,2022-10-25,663,652,6335.26,2177.64,,15.12,7,0,1,26.6,,-11,Stage 1
1879,term,West,home_improvement,2021-01-08,695,685,1510.22,760.54,,13.67,6,0,1,48.5,,-10,Stage 1
1880,term,North,debt_consolidation,2021-11-28,640,627,1951.41,640.32,,15.8,21,1,0,37.7,,-13,Stage 2
1881,term,South,debt_consolidation,2023-11-06,780,784,13512.87,11586.62,,10.96,2,0,0,14.1,,4,Stage 1
1882,revolving,North,home_improvement,2022-10-28,748,749,16965.54,7513.34,20325.96,10.01,2,0,0,26.5,0.37,1,Stage 1
1883,term,South,debt_consolidation,2022-10-31,744,745,21656.81,10855.36,,8.95,0,0,0,26.4,,1,Stage 1
1884,revolving,North,auto,2024-01-22,727,709,13110.49,10847.72,29456.82,10.12,2,0,0,11.5,0.368,-18,Stage 1
1885,term,East,auto,2024-07-09,711,687,6826.73,5635.8,,10.01,1,0,0,5.9,,-24,Stage 1
1886,term,East,home_improvement,2021-06-10,605,587,21260.48,9650.25,,12.97,34,0,0,43.4,,-18,Stage 2
1887,term,South,personal,2021-12-17,717,711,12022.01,1202.2,,8.47,2,0,0,37.0,,-6,Stage 1
1888,term,East,personal,2024-04-12,686,667,6533.36,4879.92,,5.86,6,0,0,8.8,,-19,Stage 1
1889,revolving,North,debt_consolidation,2021-11-13,755,743,16175.72,1617.57,3692.44,8.91,0,0,0,38.2,0.438,-12,Stage 1
1890,revolving,South,personal,2023-07-26,728,725,11741.72,7828.55,18625.41,6.23,1,0,0,17.5,0.42,-3,Stage 1
1891,term,East,personal,2021-01-18,713,708,67253.93,6725.39,,8.36,5,0,0,48.1,,-5,Stage 1
1892,term,East,personal,2022-05-01,578,535,53531.41,35693.58,,3.83,44,0,0,32.5,,-43,Stage 2
1893,revolving,South,personal,2022-01-02,674,659,6038.9,2515.43,3937.73,9.11,6,0,0,36.5,0.639,-15,Stage 1
1894,term,East,personal,2021-12-17,646,625,1828.72,960.07,,6.35,20,0,0,37.0,,-21,Stage 1
1895,term,East,personal,2022-06-12,695,680,4924.41,2917.03,,11.24,6,0,0,31.1,,-15,Stage 1
1896,revolving,South,personal,2023-05-22,655,626,2249.43,1149.32,2808.92,7.87,10,0,0,19.7,0.409,-29,Stage 1
1897,term,East,debt_consolidation,2024-12-29,663,639,18050.88,17772.9,,3.25,17,0,0,0.1,,-24,Stage 1
1898,term,East,auto,2023-07-22,707,693,27722.55,18983.16,,7.78,4,0,0,17.6,,-14,Stage 1
1899,term,East,personal,2021-09-27,654,617,4954.78,611.28,,8.75,11,0,0,39.7,,-37,Stage 2
1900,revolving,East,auto,2023-05-21,687,684,26145.35,12914.43,19722.16,10.0,3,0,0,19.7,0.655,-3,Stage 1
1901,term,West,home_improvement,2023-12-28,588,560,3583.24,2886.6,,10.59,35,0,0,12.3,,-28,Stage 2
1902,term,South,auto,2023-11-20,630,603,25539.56,16301.11,,6.58,29,0,0,13.6,,-27,Stage 1
1903,revolving,West,home_improvement,2021-11-12,719,699,5774.34,1205.09,2710.48,6.72,4,0,0,38.2,0.445,-20,Stage 1
1904,term,West,debt_consolidation,2023-01-07,606,584,12693.6,5283.94,,8.91,32,0,0,24.2,,-22,Stage 2
1905,revolving,North,auto,2021-06-13,754,732,21717.37,2171.74,4562.37,9.91,1,0,0,43.3,0.476,-22,Stage 1
1906,term,West,home_improvement,2023-07-15,738,738,8964.84,4498.41,,10.42,1,0,0,17.9,,0,Stage 1
1907,revolving,West,auto,2021-11-16,663,654,3299.4,329.94,605.29,11.85,14,0,1,38.1,0.545,-9,Stage 1
1908,term,North,debt_consolidation,2023-11-04,850,850,46334.06,28331.46,,3.97,7,0,0,14.1,,0,Stage 1
1909,term,East,auto,2021-10-06,754,726,3318.07,331.81,,11.91,0,0,0,39.4,,-28,Stage 1
1910,term,East,home_improvement,2022-03-08,623,595,37299.06,21380.94,,11.46,32,0,0,34.3,,-28,Stage 2
1911,term,West,personal,2022-10-30,724,712,17754.15,11590.93,,11.55,2,0,0,26.5,,-12,Stage 1
1912,revolving,North,personal,2022-09-26,683,667,28011.54,7557.12,18668.9,8.33,7,0,0,27.6,0.405,-16,Stage 1
1913,revolving,East,personal,2024-07-10,633,630,19234.7,16705.59,41356.43,9.76,16,0,0,5.8,0.404,-3,Stage 1
1914,term,North,debt_consolidation,2022-06-06,615,595,3450.2,2302.11,,10.48,26,0,0,31.3,,-20,Stage 1
1915,term,South,personal,2023-08-22,739,749,2353.25,1837.89,,8.45,0,0,0,16.6,,10,Stage 1
1916,revolving,South,debt_consolidation,2024-04-10,644,632,6806.51,5143.94,14155.37,11.85,22,0,0,8.9,0.363,-12,Stage 1
1917,revolving,South,personal,2021-12-24,673,661,1128.75,244.93,643.36,5.46,8,0,0,36.8,0.381,-12,Stage 1
1918,term,South,debt_consolidation,2023-11-03,624,603,13127.41,10845.28,,11.16,25,0,0,14.2,,-21,Stage 1
1919,term,West,debt_consolidation,2022-12-26,635,594,13696.8,9958.28,,10.48,15,1,0,24.6,,-41,Stage 2
1920,term,South,auto,2022-11-04,672,635,9955.59,2103.6,,13.56,17,0,0,26.3,,-37,Stage 2
1921,term,South,personal,2021-08-20,703,699,4897.34,1702.84,,14.82,4,0,0,41.0,,-4,Stage 1
1922,term,North,auto,2022-04-16,524,488,15163.43,3541.73,,8.42,74,0,0,33.0,,-36,Stage 2
1923,term,East,home_improvement,2024-03-29,681,677,5784.84,4896.36,,13.61,3,0,0,9.3,,-4,Stage 1
1924,term,North,personal,2022-10-01,635,599,12283.58,3777.39,,9.91,16,0,0,27.4,,-36,Stage 2
1925,revolving,West,personal,2022-07-14,764,764,5539.88,846.41,1928.69,9.99,0,0,0,30.1,0.439,0,Stage 1
1926,term,South,personal,2024-07-08,850,850,8576.54,7590.45,,10.19,10,0,0,5.9,,0,Stage 1
1927,term,East,personal,2022-07-27,658,634,62343.97,10376.35,,4.98,19,0,0,29.6,,-24,Stage 1
1928,term,East,auto,2022-08-25,576,537,23169.51,12598.94,,12.41,53,0,0,28.7,,-39,Stage 2
1929,term,South,auto,2024-10-14,687,663,3635.32,3409.47,,4.84,5,0,0,2.6,,-24,Stage 1
1930,term,South,debt_consolidation,2021-09-12,667,643,37913.71,17721.96,,10.51,5,1,0,40.2,,-24,Stage 2
1931,term,West,auto,2022-08-25,798,794,19023.51,10801.46,,3.0,5,0,0,28.7,,-4,Stage 1
1932,term,West,debt_consolidation,2021-10-07,779,771,9458.23,945.82,,8.35,1,0,0,39.4,,-8,Stage 1
1933,term,South,home_improvement,2021-04-27,731,726,10784.64,1078.46,,8.97,1,0,0,44.8,,-5,Stage 1
1934,term,South,auto,2022-09-02,644,623,15171.37,4643.05,,10.92,19,0,0,28.4,,-21,Stage 1
1935,term,South,debt_consolidation,2024-03-31,720,698,37483.37,32957.01,,13.35,2,0,0,9.2,,-22,Stage 1
1936,revolving,South,personal,2023-05-02,695,688,17575.91,13827.24,39255.26,8.77,6,0,0,20.3,0.352,-7,Stage 1
1937,term,East,home_improvement,2021-10-25,694,669,6739.82,3689.51,,5.26,6,0,0,38.8,,-25,Stage 1
1938,revolving,West,debt_consolidation,2023-07-05,586,555,9421.33,6583.08,16957.98,7.66,53,0,0,18.2,0.388,-31,Stage 2
1939,term,South,home_improvement,2024-08-13,743,726,6872.52,6334.61,,9.71,0,0,0,4.7,,-17,Stage 1
1940,term,South,personal,2024-10-13,686,665,15549.11,15098.86,,9.46,11,0,0,2.7,,-21,Stage 1
1941,term,East,personal,2022-06-02,673,652,18702.9,1870.29,,3.78,13,1,0,31.5,,-21,Stage 2
1942,term,North,debt_consolidation,2022-01-13,643,619,18853.93,4531.95,,7.46,24,0,0,36.1,,-24,Stage 1
1943,revolving,South,debt_consolidation,2022-03-02,632,608,30227.1,18726.74,42424.09,7.4,17,0,0,34.5,0.441,-24,Stage 1
1944,revolving,East,personal,2022-06-21,699,686,18092.0,4974.98,12025.19,8.38,3,0,0,30.8,0.414,-13,Stage 1
1945,revolving,East,debt_consolidation,2022-07-07,575,557,4627.0,795.33,1675.5,10.8,57,1,1,30.3,0.475,-18,Stage 2
1946,term,North,personal,2021-06-18,727,708,31364.58,10895.14,,6.63,2,0,0,43.1,,-19,Stage 1
1947,term,West,auto,2022-05-30,616,564,10918.48,1958.9,,12.2,24,0,0,31.6,,-52,Stage 2
1948,term,West,debt_consolidation,2024-10-19,556,514,12086.36,11259.84,,11.22,68,0,0,2.5,,-42,Stage 2
1949,term,West,home_improvement,2022-03-06,789,799,8977.57,5042.03,,3.0,5,0,0,34.4,,10,Stage 1
1950,term,South,personal,2022-07-23,628,613,6112.23,2786.88,,7.75,25,0,0,29.8,,-15,Stage 1
1951,term,West,auto,2021-03-24,636,607,6546.7,2981.8,,9.64,13,1,0,46.0,,-29,Stage 2
1952,term,South,debt_consolidation,2021-11-26,748,738,23924.98,14510.23,,13.53,0,0,0,37.7,,-10,Stage 1
1953,term,South,personal,2022-11-22,791,771,13100.48,4587.36,,5.4,6,0,0,25.7,,-20,Stage 1
1954,revolving,East,auto,2024-03-02,588,552,9217.18,8126.72,16671.23,3.83,43,0,1,10.2,0.487,-36,Stage 2
1955,revolving,West,debt_consolidation,2022-04-02,622,591,30645.02,9089.14,21612.83,9.67,17,0,1,33.5,0.421,-31,Stage 2
1956,revolving,West,personal,2021-12-19,627,613,18105.82,4884.52,9647.75,5.98,24,0,0,37.0,0.506,-14,Stage 1
1957,term,West,personal,2021-12-10,736,727,10123.08,2687.78,,8.78,0,0,0,37.3,,-9,Stage 1
1958,term,South,personal,2024-01-23,778,765,33228.04,22612.08,,6.81,3,0,0,11.5,,-13,Stage 1
1959,term,South,debt_consolidation,2024-11-06,615,577,28529.1,27373.4,,11.76,21,0,0,1.9,,-38,Stage 2
1960,revolving,West,auto,2023-02-01,764,769,9274.88,2967.64,8066.41,11.23,1,0,0,23.3,0.368,5,Stage 1
1961,term,South,personal,2024-08-11,637,615,7491.28,6607.65,,7.18,21,1,0,4.8,,-22,Stage 2
1962,term,South,auto,2021-07-17,700,678,19940.38,3503.27,,13.53,2,0,0,42.1,,-22,Stage 1
1963,revolving,North,auto,2021-03-20,603,588,8816.28,3724.85,5744.59,9.19,35,0,0,46.1,0.648,-15,Stage 2
1964,term,North,home_improvement,2022-11-09,672,663,13252.64,5719.68,,9.99,8,0,0,26.1,,-9,Stage 1
1965,term,West,auto,2022-07-05,673,652,11360.29,3137.05,,7.01,12,0,0,30.4,,-21,Stage 1
1966,term,West,auto,2023-03-31,661,631,13596.22,5147.57,,6.79,7,0,0,21.4,,-30,Stage 2
1967,term,North,auto,2021-08-02,703,706,35229.3,11755.91,,13.6,5,0,0,41.6,,3,Stage 1
1968,term,South,auto,2022-10-31,619,602,13390.69,2785.64,,9.35,26,0,0,26.4,,-17,Stage 1
1969,term,South,auto,2023-09-16,626,602,21761.63,17905.36,,9.68,25,0,0,15.8,,-24,Stage 1
1970,term,East,debt_consolidation,2023-06-13,706,682,14133.99,10310.57,,7.47,3,0,0,18.9,,-24,Stage 1
1971,term,West,home_improvement,2021-06-08,760,760,13126.45,1312.64,,9.82,2,0,0,43.4,,0,Stage 1
1972,revolving,West,personal,2023-01-09,678,652,4906.14,2746.29,8183.36,9.05,10,0,0,24.1,0.336,-26,Stage 1
1973,term,West,home_improvement,2022-07-11,710,705,2280.22,234.99,,8.95,5,0,0,30.2,,-5,Stage 1
1974,term,East,home_improvement,2021-07-20,725,721,6503.83,650.38,,13.95,1,0,0,42.0,,-4,Stage 1
1975,term,East,personal,2021-01-22,729,713,1611.55,376.85,,9.4,1,0,0,48.0,,-16,Stage 1
1976,revolving,South,auto,2024-09-24,622,604,6802.56,6365.37,15773.21,5.6,25,1,0,3.3,0.404,-18,Stage 2
1977,term,North,personal,2024-06-19,633,607,13284.35,12055.09,,10.49,21,1,0,6.5,,-26,Stage 2
1978,term,North,auto,2024-06-15,638,627,8214.59,6764.02,,7.9,18,0,0,6.7,,-11,Stage 1
1979,revolving,North,personal,2024-03-18,795,790,1963.64,1721.89,2809.35,5.96,2,0,0,9.6,0.613,-5,Stage 1
1980,revolving,South,debt_consolidation,2023-02-24,710,706,72561.2,50786.3,101046.6,6.86,4,0,0,22.6,0.503,-4,Stage 1
1981,term,North,home_improvement,2021-01-07,707,722,11750.16,1175.02,,12.27,2,0,0,48.5,,15,Stage 1
1982,revolving,East,auto,2024-06-10,701,681,11502.64,9491.08,14680.94,5.92,3,0,0,6.8,0.646,-20,Stage 1
1983,term,East,home_improvement,2023-03-15,600,561,28928.21,12537.05,,6.07,34,0,0,21.9,,-39,Stage 2
1984,term,West,auto,2023-02-07,796,797,25833.19,17372.69,,9.19,5,0,0,23.1,,1,Stage 1
1985,term,North,personal,2022-08-02,708,702,11507.26,3276.95,,8.02,5,0,0,29.4,,-6,Stage 1
1986,term,East,personal,2024-01-06,723,705,12460.12,9769.37,,6.06,1,0,0,12.0,,-18,Stage 1
1987,revolving,West,personal,2022-05-04,574,544,41891.69,10534.21,31537.78,11.76,49,0,1,32.4,0.334,-30,Stage 2
1988,term,North,debt_consolidation,2023-07-15,726,709,11655.73,8729.01,,7.73,1,0,0,17.9,,-17,Stage 1
1989,term,North,personal,2021-03-28,658,625,24732.98,2473.3,,5.11,16,0,1,45.8,,-33,Stage 2
1990,revolving,East,personal,2021-08-10,600,577,7628.3,762.83,1842.6,9.9,34,0,0,41.3,0.414,-23,Stage 2
1991,revolving,West,debt_consolidation,2022-02-17,622,599,5495.41,658.9,1585.53,11.44,29,0,0,35.0,0.416,-23,Stage 1
1992,term,West,home_improvement,2022-08-07,604,568,18317.73,8265.17,,10.41,35,0,0,29.3,,-36,Stage 2
1993,term,East,home_improvement,2021-07-21,603,569,24468.21,2446.82,,10.97,32,0,1,42.0,,-34,Stage 2
1994,term,East,auto,2022-07-25,683,665,3947.62,1871.51,,10.92,6,0,0,29.7,,-18,Stage 1
1995,revolving,East,home_improvement,2024-07-23,656,636,17721.9,16205.09,26067.05,8.2,8,0,0,5.4,0.622,-20,Stage 1
1996,term,North,auto,2021-08-09,700,673,7895.17,789.52,,7.61,4,0,0,41.4,,-27,Stage 1
1997,revolving,East,auto,2021-06-06,780,772,1000.0,139.64,267.09,6.99,3,0,0,43.5,0.523,-8,Stage 1
1998,term,East,home_improvement,2024-04-19,672,667,4232.3,3615.23,,8.98,14,0,0,8.6,,-5,Stage 1
1999,term,South,home_improvement,2021-05-09,545,518,9002.46,900.25,,4.09,61,0,0,44.4,,-27,Stage 2
2000,term,East,debt_consolidation,2024-06-20,665,644,24332.7,20144.72,,5.53,9,0,0,6.5,,-21,Stage 1
2001,term,East,auto,2024-04-10,751,756,19996.0,16391.62,,12.99,1,0,0,8.9,,5,Stage 1
2002,term,North,home_improvement,2023-05-27,674,656,3725.22,2240.46,,11.69,8,0,0,19.5,,-18,Stage 1
2003,revolving,West,home_improvement,2021-09-27,771,764,18514.93,3435.72,10149.55,9.46,3,0,0,39.7,0.339,-7,Stage 1
2004,term,North,debt_consolidation,2024-12-15,707,698,5921.77,5804.64,,13.58,4,0,0,0.6,,-9,Stage 1
2005,term,South,home_improvement,2021-06-12,569,541,17229.53,1722.95,,10.15,61,0,1,43.3,,-28,Stage 2
2006,revolving,East,personal,2023-08-13,686,685,6407.6,3518.41,9619.28,9.08,5,0,0,16.9,0.366,-1,Stage 1
2007,term,East,personal,2021-01-24,697,674,39736.38,3973.64,,4.94,3,0,0,47.9,,-23,Stage 1
2008,revolving,East,auto,2022-05-12,744,745,6979.67,3294.51,9092.65,8.17,3,0,0,32.2,0.362,1,Stage 1
2009,term,East,debt_consolidation,2021-07-12,789,786,9515.88,951.59,,11.94,1,0,0,42.3,,-3,Stage 1
2010,term,East,home_improvement,2023-05-28,734,713,5921.79,4531.48,,10.68,3,0,0,19.5,,-21,Stage 1
2011,term,East,auto,2022-01-25,706,698,18697.49,6925.7,,14.87,3,0,0,35.7,,-8,Stage 1
2012,term,South,home_improvement,2022-05-12,720,706,5700.0,841.03,,9.07,3,0,0,32.2,,-14,Stage 1
2013,revolving,East,personal,2023-08-22,669,665,1965.99,1171.77,2549.37,3.0,12,0,0,16.6,0.46,-4,Stage 1
2014,term,East,home_improvement,2023-03-17,592,557,16337.49,5847.43,,10.15,25,0,0,21.9,,-35,Stage 2
2015,term,East,home_improvement,2021-05-09,682,661,15823.58,3433.88,,3.0,10,0,0,44.4,,-21,Stage 1
2016,term,South,home_improvement,2023-10-18,701,690,4722.17,3143.04,,7.56,7,0,1,14.7,,-11,Stage 1
2017,term,East,personal,2022-07-07,607,565,6064.66,1311.38,,11.68,35,0,0,30.3,,-42,Stage 2
2018,revolving,South,personal,2023-11-26,759,765,10325.06,7533.7,14337.04,14.05,0,0,0,13.4,0.525,6,Stage 1
2019,term,North,debt_consolidation,2021-12-27,740,744,19417.25,8075.15,,5.9,1,0,0,36.7,,4,Stage 1
2020,term,East,personal,2023-02-04,597,578,46846.16,33409.02,,10.2,40,0,0,23.2,,-19,Stage 2
2021,revolving,West,auto,2024-05-23,761,758,19321.55,17247.42,46191.9,13.73,1,0,0,7.4,0.373,-3,Stage 1
2022,term,South,home_improvement,2021-10-14,661,650,21038.98,11889.3,,9.29,11,0,0,39.2,,-11,Stage 1
2023,revolving,North,personal,2023-02-07,633,614,35199.5,22711.42,65460.3,7.15,19,0,0,23.1,0.347,-19,Stage 1
2024,term,South,auto,2023-07-14,744,746,21885.95,17036.52,,14.54,3,0,0,17.9,,2,Stage 1
2025,term,South,personal,2022-01-04,676,678,38636.18,23618.51,,11.98,10,0,0,36.4,,2,Stage 1
2026,term,North,home_improvement,2023-06-18,793,792,13630.0,9163.4,,9.2,5,0,0,18.8,,-1,Stage 1
2027,revolving,East,auto,2024-04-24,628,603,15942.3,13317.2,35159.81,4.41,15,0,0,8.4,0.379,-25,Stage 1
2028,revolving,East,personal,2023-12-21,576,545,6001.88,4361.51,7802.62,7.93,45,0,0,12.6,0.559,-31,Stage 2
2029,term,South,personal,2021-09-19,663,634,4902.51,490.25,,6.81,12,0,0,40.0,,-29,Stage 1
2030,term,North,auto,2023-02-27,727,719,8135.04,6097.3,,3.85,1,0,0,22.5,,-8,Stage 1
2031,term,East,debt_consolidation,2021-04-21,624,586,22454.79,10170.95,,13.05,32,0,1,45.0,,-38,Stage 2
2032,term,South,auto,2023-07-31,600,586,23330.2,16031.16,,10.72,30,0,1,17.3,,-14,Stage 2
2033,term,West,auto,2021-05-21,693,693,12630.39,1263.04,,6.87,7,0,0,44.0,,0,Stage 1
2034,revolving,North,auto,2023-01-15,592,557,27401.27,18071.64,32895.18,7.24,31,0,0,23.9,0.549,-35,Stage 2
2035,term,West,auto,2022-06-19,698,675,8912.61,5000.49,,7.63,6,0,0,30.9,,-23,Stage 1
2036,term,West,personal,2021-03-20,659,650,4396.42,2239.12,,6.0,8,0,0,46.1,,-9,Stage 1
2037,term,South,auto,2023-11-21,709,683,19446.6,13745.4,,17.54,6,0,0,13.6,,-26,Stage 1
2038,term,North,auto,2022-05-24,596,561,15359.96,4988.11,,6.85,31,0,0,31.8,,-35,Stage 2
2039,term,East,home_improvement,2023-08-29,757,742,15713.99,10514.15,,8.03,0,0,0,16.4,,-15,Stage 1
2040,term,East,personal,2021-03-07,669,656,39687.7,3968.77,,6.94,13,1,0,46.5,,-13,Stage 2
2041,revolving,South,home_improvement,2024-10-26,725,720,15639.72,14954.41,27447.84,3.62,3,0,0,2.2,0.545,-5,Stage 1
2042,term,East,personal,2021-10-14,737,732,25163.39,2516.34,,5.3,2,0,0,39.2,,-5,Stage 1
2043,term,East,debt_consolidation,2024-04-14,610,584,1000.0,847.36,,12.18,28,0,0,8.7,,-26,Stage 1
2044,term,West,debt_consolidation,2021-05-03,732,730,15300.42,1530.04,,8.02,0,0,0,44.6,,-2,Stage 1
2045,revolving,West,personal,2024-06-08,594,567,3358.54,2745.61,4579.18,10.24,42,0,0,6.9,0.6,-27,Stage 2
2046,revolving,North,debt_consolidation,2022-07-09,597,586,10801.17,7264.43,12488.92,10.37,40,0,0,30.2,0.582,-11,Stage 2
2047,term,West,debt_consolidation,2023-10-01,797,807,8448.54,6848.74,,10.38,9,0,0,15.3,,10,Stage 1
2048,revolving,East,personal,2021-01-04,746,731,34269.21,3426.92,9089.94,6.92,1,0,0,48.6,0.377,-15,Stage 1
2049,term,North,auto,2022-02-16,804,801,35689.58,11179.79,,14.07,6,0,0,35.0,,-3,Stage 1
2050,term,North,home_improvement,2021-09-07,657,636,37976.28,3797.63,,11.76,10,1,0,40.4,,-21,Stage 2
2051,term,South,personal,2024-09-30,686,662,14601.8,13593.03,,10.43,6,0,0,3.1,,-24,Stage 1
2052,term,West,personal,2024-09-18,711,710,1225.3,1132.1,,9.75,3,0,0,3.5,,-1,Stage 1
2053,term,North,personal,2022-03-29,679,671,17724.28,10357.0,,4.87,7,0,0,33.6,,-8,Stage 1
2054,revolving,East,home_improvement,2021-06-07,635,611,9247.26,5037.15,9963.31,11.49,25,0,0,43.5,0.506,-24,Stage 1
2055,revolving,North,personal,2023-04-17,626,608,14070.99,7609.28,12585.84,8.6,16,0,1,20.8,0.605,-18,Stage 1
2056,term,North,home_improvement,2023-10-11,692,674,5334.83,2972.25,,6.57,6,0,0,14.9,,-18,Stage 1
2057,term,South,home_improvement,2024-07-17,615,600,33795.79,29517.86,,5.94,34,1,0,5.6,,-15,Stage 2
2058,term,East,debt_consolidation,2024-12-12,614,588,22099.61,21553.17,,11.95,32,0,0,0.7,,-26,Stage 2
2059,term,East,auto,2023-11-19,703,671,10755.26,9119.97,,4.81,3,0,0,13.6,,-32,Stage 2
2060,term,West,debt_consolidation,2023-09-05,674,645,6507.94,3556.74,,7.8,9,0,0,16.1,,-29,Stage 1
2061,term,East,personal,2021-12-01,736,741,24115.39,3395.78,,9.48,1,0,0,37.6,,5,Stage 1
2062,term,North,personal,2024-06-15,654,633,27524.59,23014.04,,8.56,15,0,0,6.7,,-21,Stage 1
2063,revolving,East,home_improvement,2021-06-02,645,628,9224.99,922.5,2510.04,10.25,24,0,0,43.6,0.368,-17,Stage 1
2064,term,East,debt_consolidation,2023-01-19,705,691,6734.57,3007.99,,12.52,6,0,0,23.8,,-14,Stage 1
2065,term,North,home_improvement,2023-04-14,631,595,14674.33,10790.34,,10.86,17,0,0,20.9,,-36,Stage 2
2066,revolving,South,debt_consolidation,2024-02-13,640,608,17182.1,13226.11,29683.58,9.19,20,0,0,10.8,0.446,-32,Stage 2
2067,term,West,debt_consolidation,2023-03-19,642,632,4519.2,3186.21,,7.66,10,1,0,21.8,,-10,Stage 2
2068,term,West,debt_consolidation,2023-01-28,667,660,25711.98,9856.52,,4.7,18,0,0,23.5,,-7,Stage 1
2069,term,South,debt_consolidation,2024-11-23,786,771,11086.12,10836.74,,8.81,3,0,0,1.3,,-15,Stage 1
2070,term,North,debt_consolidation,2023-11-22,597,582,30232.94,25298.32,,7.88,32,0,0,13.5,,-15,Stage 2
2071,revolving,West,auto,2022-06-16,757,747,30588.92,12194.55,23126.18,10.58,1,0,0,31.0,0.527,-10,Stage 1
2072,term,South,personal,2021-02-22,724,716,28813.4,2881.34,,8.59,2,0,0,47.0,,-8,Stage 1
2073,term,South,debt_consolidation,2022-12-19,774,771,3149.64,896.09,,12.12,6,0,0,24.8,,-3,Stage 1
2074,revolving,South,debt_consolidation,2024-05-03,850,850,4127.77,3734.53,11123.09,7.68,20,0,0,8.1,0.336,0,Stage 1
2075,revolving,West,home_improvement,2024-08-21,765,769,23209.65,21674.73,47113.58,7.32,2,0,0,4.4,0.46,4,Stage 1
2076,revolving,West,personal,2021-12-11,735,723,23158.37,2315.84,4065.1,10.27,0,0,0,37.2,0.57,-12,Stage 1
2077,term,West,personal,2024-01-11,601,586,4869.5,3986.15,,9.32,35,0,1,11.9,,-15,Stage 2
2078,term,West,personal,2021-01-01,608,597,12291.79,1229.18,,10.14,29,0,0,48.7,,-11,Stage 1
2079,revolving,East,debt_consolidation,2021-06-16,701,692,26746.25,7175.03,20306.73,8.6,5,0,0,43.2,0.353,-9,Stage 1
2080,revolving,South,home_improvement,2021-11-13,578,539,19223.26,1922.33,4978.47,9.08,48,0,0,38.2,0.386,-39,Stage 2
2081,term,East,personal,2024-04-21,716,710,22822.36,18333.85,,8.11,2,0,0,8.5,,-6,Stage 1
2082,term,South,home_improvement,2023-08-23,551,514,17065.68,12724.68,,9.4,59,0,1,16.6,,-37,Stage 2
2083,term,West,auto,2023-06-17,749,740,19848.64,12302.09,,12.71,0,0,0,18.8,,-9,Stage 1
2084,revolving,West,auto,2021-09-30,660,633,12807.29,3872.53,10843.62,7.47,14,0,0,39.6,0.357,-27,Stage 1
2085,term,East,home_improvement,2022-01-08,687,687,10910.89,1091.09,,7.18,9,0,0,36.3,,0,Stage 1
2086,term,North,debt_consolidation,2024-10-17,635,613,14320.38,13272.27,,9.96,24,0,0,2.5,,-22,Stage 1
2087,term,West,personal,2023-06-19,566,549,25746.48,11303.81,,8.44,38,0,0,18.7,,-17,Stage 2
2088,term,North,auto,2021-07-20,754,756,8468.02,846.8,,13.24,3,0,0,42.0,,2,Stage 1
2089,revolving,South,auto,2024-04-30,760,748,9891.33,7581.88,12106.48,11.1,2,0,0,8.2,0.626,-12,Stage 1
2090,term,East,home_improvement,2024-09-26,658,632,4539.66,4205.79,,11.57,14,0,0,3.2,,-26,Stage 1
2091,revolving,North,debt_consolidation,2024-08-15,719,708,10998.54,9997.31,22727.02,11.84,2,1,0,4.6,0.44,-11,Stage 2
2092,revolving,North,home_improvement,2021-05-20,656,638,4626.09,462.61,1027.08,7.03,21,0,0,44.1,0.45,-18,Stage 1
2093,term,West,home_improvement,2021-11-02,697,680,28579.63,2857.96,,9.34,4,1,0,38.5,,-17,Stage 2
2094,term,North,home_improvement,2024-05-04,725,727,11979.11,9560.69,,11.03,1,0,0,8.1,,2,Stage 1
2095,term,North,home_improvement,2023-12-21,713,703,5470.79,4670.9,,9.01,4,0,0,12.6,,-10,Stage 1
2096,revolving,South,home_improvement,2021-12-26,760,759,25962.3,5989.58,16845.18,6.31,1,0,0,36.7,0.356,-1,Stage 1
2097,term,East,debt_consolidation,2021-11-03,711,690,5617.53,1724.24,,11.79,2,0,0,38.5,,-21,Stage 1
2098,term,West,home_improvement,2021-11-29,681,648,3903.0,1620.63,,8.48,8,0,0,37.6,,-33,Stage 2
2099,revolving,West,debt_consolidation,2024-01-12,634,622,1788.63,1424.7,3415.86,9.91,17,1,0,11.8,0.417,-12,Stage 2
2100,term,North,personal,2021-11-30,651,622,2269.34,824.45,,10.75,15,0,0,37.6,,-29,Stage 1
2101,revolving,South,personal,2022-06-01,728,717,11699.57,6726.51,12884.89,13.54,4,0,0,31.5,0.522,-11,Stage 1
2102,term,North,personal,2023-01-01,589,561,12759.81,6456.91,,9.61,40,0,0,24.4,,-28,Stage 2
2103,term,North,personal,2023-07-13,746,741,19998.78,9386.96,,3.0,1,1,0,17.9,,-5,Stage 2
2104,term,West,auto,2023-02-05,663,641,14531.62,9270.97,,9.55,10,0,0,23.2,,-22,Stage 1
2105,revolving,North,debt_consolidation,2024-11-18,630,600,13933.62,13644.12,39946.76,9.84,24,0,0,1.5,0.342,-30,Stage 2
2106,term,North,personal,2023-02-24,614,585,5182.23,2472.29,,4.0,27,0,0,22.6,,-29,Stage 1
2107,revolving,South,auto,2024-11-04,720,693,26794.83,26021.53,78054.4,13.42,4,0,0,1.9,0.333,-27,Stage 1
2108,revolving,West,debt_consolidation,2021-01-21,679,668,16470.42,1647.04,2619.64,3.0,6,0,0,48.0,0.629,-11,Stage 1
2109,term,East,auto,2023-05-29,775,778,11140.22,6285.09,,10.74,2,0,0,19.4,,3,Stage 1
2110,revolving,South,auto,2021-06-26,604,583,15106.17,1510.62,3430.99,4.41,20,0,1,42.8,0.44,-21,Stage 1
2111,term,South,home_improvement,2024-10-18,645,627,21509.23,20712.74,,12.21,16,0,0,2.5,,-18,Stage 1
2112,term,South,auto,2021-01-22,674,669,4647.76,464.78,,10.69,11,0,1,48.0,,-5,Stage 1
2113,term,West,auto,2023-04-17,634,625,7070.38,3500.06,,13.42,20,0,0,20.8,,-9,Stage 1
2114,revolving,North,debt_consolidation,2023-08-18,680,675,1329.02,910.57,1723.76,10.55,9,0,0,16.7,0.528,-5,Stage 1
2115,term,East,auto,2022-07-02,699,686,12407.86,6406.97,,10.06,6,0,0,30.5,,-13,Stage 1
2116,term,West,home_improvement,2021-09-07,709,697,18183.45,7294.95,,8.02,2,0,0,40.4,,-12,Stage 1
2117,term,North,personal,2022-10-23,770,768,16769.43,8338.43,,3.79,1,0,0,26.7,,-2,Stage 1
2118,term,South,personal,2023-08-10,601,569,21664.16,15457.47,,15.54,39,0,0,17.0,,-32,Stage 2
2119,term,West,debt_consolidation,2024-01-02,700,690,20438.46,14925.73,,7.55,6,0,0,12.2,,-10,Stage 1
2120,revolving,North,debt_consolidation,2024-01-20,641,622,13008.41,10289.06,27559.35,10.01,22,0,0,11.6,0.373,-19,Stage 1
2121,revolving,East,auto,2024-04-14,705,702,19344.69,16879.57,34948.24,6.53,5,1,0,8.7,0.483,-3,Stage 2
2122,term,East,debt_consolidation,2021-05-06,705,707,36007.68,3600.77,,5.78,6,0,0,44.5,,2,Stage 1
2123,revolving,North,auto,2024-05-12,620,600,25298.38,21579.89,56449.86,9.18,26,1,0,7.8,0.382,-20,Stage 2
2124,term,West,debt_consolidation,2024-06-23,625,610,23991.18,20869.28,,10.25,23,0,0,6.4,,-15,Stage 1
2125,revolving,South,personal,2022-09-03,710,699,9296.43,3083.65,8388.2,14.27,1,0,0,28.4,0.368,-11,Stage 1
2126,term,North,personal,2024-07-18,681,674,10122.26,9299.31,,12.02,11,0,0,5.6,,-7,Stage 1
2127,term,South,personal,2023-10-07,666,658,27416.15,20454.63,,9.84,15,0,0,15.1,,-8,Stage 1
2128,term,East,personal,2021-02-13,719,723,4423.3,1415.18,,8.82,2,0,0,47.3,,4,Stage 1
2129,revolving,North,auto,2022-07-02,723,695,13922.35,4190.55,9167.12,10.03,2,0,0,30.5,0.457,-28,Stage 1
2130,term,East,auto,2024-04-06,648,635,25167.69,19021.39,,8.22,13,0,0,9.0,,-13,Stage 1
2131,term,South,auto,2022-03-11,628,604,14169.52,5376.53,,9.78,26,0,0,34.2,,-24,Stage 1
2132,term,South,personal,2023-11-20,604,584,11787.35,9596.24,,6.61,28,0,0,13.6,,-20,Stage 1
2133,term,North,home_improvement,2023-03-05,682,672,21572.36,9502.61,,7.34,9,0,0,22.3,,-10,Stage 1
2134,term,North,personal,2021-12-23,594,560,18149.34,1814.93,,8.85,39,0,0,36.8,,-34,Stage 2
2135,revolving,North,personal,2024-06-25,685,654,23823.75,21707.62,42303.37,9.97,8,0,0,6.3,0.513,-31,Stage 2
2136,revolving,East,home_improvement,2021-09-10,753,751,46851.12,19259.71,32617.48,8.64,1,0,0,40.3,0.59,-2,Stage 1
2137,term,South,home_improvement,2023-02-24,658,636,10697.3,4506.09,,9.58,11,0,0,22.6,,-22,Stage 1
2138,revolving,South,debt_consolidation,2022-12-22,647,635,20137.16,11556.41,21167.18,6.26,20,0,0,24.7,0.546,-12,Stage 1
2139,term,East,personal,2024-11-06,799,798,10840.03,10334.58,,5.4,2,1,0,1.9,,-1,Stage 2
2140,revolving,North,home_improvement,2023-01-07,770,774,4602.92,2753.46,6517.77,8.85,2,0,0,24.2,0.422,4,Stage 1
2141,revolving,West,debt_consolidation,2023-06-19,634,616,11985.79,6393.42,17483.25,3.94,19,0,1,18.7,0.366,-18,Stage 1
2142,term,North,home_improvement,2024-12-13,688,660,3325.74,3244.61,,11.58,6,0,0,0.6,,-28,Stage 1
2143,revolving,West,home_improvement,2021-05-03,699,687,5421.49,542.15,827.52,4.88,6,0,0,44.6,0.655,-12,Stage 1
2144,term,West,debt_consolidation,2024-08-10,692,679,19611.95,17153.49,,7.83,11,0,0,4.8,,-13,Stage 1
2145,term,East,personal,2022-11-16,788,784,18270.23,12858.97,,10.51,2,0,0,25.9,,-4,Stage 1
2146,revolving,South,debt_consolidation,2021-05-23,685,676,31234.4,3123.44,6164.23,11.75,10,0,1,44.0,0.507,-9,Stage 1
2147,term,South,personal,2023-09-30,694,672,27576.82,19683.96,,10.93,9,0,0,15.3,,-22,Stage 1
2148,term,South,home_improvement,2023-07-27,721,727,6994.67,3944.42,,10.46,3,0,0,17.5,,6,Stage 1
2149,term,South,debt_consolidation,2022-05-26,751,732,21794.04,2179.4,,16.72,2,0,0,31.7,,-19,Stage 1
2150,revolving,East,auto,2021-02-26,736,715,18141.81,2344.53,3743.36,5.84,0,0,0,46.8,0.626,-21,Stage 1
2151,term,West,home_improvement,2021-02-11,712,707,9017.69,3006.99,,9.94,3,0,0,47.3,,-5,Stage 1
2152,term,South,debt_consolidation,2023-04-01,586,580,15332.63,8072.19,,10.9,42,0,0,21.4,,-6,Stage 2
2153,revolving,West,home_improvement,2024-02-19,650,625,6556.29,5677.71,15995.36,10.07,15,0,0,10.6,0.355,-25,Stage 1
2154,revolving,East,debt_consolidation,2021-12-09,729,725,29520.97,14721.23,33092.48,7.61,2,0,0,37.3,0.445,-4,Stage 1
2155,term,North,personal,2021-11-28,695,693,18906.71,1890.67,,10.63,5,0,0,37.7,,-2,Stage 1
2156,term,East,auto,2021-12-07,729,718,31725.16,16536.46,,10.43,2,0,0,37.4,,-11,Stage 1
2157,term,South,home_improvement,2021-12-07,793,788,13437.26,2337.53,,12.73,1,0,0,37.4,,-5,Stage 1
2158,term,North,auto,2024-12-10,609,598,6576.75,6407.05,,10.42,37,0,1,0.7,,-11,Stage 2
2159,term,East,personal,2023-04-29,748,746,2150.24,1281.43,,3.3,0,0,0,20.4,,-2,Stage 1
2160,revolving,East,debt_consolidation,2021-07-01,660,648,7651.98,765.2,1687.61,11.37,20,1,0,42.7,0.453,-12,Stage 2
2161,term,West,auto,2023-09-11,736,716,7506.63,4937.46,,7.8,0,0,0,15.9,,-20,Stage 1
2162,term,East,debt_consolidation,2024-07-11,677,666,21766.01,17983.11,,8.43,17,0,0,5.8,,-11,Stage 1
2163,term,North,personal,2024-05-18,807,819,15862.74,14465.49,,5.57,7,0,0,7.6,,12,Stage 1
2164,revolving,East,home_improvement,2022-06-07,687,678,24678.67,13375.2,21855.89,9.41,9,1,0,31.3,0.612,-9,Stage 2
2165,term,South,personal,2021-07-01,641,626,8645.37,864.54,,14.92,17,0,0,42.7,,-15,Stage 1
2166,revolving,West,auto,2021-09-08,705,710,26461.93,4845.6,14438.36,12.2,4,0,0,40.4,0.336,5,Stage 1
2167,term,North,auto,2021-05-18,699,692,11575.79,5511.39,,5.45,6,0,0,44.1,,-7,Stage 1
2168,term,North,auto,2024-05-26,748,754,7024.92,5945.07,,8.4,1,0,0,7.3,,6,Stage 1
2169,term,East,debt_consolidation,2023-01-21,706,703,2278.44,1620.57,,12.03,5,0,0,23.7,,-3,Stage 1
2170,term,South,home_improvement,2022-03-30,828,827,4291.92,856.71,,8.46,12,0,0,33.6,,-1,Stage 1
2171,term,West,auto,2023-06-02,673,660,7866.81,4368.01,,3.0,19,0,0,19.3,,-13,Stage 1
2172,term,North,auto,2021-03-28,674,664,15061.23,7240.07,,7.36,5,0,0,45.8,,-10,Stage 1
2173,term,West,auto,2021-10-20,643,600,6740.22,1662.86,,13.14,23,0,1,39.0,,-43,Stage 2
2174,revolving,East,personal,2021-04-02,685,673,48844.73,4884.47,12725.24,13.52,11,0,0,45.7,0.384,-12,Stage 1
2175,term,South,auto,2021-07-27,693,692,20907.02,2090.7,,8.47,8,0,0,41.8,,-1,Stage 1
2176,revolving,East,personal,2024-05-12,696,674,5185.54,4751.6,9372.07,8.18,4,0,0,7.8,0.507,-22,Stage 1
2177,term,West,auto,2021-07-05,684,659,9028.58,1598.93,,3.0,7,0,0,42.5,,-25,Stage 1
2178,term,East,personal,2024-01-14,643,627,10060.08,6538.18,,8.71,23,0,0,11.8,,-16,Stage 1
2179,term,West,debt_consolidation,2021-06-05,627,594,16672.85,3843.82,,7.29,32,0,0,43.5,,-33,Stage 2
2180,term,North,debt_consolidation,2021-10-20,657,650,2391.2,464.07,,3.32,18,0,0,39.0,,-7,Stage 1
2181,term,North,personal,2022-06-17,748,737,38444.32,19415.23,,6.14,0,0,0,31.0,,-11,Stage 1
2182,term,East,home_improvement,2021-06-10,761,764,46695.93,24215.15,,5.07,1,0,0,43.4,,3,Stage 1
2183,term,North,home_improvement,2024-11-10,675,650,18241.16,17353.58,,9.17,8,0,0,1.7,,-25,Stage 1
2184,term,West,personal,2023-05-01,623,621,31078.88,16755.68,,13.65,21,0,0,20.4,,-2,Stage 1
2185,term,North,debt_consolidation,2021-06-05,675,682,15554.34,1698.45,,8.54,15,0,0,43.5,,7,Stage 1
2186,revolving,South,personal,2021-05-23,805,818,10271.4,1027.14,2289.96,9.78,2,0,0,44.0,0.449,13,Stage 1
2187,revolving,South,home_improvement,2024-07-31,739,725,5440.7,5079.26,8461.81,16.39,2,0,0,5.1,0.6,-14,Stage 1
2188,revolving,East,personal,2022-07-16,713,702,17840.86,3186.41,9533.64,3.29,5,0,0,30.0,0.334,-11,Stage 1
2189,revolving,East,debt_consolidation,2021-02-04,737,710,13463.78,1346.38,3812.41,9.58,2,0,0,47.6,0.353,-27,Stage 1
2190,term,East,home_improvement,2021-08-12,772,782,22299.51,2229.95,,12.43,2,0,0,41.3,,10,Stage 1
2191,term,East,home_improvement,2022-10-30,610,587,6127.8,2492.73,,9.94,29,0,0,26.5,,-23,Stage 1
2192,revolving,West,auto,2022-01-28,656,637,20385.82,2038.58,3820.33,4.12,10,0,0,35.6,0.534,-19,Stage 1
2193,term,West,auto,2022-02-12,648,620,8577.74,857.77,,14.79,28,0,0,35.1,,-28,Stage 1
2194,term,South,home_improvement,2024-11-12,715,715,5999.76,5785.4,,11.52,3,1,0,1.7,,0,Stage 2
2195,term,West,home_improvement,2021-10-24,689,681,8016.61,801.66,,9.81,5,0,0,38.8,,-8,Stage 1
2196,term,North,personal,2021-11-19,725,717,7004.06,700.41,,4.85,1,0,0,38.0,,-8,Stage 1
2197,term,South,debt_consolidation,2021-02-08,649,634,16981.02,1698.1,,15.87,18,0,0,47.4,,-15,Stage 1
2198,revolving,East,home_improvement,2022-05-20,762,777,21918.21,13608.11,29661.27,10.76,3,0,0,31.9,0.459,15,Stage 1
2199,term,East,debt_consolidation,2023-01-23,675,650,3425.78,1211.93,,10.34,9,0,0,23.6,,-25,Stage 1
2200,term,West,home_improvement,2024-09-01,721,699,7573.23,7034.03,,10.76,3,0,0,4.1,,-22,Stage 1
2201,revolving,South,debt_consolidation,2024-02-15,751,738,20154.38,14464.13,39389.32,11.87,0,0,0,10.7,0.367,-13,Stage 1
2202,term,West,auto,2024-09-27,746,752,22713.21,20863.73,,9.34,1,0,0,3.2,,6,Stage 1
2203,term,West,home_improvement,2021-08-28,701,692,15890.95,8317.23,,8.65,3,0,0,40.7,,-9,Stage 1
2204,term,West,personal,2022-11-18,729,713,12426.01,7467.82,,3.0,2,0,0,25.8,,-16,Stage 1
2205,revolving,South,debt_consolidation,2023-01-10,784,788,6340.04,2288.84,3960.66,6.64,5,0,0,24.1,0.578,4,Stage 1
2206,revolving,East,home_improvement,2023-09-24,710,694,3958.9,2630.34,7771.91,14.94,6,0,0,15.5,0.338,-16,Stage 1
2207,term,North,auto,2022-05-02,636,617,10188.07,4740.35,,6.51,28,1,0,32.5,,-19,Stage 2
2208,revolving,East,auto,2023-02-04,714,708,10386.82,7209.56,20122.05,8.11,2,0,0,23.2,0.358,-6,Stage 1
2209,term,South,auto,2024-12-05,677,656,12145.36,11918.73,,5.54,8,0,1,0.9,,-21,Stage 1
2210,revolving,East,auto,2022-09-15,539,487,17250.9,6365.76,14866.04,10.53,69,0,0,28.0,0.428,-52,Stage 2
2211,revolving,East,home_improvement,2023-01-06,707,698,16506.7,9696.65,21338.58,8.23,5,0,0,24.2,0.454,-9,Stage 1
2212,revolving,North,personal,2021-10-25,686,670,19638.44,2854.62,8354.44,8.13,11,0,0,38.8,0.342,-16,Stage 1
2213,term,East,debt_consolidation,2023-12-12,749,737,12936.14,8566.72,,6.6,0,0,0,12.9,,-12,Stage 1
2214,revolving,East,personal,2023-01-03,634,616,6177.93,3863.96,6024.71,10.25,26,0,0,24.3,0.641,-18,Stage 1
2215,revolving,East,debt_consolidation,2023-09-28,589,568,40281.42,32982.74,78235.18,13.42,40,0,0,15.4,0.422,-21,Stage 2
2216,term,West,personal,2021-10-31,690,655,4660.29,2214.82,,3.92,8,1,0,38.6,,-35,Stage 2
2217,revolving,South,home_improvement,2024-08-04,702,691,6308.68,5843.57,11635.09,8.09,3,0,0,5.0,0.502,-11,Stage 1
2218,term,South,home_improvement,2022-10-26,685,670,16328.19,10859.49,,8.51,4,0,0,26.6,,-15,Stage 1
2219,revolving,North,debt_consolidation,2023-06-18,681,663,8504.06,5612.23,16081.4,6.71,11,0,0,18.8,0.349,-18,Stage 1
2220,term,West,home_improvement,2024-02-16,615,598,31564.27,25998.28,,12.47,40,0,0,10.7,,-17,Stage 2
2221,revolving,West,debt_consolidation,2024-12-18,671,636,13046.19,12815.62,38168.13,12.51,12,0,0,0.5,0.336,-35,Stage 2
2222,term,East,personal,2023-03-02,659,612,19368.25,11915.7,,9.69,15,0,0,22.4,,-47,Stage 2
2223,term,South,home_improvement,2022-10-09,744,722,11355.59,6735.74,,6.96,0,0,0,27.2,,-22,Stage 1
2224,term,North,home_improvement,2021-07-28,702,697,3018.41,301.84,,12.44,7,1,0,41.8,,-5,Stage 2
2225,term,West,debt_consolidation,2024-02-25,663,641,53323.18,45121.23,,8.12,8,1,0,10.4,,-22,Stage 2
2226,term,East,debt_consolidation,2024-08-09,783,779,15681.9,13512.19,,11.94,2,0,0,4.8,,-4,Stage 1
2227,term,North,debt_consolidation,2022-06-03,663,663,6167.7,2993.32,,16.33,12,0,0,31.4,,0,Stage 1
2228,term,West,debt_consolidation,2024-05-30,713,707,12370.25,9781.65,,9.0,2,0,0,7.2,,-6,Stage 1
2229,term,North,auto,2021-03-18,669,663,22349.09,8112.21,,9.47,13,0,1,46.2,,-6,Stage 1
2230,term,West,debt_consolidation,2021-12-04,777,774,2320.46,1301.28,,6.91,2,0,0,37.5,,-3,Stage 1
2231,revolving,North,auto,2023-05-13,685,649,13106.58,8879.47,26125.31,12.06,6,0,0,20.0,0.34,-36,Stage 2
2232,term,West,personal,2023-07-02,686,670,10119.85,7074.44,,9.63,4,0,0,18.3,,-16,Stage 1
2233,revolving,West,debt_consolidation,2024-07-22,671,647,4780.09,4100.4,11742.98,5.23,9,0,0,5.4,0.349,-24,Stage 1
2234,revolving,North,auto,2023-03-18,691,670,22739.4,10098.28,28509.56,6.86,5,0,0,21.8,0.354,-21,Stage 1
2235,term,West,auto,2024-02-15,751,750,6549.44,5588.42,,14.88,0,0,0,10.7,,-1,Stage 1
2236,term,West,auto,2024-08-08,730,700,29700.54,25587.91,,8.26,1,0,0,4.9,,-30,Stage 2
2237,revolving,West,home_improvement,2024-07-18,681,659,8685.84,7859.84,20910.02,5.71,11,0,0,5.6,0.376,-22,Stage 1
2238,term,North,auto,2024-03-26,782,776,20294.33,14640.0,,9.56,3,0,0,9.4,,-6,Stage 1
2239,term,North,debt_consolidation,2022-07-26,732,731,16109.89,2104.54,,7.41,3,0,0,29.7,,-1,Stage 1
2240,term,West,debt_consolidation,2024-04-22,653,655,14822.96,12882.93,,8.44,14,0,0,8.5,,2,Stage 1
2241,revolving,West,debt_consolidation,2022-02-28,597,550,12515.23,4278.48,8756.13,10.62,37,0,0,34.6,0.489,-47,Stage 2
2242,term,North,auto,2022-11-04,655,638,14240.98,4166.65,,10.01,9,0,0,26.3,,-17,Stage 1
2243,term,East,auto,2023-11-06,704,689,20185.94,15631.97,,9.1,2,0,0,14.1,,-15,Stage 1
2244,revolving,West,home_improvement,2023-07-15,715,707,30500.72,20157.23,40800.64,7.16,6,0,0,17.9,0.494,-8,Stage 1
2245,revolving,East,personal,2021-04-08,761,783,8496.87,3145.38,6851.63,3.66,0,0,0,45.5,0.459,22,Stage 1
2246,term,North,home_improvement,2021-10-27,614,576,47751.63,10868.88,,14.76,27,0,0,38.7,,-38,Stage 2
2247,term,West,debt_consolidation,2023-01-17,653,629,24674.49,15575.6,,14.58,17,0,0,23.8,,-24,Stage 1
2248,revolving,East,debt_consolidation,2024-12-16,609,597,18109.95,17887.63,40087.84,9.07,35,0,0,0.5,0.446,-12,Stage 2
2249,term,North,debt_consolidation,2024-08-23,599,578,17172.43,15385.78,,11.5,28,0,0,4.4,,-21,Stage 1
2250,term,East,home_improvement,2021-10-01,642,630,1484.33,476.08,,8.9,11,0,0,39.6,,-12,Stage 1
2251,term,South,debt_consolidation,2021-09-18,701,685,46387.25,8065.54,,6.68,5,1,0,40.0,,-16,Stage 2
2252,revolving,North,debt_consolidation,2024-06-16,726,727,21259.92,18286.93,32700.27,9.22,1,0,0,6.6,0.559,1,Stage 1
2253,term,South,debt_consolidation,2023-07-25,623,610,5900.64,3644.07,,9.42,28,0,0,17.5,,-13,Stage 1
2254,revolving,North,auto,2021-11-28,631,613,3250.13,325.01,834.42,13.47,19,0,1,37.7,0.39,-18,Stage 1
2255,revolving,North,personal,2021-04-25,573,564,21626.48,2162.65,4464.6,9.29,49,0,0,44.9,0.484,-9,Stage 2
2256,term,West,auto,2021-09-25,692,681,8879.46,887.95,,14.11,16,0,0,39.8,,-11,Stage 1
2257,term,South,auto,2021-01-12,636,620,12165.4,1216.54,,8.52,22,0,0,48.3,,-16,Stage 1
2258,term,South,personal,2021-03-14,779,773,11773.52,2014.52,,7.3,3,0,0,46.3,,-6,Stage 1
2259,term,South,personal,2023-10-13,704,697,12128.79,7463.53,,13.47,4,0,0,14.9,,-7,Stage 1
2260,term,North,home_improvement,2023-05-24,669,656,2753.53,1826.51,,13.18,12,0,0,19.6,,-13,Stage 1
2261,revolving,South,personal,2022-02-10,641,628,27640.34,9813.18,27301.68,9.23,15,0,0,35.2,0.359,-13,Stage 1
2262,term,South,home_improvement,2021-06-27,590,567,8592.21,859.22,,10.03,45,0,0,42.8,,-23,Stage 2
2263,revolving,West,home_improvement,2023-02-11,597,575,10575.36,4857.49,12454.41,9.86,46,0,0,23.0,0.39,-22,Stage 2
2264,term,East,auto,2023-08-04,642,618,7068.58,5245.83,,9.63,9,0,0,17.2,,-24,Stage 1
2265,term,East,debt_consolidation,2024-07-06,638,624,23236.96,20004.89,,7.89,17,0,0,6.0,,-14,Stage 1
2266,term,South,auto,2022-02-04,620,599,6937.44,3727.81,,16.19,32,1,0,35.4,,-21,Stage 2
2267,term,South,auto,2021-09-27,702,687,5264.73,2082.94,,7.8,3,0,0,39.7,,-15,Stage 1
2268,revolving,South,personal,2022-05-01,710,691,20537.71,13105.24,30972.29,10.67,7,0,0,32.5,0.423,-19,Stage 1
2269,term,South,personal,2021-02-28,652,642,10241.5,1024.15,,9.57,17,0,1,46.8,,-10,Stage 1
2270,term,East,home_improvement,2022-10-04,796,805,16891.78,3519.38,,3.0,3,0,0,27.3,,9,Stage 1
2271,term,West,home_improvement,2023-06-06,575,545,8106.1,3652.63,,9.35,46,0,1,19.2,,-30,Stage 2
2272,term,North,home_improvement,2021-09-23,683,656,5412.71,541.27,,8.16,8,0,0,39.9,,-27,Stage 1
2273,term,South,personal,2021-03-16,666,664,9384.59,3655.67,,7.33,12,0,1,46.2,,-2,Stage 1
2274,term,South,home_improvement,2024-01-19,646,640,24779.05,17052.66,,5.88,19,0,0,11.6,,-6,Stage 1
2275,revolving,East,home_improvement,2022-05-20,638,641,9255.67,6285.98,17793.37,14.41,17,0,0,31.9,0.353,3,Stage 1
2276,term,South,personal,2021-12-23,679,645,26276.07,2627.61,,5.66,9,0,0,36.8,,-34,Stage 2
2277,revolving,West,debt_consolidation,2021-06-03,666,647,8800.1,880.01,2157.86,8.43,15,0,0,43.6,0.408,-19,Stage 1
2278,term,West,auto,2024-05-26,656,631,18079.01,16289.12,,7.43,16,0,0,7.3,,-25,Stage 1
2279,term,South,personal,2022-05-01,602,559,11650.8,3583.18,,5.83,45,0,0,32.5,,-43,Stage 2
2280,term,East,home_improvement,2024-02-28,582,555,8904.86,6844.24,,11.3,40,0,0,10.3,,-27,Stage 2
2281,term,South,auto,2021-03-07,662,647,5895.37,1680.85,,10.33,12,0,0,46.5,,-15,Stage 1
2282,term,South,personal,2024-03-13,655,636,8484.34,6237.45,,7.51,16,0,0,9.8,,-19,Stage 1
2283,term,East,auto,2022-01-15,668,635,13874.11,3738.52,,6.24,7,0,0,36.1,,-33,Stage 2
2284,term,West,auto,2024-08-29,673,663,2835.96,2584.41,,10.57,8,0,0,4.2,,-10,Stage 1
2285,term,North,debt_consolidation,2022-02-11,648,617,5483.45,548.34,,10.31,14,0,0,35.2,,-31,Stage 2
2286,term,South,home_improvement,2024-12-01,667,661,17747.34,17323.84,,8.56,13,0,0,1.0,,-6,Stage 1
2287,revolving,West,personal,2021-10-04,628,616,4071.08,565.51,966.38,13.31,24,0,1,39.5,0.585,-12,Stage 1
2288,term,South,home_improvement,2022-09-07,771,772,12871.84,8322.29,,13.71,0,0,0,28.2,,1,Stage 1
2289,term,North,debt_consolidation,2024-12-03,632,607,21336.36,20891.85,,7.47,15,0,0,1.0,,-25,Stage 1
2290,term,East,debt_consolidation,2021-11-10,657,641,30586.48,3058.65,,15.27,8,0,0,38.3,,-16,Stage 1
2291,term,West,personal,2022-07-03,636,609,2159.99,705.23,,8.17,21,0,0,30.4,,-27,Stage 1
2292,term,North,personal,2024-06-26,635,620,13354.93,12034.62,,8.21,28,0,1,6.3,,-15,Stage 1
2293,term,South,debt_consolidation,2022-04-06,681,680,38933.95,4407.1,,11.14,4,0,0,33.4,,-1,Stage 1
2294,term,North,personal,2022-02-03,673,670,31727.66,10719.63,,10.04,9,0,0,35.4,,-3,Stage 1
2295,term,West,auto,2022-03-27,652,634,3198.95,1950.22,,9.1,16,0,0,33.7,,-18,Stage 1
2296,term,East,auto,2022-04-16,662,659,15384.23,5391.0,,3.25,7,0,0,33.0,,-3,Stage 1
2297,term,South,debt_consolidation,2024-12-28,636,619,7480.11,7291.38,,4.21,27,0,0,0.1,,-17,Stage 1
2298,term,East,home_improvement,2023-08-14,704,669,7675.16,4002.5,,5.15,6,0,0,16.9,,-35,Stage 2
2299,term,East,personal,2022-12-08,803,818,8256.39,3416.97,,9.03,8,0,0,25.2,,15,Stage 1
2300,term,North,personal,2021-04-13,627,607,21001.94,2100.19,,7.45,27,0,1,45.3,,-20,Stage 1
2301,revolving,North,auto,2021-11-24,703,696,16571.12,1657.11,4301.87,7.87,1,0,0,37.8,0.385,-7,Stage 1
2302,term,West,personal,2022-08-24,682,663,16532.8,10059.08,,8.11,8,0,0,28.7,,-19,Stage 1
2303,term,West,home_improvement,2021-09-03,720,724,15936.74,1593.67,,11.93,3,0,0,40.5,,4,Stage 1
2304,term,East,personal,2023-12-18,721,704,6147.88,5281.23,,11.32,3,1,0,12.7,,-17,Stage 2
2305,revolving,West,personal,2021-04-15,692,691,5477.67,1642.43,4913.19,7.75,11,0,0,45.2,0.334,-1,Stage 1
2306,term,East,auto,2022-11-23,677,652,4516.55,1587.35,,8.09,11,1,0,25.7,,-25,Stage 2
2307,term,South,personal,2023-08-30,653,637,11830.51,9380.33,,6.41,16,1,0,16.3,,-16,Stage 2
2308,term,East,debt_consolidation,2023-12-29,634,627,2103.74,1551.03,,7.99,17,0,0,12.3,,-7,Stage 1
2309,term,West,debt_consolidation,2023-09-20,674,673,16243.32,10500.93,,12.9,7,0,0,15.6,,-1,Stage 1
2310,term,West,home_improvement,2024-08-18,602,585,34462.19,30751.83,,11.76,29,0,0,4.5,,-17,Stage 1
2311,term,East,home_improvement,2021-06-02,644,636,17094.67,7239.12,,10.15,26,0,1,43.6,,-8,Stage 1
2312,revolving,North,home_improvement,2023-11-25,746,749,18609.87,15072.73,34236.51,5.78,1,0,0,13.4,0.44,3,Stage 1
2313,term,East,home_improvement,2023-08-15,685,667,7130.1,5632.32,,8.84,4,0,0,16.8,,-18,Stage 1
2314,revolving,East,auto,2023-11-05,733,730,9046.63,7334.16,15712.2,7.85,1,0,0,14.1,0.467,-3,Stage 1
2315,revolving,North,personal,2024-02-04,768,768,11510.54,8114.44,22031.36,8.54,4,0,0,11.1,0.368,0,Stage 1
2316,term,South,auto,2022-12-31,669,664,11101.5,7776.61,,11.37,10,1,0,24.4,,-5,Stage 2
2317,term,North,home_improvement,2021-03-15,692,690,16307.08,2704.79,,12.23,7,0,0,46.3,,-2,Stage 1
2318,term,West,personal,2023-05-06,661,644,32173.02,25473.55,,16.34,11,0,0,20.2,,-17,Stage 1
2319,term,North,debt_consolidation,2021-10-12,631,609,11299.06,1129.91,,6.31,19,0,0,39.2,,-22,Stage 1
2320,term,West,auto,2024-05-05,622,610,27487.42,21052.0,,12.69,27,1,0,8.0,,-12,Stage 2
2321,revolving,West,personal,2021-10-07,730,720,12652.87,4683.09,8625.57,8.59,1,0,0,39.4,0.543,-10,Stage 1
2322,revolving,East,debt_consolidation,2023-02-26,692,690,3871.81,2469.41,7011.67,6.86,5,1,0,22.5,0.352,-2,Stage 2
2323,term,East,debt_consolidation,2022-11-17,790,791,13803.79,6134.6,,15.52,4,0,0,25.9,,1,Stage 1
2324,term,South,home_improvement,2023-08-27,738,725,14565.42,11544.12,,14.28,1,0,0,16.4,,-13,Stage 1
2325,revolving,West,debt_consolidation,2024-03-22,636,611,4012.98,3172.73,6581.58,8.16,33,0,1,9.5,0.482,-25,Stage 2
2326,revolving,East,debt_consolidation,2021-10-18,730,694,29891.63,5383.18,15812.58,6.83,1,0,0,39.0,0.34,-36,Stage 2
2327,revolving,West,home_improvement,2023-07-21,661,643,19064.69,13007.33,32900.02,3.72,13,0,0,17.7,0.395,-18,Stage 1
2328,term,South,personal,2024-03-11,753,754,24196.02,18462.36,,12.76,1,0,0,9.9,,1,Stage 1
2329,term,West,personal,2023-02-07,650,657,25130.89,12996.65,,3.0,10,0,0,23.1,,7,Stage 1
2330,term,South,home_improvement,2021-11-08,616,586,5846.35,584.63,,8.56,29,0,0,38.3,,-30,Stage 2
2331,term,South,auto,2022-10-08,632,607,25191.96,8376.54,,6.32,18,0,0,27.2,,-25,Stage 1
2332,term,South,home_improvement,2023-11-22,635,607,2715.41,1921.37,,13.18,29,0,0,13.5,,-28,Stage 1
2333,term,East,personal,2021-01-26,629,600,13125.75,2856.16,,14.53,22,0,0,47.9,,-29,Stage 1
2334,term,North,auto,2021-09-12,645,631,8822.69,5068.94,,3.89,17,1,0,40.2,,-14,Stage 2
2335,term,North,home_improvement,2023-12-16,731,719,4060.3,3159.33,,9.24,0,0,0,12.7,,-12,Stage 1
2336,term,East,personal,2021-10-20,787,779,18525.49,1852.55,,9.81,0,0,0,39.0,,-8,Stage 1
2337,term,West,personal,2022-09-29,600,579,20382.34,4785.23,,8.14,32,0,0,27.5,,-21,Stage 2
2338,term,East,personal,2021-08-18,755,756,5655.47,565.55,,7.08,1,0,0,41.1,,1,Stage 1
2339,term,West,debt_consolidation,2021-02-22,651,625,12600.71,2308.96,,13.69,20,1,0,47.0,,-26,Stage 2
2340,term,South,debt_consolidation,2023-08-12,700,699,17941.19,14721.6,,7.43,5,1,0,16.9,,-1,Stage 2
2341,revolving,East,auto,2021-04-11,580,569,1246.57,124.66,238.94,14.95,33,1,0,45.4,0.522,-11,Stage 2
2342,term,North,auto,2023-03-15,711,707,19937.98,9585.6,,7.01,4,1,0,21.9,,-4,Stage 2
2343,term,West,auto,2023-05-19,559,533,4892.5,2997.86,,11.32,46,0,0,19.8,,-26,Stage 2
2344,term,East,debt_consolidation,2021-09-24,698,663,5141.04,514.1,,11.51,3,0,0,39.8,,-35,Stage 2
2345,revolving,East,auto,2021-01-02,695,674,19702.71,8398.89,21881.05,7.01,5,0,0,48.7,0.384,-21,Stage 1
2346,term,West,personal,2021-01-22,691,664,4782.91,2087.72,,3.67,3,0,0,48.0,,-27,Stage 1
2347,term,South,personal,2022-08-01,635,623,25387.63,7325.92,,6.42,15,0,0,29.5,,-12,Stage 1
2348,term,South,auto,2021-07-31,712,711,10378.29,5469.05,,5.46,5,0,0,41.7,,-1,Stage 1
2349,term,South,auto,2024-06-13,703,696,8099.56,7500.63,,11.47,1,0,0,6.7,,-7,Stage 1
2350,term,South,debt_consolidation,2022-06-13,667,648,22202.91,5350.6,,7.86,14,0,0,31.1,,-19,Stage 1
2351,term,West,personal,2022-01-23,720,708,12810.56,1423.8,,13.12,2,0,0,35.8,,-12,Stage 1
2352,revolving,North,home_improvement,2021-01-14,674,697,14056.29,1670.62,3155.02,10.72,11,0,0,48.3,0.53,23,Stage 1
2353,term,East,home_improvement,2022-06-03,711,708,4211.78,1850.97,,8.42,2,0,0,31.4,,-3,Stage 1
2354,revolving,East,debt_consolidation,2024-05-30,672,655,43600.38,37685.94,83526.93,9.25,11,0,0,7.2,0.451,-17,Stage 1
2355,revolving,South,debt_consolidation,2022-09-08,693,685,35915.93,18312.91,53905.83,5.02,2,0,0,28.2,0.34,-8,Stage 1
2356,term,West,debt_consolidation,2023-08-20,714,691,13252.46,9072.84,,8.42,3,0,0,16.7,,-23,Stage 1
2357,revolving,North,personal,2022-02-07,656,644,9206.95,4750.81,13088.25,9.43,13,1,0,35.3,0.363,-12,Stage 2
2358,term,North,auto,2021-10-14,605,578,17080.95,2577.09,,7.85,27,0,0,39.2,,-27,Stage 1
2359,term,East,auto,2022-01-19,696,688,2926.99,787.6,,7.31,1,0,0,35.9,,-8,Stage 1
2360,term,South,debt_consolidation,2024-06-24,751,736,15756.64,13418.24,,12.02,0,0,0,6.4,,-15,Stage 1
2361,term,East,personal,2024-01-20,697,703,1000.0,842.1,,6.17,1,0,0,11.6,,6,Stage 1
2362,term,East,home_improvement,2023-04-06,699,678,9848.7,7389.62,,10.75,3,0,0,21.2,,-21,Stage 1
2363,term,North,debt_consolidation,2021-11-08,677,658,4450.98,445.1,,12.3,6,0,0,38.3,,-19,Stage 1
2364,term,West,personal,2022-12-27,724,704,20046.37,6235.49,,10.48,2,0,0,24.5,,-20,Stage 1
2365,term,North,debt_consolidation,2021-02-12,668,644,7710.3,2808.26,,5.39,12,0,0,47.3,,-24,Stage 1
2366,term,East,personal,2024-01-03,652,632,3842.95,2988.7,,9.34,17,0,0,12.1,,-20,Stage 1
2367,term,South,personal,2023-01-24,746,740,25739.41,10854.47,,11.68,2,0,0,23.6,,-6,Stage 1
2368,term,South,debt_consolidation,2023-09-20,648,626,86034.7,58476.66,,8.13,12,0,0,15.6,,-22,Stage 1
2369,term,West,auto,2023-05-26,733,730,11641.99,6789.57,,6.44,1,0,0,19.5,,-3,Stage 1
2370,revolving,West,debt_consolidation,2024-09-01,746,764,16884.46,15728.01,26384.86,6.33,2,0,0,4.1,0.596,18,Stage 1
2371,term,West,auto,2023-01-04,714,702,6646.85,4646.84,,9.97,3,0,0,24.3,,-12,Stage 1
2372,revolving,East,auto,2021-05-24,605,575,8036.32,803.63,1988.93,8.0,37,0,0,43.9,0.404,-30,Stage 2
2373,term,East,home_improvement,2024-09-14,681,680,32418.23,29489.1,,7.15,9,0,0,3.6,,-1,Stage 1
2374,term,West,personal,2021-07-28,667,641,19082.95,5996.97,,3.0,12,0,0,41.8,,-26,Stage 1
2375,term,South,debt_consolidation,2024-01-28,650,648,19357.01,14042.81,,14.41,21,0,0,11.3,,-2,Stage 1
2376,term,South,personal,2022-12-01,688,656,7238.11,3962.82,,8.06,6,0,0,25.4,,-32,Stage 2
2377,term,South,home_improvement,2021-04-24,726,727,5542.25,2080.52,,11.44,3,0,0,44.9,,1,Stage 1
2378,revolving,East,auto,2021-06-24,652,624,36778.86,3677.89,9564.56,13.02,18,0,0,42.9,0.385,-28,Stage 1
2379,term,North,debt_consolidation,2021-09-28,669,643,11672.77,3233.84,,19.22,13,0,0,39.7,,-26,Stage 1
2380,revolving,South,personal,2021-03-04,665,652,18331.28,7814.3,18788.08,11.05,8,0,0,46.6,0.416,-13,Stage 1
2381,revolving,South,home_improvement,2023-10-05,749,753,5990.14,4478.34,8382.59,10.01,1,0,0,15.1,0.534,4,Stage 1
2382,revolving,South,auto,2023-03-07,664,654,1988.71,1202.02,3524.33,4.35,6,1,0,22.2,0.341,-10,Stage 2
2383,revolving,West,auto,2024-11-28,605,573,9823.04,9625.53,22910.81,3.0,32,0,0,1.1,0.42,-32,Stage 2
2384,term,East,personal,2021-08-13,585,566,37320.95,4335.35,,3.0,46,1,0,41.2,,-19,Stage 2
2385,term,West,auto,2021-06-10,701,681,17100.27,3205.26,,8.49,8,0,0,43.4,,-20,Stage 1
2386,term,West,home_improvement,2023-11-26,634,611,16962.28,11323.62,,6.01,17,0,0,13.4,,-23,Stage 1
2387,term,North,auto,2022-01-16,720,705,9259.93,1765.59,,7.54,4,0,0,36.0,,-15,Stage 1
2388,term,West,debt_consolidation,2021-11-14,600,573,11879.64,2599.24,,13.31,41,0,0,38.1,,-27,Stage 2
2389,revolving,North,debt_consolidation,2022-12-09,647,622,13557.93,4956.92,10971.09,10.55,20,0,0,25.1,0.452,-25,Stage 1
2390,term,West,personal,2022-04-01,600,576,15262.68,1526.27,,8.96,32,0,0,33.5,,-24,Stage 2
2391,term,South,home_improvement,2024-07-16,706,681,4006.07,3679.07,,9.59,5,1,0,5.6,,-25,Stage 2
2392,term,East,auto,2021-12-10,718,714,28709.89,2870.99,,6.91,1,0,0,37.3,,-4,Stage 1
2393,term,West,auto,2023-11-30,700,683,19422.21,14625.58,,7.56,3,0,0,13.3,,-17,Stage 1
2394,term,North,auto,2022-02-18,614,580,14071.5,3582.25,,4.85,30,0,0,34.9,,-34,Stage 2
2395,revolving,East,debt_consolidation,2024-11-04,635,624,22758.6,21595.66,40858.59,11.33,27,0,1,1.9,0.529,-11,Stage 1
2396,term,North,home_improvement,2024-05-30,694,700,26320.24,22318.9,,14.31,2,0,0,7.2,,6,Stage 1
2397,term,South,auto,2024-07-28,578,555,22762.85,21137.35,,13.08,52,0,0,5.2,,-23,Stage 2
2398,term,West,personal,2021-08-13,665,651,23650.41,2365.04,,9.07,10,0,0,41.2,,-14,Stage 1
2399,term,East,home_improvement,2024-03-23,771,764,8050.15,6006.35,,11.87,4,0,0,9.5,,-7,Stage 1
2400,term,South,home_improvement,2021-10-07,669,639,12240.08,6403.82,,10.63,11,0,0,39.4,,-30,Stage 2
2401,term,West,auto,2024-10-08,590,569,25439.16,24471.74,,9.52,34,1,0,2.8,,-21,Stage 2
2402,term,West,debt_consolidation,2023-11-29,643,608,10438.64,8072.23,,10.06,17,1,0,13.3,,-35,Stage 2
2403,term,North,home_improvement,2022-12-30,642,627,21770.78,11417.45,,5.05,24,0,0,24.4,,-15,Stage 1
2404,term,North,personal,2022-09-13,808,793,7508.01,4720.08,,7.56,8,0,0,28.0,,-15,Stage 1
2405,term,South,home_improvement,2023-09-02,779,779,6683.81,4624.94,,6.95,0,0,0,16.2,,0,Stage 1
2406,term,North,debt_consolidation,2022-07-27,723,727,15437.18,6775.58,,4.46,2,0,0,29.6,,4,Stage 1
2407,term,South,personal,2022-05-04,659,645,32097.19,16343.44,,10.73,11,0,0,32.4,,-14,Stage 1
2408,term,South,debt_consolidation,2023-10-05,752,758,19579.94,15742.34,,11.11,0,0,0,15.1,,6,Stage 1
2409,revolving,South,auto,2023-07-26,611,602,14436.08,11101.17,21666.3,3.0,35,0,0,17.5,0.512,-9,Stage 2
2410,term,North,home_improvement,2024-05-06,744,738,19427.58,15290.18,,8.96,0,0,0,8.0,,-6,Stage 1
2411,term,East,personal,2024-07-23,735,746,16630.39,14303.9,,7.98,1,0,0,5.4,,11,Stage 1
2412,term,South,debt_consolidation,2024-04-10,670,651,6768.46,6144.68,,7.13,13,0,0,8.9,,-19,Stage 1
2413,term,East,auto,2023-02-23,748,732,10773.5,7281.54,,4.06,0,0,0,22.6,,-16,Stage 1
2414,term,West,personal,2022-05-23,653,625,4077.29,2707.92,,9.18,6,0,0,31.8,,-28,Stage 1
2415,term,North,home_improvement,2022-02-09,604,589,17074.9,9407.98,,9.06,27,0,0,35.2,,-15,Stage 1
2416,revolving,North,home_improvement,2024-07-18,738,728,26447.93,24747.36,44549.12,7.87,1,0,0,5.6,0.556,-10,Stage 1
2417,term,East,debt_consolidation,2023-02-11,674,654,29253.6,12266.68,,11.43,14,0,0,23.0,,-20,Stage 1
2418,term,West,personal,2022-10-26,716,713,10100.6,5500.25,,11.29,2,0,0,26.6,,-3,Stage 1
2419,term,West,auto,2021-05-11,789,773,6415.59,641.56,,3.41,2,0,0,44.4,,-16,Stage 1
2420,term,South,auto,2024-11-09,636,642,17866.47,17211.0,,11.29,28,0,0,1.8,,6,Stage 1
2421,term,North,auto,2024-11-21,671,643,3806.9,3729.3,,6.13,11,0,0,1.4,,-28,Stage 1
2422,term,West,debt_consolidation,2024-08-12,774,778,2930.63,2653.97,,8.18,1,0,0,4.7,,4,Stage 1
2423,revolving,West,auto,2024-11-07,720,716,20543.61,19992.27,48752.42,13.94,0,0,0,1.8,0.41,-4,Stage 1
2424,term,South,personal,2024-11-19,638,616,14164.51,13822.05,,8.87,12,0,0,1.4,,-22,Stage 1
2425,term,South,debt_consolidation,2024-07-07,622,611,18461.44,15436.18,,12.08,29,0,0,5.9,,-11,Stage 1
2426,revolving,East,home_improvement,2021-10-08,648,637,3536.27,353.63,1046.76,8.24,15,0,0,39.4,0.338,-11,Stage 1
2427,term,North,debt_consolidation,2024-10-11,635,613,40222.12,38159.73,,11.81,18,0,0,2.7,,-22,Stage 1
2428,revolving,West,debt_consolidation,2022-02-24,694,687,3371.93,1808.09,5027.53,8.84,3,1,1,34.7,0.36,-7,Stage 2
2429,term,East,debt_consolidation,2024-04-30,684,648,31653.5,28230.98,,8.19,13,0,0,8.2,,-36,Stage 2
2430,revolving,North,personal,2022-09-29,696,679,32077.93,11778.24,22219.96,9.37,9,0,0,27.5,0.53,-17,Stage 1
2431,term,East,home_improvement,2024-12-22,629,613,25093.18,24593.99,,5.64,22,0,0,0.3,,-16,Stage 1
2432,revolving,North,home_improvement,2023-03-19,675,653,19483.27,10697.56,24867.36,7.45,13,0,0,21.8,0.43,-22,Stage 1
2433,revolving,North,debt_consolidation,2021-12-14,556,524,17473.47,10002.46,20441.82,10.83,62,0,1,37.1,0.489,-32,Stage 2
2434,term,West,debt_consolidation,2022-03-05,688,672,4835.28,1907.06,,11.51,5,0,0,34.4,,-16,Stage 1
2435,revolving,North,debt_consolidation,2024-11-16,750,727,6491.17,6317.84,17213.59,6.27,3,0,0,1.5,0.367,-23,Stage 1
2436,term,South,personal,2024-09-26,594,577,9471.61,9000.51,,14.17,47,0,0,3.2,,-17,Stage 2
2437,term,West,personal,2022-07-01,709,699,13906.37,3256.19,,14.42,4,0,0,30.5,,-10,Stage 1
2438,term,South,auto,2023-07-29,643,611,9898.97,7715.24,,6.23,20,0,0,17.4,,-32,Stage 2
2439,term,East,home_improvement,2022-02-06,728,738,11337.59,1133.76,,7.63,1,0,0,35.3,,10,Stage 1
2440,term,East,auto,2023-12-07,689,677,4815.04,4078.73,,8.91,7,0,0,13.0,,-12,Stage 1
2441,term,North,auto,2022-10-27,704,695,34283.51,22337.93,,12.64,2,0,0,26.6,,-9,Stage 1
2442,term,North,debt_consolidation,2023-01-20,683,668,15957.01,8184.6,,10.72,10,0,0,23.7,,-15,Stage 1
2443,revolving,South,personal,2024-12-19,759,774,39938.3,39077.46,105333.53,8.08,0,0,0,0.4,0.371,15,Stage 1
2444,revolving,South,auto,2023-08-18,700,697,3702.77,1884.18,4942.55,5.21,3,0,0,16.7,0.381,-3,Stage 1
2445,term,South,auto,2022-09-29,637,609,4038.2,1581.67,,3.13,21,0,0,27.5,,-28,Stage 1
2446,term,East,auto,2023-05-29,685,650,25899.03,15189.92,,9.86,5,0,0,19.4,,-35,Stage 2
2447,term,South,debt_consolidation,2024-09-13,657,646,9260.81,8793.57,,14.46,15,0,0,3.7,,-11,Stage 1
2448,term,West,debt_consolidation,2021-03-28,689,674,28662.18,13270.21,,9.01,11,0,0,45.8,,-15,Stage 1
2449,term,West,personal,2022-05-30,654,632,23563.7,4370.05,,10.25,16,0,0,31.6,,-22,Stage 1
2450,term,East,auto,2023-10-01,639,617,11927.74,7289.3,,9.63,20,0,0,15.3,,-22,Stage 1
2451,term,South,auto,2024-04-03,691,660,5428.2,4515.72,,4.08,1,0,0,9.1,,-31,Stage 2
2452,revolving,South,personal,2024-05-31,683,670,5823.34,5340.88,11902.33,13.71,7,1,0,7.2,0.449,-13,Stage 2
2453,term,North,personal,2023-05-11,743,734,7541.02,4577.16,,6.64,2,0,0,20.0,,-9,Stage 1
2454,term,West,personal,2024-08-13,655,632,13474.17,12333.03,,6.6,11,0,0,4.7,,-23,Stage 1
2455,term,East,home_improvement,2023-07-05,561,531,19709.53,10847.39,,10.4,60,0,0,18.2,,-30,Stage 2
2456,term,South,personal,2022-03-27,658,656,5607.46,1548.8,,6.84,14,0,1,33.7,,-2,Stage 1
2457,term,North,debt_consolidation,2024-09-28,582,551,6355.43,6097.35,,5.09,40,0,0,3.2,,-31,Stage 2
2458,term,East,home_improvement,2021-12-07,704,705,5904.43,2912.32,,11.9,5,0,0,37.4,,1,Stage 1
2459,term,East,personal,2024-11-16,579,552,54967.59,53874.49,,9.38,39,0,0,1.5,,-27,Stage 2
2460,term,West,debt_consolidation,2022-02-25,620,611,8578.72,3605.56,,11.88,24,0,0,34.7,,-9,Stage 1
2461,revolving,South,personal,2022-01-16,658,640,16817.5,7365.07,13256.29,7.9,10,0,0,36.0,0.556,-18,Stage 1
2462,revolving,East,personal,2021-01-05,772,761,24665.9,6489.49,18064.57,7.64,2,0,0,48.6,0.359,-11,Stage 1
2463,term,North,home_improvement,2022-10-10,615,613,6438.42,3122.81,,9.76,23,0,0,27.1,,-2,Stage 1
2464,term,North,debt_consolidation,2023-10-25,680,675,18704.1,11508.52,,10.05,7,0,0,14.5,,-5,Stage 1
2465,term,East,auto,2021-11-12,714,718,18558.45,7026.76,,7.07,1,0,0,38.2,,4,Stage 1
2466,term,North,personal,2024-01-07,769,772,5586.99,4522.53,,6.72,1,0,0,12.0,,3,Stage 1
2467,term,East,home_improvement,2022-06-15,726,718,8604.64,3448.82,,11.72,0,0,0,31.0,,-8,Stage 1
2468,term,North,debt_consolidation,2021-12-21,745,749,18701.33,7469.92,,10.0,1,0,0,36.9,,4,Stage 1
2469,term,East,personal,2023-11-23,731,729,11165.82,7818.43,,9.82,0,0,0,13.5,,-2,Stage 1
2470,term,East,auto,2022-10-24,607,577,26729.15,18636.77,,3.07,25,1,0,26.7,,-30,Stage 2
2471,term,East,debt_consolidation,2024-03-08,701,694,3956.76,3382.52,,9.77,3,0,0,10.0,,-7,Stage 1
2472,revolving,North,debt_consolidation,2024-07-19,730,718,28591.73,24633.41,38382.02,10.12,0,0,0,5.5,0.642,-12,Stage 1
2473,revolving,East,home_improvement,2024-05-04,622,587,11849.47,9237.64,19758.82,8.04,26,0,0,8.1,0.468,-35,Stage 2
2474,revolving,West,personal,2021-05-07,645,625,10116.74,1831.58,5090.86,10.69,23,0,0,44.5,0.36,-20,Stage 1
2475,term,East,personal,2021-12-15,631,604,20103.94,9098.43,,6.92,18,0,1,37.1,,-27,Stage 1
2476,revolving,South,debt_consolidation,2023-12-04,726,738,10631.95,8248.89,13888.65,10.03,2,0,0,13.1,0.594,12,Stage 1
2477,term,South,personal,2023-01-12,675,649,14240.98,5190.75,,4.42,6,0,0,24.0,,-26,Stage 1
2478,revolving,West,debt_consolidation,2022-12-29,660,638,23163.37,10472.32,28820.17,11.71,15,0,0,24.5,0.363,-22,Stage 1
2479,term,East,auto,2021-09-01,603,572,16480.09,5505.87,,6.68,26,0,0,40.6,,-31,Stage 2
2480,revolving,South,home_improvement,2021-01-09,675,667,25248.88,2524.89,7329.17,10.3,8,0,0,48.4,0.344,-8,Stage 1
2481,term,East,personal,2022-12-13,645,628,9730.15,5267.03,,12.73,22,0,0,25.0,,-17,Stage 1
2482,revolving,South,personal,2023-04-26,694,700,16682.67,12278.02,21034.69,11.96,6,0,0,20.5,0.584,6,Stage 1
2483,revolving,North,home_improvement,2024-01-08,611,602,35583.71,29971.45,61953.81,10.29,41,0,1,12.0,0.484,-9,Stage 2
2484,term,North,auto,2024-04-28,690,678,3009.73,2271.5,,11.47,9,0,0,8.3,,-12,Stage 1
2485,term,West,auto,2021-03-27,653,624,17374.02,6177.74,,13.48,20,0,0,45.9,,-29,Stage 1
2486,revolving,West,auto,2021-09-28,605,584,22066.42,2206.64,4852.49,9.36,31,0,0,39.7,0.455,-21,Stage 2
2487,term,East,auto,2022-05-28,600,577,33243.08,6060.02,,11.91,28,1,0,31.6,,-23,Stage 2
2488,revolving,West,auto,2023-11-10,609,570,17042.14,12976.97,22634.67,5.46,27,0,0,13.9,0.573,-39,Stage 2
2489,term,East,debt_consolidation,2021-05-10,667,648,18771.06,4503.78,,6.84,11,0,0,44.4,,-19,Stage 1
2490,term,North,personal,2023-04-18,687,675,7729.22,4061.24,,13.52,4,0,1,20.8,,-12,Stage 1
2491,term,North,personal,2023-02-09,696,684,29676.49,17285.66,,8.26,8,0,0,23.1,,-12,Stage 1
2492,term,South,personal,2023-10-28,698,676,20394.94,16761.16,,7.43,6,0,0,14.4,,-22,Stage 1
2493,revolving,East,debt_consolidation,2023-05-02,634,613,7460.34,3038.51,6238.36,8.14,20,0,0,20.3,0.487,-21,Stage 1
2494,term,North,home_improvement,2023-07-26,743,735,6697.02,4605.49,,6.86,2,0,0,17.5,,-8,Stage 1
2495,term,North,auto,2024-08-26,653,639,10773.21,10068.91,,8.49,19,0,0,4.3,,-14,Stage 1
2496,term,East,home_improvement,2023-06-20,707,687,13555.1,10587.9,,5.85,5,1,0,18.7,,-20,Stage 2
2497,term,South,auto,2022-04-18,670,666,12402.91,3901.67,,7.3,13,0,0,33.0,,-4,Stage 1
2498,revolving,South,auto,2024-01-31,702,695,12861.35,10201.86,21071.01,9.24,2,0,0,11.2,0.484,-7,Stage 1
2499,revolving,South,home_improvement,2021-12-04,667,637,10575.87,1057.59,2324.87,13.72,9,1,0,37.5,0.455,-30,Stage 2
2500,term,South,personal,2021-11-15,703,694,12822.2,7699.3,,8.87,5,0,0,38.1,,-9,Stage 1
2501,revolving,North,debt_consolidation,2023-11-15,679,664,25809.24,15476.4,43434.93,3.82,4,0,0,13.8,0.356,-15,Stage 1
2502,revolving,East,home_improvement,2022-12-22,728,719,20171.61,6374.37,12671.59,12.02,1,0,0,24.7,0.503,-9,Stage 1
2503,term,East,personal,2024-12-24,630,594,3518.69,3453.32,,11.42,17,0,0,0.3,,-36,Stage 2
2504,revolving,North,auto,2021-05-23,573,541,27649.19,5066.09,12419.53,6.62,51,0,0,44.0,0.408,-32,Stage 2
2505,term,North,personal,2022-10-19,621,592,17001.1,8836.79,,11.37,22,1,0,26.8,,-29,Stage 2
2506,term,North,auto,2024-03-18,744,733,5507.0,4649.12,,8.61,0,0,0,9.6,,-11,Stage 1
2507,revolving,West,auto,2023-12-15,670,663,14237.08,9833.1,25882.83,13.33,11,0,0,12.8,0.38,-7,Stage 1
2508,term,East,personal,2022-04-16,685,664,7415.2,1478.92,,16.16,7,0,0,33.0,,-21,Stage 1
2509,revolving,East,auto,2021-12-29,616,615,7439.43,3326.61,5279.09,10.2,24,0,0,36.6,0.63,-1,Stage 1
2510,revolving,East,debt_consolidation,2022-10-12,683,693,10569.3,5353.12,8723.18,11.3,5,0,0,27.1,0.614,10,Stage 1
2511,term,South,personal,2021-07-28,618,598,27494.43,12210.04,,13.81,30,0,0,41.8,,-20,Stage 2
2512,revolving,North,home_improvement,2024-04-23,627,592,8549.28,6627.01,11623.19,11.88,25,0,1,8.4,0.57,-35,Stage 2
2513,term,North,auto,2023-12-25,655,624,20980.32,16993.1,,10.36,13,0,0,12.4,,-31,Stage 2
2514,term,North,auto,2022-07-03,706,699,49035.41,14480.13,,8.67,3,0,0,30.4,,-7,Stage 1
2515,term,West,debt_consolidation,2024-02-10,713,700,65067.61,45355.67,,5.6,5,0,0,10.9,,-13,Stage 1
2516,revolving,East,debt_consolidation,2021-09-20,714,696,10904.33,3704.05,6036.45,8.17,0,1,0,40.0,0.614,-18,Stage 2
2517,term,North,home_improvement,2024-01-05,584,556,4750.55,3370.13,,8.29,49,0,0,12.1,,-28,Stage 2
2518,term,West,auto,2024-08-12,679,651,17914.0,15987.1,,9.06,6,0,0,4.7,,-28,Stage 1
2519,term,North,home_improvement,2024-04-16,668,675,20204.85,16819.17,,3.5,12,0,0,8.7,,7,Stage 1
2520,revolving,South,home_improvement,2023-02-05,588,567,26318.22,10456.24,28556.04,7.92,40,1,0,23.2,0.366,-21,Stage 2
2521,term,East,auto,2021-01-01,680,682,17898.6,1789.86,,8.22,6,0,0,48.7,,2,Stage 1
2522,term,West,home_improvement,2021-05-28,664,657,4273.51,427.35,,4.82,6,0,0,43.8,,-7,Stage 1
2523,term,North,home_improvement,2023-05-26,710,707,1458.39,810.72,,10.22,4,0,0,19.5,,-3,Stage 1
2524,term,East,debt_consolidation,2023-09-13,684,661,29115.33,22468.21,,11.78,7,0,0,15.9,,-23,Stage 1
2525,revolving,West,debt_consolidation,2024-02-27,647,601,23989.87,16967.02,28200.7,8.99,17,0,0,10.3,0.602,-46,Stage 2
2526,term,East,home_improvement,2022-05-28,735,738,5738.76,2638.38,,5.27,1,0,0,31.6,,3,Stage 1
2527,term,East,auto,2022-09-21,546,513,5468.16,1447.73,,8.69,60,0,0,27.8,,-33,Stage 2
2528,revolving,South,debt_consolidation,2023-08-30,676,683,41739.48,26077.5,60253.57,11.2,8,0,0,16.3,0.433,7,Stage 1
2529,term,East,home_improvement,2024-03-18,574,541,26510.19,22346.62,,11.1,49,0,1,9.6,,-33,Stage 2
2530,revolving,West,personal,2024-07-16,625,603,10662.25,8977.37,22376.42,8.86,24,0,0,5.6,0.401,-22,Stage 1
2531,term,East,personal,2022-10-15,711,697,6651.81,4518.37,,10.23,3,0,0,27.0,,-14,Stage 1
2532,revolving,West,home_improvement,2024-02-03,603,591,10395.66,7863.04,17078.0,7.09,32,0,0,11.1,0.46,-12,Stage 2
2533,term,East,personal,2022-04-11,594,544,8568.88,2000.58,,11.24,36,0,0,33.2,,-50,Stage 2
2534,term,North,debt_consolidation,2023-02-03,822,830,20310.09,8777.47,,7.77,6,0,0,23.3,,8,Stage 1
2535,revolving,South,auto,2023-10-17,598,566,15738.5,10715.09,25645.19,6.71,39,0,0,14.7,0.418,-32,Stage 2
2536,revolving,North,home_improvement,2023-07-18,779,778,7761.91,5869.0,11072.4,11.86,2,0,0,17.8,0.53,-1,Stage 1
2537,revolving,South,debt_consolidation,2024-07-28,669,668,21554.87,19051.06,56845.27,9.4,10,0,0,5.2,0.335,-1,Stage 1
2538,term,West,auto,2024-12-01,648,618,7016.31,6839.46,,9.25,21,0,0,1.0,,-30,Stage 2
2539,revolving,South,personal,2023-03-05,714,693,7989.75,3184.25,9155.87,10.6,2,0,0,22.3,0.348,-21,Stage 1
2540,revolving,East,personal,2023-06-19,760,775,11436.78,6105.75,9698.23,8.8,2,0,0,18.7,0.63,15,Stage 1
2541,term,East,personal,2024-10-13,611,583,26826.36,26007.49,,6.2,38,0,0,2.7,,-28,Stage 2
2542,revolving,North,personal,2022-11-06,649,625,7236.82,3130.21,5084.32,8.33,15,0,1,26.2,0.616,-24,Stage 1
2543,revolving,South,debt_consolidation,2023-10-06,730,717,23588.58,15132.1,37056.23,4.53,1,0,0,15.1,0.408,-13,Stage 1
2544,term,West,debt_consolidation,2024-05-11,697,668,41519.64,31944.85,,12.52,7,0,0,7.8,,-29,Stage 1
2545,term,West,auto,2021-10-08,746,756,8950.89,4503.58,,5.67,0,0,0,39.4,,10,Stage 1
2546,term,East,home_improvement,2023-07-05,710,714,24988.47,17859.68,,14.83,5,0,0,18.2,,4,Stage 1
2547,term,West,auto,2024-07-04,788,770,28820.61,24278.5,,6.63,4,0,0,6.0,,-18,Stage 1
2548,term,East,home_improvement,2024-01-23,690,673,68906.0,51601.56,,10.85,8,0,0,11.5,,-17,Stage 1
2549,term,East,personal,2021-11-20,693,664,18515.71,7125.76,,14.63,7,1,0,37.9,,-29,Stage 2
2550,term,East,personal,2023-03-02,699,695,11816.73,5554.65,,9.78,5,0,0,22.4,,-4,Stage 1
2551,term,North,personal,2024-10-17,671,661,35502.51,34089.0,,8.03,10,0,0,2.5,,-10,Stage 1
2552,term,North,personal,2024-10-06,730,712,21860.35,20994.77,,9.1,1,0,0,2.9,,-18,Stage 1
2553,revolving,East,debt_consolidation,2023-12-22,694,677,20627.77,17504.49,45809.12,6.4,5,0,0,12.5,0.382,-17,Stage 1
2554,revolving,East,auto,2021-07-06,727,732,18887.2,1888.72,4410.77,3.0,1,1,0,42.5,0.428,5,Stage 2
2555,term,East,home_improvement,2023-07-04,736,727,42904.64,30823.2,,10.79,0,0,0,18.2,,-9,Stage 1
2556,revolving,West,home_improvement,2022-06-26,705,687,8592.71,2503.75,4314.28,3.0,5,0,0,30.7,0.58,-18,Stage 1
2557,term,East,debt_consolidation,2023-06-16,710,709,25265.04,13574.22,,4.89,8,0,0,18.8,,-1,Stage 1
2558,term,East,personal,2024-08-20,619,597,18961.55,16722.1,,9.17,22,0,0,4.5,,-22,Stage 1
2559,term,South,auto,2022-10-01,646,640,30372.13,14137.54,,7.02,14,0,0,27.4,,-6,Stage 1
2560,term,South,personal,2022-03-12,730,731,8147.91,4416.27,,10.47,1,0,0,34.2,,1,Stage 1
2561,revolving,South,debt_consolidation,2021-08-01,765,768,4694.22,2037.47,3794.33,13.8,2,0,0,41.6,0.537,3,Stage 1
2562,revolving,South,home_improvement,2024-11-30,563,524,42825.21,42046.32,71597.95,8.23,57,0,1,1.1,0.587,-39,Stage 2
2563,term,East,debt_consolidation,2023-03-29,645,639,2731.52,1359.56,,7.18,8,0,0,21.5,,-6,Stage 1
2564,term,South,home_improvement,2023-08-20,681,666,7565.62,4020.92,,14.31,6,0,0,16.7,,-15,Stage 1
2565,term,West,auto,2024-03-03,627,606,3503.23,2482.17,,11.05,19,0,0,10.1,,-21,Stage 1
2566,term,West,home_improvement,2023-08-18,630,593,27280.67,20462.15,,11.77,23,0,1,16.7,,-37,Stage 2
2567,term,South,auto,2023-07-06,708,690,5885.19,4496.61,,11.53,4,0,0,18.2,,-18,Stage 1
2568,term,North,personal,2023-09-20,774,763,17332.74,9977.38,,8.26,1,0,0,15.6,,-11,Stage 1
2569,revolving,West,personal,2023-07-04,558,532,5841.4,3308.04,6910.62,7.87,62,1,1,18.2,0.479,-26,Stage 2
2570,revolving,West,debt_consolidation,2024-05-27,669,662,4381.66,3794.93,10256.84,6.15,10,0,0,7.3,0.37,-7,Stage 1
2571,term,South,auto,2022-02-25,707,693,40707.46,23389.91,,11.18,7,0,0,34.7,,-14,Stage 1
2572,revolving,South,personal,2021-11-15,726,719,21789.46,7232.0,12317.86,10.16,1,0,0,38.1,0.587,-7,Stage 1
2573,term,East,auto,2024-03-26,699,686,10085.94,9121.9,,10.94,6,0,1,9.4,,-13,Stage 1
2574,term,West,personal,2021-07-07,785,802,14581.97,1458.2,,3.39,3,0,0,42.5,,17,Stage 1
2575,term,South,personal,2021-06-11,681,643,4518.91,451.89,,11.79,6,0,0,43.3,,-38,Stage 2
2576,term,South,home_improvement,2021-05-09,758,743,48705.24,4870.52,,7.62,1,0,0,44.4,,-15,Stage 1
2577,revolving,East,debt_consolidation,2021-10-31,641,618,7323.38,1445.64,3210.3,3.0,16,0,0,38.6,0.45,-23,Stage 1
2578,term,West,home_improvement,2024-01-18,683,672,23622.3,20123.03,,5.1,6,0,0,11.6,,-11,Stage 1
2579,term,South,auto,2023-07-06,607,577,3657.22,1784.37,,7.5,29,1,0,18.2,,-30,Stage 2
2580,term,East,personal,2024-03-31,734,710,15913.94,13737.31,,6.85,0,0,0,9.2,,-24,Stage 1
2581,term,South,debt_consolidation,2023-07-11,672,663,19136.82,14944.03,,9.04,7,0,0,18.0,,-9,Stage 1
2582,revolving,North,personal,2023-11-26,701,706,13139.51,8521.57,24236.31,10.38,2,0,0,13.4,0.352,5,Stage 1
2583,term,North,personal,2024-06-04,661,628,23118.73,19333.66,,8.66,6,0,0,7.0,,-33,Stage 2
2584,term,South,home_improvement,2021-05-31,715,709,10297.91,4455.25,,7.58,3,1,0,43.7,,-6,Stage 2
2585,term,West,auto,2022-08-16,703,703,7620.12,5391.9,,9.43,9,0,0,29.0,,0,Stage 1
2586,term,North,debt_consolidation,2021-02-16,620,602,13672.52,1367.25,,9.47,31,0,0,47.2,,-18,Stage 2
2587,term,East,debt_consolidation,2023-07-29,623,611,4778.51,2483.77,,12.81,20,1,0,17.4,,-12,Stage 2
2588,term,South,debt_consolidation,2022-10-22,678,659,4938.63,1889.69,,7.17,14,0,0,26.7,,-19,Stage 1
2589,term,East,auto,2021-08-19,719,701,7367.97,736.8,,8.67,4,0,0,41.0,,-18,Stage 1
2590,revolving,North,debt_consolidation,2023-09-29,791,804,36555.01,23469.1,68497.17,13.94,1,0,0,15.3,0.343,13,Stage 1
2591,revolving,West,auto,2021-06-14,698,689,12258.67,1225.87,1872.32,5.34,6,0,0,43.2,0.655,-9,Stage 1
2592,revolving,East,debt_consolidation,2022-12-25,740,735,52245.69,14288.92,30379.8,7.9,0,0,0,24.6,0.47,-5,Stage 1
2593,term,North,personal,2023-03-31,583,558,11524.49,4863.62,,6.26,32,0,0,21.4,,-25,Stage 2
2594,term,North,auto,2023-12-26,800,787,7682.61,5488.9,,5.24,6,0,0,12.4,,-13,Stage 1
2595,term,North,home_improvement,2024-01-09,716,700,39548.95,34087.69,,9.68,1,0,0,11.9,,-16,Stage 1
2596,revolving,East,debt_consolidation,2021-05-20,677,664,7364.36,736.44,1336.31,12.99,10,1,0,44.1,0.551,-13,Stage 2
2597,term,North,home_improvement,2022-02-04,670,671,11212.09,1526.89,,15.29,9,0,1,35.4,,1,Stage 1
2598,term,South,auto,2021-05-10,613,578,4337.7,433.77,,8.87,28,0,0,44.4,,-35,Stage 2
2599,term,North,personal,2023-09-12,630,601,31908.94,17146.39,,10.51,19,0,0,15.9,,-29,Stage 1
2600,term,South,home_improvement,2023-02-05,794,800,12747.86,3908.63,,10.62,6,0,0,23.2,,6,Stage 1
2601,term,West,home_improvement,2022-03-22,620,573,30872.4,18286.34,,8.38,29,0,0,33.9,,-47,Stage 2
2602,term,South,personal,2021-01-29,619,594,19463.0,10010.3,,12.84,23,0,0,47.8,,-25,Stage 1
2603,revolving,West,personal,2024-05-10,637,604,12470.41,10064.62,22673.78,8.51,18,1,0,7.9,0.444,-33,Stage 2
2604,term,West,auto,2024-06-14,608,605,17245.93,14048.04,,12.26,23,0,0,6.7,,-3,Stage 1
2605,term,South,debt_consolidation,2023-03-10,680,673,34306.76,18079.14,,7.93,8,0,0,22.1,,-7,Stage 1
2606,term,West,home_improvement,2024-09-24,745,730,14415.51,13882.78,,5.54,2,0,0,3.3,,-15,Stage 1
2607,term,South,home_improvement,2024-11-23,643,624,11341.2,10958.06,,5.73,28,0,0,1.3,,-19,Stage 1
2608,term,East,auto,2021-10-16,597,561,1867.68,865.26,,4.14,40,0,0,39.1,,-36,Stage 2
2609,revolving,West,debt_consolidation,2024-06-29,697,674,18832.87,16538.77,46656.17,12.79,5,0,0,6.2,0.354,-23,Stage 1
2610,term,South,auto,2023-09-04,676,648,12820.48,9209.68,,12.83,9,0,0,16.2,,-28,Stage 1
2611,revolving,West,home_improvement,2021-04-10,740,726,37965.54,3796.55,7432.04,6.86,2,0,0,45.4,0.511,-14,Stage 1
2612,term,North,home_improvement,2022-02-26,652,637,4243.03,2315.39,,5.8,10,0,0,34.7,,-15,Stage 1
2613,term,South,personal,2022-10-05,664,659,19269.43,6929.5,,6.67,18,0,0,27.3,,-5,Stage 1
2614,revolving,North,personal,2022-11-25,671,644,3032.33,1621.64,4781.65,9.53,10,1,0,25.6,0.339,-27,Stage 2
2615,term,West,debt_consolidation,2022-12-07,685,661,10611.63,5883.88,,6.19,4,0,0,25.2,,-24,Stage 1
2616,term,West,home_improvement,2021-01-18,656,661,36042.15,12543.8,,10.65,16,0,0,48.1,,5,Stage 1
2617,term,East,home_improvement,2022-04-16,646,628,35561.53,9240.18,,8.09,16,0,0,33.0,,-18,Stage 1
2618,term,South,personal,2022-12-24,568,535,18610.9,7975.67,,12.25,40,0,0,24.6,,-33,Stage 2
2619,revolving,North,auto,2023-10-28,646,618,18799.57,15663.98,31174.85,11.02,18,0,0,14.4,0.502,-28,Stage 1
2620,term,East,auto,2022-02-23,722,706,25585.79,2558.58,,5.63,0,0,0,34.8,,-16,Stage 1
2621,revolving,West,home_improvement,2022-01-15,731,723,12852.14,1285.21,3763.4,5.22,3,0,0,36.1,0.342,-8,Stage 1
2622,revolving,West,home_improvement,2022-05-23,651,644,11707.04,1170.7,3503.17,9.62,18,0,0,31.8,0.334,-7,Stage 1
2623,term,East,debt_consolidation,2021-04-24,757,741,4359.73,1047.69,,8.45,0,1,0,44.9,,-16,Stage 2
2624,revolving,North,debt_consolidation,2023-05-02,678,660,14623.32,8039.99,17872.21,12.82,10,0,0,20.3,0.45,-18,Stage 1
2625,term,West,personal,2022-05-26,599,591,4794.31,2906.19,,10.17,30,0,0,31.7,,-8,Stage 2
2626,revolving,West,home_improvement,2023-05-01,580,536,9945.04,6218.59,16915.86,7.63,43,0,1,20.4,0.368,-44,Stage 2
2627,term,South,auto,2023-09-03,753,761,26825.05,15016.15,,14.04,1,0,0,16.2,,8,Stage 1
2628,term,East,debt_consolidation,2022-09-06,657,660,17720.02,5483.93,,7.71,14,0,0,28.3,,3,Stage 1
2629,term,West,personal,2022-04-14,607,583,6981.91,2290.58,,4.98,29,1,0,33.1,,-24,Stage 2
2630,term,North,personal,2021-04-03,544,524,9487.99,948.8,,8.38,58,0,1,45.6,,-20,Stage 2
2631,term,South,auto,2024-01-31,656,619,15222.16,10685.36,,6.58,11,0,0,11.2,,-37,Stage 2
2632,revolving,East,debt_consolidation,2022-05-08,704,690,20815.24,2081.52,6241.77,11.96,4,0,0,32.3,0.333,-14,Stage 1
2633,term,North,auto,2023-02-02,638,628,6225.37,4191.95,,5.61,19,0,0,23.3,,-10,Stage 1
2634,term,West,personal,2023-09-16,616,578,32654.33,25148.11,,11.55,32,0,0,15.8,,-38,Stage 2
2635,revolving,East,home_improvement,2022-04-24,647,641,13879.45,1387.94,2419.63,8.22,19,0,0,32.8,0.574,-6,Stage 1
2636,term,East,auto,2023-05-27,754,774,6103.6,3706.96,,4.25,1,0,0,19.5,,20,Stage 1
2637,revolving,North,personal,2021-06-16,596,563,7540.95,754.09,1463.11,10.28,26,0,0,43.2,0.515,-33,Stage 2
2638,revolving,East,home_improvement,2021-05-20,641,628,31638.17,3163.82,6856.68,12.56,15,0,0,44.1,0.461,-13,Stage 1
2639,revolving,North,home_improvement,2021-04-04,752,756,21263.76,2126.38,4856.37,9.31,1,0,0,45.6,0.438,4,Stage 1
2640,revolving,West,debt_consolidation,2024-04-19,709,714,27568.86,24501.62,69865.08,8.43,3,0,1,8.6,0.351,5,Stage 1
2641,term,South,debt_consolidation,2022-07-30,690,665,18115.29,8648.19,,14.58,5,0,0,29.5,,-25,Stage 1
2642,term,North,personal,2023-10-25,641,614,6377.61,4500.84,,12.6,21,1,0,14.5,,-27,Stage 2
2643,revolving,South,auto,2022-08-29,681,673,32242.15,14298.39,26041.04,11.31,2,0,0,28.5,0.549,-8,Stage 1
2644,term,East,home_improvement,2024-11-13,647,629,5641.37,5365.98,,3.0,13,0,1,1.6,,-18,Stage 1
2645,term,North,debt_consolidation,2024-07-19,628,624,14836.38,13635.17,,6.91,21,0,0,5.5,,-4,Stage 1
2646,term,West,debt_consolidation,2024-03-01,615,588,4183.55,3106.23,,8.36,32,1,1,10.2,,-27,Stage 2
2647,revolving,North,auto,2022-08-07,727,714,9831.49,6772.98,20092.42,10.39,1,0,0,29.3,0.337,-13,Stage 1
2648,term,North,debt_consolidation,2023-03-27,676,664,10461.49,6562.5,,11.69,12,1,0,21.5,,-12,Stage 2
2649,term,North,personal,2022-08-16,698,689,5378.49,3517.08,,5.88,7,0,0,29.0,,-9,Stage 1
2650,term,South,auto,2022-11-17,689,674,7268.3,3254.03,,10.74,10,0,0,25.9,,-15,Stage 1
2651,term,South,home_improvement,2023-08-21,706,685,16577.2,12247.4,,5.51,2,0,0,16.6,,-21,Stage 1
2652,term,East,personal,2023-09-14,664,648,9005.52,5801.91,,11.13,16,0,0,15.8,,-16,Stage 1
2653,term,East,home_improvement,2023-12-12,651,637,79427.49,57190.99,,5.69,17,0,0,12.9,,-14,Stage 1
2654,term,East,home_improvement,2024-08-06,631,601,22130.88,19914.6,,12.73,21,0,0,4.9,,-30,Stage 2
2655,revolving,East,debt_consolidation,2022-03-22,595,557,23465.52,2346.55,4968.78,9.76,35,0,1,33.9,0.472,-38,Stage 2
2656,term,North,personal,2021-08-25,612,592,27935.26,6485.04,,7.85,26,0,0,40.8,,-20,Stage 1
2657,revolving,South,personal,2024-07-27,658,671,18799.93,16317.84,43702.82,9.91,8,1,0,5.3,0.373,13,Stage 2
2658,revolving,South,auto,2023-12-04,583,568,7771.81,5879.2,15128.24,7.04,42,0,1,13.1,0.389,-15,Stage 2
2659,term,South,personal,2023-06-01,597,569,23281.25,10160.54,,9.07,30,0,0,19.3,,-28,Stage 2
2660,term,South,auto,2023-02-05,742,733,11014.78,7641.69,,6.01,0,0,0,23.2,,-9,Stage 1
2661,term,East,personal,2023-07-26,693,682,4580.88,2601.52,,9.89,6,0,0,17.5,,-11,Stage 1
2662,revolving,North,home_improvement,2021-12-25,652,628,20016.91,11704.97,22573.32,8.24,22,0,0,36.8,0.519,-24,Stage 1
2663,term,South,auto,2022-10-08,816,823,18426.43,11816.79,,8.38,5,0,0,27.2,,7,Stage 1
2664,term,West,personal,2022-11-21,581,538,23615.89,11101.97,,8.87,50,0,0,25.7,,-43,Stage 2
2665,term,North,auto,2022-04-07,738,726,12794.03,4663.11,,6.33,0,0,0,33.3,,-12,Stage 1
2666,term,West,debt_consolidation,2021-04-11,673,671,25723.74,2572.37,,15.23,9,0,0,45.4,,-2,Stage 1
2667,term,North,debt_consolidation,2022-11-23,727,726,5780.65,4293.88,,8.39,2,1,0,25.7,,-1,Stage 2
2668,term,North,auto,2023-09-11,686,679,3031.91,1971.95,,12.3,11,0,0,15.9,,-7,Stage 1
2669,revolving,North,auto,2023-02-08,567,549,14837.74,9231.69,14172.12,5.51,49,0,0,23.1,0.651,-18,Stage 2
2670,term,West,home_improvement,2021-09-25,685,668,9074.32,1958.58,,3.0,4,0,0,39.8,,-17,Stage 1
2671,term,South,personal,2023-06-02,700,674,6811.1,4036.15,,9.77,3,0,0,19.3,,-26,Stage 1
2672,term,South,debt_consolidation,2024-10-17,548,518,11467.3,10862.84,,12.2,64,0,0,2.5,,-30,Stage 2
2673,revolving,West,debt_consolidation,2022-02-12,796,801,21044.33,2104.43,4283.0,12.65,5,0,0,35.1,0.491,5,Stage 1
2674,term,South,personal,2023-11-27,698,703,1000.0,602.52,,11.8,4,0,0,13.4,,5,Stage 1
2675,revolving,East,debt_consolidation,2022-04-13,720,704,10159.42,3394.55,9333.79,8.37,1,0,0,33.1,0.364,-16,Stage 1
2676,term,South,debt_consolidation,2021-09-16,610,583,38848.7,10739.82,,10.73,20,0,0,40.1,,-27,Stage 1
2677,term,East,auto,2022-05-24,721,724,4024.21,898.26,,7.09,3,0,0,31.8,,3,Stage 1
2678,term,East,debt_consolidation,2021-11-05,745,748,8560.62,1857.44,,7.16,2,0,0,38.4,,3,Stage 1
2679,term,East,debt_consolidation,2024-07-20,695,668,31138.25,26905.53,,9.66,6,1,0,5.5,,-27,Stage 2
2680,term,West,debt_consolidation,2022-09-17,679,676,12147.99,6160.76,,9.71,9,1,0,27.9,,-3,Stage 2
2681,term,South,personal,2021-04-20,626,622,16254.68,2105.76,,7.41,22,0,0,45.1,,-4,Stage 1
2682,revolving,South,home_improvement,2022-11-10,667,645,10348.06,7208.23,21015.66,9.55,13,1,0,26.1,0.343,-22,Stage 2
2683,term,West,auto,2024-07-07,649,642,32930.14,28409.75,,12.42,16,0,0,5.9,,-7,Stage 1
2684,term,West,home_improvement,2023-01-12,714,711,8082.01,2960.8,,6.34,7,0,0,24.0,,-3,Stage 1
2685,term,South,debt_consolidation,2023-06-26,629,599,14471.0,10842.0,,11.02,29,0,1,18.5,,-30,Stage 2
2686,term,West,debt_consolidation,2021-09-25,713,690,24024.33,2402.43,,4.91,3,1,0,39.8,,-23,Stage 2
2687,term,West,debt_consolidation,2023-11-22,629,612,6993.38,4187.6,,3.96,20,1,0,13.5,,-17,Stage 2
2688,term,East,home_improvement,2023-07-29,664,658,3711.01,2321.27,,9.91,18,0,0,17.4,,-6,Stage 1
2689,term,West,personal,2023-03-22,716,703,1480.64,1108.84,,8.81,2,0,0,21.7,,-13,Stage 1
2690,term,East,personal,2024-04-15,637,605,20997.96,16264.81,,9.35,19,0,0,8.7,,-32,Stage 2
2691,term,North,auto,2021-04-14,719,688,5247.9,653.96,,9.3,2,0,0,45.3,,-31,Stage 2
2692,term,East,home_improvement,2024-06-13,713,704,18492.98,15092.8,,11.87,2,0,0,6.7,,-9,Stage 1
2693,term,East,personal,2024-01-22,663,639,17796.72,12434.85,,10.6,15,0,0,11.5,,-24,Stage 1
2694,term,West,auto,2021-07-20,749,735,4896.26,489.63,,10.41,1,0,0,42.0,,-14,Stage 1
2695,revolving,South,debt_consolidation,2023-06-18,684,687,15418.98,12323.3,31785.78,13.15,6,0,0,18.8,0.388,3,Stage 1
2696,term,North,debt_consolidation,2023-01-13,746,748,48158.34,22946.71,,11.71,0,0,0,24.0,,2,Stage 1
2697,term,North,auto,2023-07-14,787,793,21776.23,11936.93,,9.54,3,0,0,17.9,,6,Stage 1
2698,term,North,personal,2022-08-20,665,648,73065.08,24405.25,,12.17,13,0,0,28.8,,-17,Stage 1
2699,revolving,South,home_improvement,2023-11-25,718,714,8995.22,6205.32,18194.99,8.17,1,0,0,13.4,0.341,-4,Stage 1
2700,revolving,North,auto,2024-02-15,641,624,16042.23,11694.3,30308.49,8.25,19,0,0,10.7,0.386,-17,Stage 1
2701,term,North,personal,2022-11-19,618,592,6623.97,3105.88,,12.94,29,0,0,25.8,,-26,Stage 1
2702,revolving,South,auto,2023-07-09,668,651,39007.08,21174.67,57545.14,8.32,13,0,0,18.1,0.368,-17,Stage 1
2703,term,North,personal,2023-02-27,598,585,10924.38,7380.64,,10.21,26,0,0,22.5,,-13,Stage 1
2704,term,West,debt_consolidation,2022-02-03,623,604,4799.1,1714.57,,10.06,30,0,0,35.4,,-19,Stage 2
2705,revolving,West,auto,2022-08-20,715,729,15906.34,5276.34,12705.7,9.47,3,0,0,28.8,0.415,14,Stage 1
2706,revolving,East,home_improvement,2021-04-27,649,643,8548.01,3457.69,9420.97,14.4,15,1,1,44.8,0.367,-6,Stage 2
2707,term,East,auto,2021-12-28,722,712,18171.23,1817.12,,8.63,2,0,0,36.7,,-10,Stage 1
2708,term,East,debt_consolidation,2021-07-23,697,687,12464.8,1246.48,,14.32,4,0,0,41.9,,-10,Stage 1
2709,term,West,debt_consolidation,2024-03-15,791,791,22067.12,16778.18,,5.77,1,0,0,9.7,,0,Stage 1
2710,term,West,personal,2022-03-20,711,715,1796.89,179.69,,8.86,1,1,0,33.9,,4,Stage 2
2711,revolving,West,debt_consolidation,2022-12-28,746,728,13831.3,3883.67,6139.21,8.28,1,0,0,24.5,0.633,-18,Stage 1
2712,term,East,personal,2023-05-11,704,691,6493.88,4439.82,,11.32,4,0,0,20.0,,-13,Stage 1
2713,term,East,debt_consolidation,2024-08-13,698,693,28226.49,24792.57,,4.93,12,0,0,4.7,,-5,Stage 1
2714,term,East,personal,2023-05-18,749,749,36625.86,24147.24,,10.15,0,0,0,19.8,,0,Stage 1
2715,term,East,home_improvement,2023-02-06,720,726,8181.82,4446.43,,11.77,3,0,0,23.2,,6,Stage 1
2716,term,East,personal,2024-06-08,692,675,18430.19,15602.98,,8.02,7,0,0,6.9,,-17,Stage 1
2717,term,East,personal,2024-05-11,692,663,6036.04,5339.0,,7.14,6,0,0,7.8,,-29,Stage 1
2718,revolving,West,home_improvement,2021-12-28,712,707,17190.82,8210.11,17221.67,7.16,3,0,0,36.7,0.477,-5,Stage 1
2719,revolving,South,personal,2022-01-30,639,621,6319.17,1410.84,2316.69,10.48,22,0,0,35.6,0.609,-18,Stage 1
2720,term,South,personal,2021-09-05,637,621,17868.25,1786.82,,4.24,23,1,0,40.5,,-16,Stage 2
2721,revolving,East,home_improvement,2023-07-03,765,758,19803.93,9274.67,15970.88,5.07,1,0,0,18.3,0.581,-7,Stage 1
2722,revolving,South,debt_consolidation,2024-11-20,791,797,41399.91,40162.1,69439.18,9.25,3,0,0,1.4,0.578,6,Stage 1
2723,revolving,South,auto,2023-01-31,624,599,3698.18,1811.55,3249.99,10.75,27,1,0,23.4,0.557,-25,Stage 2
2724,term,West,personal,2022-10-18,639,626,18946.57,9637.83,,9.83,16,0,1,26.9,,-13,Stage 1
2725,term,East,debt_consolidation,2021-12-22,748,741,2321.6,232.16,,10.8,2,0,0,36.9,,-7,Stage 1
2726,term,East,auto,2024-11-25,712,717,12607.98,12223.7,,5.86,5,0,0,1.2,,5,Stage 1
2727,term,South,home_improvement,2021-08-29,720,693,12161.95,5327.49,,3.76,2,0,0,40.7,,-27,Stage 1
2728,term,East,personal,2024-09-26,733,708,12031.85,11343.71,,11.65,1,0,0,3.2,,-25,Stage 1
2729,term,East,personal,2021-08-17,665,655,3354.33,1602.66,,5.2,20,1,0,41.1,,-10,Stage 2
2730,term,East,home_improvement,2022-09-13,699,672,13083.07,8614.64,,10.54,6,0,0,28.0,,-27,Stage 1
2731,revolving,East,personal,2023-07-20,695,684,12812.02,6318.92,13512.33,3.51,5,0,0,17.7,0.468,-11,Stage 1
2732,term,South,auto,2023-05-05,628,601,1466.9,775.58,,11.03,21,1,0,20.2,,-27,Stage 2
2733,term,North,auto,2022-06-13,698,699,2104.55,277.87,,8.99,8,0,0,31.1,,1,Stage 1
2734,revolving,South,home_improvement,2021-09-24,754,750,15302.01,2214.87,6530.55,12.12,1,0,0,39.8,0.339,-4,Stage 1
2735,revolving,West,personal,2024-02-27,659,636,26762.92,22588.24,67701.71,11.38,9,0,0,10.3,0.334,-23,Stage 1
2736,revolving,North,debt_consolidation,2021-08-08,689,692,14728.86,5453.05,16237.43,7.96,6,0,1,41.4,0.336,3,Stage 1
2737,revolving,North,personal,2024-01-11,692,685,16139.59,13291.49,38073.63,7.36,8,0,0,11.9,0.349,-7,Stage 1
2738,term,North,home_improvement,2022-07-15,662,634,7334.02,3740.73,,9.95,11,0,0,30.0,,-28,Stage 1
2739,revolving,South,debt_consolidation,2023-11-10,720,691,11968.02,9616.88,17066.92,7.5,5,0,0,13.9,0.563,-29,Stage 1
2740,term,West,auto,2024-09-12,639,632,3552.28,3383.91,,3.0,17,0,0,3.7,,-7,Stage 1
2741,term,South,auto,2023-11-27,759,758,19219.08,12029.95,,8.16,0,0,0,13.4,,-1,Stage 1
2742,term,West,debt_consolidation,2022-01-17,717,716,5943.81,1347.0,,6.42,6,0,0,36.0,,-1,Stage 1
2743,term,South,debt_consolidation,2021-02-08,623,612,3876.36,1230.25,,7.39,24,0,0,47.4,,-11,Stage 1
2744,term,South,home_improvement,2024-02-07,781,786,13097.35,10016.6,,9.89,3,0,0,11.0,,5,Stage 1
2745,term,South,personal,2022-03-05,690,680,28262.91,13724.06,,12.72,5,0,0,34.4,,-10,Stage 1
2746,revolving,North,auto,2023-12-24,636,614,14772.79,10415.04,18853.22,14.51,21,0,0,12.5,0.552,-22,Stage 1
2747,term,South,personal,2024-04-13,746,744,28187.74,21339.61,,10.47,0,0,0,8.8,,-2,Stage 1
2748,term,West,auto,2023-03-02,709,695,8942.8,6286.99,,7.21,4,0,0,22.4,,-14,Stage 1
2749,revolving,West,personal,2021-02-01,573,557,15970.64,1597.06,3480.99,11.91,50,0,1,47.7,0.459,-16,Stage 2
2750,term,West,auto,2023-08-03,648,636,10841.7,7592.95,,4.47,18,1,0,17.2,,-12,Stage 2
2751,term,North,personal,2022-06-15,696,698,20916.68,3711.52,,6.93,4,0,0,31.0,,2,Stage 1
2752,term,South,home_improvement,2021-04-16,550,521,17669.88,8912.68,,8.31,60,0,0,45.2,,-29,Stage 2
2753,term,South,auto,2022-04-27,685,672,6731.46,1473.7,,3.22,4,0,0,32.7,,-13,Stage 1
2754,term,East,home_improvement,2021-07-25,689,675,42760.53,4276.05,,9.74,4,0,0,41.9,,-14,Stage 1
2755,revolving,North,auto,2024-06-24,608,601,4107.63,3438.06,5965.38,6.53,33,0,0,6.4,0.576,-7,Stage 2
2756,term,West,auto,2023-04-15,696,671,14345.12,8039.57,,9.74,6,0,0,20.9,,-25,Stage 1
2757,term,West,auto,2021-03-30,680,647,6011.72,811.21,,8.2,8,0,1,45.8,,-33,Stage 2
2758,revolving,South,personal,2024-09-01,608,582,12799.14,12013.83,28177.04,6.48,26,0,0,4.1,0.426,-26,Stage 1
2759,revolving,West,auto,2023-11-01,735,726,5630.93,3421.28,9320.87,6.0,1,0,0,14.2,0.367,-9,Stage 1
2760,term,South,home_improvement,2023-12-09,730,733,12718.06,8121.5,,8.85,2,0,0,13.0,,3,Stage 1
2761,term,South,personal,2023-06-15,662,659,15461.89,9641.82,,11.17,10,0,0,18.9,,-3,Stage 1
2762,term,East,personal,2024-04-09,668,650,20719.65,15532.55,,11.08,5,0,0,8.9,,-18,Stage 1
2763,term,North,auto,2021-05-23,723,710,2437.56,1279.48,,9.88,4,0,0,44.0,,-13,Stage 1
2764,term,South,debt_consolidation,2021-07-26,667,626,8671.29,867.13,,10.72,13,0,0,41.8,,-41,Stage 2
2765,term,South,personal,2022-05-24,564,557,22963.22,3913.82,,9.22,57,0,0,31.8,,-7,Stage 2
2766,revolving,South,auto,2024-05-09,709,704,17003.89,13454.93,37386.76,7.03,1,0,0,7.9,0.36,-5,Stage 1
2767,term,East,home_improvement,2021-01-05,631,623,57403.45,5740.34,,13.21,22,0,0,48.6,,-8,Stage 1
2768,term,South,debt_consolidation,2021-07-30,656,649,8445.35,926.08,,7.03,16,0,0,41.7,,-7,Stage 1
2769,term,North,personal,2021-01-29,767,746,43497.83,4349.78,,13.73,1,0,0,47.8,,-21,Stage 1
2770,term,North,debt_consolidation,2024-04-28,671,650,22261.51,17592.06,,10.91,6,0,0,8.3,,-21,Stage 1
2771,term,West,personal,2021-07-07,680,665,31366.74,3136.67,,8.24,10,0,0,42.5,,-15,Stage 1
2772,term,North,debt_consolidation,2024-03-19,710,698,6574.44,4907.32,,5.15,6,0,0,9.6,,-12,Stage 1
2773,revolving,West,debt_consolidation,2022-06-09,710,708,17205.71,8271.62,22927.92,10.01,3,0,0,31.2,0.361,-2,Stage 1
2774,term,North,home_improvement,2023-08-04,624,588,15194.35,11790.17,,8.86,26,1,0,17.2,,-36,Stage 2
2775,term,West,debt_consolidation,2024-10-21,676,656,9085.37,8797.99,,12.64,13,0,0,2.4,,-20,Stage 1
2776,term,South,home_improvement,2021-06-06,682,667,28033.44,2803.34,,5.88,9,0,0,43.5,,-15,Stage 1
2777,term,East,auto,2021-03-21,696,674,12405.81,1240.58,,12.17,2,0,0,46.1,,-22,Stage 1
2778,term,East,personal,2024-07-20,697,694,21855.68,18284.01,,13.42,5,1,0,5.5,,-3,Stage 2
2779,term,East,home_improvement,2022-10-22,835,844,3802.78,967.93,,6.84,10,0,0,26.7,,9,Stage 1
2780,term,South,personal,2022-09-18,609,597,15545.87,3195.95,,11.21,30,0,0,27.9,,-12,Stage 2
2781,term,East,home_improvement,2021-08-20,738,751,23880.89,2388.09,,13.21,1,0,0,41.0,,13,Stage 1
2782,revolving,North,personal,2021-06-09,751,744,7821.47,2462.87,5379.09,13.08,0,0,0,43.4,0.458,-7,Stage 1
2783,revolving,West,home_improvement,2021-12-10,709,707,11824.14,3189.96,8597.28,12.16,4,0,0,37.3,0.371,-2,Stage 1
2784,revolving,South,personal,2024-08-05,640,601,12705.72,12034.68,24074.33,14.16,16,0,0,5.0,0.5,-39,Stage 2
2785,revolving,East,auto,2021-07-24,779,763,12694.18,1269.42,2161.51,9.2,3,0,0,41.9,0.587,-16,Stage 1
2786,term,North,personal,2023-09-22,548,519,5408.46,4174.23,,8.87,65,0,1,15.6,,-29,Stage 2
2787,revolving,North,auto,2023-04-18,639,616,24256.12,9889.87,23979.26,13.71,14,1,0,20.8,0.412,-23,Stage 2
2788,term,South,auto,2021-11-01,750,761,10005.39,3493.75,,3.0,2,0,0,38.6,,11,Stage 1
2789,revolving,South,auto,2024-10-15,657,645,20336.08,19297.46,54173.37,8.15,15,0,0,2.6,0.356,-12,Stage 1
2790,revolving,East,debt_consolidation,2022-11-01,775,759,14317.51,7243.1,11837.94,6.55,1,0,0,26.4,0.612,-16,Stage 1
2791,revolving,West,personal,2022-02-04,589,565,6062.23,1892.84,5040.94,9.13,34,0,0,35.4,0.375,-24,Stage 2
2792,revolving,East,debt_consolidation,2021-04-16,613,585,16756.33,1675.63,3267.22,10.25,23,0,0,45.2,0.513,-28,Stage 1
2793,term,East,debt_consolidation,2024-01-11,648,642,7612.2,5765.36,,10.76,13,0,0,11.9,,-6,Stage 1
2794,term,South,personal,2021-12-08,705,691,9766.8,1356.15,,9.24,4,0,0,37.3,,-14,Stage 1
2795,term,East,auto,2023-09-13,666,646,2645.36,1616.72,,9.52,20,0,0,15.9,,-20,Stage 1
2796,term,East,debt_consolidation,2023-08-10,650,621,23875.65,13428.29,,11.91,22,0,0,17.0,,-29,Stage 1
2797,term,West,debt_consolidation,2024-12-15,765,750,3607.95,3561.15,,7.29,0,0,0,0.6,,-15,Stage 1
2798,term,North,home_improvement,2021-02-18,770,759,24198.1,11715.82,,7.97,0,0,0,47.1,,-11,Stage 1
2799,revolving,North,personal,2021-07-25,655,647,12252.81,3682.13,7518.41,6.25,14,0,0,41.9,0.49,-8,Stage 1
2800,term,West,debt_consolidation,2024-05-26,577,565,14552.7,13280.58,,8.96,57,0,0,7.3,,-12,Stage 2
2801,revolving,North,personal,2024-12-30,550,534,8875.23,8656.45,22055.17,4.14,66,0,0,0.1,0.392,-16,Stage 2
2802,revolving,East,personal,2023-03-02,694,686,3794.36,1493.17,2805.41,12.9,7,0,0,22.4,0.532,-8,Stage 1
2803,revolving,West,debt_consolidation,2024-09-07,719,702,29609.02,27110.85,77115.81,11.39,4,0,0,3.9,0.352,-17,Stage 1
2804,revolving,West,personal,2021-08-19,683,656,6591.36,2035.54,3718.03,6.05,5,0,0,41.0,0.547,-27,Stage 1
2805,term,South,auto,2024-12-23,675,662,35097.36,34534.85,,12.71,5,0,0,0.3,,-13,Stage 1
2806,revolving,North,debt_consolidation,2023-06-02,631,600,41599.2,25285.24,70954.81,8.2,18,0,0,19.3,0.356,-31,Stage 2
2807,revolving,South,debt_consolidation,2022-12-27,719,730,19605.36,6373.41,13097.25,6.9,2,0,0,24.5,0.487,11,Stage 1
2808,term,East,debt_consolidation,2021-10-11,780,786,11367.89,5519.47,,10.12,2,0,0,39.3,,6,Stage 1
2809,term,West,home_improvement,2021-10-03,546,513,4080.88,408.09,,4.05,67,0,1,39.5,,-33,Stage 2
2810,revolving,East,home_improvement,2022-03-09,675,662,22026.56,11062.72,31046.93,7.96,7,0,0,34.3,0.356,-13,Stage 1
2811,term,North,home_improvement,2024-04-23,621,598,29899.56,26266.21,,10.12,32,0,0,8.4,,-23,Stage 2
2812,term,South,home_improvement,2022-09-25,590,574,13375.04,8303.03,,14.35,36,0,0,27.6,,-16,Stage 2
2813,term,North,debt_consolidation,2021-08-04,612,591,13091.52,6015.8,,5.18,20,0,0,41.5,,-21,Stage 1
2814,term,East,auto,2021-04-07,702,684,18125.02,8588.34,,5.42,1,0,0,45.5,,-18,Stage 1
2815,term,South,personal,2023-08-13,704,696,7314.96,3880.91,,8.28,3,0,0,16.9,,-8,Stage 1
2816,revolving,North,personal,2024-02-17,767,762,2612.37,2274.32,5293.25,8.03,0,0,0,10.6,0.43,-5,Stage 1
2817,term,East,debt_consolidation,2021-12-31,680,661,16094.11,7429.17,,11.35,9,0,0,36.6,,-19,Stage 1
2818,term,North,auto,2024-11-27,574,542,3199.37,3103.59,,13.57,41,0,0,1.2,,-32,Stage 2
2819,term,West,personal,2023-10-05,665,647,11828.36,9729.41,,12.08,3,1,0,15.1,,-18,Stage 2
2820,term,South,auto,2022-09-10,596,541,7825.31,4790.79,,7.68,37,0,1,28.1,,-55,Stage 2
2821,revolving,South,debt_consolidation,2022-02-01,607,588,9677.04,4662.71,9364.99,13.35,23,0,0,35.5,0.498,-19,Stage 1
2822,term,South,home_improvement,2022-04-03,714,710,10380.84,2389.03,,8.77,0,0,0,33.5,,-4,Stage 1
2823,term,West,auto,2021-11-14,691,667,18626.39,1862.64,,10.56,11,0,0,38.1,,-24,Stage 1
2824,term,South,personal,2022-01-17,715,689,8478.35,1289.62,,10.26,4,0,0,36.0,,-26,Stage 1
2825,term,West,personal,2021-05-22,658,655,13991.17,1561.73,,10.34,10,0,0,44.0,,-3,Stage 1
2826,revolving,South,personal,2022-04-02,727,740,4984.79,498.48,1405.27,11.62,0,0,0,33.5,0.355,13,Stage 1
2827,revolving,North,home_improvement,2022-05-16,655,636,6249.36,1434.91,3905.34,11.42,12,0,0,32.0,0.367,-19,Stage 1
2828,term,North,auto,2021-11-19,747,752,19503.31,8027.17,,11.18,0,0,0,38.0,,5,Stage 1
2829,term,North,auto,2023-09-27,700,686,8522.14,4957.91,,7.43,8,0,1,15.4,,-14,Stage 1
2830,term,North,personal,2021-09-25,667,652,5344.58,925.5,,6.39,16,0,0,39.8,,-15,Stage 1
2831,term,West,auto,2022-05-02,692,675,14006.43,1915.28,,11.23,8,0,0,32.5,,-17,Stage 1
2832,term,East,personal,2023-05-28,678,670,12086.06,9701.02,,10.0,5,0,0,19.5,,-8,Stage 1
2833,term,East,auto,2022-11-10,775,776,32439.99,11103.37,,11.64,1,0,0,26.1,,1,Stage 1
2834,term,North,home_improvement,2024-03-29,694,695,17535.52,13950.61,,7.61,8,0,0,9.3,,1,Stage 1
2835,term,East,home_improvement,2021-01-14,679,661,5461.98,546.2,,11.22,12,0,0,48.3,,-18,Stage 1
2836,revolving,East,debt_consolidation,2023-10-01,665,653,2839.85,1781.84,4519.96,8.09,6,0,0,15.3,0.394,-12,Stage 1
2837,revolving,South,debt_consolidation,2022-12-06,730,730,12145.75,8205.63,15434.3,7.9,1,0,0,25.2,0.532,0,Stage 1
2838,term,West,debt_consolidation,2021-06-04,722,717,23522.91,2352.29,,12.52,1,0,0,43.6,,-5,Stage 1
2839,revolving,North,auto,2021-04-11,663,649,12019.78,6325.15,18893.58,12.3,12,0,0,45.4,0.335,-14,Stage 1
2840,term,East,home_improvement,2022-07-26,610,600,12427.06,5379.54,,9.66,24,0,0,29.7,,-10,Stage 1
2841,term,East,home_improvement,2023-12-03,625,593,3917.06,3138.05,,7.96,28,0,0,13.2,,-32,Stage 2
2842,revolving,North,home_improvement,2024-05-01,668,658,7607.61,6258.3,15774.28,8.75,12,0,0,8.2,0.397,-10,Stage 1
2843,revolving,South,personal,2024-08-27,760,749,2041.84,1827.17,3083.37,9.44,0,0,0,4.2,0.593,-11,Stage 1
2844,revolving,North,auto,2022-09-13,664,638,17938.29,3703.71,8817.26,7.84,10,0,0,28.0,0.42,-26,Stage 1
2845,term,South,auto,2023-10-12,644,621,15494.77,12804.55,,9.97,17,0,0,14.9,,-23,Stage 1
2846,term,East,debt_consolidation,2022-04-10,574,549,13123.41,3687.49,,7.48,32,0,0,33.2,,-25,Stage 2
2847,revolving,West,personal,2024-04-01,770,772,6176.6,5208.28,11932.87,13.66,0,0,0,9.2,0.436,2,Stage 1
2848,term,South,personal,2021-12-17,714,701,4803.75,2122.2,,3.05,6,1,0,37.0,,-13,Stage 2
2849,term,South,home_improvement,2021-08-22,727,727,15465.13,8096.44,,7.1,1,0,0,40.9,,0,Stage 1
2850,term,North,debt_consolidation,2022-02-07,737,739,15091.13,7332.82,,11.32,1,0,0,35.3,,2,Stage 1
2851,term,East,auto,2021-12-17,670,672,21003.06,6036.05,,13.73,12,0,0,37.0,,2,Stage 1
2852,term,West,personal,2024-04-05,685,667,15026.18,13653.74,,7.21,14,0,0,9.0,,-18,Stage 1
2853,term,North,home_improvement,2024-03-17,769,759,19785.98,15631.34,,8.31,1,0,0,9.7,,-10,Stage 1
2854,revolving,North,auto,2021-01-28,690,678,15247.58,6437.25,13016.96,10.38,8,0,0,47.8,0.495,-12,Stage 1
2855,term,West,home_improvement,2021-09-16,715,691,26620.77,3665.15,,10.5,3,0,0,40.1,,-24,Stage 1
2856,term,East,auto,2022-09-12,732,746,9170.42,4654.37,,9.41,0,0,0,28.1,,14,Stage 1
2857,term,West,home_improvement,2023-05-26,718,705,15110.73,7588.96,,11.34,5,0,0,19.5,,-13,Stage 1
2858,term,North,auto,2024-05-19,672,648,18941.87,16251.6,,9.89,9,0,0,7.6,,-24,Stage 1
2859,term,North,debt_consolidation,2022-06-27,677,663,12797.61,1481.58,,9.95,8,0,0,30.6,,-14,Stage 1
2860,term,South,auto,2022-03-29,726,718,1340.77,595.75,,13.7,2,0,0,33.6,,-8,Stage 1
2861,revolving,West,auto,2022-11-28,726,720,18180.2,8509.25,14460.19,8.5,4,0,0,25.5,0.588,-6,Stage 1
2862,term,West,auto,2022-02-08,750,749,7477.44,979.53,,8.28,2,0,0,35.3,,-1,Stage 1
2863,revolving,West,home_improvement,2023-10-16,713,693,5691.74,4483.69,7586.32,8.09,3,0,0,14.8,0.591,-20,Stage 1
2864,term,North,personal,2023-12-26,715,708,4215.77,3675.75,,7.23,4,0,0,12.4,,-7,Stage 1
2865,term,East,auto,2024-11-29,653,632,21450.63,20844.14,,8.65,18,0,0,1.1,,-21,Stage 1
2866,term,North,auto,2023-06-02,645,621,13408.56,9303.19,,7.15,21,0,1,19.3,,-24,Stage 1
2867,term,South,debt_consolidation,2022-07-29,726,726,4602.87,2807.4,,10.38,0,0,0,29.6,,0,Stage 1
2868,revolving,North,auto,2024-12-29,645,610,5233.27,5118.91,11205.62,10.43,16,0,0,0.1,0.457,-35,Stage 2
2869,term,North,debt_consolidation,2024-06-05,678,670,12308.97,10804.56,,9.73,8,0,0,7.0,,-8,Stage 1
2870,term,North,auto,2024-01-30,762,776,4624.09,3828.81,,10.2,2,0,0,11.2,,14,Stage 1
2871,revolving,South,home_improvement,2022-02-27,753,752,13502.19,2213.72,5772.78,11.44,0,0,0,34.6,0.383,-1,Stage 1
2872,revolving,West,personal,2024-10-11,698,706,24196.96,22255.4,47132.71,5.92,2,0,0,2.7,0.472,8,Stage 1
2873,revolving,East,personal,2024-03-08,662,652,27363.71,21762.58,47355.96,9.82,9,0,0,10.0,0.46,-10,Stage 1
2874,term,East,personal,2024-02-29,672,653,21530.33,15906.08,,13.82,9,1,0,10.2,,-19,Stage 2
2875,revolving,South,home_improvement,2022-07-03,732,716,33944.93,6224.64,18425.89,7.4,2,0,0,30.4,0.338,-16,Stage 1
2876,term,West,debt_consolidation,2022-04-13,677,661,14128.28,4915.18,,16.52,10,0,0,33.1,,-16,Stage 1
2877,term,West,personal,2021-04-21,646,628,45358.04,4535.8,,8.09,23,0,0,45.0,,-18,Stage 1
2878,term,South,home_improvement,2021-06-02,752,744,39588.49,3958.85,,9.74,1,0,0,43.6,,-8,Stage 1
2879,term,North,home_improvement,2023-07-06,690,684,14724.82,7100.25,,9.88,8,0,0,18.2,,-6,Stage 1
2880,term,West,auto,2023-02-01,645,612,9051.43,3490.06,,4.71,13,0,0,23.3,,-33,Stage 2
2881,term,East,debt_consolidation,2024-06-19,708,686,9759.77,8124.62,,6.6,1,0,0,6.5,,-22,Stage 1
2882,revolving,South,home_improvement,2022-12-21,738,733,2317.93,855.35,2169.97,10.98,2,0,0,24.7,0.394,-5,Stage 1
2883,term,East,debt_consolidation,2023-05-30,619,590,9131.08,5693.72,,8.3,23,0,0,19.4,,-29,Stage 1
2884,term,North,personal,2022-11-13,667,649,3381.92,989.04,,6.39,9,0,0,26.0,,-18,Stage 1
2885,term,South,personal,2023-02-08,665,636,23153.54,13974.97,,12.65,13,0,0,23.1,,-29,Stage 1
2886,revolving,East,personal,2021-10-06,707,693,2832.06,357.67,989.61,9.93,2,0,0,39.4,0.361,-14,Stage 1
2887,term,East,auto,2021-12-29,717,704,17808.5,9495.63,,8.58,1,0,0,36.6,,-13,Stage 1
2888,term,North,auto,2024-12-02,646,620,8941.03,8735.38,,15.85,19,0,0,1.0,,-26,Stage 1
2889,revolving,South,debt_consolidation,2024-04-13,590,567,22880.48,17865.66,39683.79,6.0,31,0,1,8.8,0.45,-23,Stage 2
2890,revolving,West,debt_consolidation,2022-08-24,741,724,9921.12,4734.53,11704.98,5.9,0,0,0,28.7,0.404,-17,Stage 1
2891,term,West,auto,2024-03-04,612,602,18450.65,14676.92,,7.81,24,0,0,10.1,,-10,Stage 1
2892,term,East,home_improvement,2021-10-21,696,686,17590.17,10521.05,,9.84,13,0,0,38.9,,-10,Stage 1
2893,revolving,North,debt_consolidation,2023-05-21,672,650,8708.57,3890.29,10383.66,10.36,10,0,0,19.7,0.375,-22,Stage 1
2894,term,East,debt_consolidation,2024-12-13,689,645,15191.08,14791.73,,6.82,6,0,0,0.6,,-44,Stage 2
2895,term,North,personal,2024-05-14,779,797,18968.01,15348.68,,4.82,3,0,0,7.7,,18,Stage 1
2896,revolving,West,debt_consolidation,2024-09-03,850,850,22958.19,21915.18,53255.67,10.75,17,0,0,4.0,0.412,0,Stage 1
2897,term,East,debt_consolidation,2021-03-14,581,564,1705.46,570.77,,7.67,48,0,1,46.3,,-17,Stage 2
2898,term,East,home_improvement,2021-09-16,739,739,3299.08,329.91,,9.02,0,0,0,40.1,,0,Stage 1
2899,term,North,debt_consolidation,2024-10-13,670,663,19965.3,18943.77,,9.26,13,0,0,2.7,,-7,Stage 1
2900,term,South,home_improvement,2024-03-17,742,738,8540.36,6266.31,,11.87,0,0,0,9.7,,-4,Stage 1
2901,term,North,personal,2024-06-02,737,734,13274.5,11054.23,,7.46,1,0,0,7.1,,-3,Stage 1
2902,revolving,South,auto,2024-02-03,764,762,2042.09,1448.15,4028.97,13.77,0,0,0,11.1,0.359,-2,Stage 1
2903,term,West,personal,2021-12-22,697,693,45570.9,8278.87,,8.56,5,1,0,36.9,,-4,Stage 2
2904,term,East,home_improvement,2024-07-08,626,613,5269.6,4839.91,,4.97,31,0,1,5.9,,-13,Stage 2
2905,term,East,home_improvement,2022-07-25,735,731,15582.51,6194.71,,5.98,1,1,0,29.7,,-4,Stage 2
2906,term,North,debt_consolidation,2022-07-27,687,682,6352.33,1304.24,,5.84,11,0,0,29.6,,-5,Stage 1
2907,revolving,North,debt_consolidation,2023-03-28,665,658,27856.91,10964.96,24539.77,6.82,21,1,0,21.5,0.447,-7,Stage 2
2908,term,West,auto,2023-12-30,651,627,23118.59,16274.48,,9.77,21,0,0,12.3,,-24,Stage 1
2909,term,West,home_improvement,2022-03-23,740,727,25143.15,5211.75,,12.02,1,0,1,33.8,,-13,Stage 1
2910,term,South,home_improvement,2023-02-22,776,782,17889.15,8744.14,,3.0,2,0,0,22.6,,6,Stage 1
2911,term,West,personal,2024-07-04,608,577,21358.45,18608.59,,11.68,37,0,0,6.0,,-31,Stage 2
2912,term,West,auto,2023-06-28,717,711,8242.63,4018.57,,13.24,1,0,0,18.4,,-6,Stage 1
2913,revolving,West,personal,2023-08-02,657,630,29666.67,16665.96,43833.71,15.15,13,0,1,17.3,0.38,-27,Stage 1
2914,revolving,West,debt_consolidation,2023-06-15,591,562,11294.66,6104.01,9313.02,10.26,48,0,1,18.9,0.655,-29,Stage 2
2915,term,South,debt_consolidation,2023-07-19,688,648,5492.76,3719.47,,3.67,12,0,0,17.7,,-40,Stage 2
2916,term,West,personal,2022-09-29,630,603,11282.94,5313.78,,4.97,21,0,0,27.5,,-27,Stage 1
2917,revolving,South,debt_consolidation,2023-07-15,585,559,9581.12,6378.54,10740.34,11.68,53,0,1,17.9,0.594,-26,Stage 2
2918,revolving,North,personal,2022-06-15,633,604,12078.19,1207.82,2246.45,9.28,22,0,0,31.0,0.538,-29,Stage 1
2919,term,East,home_improvement,2021-04-29,618,578,5391.76,539.18,,7.11,27,0,0,44.8,,-40,Stage 2
2920,term,North,home_improvement,2021-03-07,641,613,22232.55,9687.74,,4.52,16,1,0,46.5,,-28,Stage 2
2921,term,West,debt_consolidation,2021-09-02,600,571,6603.73,1400.47,,5.77,29,0,1,40.6,,-29,Stage 1
2922,revolving,East,auto,2021-02-26,656,643,15152.18,4275.07,6880.31,10.57,11,0,0,46.8,0.621,-13,Stage 1
2923,revolving,West,home_improvement,2023-12-04,637,616,17452.65,13787.72,38843.8,10.44,22,0,0,13.1,0.355,-21,Stage 1
2924,term,West,debt_consolidation,2022-06-08,702,681,16926.08,11467.78,,11.9,4,0,0,31.3,,-21,Stage 1
2925,term,North,auto,2022-02-28,715,716,17893.88,10065.85,,12.96,5,0,0,34.6,,1,Stage 1
2926,revolving,West,debt_consolidation,2022-01-30,695,700,5296.17,1194.53,3192.69,6.37,4,0,0,35.6,0.374,5,Stage 1
2927,revolving,North,personal,2022-03-26,665,641,19876.03,4335.65,12157.14,11.77,9,0,0,33.7,0.357,-24,Stage 1
2928,revolving,West,debt_consolidation,2024-07-04,664,665,4318.06,3560.24,9975.65,6.77,13,0,0,6.0,0.357,1,Stage 1
2929,revolving,South,personal,2023-08-12,629,605,2956.58,1629.55,4244.92,8.63,24,1,0,16.9,0.384,-24,Stage 2
2930,term,East,home_improvement,2024-10-16,631,614,12826.84,12332.49,,6.8,21,0,1,2.6,,-17,Stage 1
2931,term,North,home_improvement,2023-02-02,722,726,8915.31,4624.14,,11.31,2,0,0,23.3,,4,Stage 1
2932,term,North,debt_consolidation,2024-11-04,574,558,18987.1,18475.9,,7.26,44,0,0,1.9,,-16,Stage 2
2933,term,East,auto,2022-03-19,675,656,29381.76,10108.88,,10.94,15,0,0,34.0,,-19,Stage 1
2934,term,North,debt_consolidation,2023-08-25,660,655,19857.36,11550.02,,10.44,15,0,0,16.5,,-5,Stage 1
2935,revolving,East,debt_consolidation,2023-06-11,715,710,5702.28,2971.14,8465.91,12.42,4,0,0,19.0,0.351,-5,Stage 1
2936,term,South,home_improvement,2022-06-18,594,566,6360.88,1355.14,,10.75,41,0,1,30.9,,-28,Stage 2
2937,revolving,West,home_improvement,2021-06-06,680,658,6047.62,2326.58,4810.7,14.61,9,0,0,43.5,0.484,-22,Stage 1
2938,term,South,debt_consolidation,2021-03-30,700,686,20467.04,3173.28,,7.07,2,0,0,45.8,,-14,Stage 1
2939,revolving,West,home_improvement,2021-07-21,565,542,11777.89,1177.79,2306.58,11.38,54,0,0,42.0,0.511,-23,Stage 2
2940,term,East,personal,2023-09-07,615,588,16058.3,12941.06,,10.2,24,0,0,16.1,,-27,Stage 1
2941,term,South,debt_consolidation,2022-04-07,674,661,4543.23,2014.83,,6.74,8,0,0,33.3,,-13,Stage 1
2942,term,West,home_improvement,2022-12-10,710,694,15987.73,7095.32,,11.87,3,0,1,25.1,,-16,Stage 1
2943,term,East,debt_consolidation,2022-03-30,690,686,8977.69,2862.27,,11.55,6,0,0,33.6,,-4,Stage 1
2944,revolving,West,home_improvement,2022-01-15,713,694,35824.38,21017.43,33974.06,7.06,5,0,0,36.1,0.619,-19,Stage 1
2945,revolving,North,personal,2022-02-05,615,614,4483.79,626.98,1804.5,3.99,28,1,0,35.4,0.347,-1,Stage 2
2946,term,North,personal,2024-01-08,584,559,3642.06,2879.47,,8.69,44,0,0,12.0,,-25,Stage 2
2947,term,East,debt_consolidation,2022-07-05,685,664,10490.55,1355.74,,6.94,10,1,0,30.4,,-21,Stage 2
2948,term,West,personal,2023-07-25,606,576,9881.86,7196.13,,9.49,37,1,0,17.5,,-30,Stage 2
2949,term,North,personal,2023-10-10,628,596,28490.92,15864.35,,9.03,19,0,0,15.0,,-32,Stage 2
2950,revolving,South,home_improvement,2024-11-10,735,738,8284.81,7889.14,18541.28,14.34,2,0,0,1.7,0.425,3,Stage 1
2951,revolving,West,debt_consolidation,2023-09-05,691,681,44163.33,26482.74,46969.27,6.79,8,0,0,16.1,0.564,-10,Stage 1
2952,term,West,home_improvement,2022-10-23,645,629,11453.71,7045.85,,10.78,19,0,0,26.7,,-16,Stage 1
2953,revolving,North,home_improvement,2024-09-28,638,622,6067.21,5618.04,8452.16,4.94,24,0,0,3.2,0.665,-16,Stage 1
2954,term,North,auto,2023-06-22,717,700,8809.72,6662.72,,6.06,4,1,0,18.6,,-17,Stage 2
2955,revolving,East,personal,2022-03-21,692,676,19207.16,4857.72,12112.78,7.67,13,0,0,33.9,0.401,-16,Stage 1
2956,term,West,home_improvement,2021-02-21,607,564,17296.14,1729.61,,6.46,52,0,1,47.0,,-43,Stage 2
2957,revolving,South,home_improvement,2024-06-28,563,552,33456.55,29991.7,45170.06,10.31,56,0,1,6.2,0.664,-11,Stage 2
2958,revolving,North,home_improvement,2021-11-25,792,779,3342.03,334.2,843.65,8.92,1,0,0,37.8,0.396,-13,Stage 1
2959,term,West,personal,2024-10-05,606,575,8955.45,8646.84,,11.47,30,0,0,2.9,,-31,Stage 2
2960,revolving,North,personal,2023-02-09,711,698,58528.6,28791.39,67388.59,5.92,6,0,0,23.1,0.427,-13,Stage 1
2961,term,East,personal,2022-05-13,770,770,6930.76,1492.71,,9.54,2,0,0,32.1,,0,Stage 1
2962,term,West,debt_consolidation,2021-05-05,688,675,25989.04,11075.33,,6.77,3,1,0,44.6,,-13,Stage 2
2963,term,West,home_improvement,2021-07-23,643,628,1089.85,108.98,,12.82,19,0,0,41.9,,-15,Stage 1
2964,revolving,East,personal,2023-02-07,594,588,6787.15,3449.31,8798.09,5.92,28,0,1,23.1,0.392,-6,Stage 1
2965,revolving,South,home_improvement,2022-10-05,593,571,17117.69,3436.77,6595.59,3.73,46,1,0,27.3,0.521,-22,Stage 2
2966,revolving,North,debt_consolidation,2023-11-11,702,679,17485.23,12807.01,37407.11,7.24,3,0,0,13.9,0.342,-23,Stage 1
2967,revolving,East,auto,2022-08-13,767,779,15467.57,2485.21,6242.16,5.64,1,0,0,29.1,0.398,12,Stage 1
2968,term,West,debt_consolidation,2021-12-28,656,652,16780.12,3627.57,,9.43,13,0,1,36.7,,-4,Stage 1
2969,revolving,East,personal,2021-12-27,646,630,25623.51,12087.01,34437.6,10.75,24,0,0,36.7,0.351,-16,Stage 1
2970,term,West,personal,2024-02-14,721,717,11804.8,9419.24,,11.19,0,0,0,10.7,,-4,Stage 1
2971,term,East,debt_consolidation,2021-02-24,638,611,32645.82,3649.52,,3.0,20,0,0,46.9,,-27,Stage 1
2972,term,South,home_improvement,2021-10-19,696,694,12927.88,1292.79,,11.17,4,0,0,39.0,,-2,Stage 1
2973,revolving,West,personal,2023-12-11,682,659,11896.28,8752.85,15331.4,9.68,12,0,0,12.9,0.571,-23,Stage 1
2974,revolving,East,personal,2023-04-22,655,630,2309.03,1055.32,2047.62,11.1,15,0,0,20.7,0.515,-25,Stage 1
2975,term,South,debt_consolidation,2023-02-24,679,671,28647.8,11572.54,,11.64,11,0,0,22.6,,-8,Stage 1
2976,term,South,home_improvement,2021-09-11,785,794,3082.42,581.45,,7.15,0,0,0,40.3,,9,Stage 1
2977,revolving,North,debt_consolidation,2022-05-07,716,697,23781.43,14559.93,40121.14,6.29,6,0,0,32.3,0.363,-19,Stage 1
2978,term,West,debt_consolidation,2023-09-12,745,735,19553.67,11436.27,,9.98,3,0,0,15.9,,-10,Stage 1
2979,revolving,North,home_improvement,2022-07-27,624,598,31927.69,4680.52,12724.02,11.89,39,0,0,29.6,0.368,-26,Stage 2
2980,revolving,South,home_improvement,2023-05-09,745,749,2180.35,886.52,1965.28,5.24,1,0,0,20.1,0.451,4,Stage 1
2981,term,North,auto,2023-09-20,718,705,37085.56,28259.34,,9.19,1,0,0,15.6,,-13,Stage 1
2982,term,North,debt_consolidation,2023-08-19,590,560,8767.95,6883.69,,7.44,34,0,1,16.7,,-30,Stage 2
2983,revolving,East,home_improvement,2021-08-13,712,715,7251.39,3385.92,9486.88,7.43,4,0,0,41.2,0.357,3,Stage 1
2984,revolving,North,personal,2021-04-13,649,616,4610.73,461.07,1118.92,7.83,22,0,0,45.3,0.412,-33,Stage 2
2985,term,South,auto,2023-08-28,587,554,10714.93,5645.69,,10.97,48,0,0,16.4,,-33,Stage 2
2986,revolving,North,debt_consolidation,2023-12-08,687,648,15078.0,12794.02,36408.96,10.74,4,0,0,13.0,0.351,-39,Stage 2
2987,term,West,home_improvement,2023-01-07,712,679,17828.52,9536.86,,6.34,3,0,0,24.2,,-33,Stage 2
2988,term,East,auto,2024-09-27,689,669,8011.76,7388.76,,4.88,8,0,0,3.2,,-20,Stage 1
2989,revolving,South,auto,2021-08-21,673,640,7014.6,701.46,1859.43,12.22,10,0,0,41.0,0.377,-33,Stage 2
2990,revolving,North,personal,2021-08-16,660,630,39028.75,8304.02,22474.25,11.41,9,0,0,41.1,0.369,-30,Stage 2
2991,term,West,auto,2023-10-04,827,811,15418.5,13058.28,,12.72,10,0,0,15.2,,-16,Stage 1
2992,revolving,South,debt_consolidation,2022-06-06,609,581,18166.02,10979.64,28351.57,10.64,31,0,0,31.3,0.387,-28,Stage 2
2993,term,North,home_improvement,2021-01-13,732,731,23683.73,10408.81,,13.0,1,0,0,48.3,,-1,Stage 1
2994,term,East,auto,2022-03-21,680,665,16746.87,5022.61,,3.0,9,0,0,33.9,,-15,Stage 1
2995,term,North,auto,2021-12-06,628,616,7677.46,767.75,,8.65,30,0,0,37.4,,-12,Stage 2
2996,revolving,South,debt_consolidation,2024-09-09,677,649,4564.63,4132.88,6320.89,6.92,10,0,0,3.8,0.654,-28,Stage 1
2997,term,South,personal,2022-08-21,596,587,20286.56,10603.75,,14.96,33,0,0,28.8,,-9,Stage 2
2998,term,South,personal,2021-06-06,644,623,18722.76,6922.96,,5.4,23,0,0,43.5,,-21,Stage 1
2999,term,West,home_improvement,2022-10-18,677,649,17424.3,8176.89,,4.97,8,0,0,26.9,,-28,Stage 1
3000,revolving,North,debt_consolidation,2023-09-30,586,558,13097.32,9102.74,20243.71,7.12,50,0,0,15.3,0.45,-28,Stage 2
3001,term,North,personal,2024-12-25,710,703,12601.09,12255.56,,7.42,7,0,0,0.2,,-7,Stage 1
3002,revolving,North,home_improvement,2024-12-01,622,607,4981.84,4842.01,8493.57,7.87,25,0,1,1.0,0.57,-15,Stage 1
3003,term,East,home_improvement,2024-03-27,592,578,1865.46,1633.33,,11.71,38,0,0,9.3,,-14,Stage 2
3004,term,West,personal,2024-04-23,615,592,24765.13,22386.22,,13.45,26,0,0,8.4,,-23,Stage 1
3005,term,West,debt_consolidation,2023-03-09,810,812,35042.44,20387.66,,11.91,6,0,0,22.1,,2,Stage 1
3006,revolving,East,auto,2022-05-06,561,534,19192.04,5738.32,11635.09,16.43,55,0,1,32.4,0.493,-27,Stage 2
3007,revolving,West,personal,2023-04-15,706,707,4118.33,1646.72,3017.57,12.85,3,0,0,20.9,0.546,1,Stage 1
3008,term,East,auto,2023-08-10,634,606,12851.72,6813.58,,7.1,20,0,0,17.0,,-28,Stage 1
3009,term,South,auto,2021-12-23,658,632,6327.37,632.74,,8.66,15,0,0,36.8,,-26,Stage 1
3010,term,South,debt_consolidation,2022-12-18,716,705,9884.77,2770.5,,11.37,4,0,0,24.8,,-11,Stage 1
3011,term,West,debt_consolidation,2021-12-28,713,714,5035.99,591.9,,5.53,2,0,0,36.7,,1,Stage 1
3012,term,South,home_improvement,2024-06-01,639,613,14048.16,12725.51,,8.06,20,0,0,7.1,,-26,Stage 1
3013,term,South,debt_consolidation,2024-05-12,598,580,22890.74,17936.76,,10.95,41,0,0,7.8,,-18,Stage 2
3014,term,South,home_improvement,2021-01-08,717,711,17209.84,1720.98,,14.74,0,0,0,48.5,,-6,Stage 1
3015,term,North,personal,2022-04-17,713,698,8997.54,1465.01,,9.1,2,1,0,33.0,,-15,Stage 2
3016,term,South,auto,2021-06-21,662,639,14996.38,1499.64,,9.58,8,0,1,43.0,,-23,Stage 1
3017,revolving,North,debt_consolidation,2021-04-06,706,698,2730.92,273.09,496.82,10.55,4,0,0,45.5,0.55,-8,Stage 1
3018,term,East,personal,2022-11-05,653,623,22224.67,15227.88,,3.8,9,0,0,26.3,,-30,Stage 2
3019,term,East,home_improvement,2022-08-31,630,622,19586.2,6185.29,,7.92,25,0,0,28.5,,-8,Stage 1
3020,revolving,East,debt_consolidation,2024-08-22,680,680,16933.36,15542.26,28295.89,6.44,6,0,0,4.4,0.549,0,Stage 1
3021,term,East,auto,2024-07-05,711,699,29066.65,26646.57,,11.33,3,1,0,6.0,,-12,Stage 2
3022,term,East,personal,2022-04-19,698,705,16457.81,6680.26,,7.68,4,0,0,32.9,,7,Stage 1
3023,term,South,debt_consolidation,2024-08-16,710,702,9652.44,8443.67,,12.65,6,0,0,4.6,,-8,Stage 1
3024,term,South,debt_consolidation,2022-09-06,634,608,9277.5,5453.3,,10.31,21,0,0,28.3,,-26,Stage 1
3025,term,South,personal,2022-11-20,774,768,10001.52,4117.6,,8.52,4,0,0,25.8,,-6,Stage 1
3026,term,East,home_improvement,2023-06-17,659,639,16957.51,8909.43,,7.31,9,0,0,18.8,,-20,Stage 1
3027,revolving,East,home_improvement,2024-09-13,672,651,5951.42,5589.79,8565.33,6.86,4,0,0,3.7,0.653,-21,Stage 1
3028,term,North,debt_consolidation,2021-04-20,600,566,6993.35,2172.11,,13.84,30,0,0,45.1,,-34,Stage 2
3029,term,West,home_improvement,2022-12-11,668,662,4590.66,1850.18,,3.0,8,0,0,25.1,,-6,Stage 1
3030,term,South,home_improvement,2024-02-27,711,698,5774.74,5074.64,,8.75,4,1,0,10.3,,-13,Stage 2
3031,term,West,personal,2023-08-23,725,697,11595.43,7534.39,,9.26,0,0,0,16.6,,-28,Stage 1
3032,term,East,home_improvement,2023-05-21,773,795,38365.52,17535.04,,3.0,0,0,0,19.7,,22,Stage 1
3033,revolving,East,home_improvement,2024-03-06,711,707,4392.35,3419.57,5764.07,12.93,6,0,0,10.0,0.593,-4,Stage 1
3034,term,East,personal,2022-10-11,696,665,27790.38,14607.64,,9.63,5,0,0,27.1,,-31,Stage 2
3035,term,West,debt_consolidation,2024-04-02,653,620,7420.88,5698.17,,11.19,14,1,1,9.1,,-33,Stage 2
3036,term,North,debt_consolidation,2021-12-15,640,603,25876.12,9262.43,,11.23,20,0,0,37.1,,-37,Stage 2
3037,term,East,personal,2022-04-08,738,732,9894.6,4942.8,,11.73,1,0,0,33.3,,-6,Stage 1
3038,revolving,North,auto,2023-06-04,737,734,15952.93,12345.9,30949.44,11.43,1,0,0,19.2,0.399,-3,Stage 1
3039,term,North,personal,2024-03-20,615,594,16338.64,12060.05,,11.43,29,0,0,9.6,,-21,Stage 1
3040,term,South,auto,2021-09-03,723,709,11000.94,1100.09,,10.17,2,0,0,40.5,,-14,Stage 1
3041,term,West,home_improvement,2024-02-08,719,703,10736.45,8451.12,,11.97,1,0,0,10.9,,-16,Stage 1
3042,revolving,East,debt_consolidation,2023-03-09,613,591,34064.79,16811.1,33490.22,17.18,28,1,0,22.1,0.502,-22,Stage 2
3043,term,North,auto,2024-07-22,712,695,13773.6,12783.87,,6.44,4,0,0,5.4,,-17,Stage 1
3044,term,West,auto,2023-05-20,617,594,9886.08,7830.54,,10.54,19,0,0,19.7,,-23,Stage 1
3045,revolving,West,home_improvement,2023-12-27,534,508,48579.65,32897.25,65375.23,11.52,70,0,0,12.4,0.503,-26,Stage 2
3046,revolving,East,debt_consolidation,2023-12-10,670,648,51296.14,32673.05,89748.66,4.38,11,0,0,12.9,0.364,-22,Stage 1
3047,term,South,home_improvement,2023-03-27,695,696,66211.31,49090.01,,14.68,8,0,0,21.5,,1,Stage 1
3048,term,South,debt_consolidation,2022-05-30,673,644,3454.56,1436.0,,10.95,7,1,0,31.6,,-29,Stage 2
3049,term,North,debt_consolidation,2021-08-14,850,850,1129.08,112.91,,9.94,18,0,0,41.2,,0,Stage 1
3050,term,South,home_improvement,2022-08-01,702,690,15876.75,3616.69,,7.92,2,1,0,29.5,,-12,Stage 2
3051,term,South,auto,2022-05-21,688,661,35463.13,15051.29,,11.54,3,0,0,31.9,,-27,Stage 1
3052,term,South,personal,2021-06-04,705,695,12843.63,6180.7,,5.65,6,0,0,43.6,,-10,Stage 1
3053,term,West,debt_consolidation,2021-04-21,653,639,31678.72,8198.66,,14.19,20,1,0,45.0,,-14,Stage 2
3054,term,East,debt_consolidation,2022-04-28,735,715,33274.52,4773.29,,12.14,3,0,1,32.6,,-20,Stage 1
3055,term,West,personal,2023-03-19,701,682,7340.06,4983.86,,8.63,7,0,0,21.8,,-19,Stage 1
3056,revolving,West,personal,2021-10-01,698,679,11183.37,1118.34,2901.73,13.32,6,0,0,39.6,0.385,-19,Stage 1
3057,term,East,home_improvement,2021-06-04,642,606,2261.46,558.47,,3.78,13,0,1,43.6,,-36,Stage 2
3058,term,West,debt_consolidation,2024-04-05,586,561,4699.11,3550.67,,5.98,43,0,0,9.0,,-25,Stage 2
3059,term,North,home_improvement,2023-11-09,649,628,5924.73,4391.04,,9.19,17,0,0,14.0,,-21,Stage 1
3060,revolving,North,personal,2021-12-11,696,674,3412.97,787.73,1967.35,9.31,6,0,0,37.2,0.4,-22,Stage 1
3061,term,West,home_improvement,2023-01-05,653,632,15530.07,5772.7,,10.36,13,0,0,24.2,,-21,Stage 1
3062,term,South,debt_consolidation,2022-07-23,697,684,3294.73,1695.29,,9.63,4,0,0,29.8,,-13,Stage 1
3063,term,West,auto,2021-10-21,666,627,27101.15,16319.43,,12.75,12,0,0,38.9,,-39,Stage 2
3064,term,South,auto,2022-10-07,705,693,35472.24,22449.49,,4.64,2,0,0,27.2,,-12,Stage 1
3065,term,West,debt_consolidation,2021-12-04,621,591,31932.43,10979.6,,3.27,29,0,0,37.5,,-30,Stage 2
3066,term,North,home_improvement,2022-03-28,691,660,20616.72,2061.67,,4.82,7,0,0,33.7,,-31,Stage 2
3067,term,South,personal,2021-12-10,641,628,1000.0,100.0,,5.12,20,0,0,37.3,,-13,Stage 1
3068,revolving,North,personal,2022-12-18,587,552,24356.2,6703.04,10426.61,9.14,47,0,0,24.8,0.643,-35,Stage 2
3069,term,West,auto,2022-09-23,670,670,26121.7,6104.99,,8.61,9,0,0,27.7,,0,Stage 1
3070,term,East,home_improvement,2023-02-04,772,770,5703.29,2363.29,,10.01,2,0,0,23.2,,-2,Stage 1
3071,revolving,South,personal,2021-03-26,592,566,21801.78,11500.91,29788.46,10.14,40,1,0,45.9,0.386,-26,Stage 2
3072,term,South,personal,2023-01-07,687,678,17177.74,9361.36,,9.88,4,0,0,24.2,,-9,Stage 1
3073,term,West,debt_consolidation,2022-10-22,727,736,9794.03,2110.06,,4.45,2,0,0,26.7,,9,Stage 1
3074,term,West,home_improvement,2024-11-13,818,816,17165.3,16822.64,,8.42,8,0,0,1.6,,-2,Stage 1
3075,term,South,home_improvement,2021-08-15,650,643,31518.02,3151.8,,7.54,16,1,0,41.2,,-7,Stage 2
3076,revolving,East,personal,2024-08-02,642,618,7508.87,6563.5,13239.82,12.75,22,0,1,5.1,0.496,-24,Stage 1
3077,revolving,West,home_improvement,2024-07-31,609,581,7402.38,6859.44,12468.17,10.13,28,0,1,5.1,0.55,-28,Stage 1
3078,term,West,home_improvement,2021-04-19,748,741,16932.78,1693.28,,14.67,2,0,0,45.1,,-7,Stage 1
3079,term,West,home_improvement,2021-05-15,627,603,9710.97,3571.99,,6.13,26,0,0,44.2,,-24,Stage 1
3080,revolving,East,debt_consolidation,2023-07-27,657,636,4755.29,2357.14,4818.72,8.2,14,0,0,17.5,0.489,-21,Stage 1
3081,revolving,South,personal,2021-10-18,569,525,26495.79,3729.85,7436.3,11.84,53,0,1,39.0,0.502,-44,Stage 2
3082,revolving,North,auto,2023-04-02,733,725,17542.49,13738.59,40687.86,7.61,1,0,0,21.3,0.338,-8,Stage 1
3083,term,West,home_improvement,2023-11-19,749,740,1567.09,1092.14,,10.23,1,0,0,13.6,,-9,Stage 1
3084,term,East,personal,2022-01-29,730,733,22963.4,5708.46,,7.27,1,0,0,35.6,,3,Stage 1
3085,revolving,South,auto,2021-01-27,583,554,21342.73,2134.27,5809.39,12.6,37,0,1,47.8,0.367,-29,Stage 2
3086,term,South,debt_consolidation,2021-01-13,716,688,15806.58,1580.66,,4.89,3,0,0,48.3,,-28,Stage 1
3087,term,East,personal,2022-07-08,579,547,10762.44,3632.18,,14.85,31,1,0,30.3,,-32,Stage 2
3088,term,West,debt_consolidation,2023-07-22,683,674,10044.73,6175.86,,11.41,9,0,0,17.6,,-9,Stage 1
3089,term,North,personal,2022-03-21,692,664,20695.72,2069.57,,10.6,5,0,0,33.9,,-28,Stage 1
3090,term,West,debt_consolidation,2021-08-12,698,665,3739.04,373.9,,10.28,8,0,0,41.3,,-33,Stage 2
3091,term,South,personal,2021-01-21,712,706,18175.49,4637.1,,7.02,4,0,0,48.0,,-6,Stage 1
3092,revolving,North,debt_consolidation,2024-11-11,679,673,21166.92,20771.94,35773.82,11.23,13,0,0,1.7,0.581,-6,Stage 1
3093,term,West,auto,2024-09-11,562,538,25799.61,24058.88,,7.56,53,0,0,3.7,,-24,Stage 2
3094,revolving,North,personal,2022-04-12,712,712,7233.75,1695.69,4150.7,3.0,5,0,0,33.2,0.409,0,Stage 1
3095,term,East,auto,2024-06-02,685,661,8582.12,7698.86,,9.39,8,0,0,7.1,,-24,Stage 1
3096,term,West,home_improvement,2022-10-15,625,605,20266.34,4171.3,,6.88,28,0,0,27.0,,-20,Stage 1
3097,revolving,South,auto,2022-09-10,585,561,7090.81,1155.25,2619.71,9.55,43,0,1,28.1,0.441,-24,Stage 2
3098,term,South,personal,2023-02-19,772,781,3797.48,2147.27,,9.07,0,0,0,22.7,,9,Stage 1
3099,term,North,auto,2022-04-03,753,758,11487.65,1148.76,,4.86,1,0,0,33.5,,5,Stage 1
3100,term,East,personal,2022-10-02,722,720,41866.59,13322.76,,13.91,2,0,0,27.4,,-2,Stage 1
3101,term,West,debt_consolidation,2024-05-21,639,613,14008.36,11579.03,,7.11,22,0,0,7.5,,-26,Stage 1
3102,revolving,East,home_improvement,2022-10-25,528,475,2029.19,668.16,1065.32,12.31,83,0,0,26.6,0.627,-53,Stage 2
3103,revolving,East,auto,2023-08-19,725,696,15495.54,9377.3,22515.45,6.97,1,0,0,16.7,0.416,-29,Stage 1
3104,term,North,home_improvement,2021-06-29,702,695,10847.71,1084.77,,9.15,5,0,0,42.7,,-7,Stage 1
3105,term,North,auto,2022-06-22,657,647,5116.11,3467.97,,9.95,10,0,0,30.8,,-10,Stage 1
3106,term,West,personal,2022-06-11,747,734,8657.16,1093.08,,3.0,0,1,0,31.2,,-13,Stage 2
3107,revolving,South,auto,2021-01-22,730,729,35418.69,10174.59,22689.51,7.25,0,0,0,48.0,0.448,-1,Stage 1
3108,term,West,home_improvement,2024-09-30,690,682,5516.94,5159.0,,9.89,2,0,0,3.1,,-8,Stage 1
3109,term,East,auto,2022-07-31,682,657,38332.75,7694.15,,9.27,8,0,0,29.5,,-25,Stage 1
3110,term,North,home_improvement,2023-02-02,683,680,13272.27,8123.77,,9.2,6,0,0,23.3,,-3,Stage 1
3111,term,East,home_improvement,2023-07-11,720,714,9895.58,4597.69,,11.83,2,0,0,18.0,,-6,Stage 1
3112,term,North,personal,2023-11-11,628,586,10444.77,8440.46,,6.66,16,0,0,13.9,,-42,Stage 2
3113,revolving,South,debt_consolidation,2023-01-15,705,689,10990.34,7255.63,18548.73,9.29,2,0,0,23.9,0.391,-16,Stage 1
3114,term,East,debt_consolidation,2024-12-02,624,612,37208.48,36459.42,,5.01,28,0,0,1.0,,-12,Stage 1
3115,term,North,auto,2024-12-10,760,748,1420.0,1403.61,,7.56,1,0,0,0.7,,-12,Stage 1
3116,revolving,West,home_improvement,2024-07-19,711,711,9848.16,9285.71,19933.52,12.76,3,0,0,5.5,0.466,0,Stage 1
3117,revolving,West,personal,2024-05-13,638,630,10880.81,8912.01,16796.63,9.11,24,0,0,7.8,0.531,-8,Stage 1
3118,term,West,debt_consolidation,2024-08-14,684,662,20981.03,19101.26,,7.66,6,0,0,4.7,,-22,Stage 1
3119,term,East,personal,2022-11-03,628,596,12765.23,4625.7,,6.63,24,0,0,26.3,,-32,Stage 2
3120,term,North,personal,2024-02-06,770,774,13690.17,9306.28,,4.92,2,0,0,11.0,,4,Stage 1
3121,term,North,home_improvement,2022-09-29,777,780,39666.85,8184.0,,11.92,0,0,0,27.5,,3,Stage 1
3122,term,North,auto,2023-10-21,721,717,13955.15,8868.94,,15.41,3,1,0,14.6,,-4,Stage 2
3123,term,East,home_improvement,2021-06-01,773,769,9326.83,1740.16,,7.77,2,0,0,43.7,,-4,Stage 1
3124,term,North,debt_consolidation,2021-01-13,689,690,13618.35,1361.83,,3.59,4,0,0,48.3,,1,Stage 1
3125,revolving,South,debt_consolidation,2022-12-16,725,725,14343.4,7473.29,21760.92,13.65,2,0,0,24.9,0.343,0,Stage 1
3126,term,East,personal,2024-01-08,753,744,3747.11,2529.08,,6.33,1,0,0,12.0,,-9,Stage 1
3127,term,South,home_improvement,2023-06-25,679,671,28178.06,14428.32,,10.17,8,0,0,18.5,,-8,Stage 1
3128,term,South,home_improvement,2024-04-07,684,671,17913.83,14040.29,,10.59,10,0,0,9.0,,-13,Stage 1
3129,revolving,West,personal,2021-09-06,736,714,5916.34,591.63,1358.16,12.39,3,0,0,40.4,0.436,-22,Stage 1
3130,revolving,East,auto,2024-02-19,718,693,17418.86,14548.95,25764.46,8.32,5,0,0,10.6,0.565,-25,Stage 1
3131,revolving,North,personal,2022-01-22,634,613,3034.75,803.01,1268.04,10.4,23,1,1,35.8,0.633,-21,Stage 2
3132,revolving,South,personal,2022-03-15,548,510,19097.19,8164.19,17008.28,8.03,65,0,1,34.1,0.48,-38,Stage 2
3133,revolving,East,debt_consolidation,2024-07-19,669,642,21994.57,19372.03,51845.23,3.03,12,0,1,5.5,0.374,-27,Stage 1
3134,term,North,home_improvement,2021-10-27,554,518,46764.64,4676.46,,7.76,58,0,1,38.7,,-36,Stage 2
3135,term,West,debt_consolidation,2022-12-22,620,603,5905.26,2836.16,,10.12,26,0,0,24.7,,-17,Stage 1
3136,term,East,personal,2022-04-18,627,608,13877.51,1387.75,,6.01,27,0,0,33.0,,-19,Stage 1
3137,revolving,East,home_improvement,2024-03-27,645,625,12085.96,9831.57,20321.23,9.28,18,0,0,9.3,0.484,-20,Stage 1
3138,revolving,East,personal,2023-10-04,729,704,7957.12,6337.44,13658.61,9.81,0,0,0,15.2,0.464,-25,Stage 1
3139,term,North,personal,2022-09-25,742,717,6171.92,1125.3,,13.02,1,0,0,27.6,,-25,Stage 1
3140,term,South,auto,2024-06-04,710,712,11662.36,10562.87,,6.22,1,0,0,7.0,,2,Stage 1
3141,term,South,debt_consolidation,2022-02-25,717,706,14488.28,3662.94,,9.73,4,0,0,34.7,,-11,Stage 1
3142,revolving,East,debt_consolidation,2023-08-14,719,717,8757.02,5133.99,14749.61,5.72,1,0,0,16.9,0.348,-2,Stage 1
3143,term,East,personal,2023-08-31,530,496,17274.18,11732.27,,3.0,66,0,1,16.3,,-34,Stage 2
3144,term,North,auto,2021-01-24,680,658,13006.48,6240.05,,7.57,8,0,0,47.9,,-22,Stage 1
3145,term,West,personal,2022-06-22,572,539,5667.02,1724.93,,7.36,50,0,1,30.8,,-33,Stage 2
3146,term,East,personal,2023-02-16,710,711,23781.09,7643.92,,10.03,9,0,0,22.8,,1,Stage 1
3147,revolving,East,personal,2022-09-30,554,528,22512.77,7892.01,20362.49,12.48,68,0,0,27.5,0.388,-26,Stage 2
3148,term,West,auto,2022-06-24,669,645,11664.7,3692.42,,9.32,7,0,0,30.7,,-24,Stage 1
3149,revolving,East,home_improvement,2023-06-22,712,710,1000.0,593.72,1188.12,7.05,3,0,0,18.6,0.5,-2,Stage 1
3150,term,South,auto,2024-02-26,612,580,2998.41,2464.84,,6.53,27,0,0,10.3,,-32,Stage 2
3151,term,East,personal,2024-01-23,737,734,28995.2,23757.08,,12.5,1,0,0,11.5,,-3,Stage 1
3152,term,South,home_improvement,2022-02-25,710,683,40482.59,5948.81,,11.06,3,0,0,34.7,,-27,Stage 1
3153,revolving,North,personal,2024-07-19,702,688,27061.75,24688.7,70773.37,6.35,4,0,0,5.5,0.349,-14,Stage 1
3154,term,North,auto,2022-04-29,721,714,6949.07,694.91,,4.9,3,0,0,32.6,,-7,Stage 1
3155,term,South,auto,2023-10-26,658,635,22841.18,18270.16,,6.35,17,1,0,14.4,,-23,Stage 2
3156,term,South,home_improvement,2021-06-06,689,683,21110.15,2111.02,,11.97,4,0,0,43.5,,-6,Stage 1
3157,revolving,West,auto,2021-02-21,680,653,21362.47,2513.5,5894.09,6.17,9,0,0,47.0,0.426,-27,Stage 1
3158,term,South,personal,2021-08-31,679,672,12469.06,6437.34,,10.38,7,1,0,40.6,,-7,Stage 2
3159,revolving,South,home_improvement,2023-02-13,639,622,14211.58,10696.73,24550.69,14.08,21,0,0,22.9,0.436,-17,Stage 1
3160,term,East,debt_consolidation,2022-02-24,605,572,3245.31,324.53,,6.61,19,0,0,34.7,,-33,Stage 2
3161,term,West,personal,2022-03-01,659,625,56465.29,16752.16,,7.87,15,0,0,34.6,,-34,Stage 2
3162,term,South,debt_consolidation,2021-03-21,656,654,3011.64,1082.14,,8.91,17,1,0,46.1,,-2,Stage 2
3163,term,South,home_improvement,2022-11-26,635,614,8711.35,5306.21,,4.18,16,0,0,25.6,,-21,Stage 1
3164,term,South,home_improvement,2021-12-20,731,718,50583.2,28238.23,,6.87,1,0,0,36.9,,-13,Stage 1
3165,term,East,personal,2021-10-20,609,581,10428.79,4268.4,,9.53,33,0,0,39.0,,-28,Stage 2
3166,term,East,auto,2022-12-18,669,643,11617.58,8267.89,,6.08,8,0,0,24.8,,-26,Stage 1
3167,revolving,East,personal,2024-02-14,749,750,13053.62,10487.45,24702.13,15.41,0,0,0,10.7,0.425,1,Stage 1
3168,term,North,auto,2022-06-13,734,728,14613.81,5746.53,,7.52,1,0,0,31.1,,-6,Stage 1
3169,revolving,East,auto,2022-04-25,752,733,5091.04,1557.46,4630.84,8.47,1,0,0,32.7,0.336,-19,Stage 1
3170,term,South,personal,2024-08-04,644,625,20544.9,18350.23,,7.28,17,0,0,5.0,,-19,Stage 1
3171,term,East,home_improvement,2022-04-22,727,705,19802.99,9383.68,,8.27,2,0,0,32.8,,-22,Stage 1
3172,term,East,personal,2021-01-25,616,601,12022.21,1202.22,,6.83,19,0,0,47.9,,-15,Stage 1
3173,term,West,debt_consolidation,2022-03-07,663,638,18491.36,8097.66,,3.0,10,0,0,34.4,,-25,Stage 1
3174,term,South,home_improvement,2024-07-25,669,664,6460.24,5714.68,,7.92,12,0,0,5.3,,-5,Stage 1
3175,term,East,auto,2021-11-13,645,640,35485.28,13440.36,,14.42,17,0,0,38.2,,-5,Stage 1
3176,term,North,home_improvement,2022-09-30,658,636,67591.29,18296.37,,13.89,11,0,1,27.5,,-22,Stage 1
3177,term,West,personal,2021-12-24,650,623,9080.0,908.0,,5.84,12,0,0,36.8,,-27,Stage 1
3178,revolving,East,home_improvement,2024-07-23,621,584,13769.46,12772.16,37120.19,4.21,32,0,0,5.4,0.344,-37,Stage 2
3179,revolving,West,auto,2022-11-21,731,704,5028.63,1263.07,3118.33,3.0,2,0,0,25.7,0.405,-27,Stage 1
3180,term,West,auto,2021-12-10,669,638,21478.42,12336.12,,6.08,13,0,0,37.3,,-31,Stage 2
3181,term,North,home_improvement,2024-12-25,692,673,9179.78,8940.17,,7.33,13,0,0,0.2,,-19,Stage 1
3182,term,North,debt_consolidation,2022-07-13,689,651,9216.18,1209.3,,10.21,9,0,0,30.1,,-38,Stage 2
3183,term,North,auto,2022-12-13,683,676,20720.65,8794.04,,7.75,3,0,0,25.0,,-7,Stage 1
3184,term,South,debt_consolidation,2022-07-17,685,676,15686.65,7911.21,,11.64,7,0,0,30.0,,-9,Stage 1
3185,term,West,auto,2022-03-15,661,648,6648.16,3499.65,,10.78,18,0,0,34.1,,-13,Stage 1
3186,term,East,home_improvement,2024-07-17,765,773,1450.53,1236.16,,10.04,1,0,0,5.6,,8,Stage 1
3187,term,North,auto,2024-12-25,725,705,9657.73,9542.25,,8.64,4,0,0,0.2,,-20,Stage 1
3188,term,North,debt_consolidation,2023-11-11,681,655,3010.91,2191.64,,11.96,11,0,0,13.9,,-26,Stage 1
3189,revolving,West,debt_consolidation,2021-05-23,653,646,23985.28,2398.53,6507.35,10.9,17,0,0,44.0,0.369,-7,Stage 1
3190,revolving,West,home_improvement,2023-05-18,672,650,11340.22,5384.67,14538.67,4.62,11,0,0,19.8,0.37,-22,Stage 1
3191,term,West,debt_consolidation,2021-12-19,705,697,8626.75,3207.73,,10.59,5,0,0,37.0,,-8,Stage 1
3192,revolving,East,debt_consolidation,2023-10-14,769,745,6762.42,4704.1,7347.28,7.28,3,0,0,14.8,0.64,-24,Stage 1
3193,revolving,South,home_improvement,2022-04-13,597,582,15994.89,9127.21,26596.51,11.76,38,0,0,33.1,0.343,-15,Stage 2
3194,term,South,auto,2023-05-27,719,713,10591.96,6152.63,,10.97,0,0,0,19.5,,-6,Stage 1
3195,term,North,home_improvement,2024-11-18,747,726,23733.15,23057.72,,14.16,1,0,0,1.5,,-21,Stage 1
3196,term,South,auto,2023-07-08,590,578,11229.61,5506.79,,3.01,41,1,0,18.1,,-12,Stage 2
3197,revolving,East,auto,2023-12-18,669,654,23221.41,17541.65,41515.26,9.92,11,0,0,12.7,0.423,-15,Stage 1
3198,revolving,South,auto,2024-02-24,616,612,8694.5,6641.25,18760.56,7.05,32,1,0,10.4,0.354,-4,Stage 2
3199,term,East,personal,2023-04-21,705,673,15679.27,10044.76,,15.39,2,0,0,20.7,,-32,Stage 2
3200,term,North,auto,2023-05-28,658,644,4109.55,2858.71,,3.0,13,0,1,19.5,,-14,Stage 1
3201,term,West,home_improvement,2021-02-21,672,650,12048.64,4937.09,,10.31,10,0,0,47.0,,-22,Stage 1
3202,term,East,home_improvement,2023-10-09,655,634,36687.74,25642.44,,10.67,8,0,0,15.0,,-21,Stage 1
3203,term,West,home_improvement,2023-03-25,723,715,4427.79,2461.1,,3.0,2,0,0,21.6,,-8,Stage 1
3204,revolving,North,personal,2021-09-26,693,662,19352.02,5577.38,16396.91,10.56,8,0,1,39.8,0.34,-31,Stage 2
3205,term,East,debt_consolidation,2021-04-06,693,701,37139.54,3713.95,,3.0,8,0,0,45.5,,8,Stage 1
3206,revolving,East,personal,2021-09-30,689,693,7398.09,1020.94,2663.6,6.83,5,0,1,39.6,0.383,4,Stage 1
3207,revolving,South,home_improvement,2024-09-08,714,706,10002.1,9525.57,25933.37,10.23,5,1,0,3.8,0.367,-8,Stage 2
3208,revolving,East,home_improvement,2021-05-13,664,634,7141.11,2306.81,4935.23,6.07,9,0,0,44.3,0.467,-30,Stage 2
3209,term,North,debt_consolidation,2023-07-17,782,778,22826.95,11772.03,,9.23,2,0,0,17.8,,-4,Stage 1
3210,term,West,personal,2021-03-30,605,582,24109.78,2410.98,,8.98,28,0,0,45.8,,-23,Stage 1
3211,term,East,home_improvement,2022-11-16,576,540,31032.54,17418.43,,10.6,41,0,0,25.9,,-36,Stage 2
3212,term,North,auto,2023-04-04,571,550,39368.28,29802.71,,5.79,46,0,0,21.3,,-21,Stage 2
3213,term,North,auto,2021-01-05,555,525,3789.92,378.99,,11.78,60,0,1,48.6,,-30,Stage 2
3214,term,East,home_improvement,2021-12-23,720,710,23756.62,3782.54,,3.0,5,0,0,36.8,,-10,Stage 1
3215,term,South,auto,2024-09-28,713,710,32515.81,30321.15,,13.56,2,0,0,3.2,,-3,Stage 1
3216,term,East,debt_consolidation,2021-07-23,752,730,29008.2,2900.82,,8.23,0,0,0,41.9,,-22,Stage 1
3217,term,East,home_improvement,2022-04-16,616,585,6327.63,3067.04,,8.54,33,0,0,33.0,,-31,Stage 2
3218,term,South,personal,2022-04-09,724,714,23079.86,14612.49,,9.92,2,0,0,33.3,,-10,Stage 1
3219,revolving,North,home_improvement,2022-05-12,683,661,23270.45,7108.84,21004.0,9.57,7,0,0,32.2,0.338,-22,Stage 1
3220,revolving,East,debt_consolidation,2022-12-03,689,661,10074.57,6342.92,16726.52,8.99,6,0,0,25.3,0.379,-28,Stage 1
3221,term,South,personal,2023-04-17,717,695,15797.71,11304.49,,12.74,5,0,0,20.8,,-22,Stage 1
3222,term,West,debt_consolidation,2021-03-04,634,613,1212.87,121.29,,4.42,28,0,1,46.6,,-21,Stage 1
3223,term,West,auto,2021-08-27,835,843,18962.35,2977.19,,6.14,13,0,0,40.8,,8,Stage 1
3224,term,South,auto,2022-06-24,759,778,12109.3,2021.49,,10.3,1,0,0,30.7,,19,Stage 1
3225,term,North,auto,2021-07-17,648,640,14107.54,1410.75,,7.9,18,0,0,42.1,,-8,Stage 1
3226,revolving,South,debt_consolidation,2023-02-20,614,579,12644.61,7176.16,12300.44,12.87,36,1,0,22.7,0.583,-35,Stage 2
3227,term,North,debt_consolidation,2021-01-30,674,671,11682.99,2654.55,,15.72,10,0,0,47.7,,-3,Stage 1
3228,term,West,home_improvement,2022-10-28,690,677,4373.91,945.62,,9.02,4,0,0,26.5,,-13,Stage 1
3229,term,East,personal,2024-05-17,743,735,8441.77,6927.45,,3.84,4,0,0,7.6,,-8,Stage 1
3230,term,South,personal,2023-12-23,609,578,18712.87,11745.2,,6.36,31,0,0,12.5,,-31,Stage 2
3231,term,West,debt_consolidation,2023-12-17,697,669,30220.29,21919.24,,3.0,5,0,0,12.7,,-28,Stage 1
3232,term,East,debt_consolidation,2024-12-27,588,561,6347.61,6254.39,,10.86,32,0,0,0.2,,-27,Stage 2
3233,term,West,auto,2024-08-24,706,682,16687.51,14991.92,,6.16,7,1,0,4.3,,-24,Stage 2
3234,term,South,debt_consolidation,2024-02-05,673,654,13518.74,9324.51,,8.52,4,0,0,11.0,,-19,Stage 1
3235,term,South,auto,2022-08-23,796,808,28869.68,10029.62,,8.13,7,0,0,28.7,,12,Stage 1
3236,term,East,debt_consolidation,2023-10-15,587,570,12136.37,8665.45,,12.39,32,0,0,14.8,,-17,Stage 2
3237,term,South,personal,2024-08-17,762,756,36256.95,33869.29,,9.17,2,0,0,4.6,,-6,Stage 1
3238,revolving,West,home_improvement,2022-09-12,577,558,11088.23,3505.86,7721.08,8.19,47,0,0,28.1,0.454,-19,Stage 2
3239,term,East,debt_consolidation,2023-12-06,600,577,10669.36,8401.34,,6.24,36,0,0,13.1,,-23,Stage 2
3240,term,East,auto,2021-03-18,579,566,7065.0,966.15,,10.81,37,0,0,46.2,,-13,Stage 2
3241,term,West,home_improvement,2022-12-30,695,670,21890.46,9371.54,,5.7,4,0,0,24.4,,-25,Stage 1
3242,term,North,auto,2024-04-07,609,583,33827.89,27841.25,,5.24,33,0,1,9.0,,-26,Stage 2
3243,term,East,auto,2023-03-25,599,569,9233.79,4992.78,,7.22,38,0,0,21.6,,-30,Stage 2
3244,term,North,home_improvement,2024-02-27,692,683,10892.48,9296.44,,15.25,5,1,1,10.3,,-9,Stage 2
3245,revolving,West,home_improvement,2022-12-09,707,699,6919.9,2330.41,6166.16,8.7,1,0,0,25.1,0.378,-8,Stage 1
3246,term,West,home_improvement,2021-09-25,682,667,3243.35,1561.18,,8.85,7,0,0,39.8,,-15,Stage 1
3247,term,East,debt_consolidation,2023-02-04,670,676,7602.46,5224.32,,9.96,11,0,0,23.2,,6,Stage 1
3248,term,South,home_improvement,2022-08-08,789,777,10337.74,6961.42,,9.7,6,0,0,29.2,,-12,Stage 1
3249,revolving,East,debt_consolidation,2022-02-23,688,666,27956.87,4485.21,7706.6,8.35,6,0,0,34.8,0.582,-22,Stage 1
3250,term,South,personal,2023-05-20,728,729,7159.23,3112.87,,6.1,1,0,0,19.7,,1,Stage 1
3251,term,North,personal,2024-03-30,688,678,10845.22,9702.96,,7.68,5,0,0,9.2,,-10,Stage 1
3252,term,South,auto,2023-12-18,614,582,14791.34,12253.53,,8.38,20,0,0,12.7,,-32,Stage 2
3253,term,East,auto,2022-01-19,712,714,5247.38,1955.57,,4.75,3,0,0,35.9,,2,Stage 1
3254,term,South,debt_consolidation,2023-03-14,640,620,20358.17,13356.15,,8.35,24,0,1,22.0,,-20,Stage 1
3255,term,West,auto,2022-05-25,674,659,10572.52,2988.47,,9.59,14,0,0,31.7,,-15,Stage 1
3256,term,North,personal,2022-03-06,698,680,8651.91,5437.32,,7.39,8,0,0,34.4,,-18,Stage 1
3257,term,West,debt_consolidation,2024-09-25,563,537,32350.38,30061.72,,12.72,53,0,0,3.3,,-26,Stage 2
3258,term,West,debt_consolidation,2022-08-01,583,543,34935.08,13279.5,,9.83,49,0,1,29.5,,-40,Stage 2
3259,term,West,home_improvement,2023-07-29,734,718,6112.54,4960.96,,6.71,3,0,0,17.4,,-16,Stage 1
3260,revolving,West,debt_consolidation,2023-11-16,640,629,23161.34,17590.79,41315.37,7.76,17,0,0,13.7,0.426,-11,Stage 1
3261,term,South,auto,2022-08-12,643,597,42598.9,7369.72,,12.69,9,0,1,29.1,,-46,Stage 2
3262,term,West,personal,2023-03-09,689,669,11720.76,8126.59,,7.15,4,0,0,22.1,,-20,Stage 1
3263,term,South,auto,2022-01-07,656,644,16225.67,1622.57,,6.59,17,0,0,36.3,,-12,Stage 1
3264,term,West,personal,2023-07-17,705,708,13540.33,7607.79,,6.46,4,0,0,17.8,,3,Stage 1
3265,revolving,East,home_improvement,2023-11-26,676,662,23561.18,18767.53,35450.21,9.22,10,0,0,13.4,0.529,-14,Stage 1
3266,term,West,personal,2024-07-14,691,686,7481.92,7048.2,,9.66,6,0,0,5.7,,-5,Stage 1
3267,term,East,home_improvement,2024-12-26,637,623,7462.47,7324.74,,11.04,17,0,0,0.2,,-14,Stage 1
3268,term,South,auto,2023-11-09,691,671,7967.2,5521.09,,6.82,6,0,0,14.0,,-20,Stage 1
3269,term,North,home_improvement,2024-09-24,746,736,6108.48,5863.41,,13.55,1,0,0,3.3,,-10,Stage 1
3270,term,South,debt_consolidation,2021-05-20,645,626,6091.67,3066.55,,10.53,21,0,1,44.1,,-19,Stage 1
3271,term,North,debt_consolidation,2021-03-08,734,746,12060.95,5952.66,,7.75,2,0,0,46.5,,12,Stage 1
3272,term,North,personal,2023-10-12,676,664,9762.67,6103.72,,11.48,6,0,0,14.9,,-12,Stage 1
3273,revolving,West,auto,2024-10-24,724,714,17336.41,16323.96,39673.33,14.71,2,0,0,2.3,0.411,-10,Stage 1
3274,term,North,auto,2021-09-18,687,660,7669.65,766.96,,10.46,3,0,0,40.0,,-27,Stage 1
3275,revolving,South,personal,2023-09-01,677,658,16887.24,10199.68,23777.57,14.28,9,0,0,16.3,0.429,-19,Stage 1
3276,revolving,West,debt_consolidation,2022-09-19,700,684,13175.67,6961.59,12683.69,5.97,4,0,0,27.8,0.549,-16,Stage 1
3277,revolving,North,home_improvement,2022-08-02,752,753,42342.41,26904.23,45450.82,3.21,2,0,0,29.4,0.592,1,Stage 1
3278,term,South,personal,2023-10-19,694,675,12632.91,10277.31,,10.6,2,0,0,14.7,,-19,Stage 1
3279,term,North,home_improvement,2024-05-11,708,698,18100.14,15790.14,,12.41,3,0,0,7.8,,-10,Stage 1
3280,revolving,North,home_improvement,2022-10-01,657,641,5443.22,2831.73,7337.27,5.02,14,0,0,27.4,0.386,-16,Stage 1
3281,term,West,auto,2022-02-14,774,774,6352.12,635.21,,12.73,1,1,0,35.1,,0,Stage 2
3282,term,West,debt_consolidation,2023-04-13,718,702,37581.07,23763.2,,7.69,3,0,0,21.0,,-16,Stage 1
3283,revolving,South,home_improvement,2024-01-09,684,664,20147.66,15646.3,24991.94,10.83,9,0,0,11.9,0.626,-20,Stage 1
3284,revolving,West,debt_consolidation,2021-04-23,672,659,18102.56,2963.77,8833.61,9.79,6,0,0,45.0,0.336,-13,Stage 1
3285,term,West,auto,2022-09-15,738,725,12544.44,3924.5,,10.39,2,0,0,28.0,,-13,Stage 1
3286,term,East,personal,2023-04-01,643,606,14049.85,10871.99,,10.7,20,0,0,21.4,,-37,Stage 2
3287,term,East,personal,2024-03-06,573,546,11835.51,9585.96,,8.74,38,0,0,10.0,,-27,Stage 2
3288,revolving,South,auto,2023-04-20,684,650,19979.02,8638.53,23286.33,7.71,7,0,0,20.7,0.371,-34,Stage 2
3289,revolving,West,auto,2021-07-08,751,744,13420.39,1342.04,3733.28,10.03,2,1,0,42.4,0.359,-7,Stage 2
3290,term,South,home_improvement,2021-10-04,775,762,22893.95,2289.39,,8.17,0,0,0,39.5,,-13,Stage 1
3291,term,East,auto,2021-04-13,673,654,6649.64,1219.71,,6.92,8,0,0,45.3,,-19,Stage 1
3292,revolving,East,personal,2021-04-17,682,684,12889.51,4144.51,7856.62,9.95,8,0,0,45.2,0.528,2,Stage 1
3293,term,East,debt_consolidation,2023-01-27,711,706,4698.05,3392.9,,7.21,2,0,0,23.5,,-5,Stage 1
3294,term,South,debt_consolidation,2021-06-22,664,641,27488.9,4301.63,,8.42,15,0,0,43.0,,-23,Stage 1
3295,revolving,West,debt_consolidation,2023-09-26,710,686,18989.18,11038.24,17705.63,7.41,2,0,0,15.4,0.623,-24,Stage 1
3296,term,North,debt_consolidation,2024-09-16,674,639,3392.65,3187.31,,13.68,13,0,0,3.6,,-35,Stage 2
3297,term,West,auto,2022-12-23,740,720,17892.08,8945.91,,9.32,2,0,0,24.7,,-20,Stage 1
3298,term,South,auto,2024-04-29,723,705,11889.86,10268.37,,4.25,2,1,0,8.2,,-18,Stage 2
3299,term,East,debt_consolidation,2023-04-11,728,707,28006.06,17369.7,,12.74,0,0,0,21.0,,-21,Stage 1
3300,revolving,North,auto,2021-08-13,667,654,25974.51,12263.4,29534.09,3.56,21,0,0,41.2,0.415,-13,Stage 1
3301,term,South,home_improvement,2024-09-08,795,794,33028.08,30005.76,,15.42,8,0,0,3.8,,-1,Stage 1
3302,revolving,East,auto,2021-05-14,709,714,23343.06,11991.47,35147.89,9.12,3,0,0,44.3,0.341,5,Stage 1
3303,term,South,home_improvement,2023-11-27,694,670,12442.33,7538.9,,7.13,9,0,0,13.4,,-24,Stage 1
3304,term,North,home_improvement,2021-04-03,634,609,16060.61,3101.93,,7.91,17,0,0,45.6,,-25,Stage 1
3305,term,East,auto,2021-03-16,674,641,8654.39,2480.73,,4.22,8,0,0,46.2,,-33,Stage 2
3306,term,West,debt_consolidation,2023-01-26,686,672,10772.66,5247.18,,8.69,7,0,0,23.5,,-14,Stage 1
3307,term,South,home_improvement,2021-07-02,632,592,21132.42,2113.24,,7.66,18,0,0,42.6,,-40,Stage 2
3308,term,North,auto,2022-12-18,662,633,4360.32,1363.43,,8.81,9,0,1,24.8,,-29,Stage 1
3309,term,West,personal,2022-04-04,670,653,17871.21,1787.12,,11.7,8,0,0,33.4,,-17,Stage 1
3310,term,North,debt_consolidation,2022-09-19,683,638,19890.44,13311.29,,9.91,9,0,0,27.8,,-45,Stage 2
3311,revolving,South,personal,2022-02-13,574,538,21911.74,10734.8,18246.31,5.53,46,0,0,35.1,0.588,-36,Stage 2
3312,term,North,home_improvement,2021-07-26,671,650,8179.92,4255.79,,6.03,13,0,0,41.8,,-21,Stage 1
3313,revolving,East,personal,2024-06-22,657,647,36606.16,33813.12,74568.5,9.75,13,0,0,6.4,0.453,-10,Stage 1
3314,term,North,auto,2024-09-18,678,668,19767.5,18815.36,,10.47,7,0,1,3.5,,-10,Stage 1
3315,term,South,debt_consolidation,2022-11-04,742,735,26586.2,17912.02,,8.78,4,0,0,26.3,,-7,Stage 1
3316,term,East,home_improvement,2024-08-10,803,796,4351.57,4004.04,,10.67,6,1,0,4.8,,-7,Stage 2
3317,term,North,auto,2023-10-10,720,708,2966.15,2159.45,,9.43,0,0,0,15.0,,-12,Stage 1
3318,term,North,debt_consolidation,2023-01-18,605,587,4247.36,2550.87,,9.51,22,0,1,23.8,,-18,Stage 1
3319,revolving,East,home_improvement,2021-09-30,659,644,14200.9,3976.06,11564.45,11.52,11,1,0,39.6,0.344,-15,Stage 2
3320,revolving,West,home_improvement,2022-01-14,715,718,22453.34,2245.33,3501.02,14.77,3,0,0,36.1,0.641,3,Stage 1
3321,term,West,home_improvement,2022-09-18,708,696,10374.54,2697.18,,9.9,2,0,0,27.9,,-12,Stage 1
3322,term,East,home_improvement,2022-10-26,739,734,10818.64,2400.38,,18.25,2,0,0,26.6,,-5,Stage 1
3323,revolving,North,personal,2023-11-16,674,647,1782.68,1152.25,2614.84,9.43,9,0,0,13.7,0.441,-27,Stage 1
3324,term,West,personal,2022-11-11,658,637,10856.44,3261.44,,9.38,15,0,0,26.1,,-21,Stage 1
3325,revolving,East,personal,2022-06-28,785,785,10513.78,2831.86,5947.77,14.86,2,0,0,30.6,0.476,0,Stage 1
3326,revolving,South,home_improvement,2023-01-03,683,667,6565.41,4413.78,7018.01,8.51,8,0,0,24.3,0.629,-16,Stage 1
3327,revolving,North,personal,2021-04-01,618,612,8892.05,889.2,2376.37,3.57,22,0,0,45.7,0.374,-6,Stage 1
3328,term,South,debt_consolidation,2022-04-21,768,752,32959.44,17594.44,,5.72,3,0,0,32.9,,-16,Stage 1
3329,term,North,home_improvement,2022-12-27,590,559,15156.81,6399.43,,11.72,42,0,0,24.5,,-31,Stage 2
3330,term,West,debt_consolidation,2024-04-26,470,443,13588.45,11935.8,,10.46,103,0,1,8.3,,-27,Stage 3
3331,term,South,debt_consolidation,2024-05-03,726,724,8589.34,7768.82,,6.21,1,0,0,8.1,,-2,Stage 1
3332,revolving,South,personal,2022-06-18,734,728,17213.15,9800.08,19046.73,3.13,0,0,0,30.9,0.515,-6,Stage 1
3333,term,East,home_improvement,2022-11-29,704,679,54315.65,34062.45,,7.86,3,0,0,25.5,,-25,Stage 1
3334,term,West,personal,2023-05-30,601,577,21379.67,14075.68,,12.59,38,0,0,19.4,,-24,Stage 2
3335,revolving,West,personal,2021-03-26,676,658,10295.32,4915.64,14231.54,8.66,8,0,0,45.9,0.345,-18,Stage 1
3336,revolving,North,personal,2022-08-15,663,657,11523.45,4267.09,10279.07,7.93,11,1,0,29.0,0.415,-6,Stage 2
3337,revolving,East,home_improvement,2023-04-21,647,629,25062.49,11585.6,23172.63,5.7,21,0,0,20.7,0.5,-18,Stage 1
3338,revolving,East,home_improvement,2021-03-18,764,776,49134.07,4913.41,13874.41,8.03,2,0,0,46.2,0.354,12,Stage 1
3339,term,North,personal,2021-11-26,617,614,3996.9,399.69,,10.6,36,0,0,37.7,,-3,Stage 2
3340,term,South,debt_consolidation,2022-01-18,698,689,12651.89,1265.19,,8.43,5,0,0,36.0,,-9,Stage 1
3341,revolving,North,debt_consolidation,2024-12-27,751,750,11442.8,11100.47,28523.76,8.49,0,0,0,0.2,0.389,-1,Stage 1
3342,term,North,home_improvement,2022-01-12,702,689,24954.05,8520.02,,12.36,2,0,0,36.2,,-13,Stage 1
3343,term,North,auto,2021-12-07,754,733,13058.79,3279.07,,6.66,1,0,0,37.4,,-21,Stage 1
3344,term,East,personal,2024-04-15,713,687,27124.05,22413.04,,10.41,3,0,0,8.7,,-26,Stage 1
3345,term,North,personal,2024-12-20,705,703,3048.16,2978.54,,8.53,4,0,0,0.4,,-2,Stage 1
3346,revolving,North,auto,2022-02-28,702,704,18887.55,9141.24,18110.57,13.92,3,0,0,34.6,0.505,2,Stage 1
3347,term,North,home_improvement,2021-06-23,716,700,24966.05,2496.6,,11.6,2,0,0,42.9,,-16,Stage 1
3348,term,West,debt_consolidation,2022-02-10,656,635,2596.28,1450.84,,13.01,9,0,0,35.2,,-21,Stage 1
3349,term,South,home_improvement,2021-03-23,601,573,18534.27,1853.43,,10.84,33,0,0,46.0,,-28,Stage 2
3350,term,South,debt_consolidation,2021-01-21,737,722,4901.43,1959.76,,7.53,0,0,0,48.0,,-15,Stage 1
3351,term,South,debt_consolidation,2022-11-22,749,766,11567.38,4178.95,,13.25,2,0,0,25.7,,17,Stage 1
3352,term,South,home_improvement,2023-10-07,695,678,10749.54,7843.44,,10.08,4,0,0,15.1,,-17,Stage 1
3353,revolving,East,personal,2022-02-02,647,639,5113.71,1000.87,1552.31,9.67,13,0,0,35.5,0.645,-8,Stage 1
3354,term,East,personal,2021-11-26,586,536,14313.34,5517.32,,6.62,30,1,1,37.7,,-50,Stage 2
3355,term,North,personal,2021-08-13,685,683,10691.16,5227.56,,11.22,5,0,0,41.2,,-2,Stage 1
3356,term,East,debt_consolidation,2024-11-26,599,594,8738.87,8437.26,,7.72,38,0,0,1.2,,-5,Stage 2
3357,term,South,personal,2023-02-20,590,566,40251.2,21792.79,,7.41,31,0,0,22.7,,-24,Stage 2
3358,term,West,debt_consolidation,2023-06-13,678,670,25190.24,17554.3,,9.9,9,0,0,18.9,,-8,Stage 1
3359,revolving,North,personal,2022-03-14,634,623,17310.51,4022.0,8365.82,7.14,24,0,0,34.1,0.481,-11,Stage 1
3360,term,North,home_improvement,2024-07-19,700,693,10155.86,9304.03,,6.72,6,0,0,5.5,,-7,Stage 1
3361,revolving,South,auto,2024-07-27,670,652,3306.07,3117.86,9140.7,6.19,7,0,0,5.3,0.341,-18,Stage 1
3362,term,South,debt_consolidation,2021-08-11,643,615,7334.98,733.5,,12.09,18,1,0,41.3,,-28,Stage 2
3363,term,South,home_improvement,2022-05-24,577,556,7656.0,765.6,,13.3,47,0,0,31.8,,-21,Stage 2
3364,term,East,debt_consolidation,2024-09-27,628,594,37289.02,33813.22,,14.74,24,0,0,3.2,,-34,Stage 2
3365,revolving,North,debt_consolidation,2022-09-09,631,616,2915.86,649.48,1903.89,11.8,30,0,0,28.2,0.341,-15,Stage 2
3366,term,South,home_improvement,2023-12-02,606,571,9819.31,6585.62,,3.0,27,0,1,13.2,,-35,Stage 2
3367,term,West,personal,2024-04-14,660,631,18887.84,16704.02,,9.96,13,0,0,8.7,,-29,Stage 1
3368,term,North,debt_consolidation,2024-06-22,611,566,14705.13,13464.34,,8.26,28,0,1,6.4,,-45,Stage 2
3369,term,North,auto,2024-06-30,670,649,10463.56,9625.15,,16.17,7,0,0,6.2,,-21,Stage 1
3370,term,East,auto,2024-07-21,694,692,6499.03,5817.17,,10.18,2,1,0,5.5,,-2,Stage 2
3371,term,North,home_improvement,2023-08-17,630,615,18356.22,12348.48,,6.51,14,0,0,16.8,,-15,Stage 1
3372,term,South,auto,2024-09-19,705,689,11267.58,10425.75,,6.82,6,1,0,3.5,,-16,Stage 2
3373,term,South,home_improvement,2022-08-27,598,564,37457.72,21887.15,,3.76,25,0,0,28.6,,-34,Stage 2
3374,term,West,home_improvement,2023-11-01,613,606,13217.89,11187.11,,8.79,38,0,0,14.2,,-7,Stage 2
3375,revolving,North,debt_consolidation,2021-06-01,673,635,41032.19,19504.0,47820.22,4.29,13,0,1,43.7,0.408,-38,Stage 2
3376,revolving,North,home_improvement,2021-07-08,721,711,15702.35,8114.48,22775.54,3.0,1,0,0,42.4,0.356,-10,Stage 1
3377,revolving,East,home_improvement,2023-08-18,732,713,9269.59,5259.0,12859.13,6.21,2,1,0,16.7,0.409,-19,Stage 2
3378,term,South,personal,2022-11-07,776,776,8596.39,5737.4,,5.93,2,0,0,26.2,,0,Stage 1
3379,term,West,debt_consolidation,2022-09-30,657,640,12841.01,4020.29,,9.22,12,0,0,27.5,,-17,Stage 1
3380,term,South,auto,2021-07-30,672,666,6786.6,3350.39,,10.16,8,0,0,41.7,,-6,Stage 1
3381,term,North,personal,2024-01-26,618,607,6103.87,4722.04,,9.01,23,0,0,11.4,,-11,Stage 1
3382,term,North,personal,2021-12-05,604,560,24381.03,10000.02,,8.67,40,1,0,37.4,,-44,Stage 2
3383,term,West,debt_consolidation,2021-02-16,693,672,17747.73,1774.77,,10.17,3,0,0,47.2,,-21,Stage 1
3384,term,North,debt_consolidation,2023-03-31,633,613,5868.76,4246.16,,12.46,21,0,0,21.4,,-20,Stage 1
3385,term,West,personal,2023-09-02,753,759,20527.48,13272.31,,6.01,1,0,0,16.2,,6,Stage 1
3386,revolving,West,debt_consolidation,2023-12-17,592,571,10861.79,7905.39,19237.59,9.98,48,0,0,12.7,0.411,-21,Stage 2
3387,term,South,debt_consolidation,2024-01-04,709,686,17896.02,13985.48,,9.08,6,0,0,12.1,,-23,Stage 1
3388,term,West,home_improvement,2024-07-01,619,598,18976.24,16689.24,,10.23,28,0,0,6.1,,-21,Stage 1
3389,term,North,debt_consolidation,2023-04-17,630,617,7857.64,5739.43,,8.42,26,0,0,20.8,,-13,Stage 1
3390,term,East,home_improvement,2023-08-10,712,693,44135.78,24469.99,,6.33,4,0,0,17.0,,-19,Stage 1
3391,term,East,personal,2022-08-21,639,611,8076.59,2937.13,,8.58,13,0,0,28.8,,-28,Stage 1
3392,revolving,North,personal,2021-06-19,649,624,18815.88,8776.64,17191.52,6.82,19,0,0,43.1,0.511,-25,Stage 1
3393,revolving,East,auto,2024-03-15,631,603,7244.86,5245.66,11187.99,6.03,22,0,0,9.7,0.469,-28,Stage 1
3394,term,East,debt_consolidation,2023-04-19,787,784,11353.84,6059.95,,12.56,5,0,0,20.8,,-3,Stage 1
3395,revolving,West,personal,2023-11-23,642,622,12010.49,9830.22,28351.16,9.45,15,0,0,13.5,0.347,-20,Stage 1
3396,revolving,East,home_improvement,2023-03-07,683,668,24171.45,16399.44,25023.24,3.07,14,0,0,22.2,0.655,-15,Stage 1
3397,revolving,East,personal,2024-07-04,667,655,15381.36,14074.47,28264.97,3.0,12,0,0,6.0,0.498,-12,Stage 1
3398,revolving,East,debt_consolidation,2024-02-24,693,677,21470.18,18231.13,34768.68,8.54,8,0,0,10.4,0.524,-16,Stage 1
3399,term,South,auto,2023-08-17,643,613,14519.51,11063.72,,7.1,16,0,0,16.8,,-30,Stage 2
3400,term,North,auto,2024-02-11,667,641,28732.47,20975.83,,9.07,14,0,0,10.8,,-26,Stage 1
3401,term,West,personal,2023-03-26,703,696,19256.2,10191.21,,9.73,4,0,0,21.6,,-7,Stage 1
3402,term,East,auto,2021-12-08,628,599,15810.04,7152.95,,8.96,20,0,0,37.3,,-29,Stage 1
3403,revolving,North,debt_consolidation,2021-02-17,745,743,17885.95,1788.59,2793.91,6.66,2,0,0,47.1,0.64,-2,Stage 1
3404,term,East,debt_consolidation,2021-12-30,751,750,3797.07,2375.05,,11.91,1,0,0,36.6,,-1,Stage 1
3405,revolving,South,auto,2024-11-22,716,716,5485.94,5312.5,15188.63,5.51,4,0,0,1.3,0.35,0,Stage 1
3406,revolving,South,home_improvement,2024-05-03,684,661,16181.56,13446.42,34992.7,12.65,3,0,0,8.1,0.384,-23,Stage 1
3407,revolving,East,auto,2022-12-26,500,453,13833.99,6823.21,19594.05,10.75,90,0,1,24.6,0.348,-47,Stage 3
3408,revolving,East,auto,2024-09-06,705,702,26744.42,24551.23,58675.44,7.03,5,0,0,3.9,0.418,-3,Stage 1
3409,term,East,personal,2021-05-18,656,619,1000.0,129.14,,10.32,10,0,0,44.1,,-37,Stage 2
3410,term,South,home_improvement,2021-12-21,665,654,13259.77,1325.98,,7.93,12,0,0,36.9,,-11,Stage 1
3411,term,South,auto,2023-12-30,566,547,4256.3,3088.1,,13.1,38,1,0,12.3,,-19,Stage 2
3412,term,North,personal,2023-03-22,709,680,15833.84,9241.0,,7.09,3,0,0,21.7,,-29,Stage 1
3413,term,West,personal,2022-12-13,593,568,17082.0,5465.77,,11.41,37,0,1,25.0,,-25,Stage 2
3414,term,West,personal,2021-02-28,687,668,20968.92,2096.89,,5.2,7,0,0,46.8,,-19,Stage 1
3415,revolving,South,debt_consolidation,2023-02-10,734,741,5837.91,2410.62,6868.33,10.01,2,0,0,23.0,0.351,7,Stage 1
3416,term,West,personal,2022-01-24,651,649,3335.72,773.45,,9.9,15,0,0,35.8,,-2,Stage 1
3417,term,East,personal,2024-10-06,752,771,19614.4,18997.0,,10.91,3,0,0,2.9,,19,Stage 1
3418,term,North,debt_consolidation,2023-04-26,635,629,7628.56,3210.99,,10.48,21,0,0,20.5,,-6,Stage 1
3419,term,South,debt_consolidation,2023-05-19,716,721,7112.16,3407.6,,8.09,0,0,0,19.8,,5,Stage 1
3420,term,South,personal,2021-12-05,601,602,13313.33,1331.33,,3.18,45,0,0,37.4,,1,Stage 2
3421,revolving,West,auto,2023-01-27,741,736,4529.19,3178.45,6717.92,4.97,3,0,0,23.5,0.473,-5,Stage 1
3422,term,East,home_improvement,2022-08-19,732,730,19175.32,2999.63,,3.0,1,0,0,28.9,,-2,Stage 1
3423,revolving,North,debt_consolidation,2022-03-12,708,713,5199.83,519.98,828.03,8.19,6,0,0,34.2,0.628,5,Stage 1
3424,term,West,home_improvement,2022-01-12,656,637,6487.38,2013.57,,12.4,18,0,0,36.2,,-19,Stage 1
3425,revolving,South,debt_consolidation,2022-01-26,595,561,9538.69,5626.83,11262.77,6.78,30,0,0,35.7,0.5,-34,Stage 2
3426,term,South,personal,2022-04-26,656,632,5716.31,1522.27,,7.81,12,0,0,32.7,,-24,Stage 1
3427,term,West,debt_consolidation,2023-04-01,746,737,23388.65,12132.11,,7.22,2,0,0,21.4,,-9,Stage 1
3428,term,East,personal,2021-04-24,687,673,22134.57,2213.46,,9.75,9,0,0,44.9,,-14,Stage 1
3429,revolving,North,home_improvement,2023-02-13,586,552,14190.8,8800.53,14814.86,9.52,31,0,0,22.9,0.594,-34,Stage 2
3430,term,North,auto,2021-06-21,612,571,7486.58,3804.96,,7.74,27,0,0,43.0,,-41,Stage 2
3431,term,North,personal,2021-01-18,755,763,6100.45,610.04,,6.09,0,0,0,48.1,,8,Stage 1
3432,revolving,North,home_improvement,2021-08-23,709,721,15813.39,5281.78,12764.02,10.88,3,0,0,40.9,0.414,12,Stage 1
3433,revolving,East,home_improvement,2024-08-26,605,566,6126.7,5813.19,11124.13,12.29,39,0,0,4.3,0.523,-39,Stage 2
3434,term,South,debt_consolidation,2022-12-24,574,533,8063.72,5321.42,,11.41,35,0,0,24.6,,-41,Stage 2
3435,revolving,South,personal,2021-10-08,642,616,3755.62,375.56,1094.05,5.56,24,0,0,39.4,0.343,-26,Stage 1
3436,term,North,home_improvement,2023-04-11,568,526,13302.78,5991.95,,3.0,50,0,0,21.0,,-42,Stage 2
3437,term,North,auto,2024-05-04,670,649,6185.06,4920.16,,8.28,10,0,0,8.1,,-21,Stage 1
3438,term,North,debt_consolidation,2024-02-13,827,832,11451.68,10031.73,,13.13,7,0,0,10.8,,5,Stage 1
3439,revolving,West,debt_consolidation,2024-11-21,584,562,6968.12,6851.83,15997.14,3.03,44,0,1,1.4,0.428,-22,Stage 2
3440,revolving,West,home_improvement,2022-02-22,668,648,22641.41,11086.35,29828.29,7.77,10,0,0,34.8,0.372,-20,Stage 1
3441,term,South,personal,2021-10-11,758,768,16257.82,1625.78,,13.83,3,0,0,39.3,,10,Stage 1
3442,term,South,debt_consolidation,2022-08-08,724,705,4310.89,2357.81,,11.94,5,0,0,29.2,,-19,Stage 1
3443,term,North,personal,2024-09-13,671,649,24063.94,21532.02,,9.69,3,0,0,3.7,,-22,Stage 1
3444,revolving,West,home_improvement,2024-09-26,671,678,10034.35,9282.17,23212.89,5.42,9,0,1,3.2,0.4,7,Stage 1
3445,revolving,East,home_improvement,2022-09-14,610,588,24681.4,17392.15,47238.42,13.48,38,0,0,28.0,0.368,-22,Stage 2
3446,term,West,personal,2021-08-09,663,651,14451.62,2645.87,,8.44,13,0,0,41.4,,-12,Stage 1
3447,revolving,South,auto,2021-01-09,694,673,10125.22,1012.52,1991.23,3.0,6,0,0,48.4,0.508,-21,Stage 1
3448,revolving,West,debt_consolidation,2024-01-11,746,742,3436.09,2976.53,5956.25,13.34,0,0,0,11.9,0.5,-4,Stage 1
3449,term,South,home_improvement,2023-04-12,642,623,4199.88,2242.05,,5.89,19,1,0,21.0,,-19,Stage 2
3450,term,North,auto,2024-08-10,668,653,28506.83,26261.47,,18.54,15,0,1,4.8,,-15,Stage 1
3451,term,East,auto,2022-01-10,623,604,6506.74,3204.78,,8.45,24,0,0,36.2,,-19,Stage 1
3452,term,North,personal,2022-06-18,693,693,23483.41,8541.31,,10.27,6,0,0,30.9,,0,Stage 1
3453,term,North,personal,2024-12-09,727,706,25181.89,24529.19,,9.28,2,0,0,0.8,,-21,Stage 1
3454,term,East,personal,2024-01-28,717,713,18610.47,13232.88,,8.2,4,0,0,11.3,,-4,Stage 1
3455,revolving,East,auto,2022-12-03,609,587,3688.58,2428.59,3913.71,11.38,36,0,0,25.3,0.621,-22,Stage 2
3456,term,East,debt_consolidation,2023-04-12,688,681,7621.63,4906.53,,9.6,5,0,0,21.0,,-7,Stage 1
3457,term,South,personal,2023-02-16,639,628,38724.67,23724.96,,9.18,24,0,1,22.8,,-11,Stage 1
3458,term,North,debt_consolidation,2024-11-06,740,731,33168.17,31528.13,,5.91,1,0,0,1.9,,-9,Stage 1
3459,term,South,personal,2023-07-29,670,652,5820.56,3802.57,,8.55,5,0,0,17.4,,-18,Stage 1
3460,term,East,auto,2022-03-23,588,567,9870.28,4024.65,,5.47,38,0,0,33.8,,-21,Stage 2
3461,term,South,debt_consolidation,2022-11-11,666,641,22995.73,7348.84,,10.22,10,0,0,26.1,,-25,Stage 1
3462,term,East,debt_consolidation,2021-12-10,707,694,2732.98,273.3,,10.02,3,0,0,37.3,,-13,Stage 1
3463,term,West,auto,2022-03-01,694,682,22274.95,9589.13,,9.53,1,1,0,34.6,,-12,Stage 2
3464,term,East,debt_consolidation,2022-09-17,649,640,14383.39,2462.92,,12.73,21,0,0,27.9,,-9,Stage 1
3465,term,North,auto,2021-11-02,644,626,66040.63,13326.82,,11.41,17,0,0,38.5,,-18,Stage 1
3466,revolving,North,auto,2021-05-28,620,599,25991.56,13197.3,31480.56,15.26,27,0,0,43.8,0.419,-21,Stage 1
3467,term,North,home_improvement,2023-04-29,656,636,2467.47,1594.5,,11.95,11,1,0,20.4,,-20,Stage 2
3468,term,South,personal,2023-01-02,628,609,20470.34,10067.26,,9.47,24,1,0,24.3,,-19,Stage 2
3469,revolving,North,home_improvement,2022-03-30,738,733,30337.77,3294.55,6559.78,8.11,2,0,0,33.6,0.502,-5,Stage 1
3470,term,East,auto,2023-07-27,625,596,17289.93,9986.45,,4.76,26,0,0,17.5,,-29,Stage 1
3471,term,West,auto,2021-02-02,687,679,16566.19,5526.55,,13.13,12,0,0,47.6,,-8,Stage 1
3472,revolving,North,debt_consolidation,2024-09-04,683,655,16475.46,15268.15,38770.04,10.71,6,0,0,4.0,0.394,-28,Stage 1
3473,term,South,auto,2024-05-01,736,730,25450.83,22963.61,,7.64,2,0,0,8.2,,-6,Stage 1
3474,term,West,auto,2024-04-18,745,757,15842.51,12089.52,,9.93,2,0,0,8.6,,12,Stage 1
3475,revolving,North,auto,2023-09-11,721,697,12927.34,10852.26,32069.04,9.41,1,0,0,15.9,0.338,-24,Stage 1
3476,revolving,North,personal,2022-01-26,701,679,16856.99,7701.21,17771.31,8.73,6,0,0,35.7,0.433,-22,Stage 1
3477,revolving,West,home_improvement,2021-12-23,617,606,3434.26,343.43,856.93,11.78,27,0,0,36.8,0.401,-11,Stage 1
3478,term,North,home_improvement,2022-07-27,615,600,13128.68,9066.96,,4.35,31,0,1,29.6,,-15,Stage 2
3479,term,South,personal,2022-04-09,629,597,9023.19,1692.73,,11.56,30,0,1,33.3,,-32,Stage 2
3480,term,East,personal,2023-07-19,725,704,26046.09,15382.72,,12.96,3,0,0,17.7,,-21,Stage 1
3481,term,East,personal,2021-04-09,684,647,6268.92,883.29,,5.66,11,0,0,45.4,,-37,Stage 2
3482,term,West,home_improvement,2021-05-28,732,706,12784.81,5601.94,,3.13,4,0,0,43.8,,-26,Stage 1
3483,term,East,home_improvement,2022-07-24,740,731,6917.7,3587.74,,10.4,2,0,0,29.7,,-9,Stage 1
3484,revolving,North,auto,2022-12-28,636,627,16418.93,10794.66,21504.54,11.9,20,0,0,24.5,0.502,-9,Stage 1
3485,term,North,home_improvement,2024-09-01,681,677,37003.44,35480.72,,6.36,9,0,0,4.1,,-4,Stage 1
3486,term,South,debt_consolidation,2023-09-29,679,672,20648.72,15153.84,,4.8,12,1,0,15.3,,-7,Stage 2
3487,term,East,home_improvement,2024-04-20,660,628,20857.91,15865.73,,3.36,13,1,0,8.5,,-32,Stage 2
3488,term,West,personal,2021-10-30,647,642,4966.18,1207.34,,12.25,16,0,0,38.6,,-5,Stage 1
3489,term,North,home_improvement,2021-01-04,751,752,16210.11,1621.01,,8.69,2,0,0,48.6,,1,Stage 1
3490,term,West,auto,2023-02-17,683,654,8281.57,2838.26,,12.91,11,0,0,22.8,,-29,Stage 1
3491,term,North,home_improvement,2021-04-17,680,653,11231.78,1583.92,,3.0,6,0,0,45.2,,-27,Stage 1
3492,term,North,personal,2021-03-16,631,618,9778.07,977.81,,9.25,15,0,0,46.2,,-13,Stage 1
3493,revolving,South,debt_consolidation,2023-11-30,720,719,6415.12,5406.84,13179.7,12.34,5,0,0,13.3,0.41,-1,Stage 1
3494,revolving,East,personal,2022-10-01,619,592,14875.02,9703.08,16629.09,6.18,19,0,0,27.4,0.584,-27,Stage 1
3495,term,South,debt_consolidation,2022-11-26,707,691,16467.63,7339.83,,11.22,5,0,0,25.6,,-16,Stage 1
3496,term,East,auto,2024-02-17,708,702,23606.36,20856.33,,5.84,3,0,0,10.6,,-6,Stage 1
3497,revolving,West,auto,2021-03-14,655,639,27380.54,13795.47,31059.41,6.16,16,0,0,46.3,0.444,-16,Stage 1
3498,revolving,East,home_improvement,2022-07-06,699,693,19511.09,12355.47,34712.2,9.21,4,0,0,30.3,0.356,-6,Stage 1
3499,term,West,auto,2024-05-12,691,663,4887.07,4328.09,,7.18,4,0,0,7.8,,-28,Stage 1
3500,revolving,North,auto,2023-09-04,677,662,8309.19,6703.74,10856.26,13.11,4,0,0,16.2,0.617,-15,Stage 1
3501,term,West,personal,2021-04-06,680,669,13459.69,4190.8,,9.03,9,1,0,45.5,,-11,Stage 2
3502,revolving,West,personal,2024-07-26,683,671,26423.51,22954.22,52769.82,13.22,6,0,0,5.3,0.435,-12,Stage 1
3503,revolving,North,home_improvement,2024-03-12,687,673,17176.6,14083.57,34714.6,11.02,7,0,0,9.8,0.406,-14,Stage 1
3504,term,West,home_improvement,2024-02-13,683,661,24553.14,18398.18,,6.27,9,0,0,10.8,,-22,Stage 1
3505,revolving,West,home_improvement,2023-06-03,613,593,30975.59,15882.56,26707.87,9.67,23,0,0,19.3,0.595,-20,Stage 1
3506,term,North,home_improvement,2024-03-02,670,636,29203.97,24286.79,,6.5,13,0,0,10.2,,-34,Stage 2
3507,revolving,North,personal,2024-04-06,695,685,6860.01,5138.58,14093.82,12.46,8,0,0,9.0,0.365,-10,Stage 1
3508,term,North,home_improvement,2024-06-22,685,686,5495.32,4532.64,,13.37,6,0,0,6.4,,1,Stage 1
3509,revolving,East,home_improvement,2021-10-04,737,732,19165.43,5338.56,15429.41,3.81,1,0,0,39.5,0.346,-5,Stage 1
3510,term,North,auto,2021-09-16,717,698,25352.99,2535.3,,10.7,5,0,1,40.1,,-19,Stage 1
3511,term,North,home_improvement,2021-02-15,627,602,3798.94,797.02,,12.63,28,0,1,47.2,,-25,Stage 1
3512,term,West,debt_consolidation,2021-12-12,670,646,11864.82,1186.48,,11.68,12,1,0,37.2,,-24,Stage 2
3513,revolving,South,auto,2023-04-27,661,646,24804.34,9842.99,29438.58,8.69,13,0,0,20.5,0.334,-15,Stage 1
3514,revolving,South,personal,2023-06-14,679,664,6152.92,4265.42,8790.53,17.23,8,0,0,18.9,0.485,-15,Stage 1
3515,revolving,East,debt_consolidation,2024-06-14,679,655,15061.11,12896.52,20363.93,9.71,2,0,0,6.7,0.633,-24,Stage 1
3516,revolving,East,home_improvement,2023-12-13,716,717,17613.24,13724.0,35473.13,4.55,2,0,0,12.8,0.387,1,Stage 1
3517,term,South,auto,2024-03-17,690,673,3153.89,2545.74,,11.08,6,0,0,9.7,,-17,Stage 1
3518,term,South,home_improvement,2024-01-19,753,752,21849.17,18210.59,,12.28,1,0,0,11.6,,-1,Stage 1
3519,term,North,auto,2021-08-21,694,697,24337.12,5828.9,,10.77,4,0,0,41.0,,3,Stage 1
3520,term,West,home_improvement,2021-02-20,630,596,14284.47,1428.45,,9.62,20,0,0,47.0,,-34,Stage 2
3521,term,North,debt_consolidation,2022-10-27,651,648,2882.46,1588.86,,4.83,17,0,0,26.6,,-3,Stage 1
3522,term,East,personal,2024-11-18,716,700,8927.3,8720.69,,4.04,2,0,0,1.5,,-16,Stage 1
3523,term,South,debt_consolidation,2024-05-22,583,569,26184.55,22934.97,,6.09,35,0,1,7.5,,-14,Stage 2
3524,term,East,debt_consolidation,2022-03-27,599,585,7022.81,3177.47,,3.0,39,1,0,33.7,,-14,Stage 2
3525,term,North,personal,2024-09-24,680,659,29441.04,28157.77,,13.59,8,0,0,3.3,,-21,Stage 1
3526,term,East,auto,2021-12-17,737,729,12309.84,1230.98,,9.21,2,0,0,37.0,,-8,Stage 1
3527,revolving,East,auto,2022-10-11,758,735,22249.47,4694.76,8519.5,7.99,0,0,0,27.1,0.551,-23,Stage 1
3528,revolving,West,personal,2024-08-01,666,646,5681.06,5237.9,11685.25,4.69,9,0,0,5.1,0.448,-20,Stage 1
3529,revolving,East,home_improvement,2023-05-28,743,727,37023.31,20926.88,52700.57,5.15,1,0,0,19.5,0.397,-16,Stage 1
3530,term,North,auto,2022-08-06,684,662,8134.08,4248.56,,9.06,7,0,0,29.3,,-22,Stage 1
3531,term,West,debt_consolidation,2021-09-02,588,562,11358.51,1404.97,,8.13,39,0,1,40.6,,-26,Stage 2
3532,revolving,East,personal,2022-07-04,679,668,10726.88,5553.25,15229.25,9.4,8,0,0,30.4,0.365,-11,Stage 1
3533,term,North,debt_consolidation,2022-12-29,642,616,1277.6,927.0,,5.01,29,0,1,24.5,,-26,Stage 1
3534,term,South,auto,2022-10-01,735,728,11917.45,7668.73,,10.15,0,0,0,27.4,,-7,Stage 1
3535,term,West,personal,2022-08-07,678,658,6733.31,2700.65,,12.84,11,0,0,29.3,,-20,Stage 1
3536,term,East,personal,2021-08-14,603,582,14507.19,5549.2,,8.14,21,0,0,41.2,,-21,Stage 1
3537,term,East,auto,2023-04-07,590,561,16913.76,9870.97,,11.35,41,0,0,21.2,,-29,Stage 2
3538,term,West,auto,2022-03-17,678,652,7095.74,709.57,,8.48,2,0,0,34.0,,-26,Stage 1
3539,term,North,personal,2022-02-16,534,493,7297.55,4533.69,,7.85,73,0,1,35.0,,-41,Stage 2
3540,term,East,home_improvement,2023-03-25,648,626,7989.39,3449.77,,10.29,16,0,1,21.6,,-22,Stage 1
3541,term,North,personal,2021-09-03,693,686,15053.76,3009.95,,7.6,6,0,0,40.5,,-7,Stage 1
3542,revolving,West,home_improvement,2022-08-06,616,608,10349.34,6380.89,12970.76,7.12,36,0,0,29.3,0.492,-8,Stage 2
3543,term,East,debt_consolidation,2022-05-15,739,726,7286.24,3864.92,,12.25,0,0,0,32.1,,-13,Stage 1
3544,term,South,home_improvement,2023-09-09,751,728,9911.74,5183.02,,3.54,3,0,0,16.0,,-23,Stage 1
3545,revolving,South,home_improvement,2022-07-04,618,607,25870.15,12536.02,37565.73,9.27,39,0,0,30.4,0.334,-11,Stage 2
3546,term,South,auto,2021-04-27,662,650,14371.03,7092.99,,5.83,13,1,0,44.8,,-12,Stage 2
3547,term,West,personal,2024-10-19,739,735,9184.48,8692.52,,14.42,0,0,0,2.5,,-4,Stage 1
3548,term,East,debt_consolidation,2021-07-23,679,651,30161.96,12652.3,,11.72,3,0,0,41.9,,-28,Stage 1
3549,term,West,personal,2021-12-17,596,569,18503.36,1850.34,,12.84,39,0,0,37.0,,-27,Stage 2
3550,term,East,home_improvement,2021-11-15,671,662,3220.76,1123.34,,9.59,10,0,0,38.1,,-9,Stage 1
3551,revolving,South,home_improvement,2024-10-14,628,592,21738.41,20458.03,35180.35,10.89,19,0,0,2.6,0.582,-36,Stage 2
3552,term,South,home_improvement,2023-07-29,746,749,39029.3,20672.76,,9.63,0,1,0,17.4,,3,Stage 2
3553,term,North,personal,2022-05-04,716,710,22663.63,2266.36,,7.31,0,0,0,32.4,,-6,Stage 1
3554,term,West,home_improvement,2021-04-17,661,656,8456.01,845.6,,14.31,17,0,0,45.2,,-5,Stage 1
3555,term,West,personal,2022-10-16,688,682,12320.22,8256.24,,11.11,3,0,0,26.9,,-6,Stage 1
3556,term,North,debt_consolidation,2021-06-21,601,554,2909.57,813.35,,6.53,38,0,1,43.0,,-47,Stage 2
3557,term,South,debt_consolidation,2022-06-03,634,603,20878.78,5875.18,,4.3,18,1,0,31.4,,-31,Stage 2
3558,term,South,personal,2023-08-16,773,777,11340.54,8962.05,,5.95,3,0,0,16.8,,4,Stage 1
3559,term,West,debt_consolidation,2023-03-24,683,656,7899.2,4882.09,,9.17,7,0,0,21.6,,-27,Stage 1
3560,term,East,auto,2022-06-12,735,720,11663.58,1166.36,,7.05,2,0,0,31.1,,-15,Stage 1
3561,term,South,home_improvement,2021-11-16,693,678,3297.91,1563.55,,11.8,2,0,0,38.1,,-15,Stage 1
3562,revolving,North,home_improvement,2023-11-27,758,749,3678.22,2697.83,7335.64,9.84,0,0,0,13.4,0.368,-9,Stage 1
3563,term,North,home_improvement,2022-05-14,560,509,4855.98,3142.74,,8.25,51,0,0,32.1,,-51,Stage 2
3564,term,North,auto,2021-09-22,668,656,1393.03,139.3,,9.0,11,0,0,39.9,,-12,Stage 1
3565,term,West,home_improvement,2023-06-27,778,774,8689.13,5180.89,,8.63,2,0,0,18.5,,-4,Stage 1
3566,revolving,West,personal,2022-02-06,737,732,6030.95,603.09,1264.46,8.3,1,0,0,35.3,0.477,-5,Stage 1
3567,term,West,home_improvement,2023-09-14,759,753,26622.51,15057.25,,10.16,1,0,0,15.8,,-6,Stage 1
3568,term,West,personal,2022-08-25,679,641,5546.94,3281.28,,7.46,12,0,0,28.7,,-38,Stage 2
3569,revolving,North,debt_consolidation,2023-08-10,647,621,19449.92,10461.24,20180.92,5.5,16,0,1,17.0,0.518,-26,Stage 1
3570,revolving,North,personal,2021-08-06,618,586,6934.43,693.44,1347.18,11.24,34,0,1,41.5,0.515,-32,Stage 2
3571,term,West,personal,2021-11-26,614,591,14789.4,1478.94,,6.61,27,0,0,37.7,,-23,Stage 1
3572,term,West,personal,2021-07-05,728,726,31084.08,3108.41,,12.72,5,0,0,42.5,,-2,Stage 1
3573,revolving,North,home_improvement,2024-11-05,710,695,4884.28,4685.31,13728.68,8.51,0,1,0,1.9,0.341,-15,Stage 2
3574,revolving,West,auto,2021-07-28,676,667,34187.57,3418.76,8722.02,7.66,11,0,0,41.8,0.392,-9,Stage 1
3575,revolving,West,auto,2021-10-15,710,713,21784.16,2178.42,3514.61,6.2,1,0,0,39.1,0.62,3,Stage 1
3576,term,West,personal,2021-03-29,688,680,16963.23,6424.66,,8.07,7,0,0,45.8,,-8,Stage 1
3577,term,West,home_improvement,2023-09-30,737,748,14367.0,7871.56,,10.05,1,0,0,15.3,,11,Stage 1
3578,term,South,auto,2021-05-16,737,718,12486.33,3676.65,,6.63,0,0,0,44.2,,-19,Stage 1
3579,revolving,West,debt_consolidation,2021-06-07,616,603,24892.66,2937.59,4574.41,11.21,31,0,0,43.5,0.642,-13,Stage 2
3580,term,North,debt_consolidation,2023-03-05,696,679,12471.17,6649.78,,5.68,7,0,0,22.3,,-17,Stage 1
3581,term,North,home_improvement,2023-07-09,579,554,10592.53,5476.59,,11.74,41,0,1,18.1,,-25,Stage 2
3582,revolving,North,debt_consolidation,2021-06-04,687,658,20088.71,3185.16,6093.57,9.33,8,0,0,43.6,0.523,-29,Stage 1
3583,term,North,debt_consolidation,2021-08-08,716,725,6883.85,1671.66,,7.65,4,0,0,41.4,,9,Stage 1
3584,revolving,West,debt_consolidation,2024-04-05,601,568,40857.14,34554.78,59283.73,10.15,27,0,0,9.0,0.583,-33,Stage 2
3585,term,South,auto,2021-11-18,655,645,16670.28,1667.03,,13.81,12,0,0,38.0,,-10,Stage 1
3586,term,East,debt_consolidation,2022-11-22,680,683,11320.69,3455.83,,12.46,7,1,0,25.7,,3,Stage 2
3587,term,East,personal,2023-04-21,694,681,11156.2,6865.06,,10.09,3,0,0,20.7,,-13,Stage 1
3588,revolving,East,personal,2022-05-27,663,659,10232.97,4298.79,7051.19,11.81,14,0,0,31.7,0.61,-4,Stage 1
3589,term,East,debt_consolidation,2021-03-28,609,572,18391.5,6772.87,,7.73,31,0,0,45.8,,-37,Stage 2
3590,term,North,personal,2021-10-02,676,670,14668.59,3023.52,,7.11,6,0,1,39.6,,-6,Stage 1
3591,revolving,West,auto,2021-05-21,580,553,12023.92,3133.19,5560.44,11.14,57,0,0,44.0,0.563,-27,Stage 2
3592,term,West,home_improvement,2022-09-17,666,647,28788.78,14234.64,,9.71,10,0,0,27.9,,-19,Stage 1
3593,term,East,personal,2023-07-05,653,628,32281.79,24106.05,,8.13,16,0,0,18.2,,-25,Stage 1
3594,term,East,debt_consolidation,2021-12-19,671,641,5235.19,918.22,,11.42,15,0,1,37.0,,-30,Stage 2
3595,term,South,home_improvement,2023-10-26,646,628,11020.21,8042.37,,9.13,15,0,0,14.4,,-18,Stage 1
3596,term,South,home_improvement,2022-01-17,589,558,9333.06,933.31,,12.85,40,0,0,36.0,,-31,Stage 2
3597,term,South,debt_consolidation,2024-09-19,658,647,8460.33,7917.04,,3.0,10,0,0,3.5,,-11,Stage 1
3598,term,North,personal,2022-04-20,735,730,9191.19,1399.38,,7.48,0,0,0,32.9,,-5,Stage 1
3599,term,West,auto,2023-07-17,755,753,5540.86,3381.38,,11.77,0,0,0,17.8,,-2,Stage 1
3600,term,North,personal,2021-01-30,826,837,22036.51,2203.65,,13.96,8,0,0,47.7,,11,Stage 1
3601,term,North,personal,2024-10-02,781,769,11028.8,10118.94,,12.98,2,0,0,3.0,,-12,Stage 1
3602,term,West,auto,2023-07-11,608,569,13819.52,7033.02,,7.1,40,0,1,18.0,,-39,Stage 2
3603,term,South,home_improvement,2022-08-17,655,627,22263.83,3219.8,,12.8,16,0,0,28.9,,-28,Stage 1
3604,term,West,auto,2022-05-08,678,660,5381.63,3266.57,,3.56,13,0,0,32.3,,-18,Stage 1
3605,term,East,auto,2022-05-10,674,649,14802.95,7383.57,,6.24,11,0,0,32.2,,-25,Stage 1
3606,term,South,debt_consolidation,2022-01-23,684,657,4133.7,2653.44,,8.22,6,0,0,35.8,,-27,Stage 1
3607,revolving,West,debt_consolidation,2023-05-23,824,813,4224.62,2057.43,3298.58,10.36,8,0,0,19.6,0.624,-11,Stage 1
3608,term,North,personal,2023-04-15,615,590,12834.64,6415.44,,6.06,21,0,0,20.9,,-25,Stage 1
3609,revolving,West,debt_consolidation,2024-06-30,637,614,12312.59,10140.16,17831.07,8.59,17,0,0,6.2,0.569,-23,Stage 1
3610,revolving,South,auto,2022-09-22,778,776,5414.94,1786.81,2742.36,13.09,0,0,0,27.7,0.652,-2,Stage 1
3611,term,East,auto,2023-07-28,643,631,26533.88,21362.7,,5.48,18,0,0,17.4,,-12,Stage 1
3612,term,North,debt_consolidation,2021-01-30,703,691,1734.06,547.29,,5.24,3,0,0,47.7,,-12,Stage 1
3613,term,East,debt_consolidation,2022-09-15,742,741,5279.52,3528.91,,6.63,1,0,0,28.0,,-1,Stage 1
3614,revolving,East,debt_consolidation,2023-03-18,709,704,9347.36,7240.18,18196.79,16.16,2,0,0,21.8,0.398,-5,Stage 1
3615,term,North,auto,2021-12-08,691,665,7510.62,3180.64,,10.26,5,1,0,37.3,,-26,Stage 2
3616,term,West,home_improvement,2024-08-03,736,749,4765.45,4247.67,,6.43,0,0,0,5.0,,13,Stage 1
3617,term,West,home_improvement,2024-11-21,626,595,46580.96,44835.37,,11.76,20,0,1,1.4,,-31,Stage 2
3618,revolving,East,debt_consolidation,2023-09-28,650,630,22852.51,14678.97,24504.92,3.49,14,0,0,15.4,0.599,-20,Stage 1
3619,revolving,West,personal,2021-09-01,712,695,10740.55,4768.21,13361.87,8.61,5,0,0,40.6,0.357,-17,Stage 1
3620,term,South,personal,2021-08-09,555,522,28476.43,5365.5,,9.4,68,0,0,41.4,,-33,Stage 2
3621,term,East,home_improvement,2024-03-25,764,773,25790.47,22253.52,,12.34,0,0,0,9.4,,9,Stage 1
3622,term,East,debt_consolidation,2024-11-07,698,697,7626.35,7319.77,,4.68,6,0,0,1.8,,-1,Stage 1
3623,term,East,auto,2024-09-05,689,671,11227.94,10256.38,,12.85,6,0,0,3.9,,-18,Stage 1
3624,revolving,South,personal,2022-01-08,582,540,12631.0,4786.59,12229.44,12.08,51,0,0,36.3,0.391,-42,Stage 2
3625,term,East,personal,2022-06-15,602,596,22164.86,12992.72,,13.01,33,0,0,31.0,,-6,Stage 2
3626,term,West,auto,2021-08-03,656,652,17807.01,1780.7,,5.4,17,0,0,41.6,,-4,Stage 1
3627,term,West,auto,2022-01-02,728,697,11373.87,4737.34,,14.2,2,0,0,36.5,,-31,Stage 2
3628,revolving,West,debt_consolidation,2021-04-24,555,525,7978.68,797.87,1943.08,3.36,60,0,0,44.9,0.411,-30,Stage 2
3629,revolving,West,auto,2024-05-08,727,704,12179.68,10452.45,31289.8,5.24,3,1,0,7.9,0.334,-23,Stage 2
3630,term,East,auto,2021-01-25,658,638,4669.37,2397.97,,9.53,15,0,0,47.9,,-20,Stage 1
3631,revolving,South,auto,2023-07-23,666,651,6177.21,3915.9,9758.61,7.87,8,0,0,17.6,0.401,-15,Stage 1
3632,term,North,home_improvement,2024-02-19,695,688,10464.03,8229.3,,4.98,3,0,0,10.6,,-7,Stage 1
3633,term,West,auto,2022-09-03,696,666,11685.42,6029.14,,16.09,4,0,0,28.4,,-30,Stage 2
3634,term,North,personal,2023-05-08,637,632,38180.2,28500.57,,3.91,27,0,0,20.1,,-5,Stage 1
3635,term,North,debt_consolidation,2023-10-24,717,697,6359.25,4186.42,,3.79,2,0,0,14.5,,-20,Stage 1
3636,term,East,debt_consolidation,2023-06-17,540,501,2155.22,1507.85,,9.98,71,0,1,18.8,,-39,Stage 2
3637,revolving,West,debt_consolidation,2023-02-12,652,635,8495.52,6368.62,15174.66,8.84,16,0,0,23.0,0.42,-17,Stage 1
3638,term,West,home_improvement,2022-03-21,689,670,7334.15,733.41,,4.61,8,0,0,33.9,,-19,Stage 1
3639,term,West,personal,2024-07-01,659,646,10236.11,9405.95,,15.54,16,1,0,6.1,,-13,Stage 2
3640,term,North,auto,2021-01-20,570,544,8989.18,3374.92,,9.31,51,0,0,48.1,,-26,Stage 2
3641,term,West,personal,2024-05-12,725,721,11487.86,10330.78,,7.29,1,0,0,7.8,,-4,Stage 1
3642,revolving,West,debt_consolidation,2023-03-17,605,583,22208.39,15006.63,43237.61,9.0,26,0,1,21.9,0.347,-22,Stage 1
3643,term,South,auto,2024-10-12,675,646,14279.23,13714.47,,4.28,11,0,1,2.7,,-29,Stage 1
3644,term,East,debt_consolidation,2021-05-08,689,680,7209.03,3113.89,,12.26,12,0,0,44.5,,-9,Stage 1
3645,revolving,West,debt_consolidation,2021-12-24,681,681,2008.61,200.86,368.03,9.78,7,0,0,36.8,0.546,0,Stage 1
3646,term,West,debt_consolidation,2024-08-08,750,738,17988.1,15846.88,,8.25,1,0,0,4.9,,-12,Stage 1
3647,term,East,personal,2024-04-12,676,660,22821.92,20653.84,,9.0,10,1,0,8.8,,-16,Stage 2
3648,term,East,personal,2024-10-10,705,703,8924.87,8616.75,,6.34,4,0,0,2.8,,-2,Stage 1
3649,term,North,debt_consolidation,2023-05-31,676,670,35203.74,17561.7,,12.41,12,0,0,19.4,,-6,Stage 1
3650,revolving,North,debt_consolidation,2023-11-27,716,699,17444.92,12632.26,36453.74,7.04,3,1,0,13.4,0.347,-17,Stage 2
3651,revolving,North,auto,2024-08-26,763,751,13895.42,13053.77,23121.41,7.33,2,0,0,4.3,0.565,-12,Stage 1
3652,term,East,debt_consolidation,2023-07-06,688,674,11012.07,5850.37,,9.6,6,1,0,18.2,,-14,Stage 2
3653,revolving,South,debt_consolidation,2024-01-13,726,720,23157.87,16369.23,38130.14,3.0,1,0,0,11.8,0.429,-6,Stage 1
3654,term,West,debt_consolidation,2022-05-25,767,772,33723.4,7469.23,,10.65,2,0,0,31.7,,5,Stage 1
3655,term,East,debt_consolidation,2022-03-20,761,736,32504.34,19608.43,,8.92,1,0,0,33.9,,-25,Stage 1
3656,term,South,personal,2024-12-14,656,636,12454.82,12142.6,,10.6,11,1,0,0.6,,-20,Stage 2
3657,term,East,debt_consolidation,2024-05-13,742,736,32335.62,27811.35,,8.28,0,0,0,7.8,,-6,Stage 1
3658,term,South,home_improvement,2023-02-18,694,664,7013.59,4725.58,,6.47,5,0,0,22.8,,-30,Stage 2
3659,term,East,debt_consolidation,2024-01-17,747,743,20798.87,16131.97,,9.34,2,0,0,11.7,,-4,Stage 1
3660,revolving,East,personal,2021-09-09,714,696,6315.61,2247.59,5364.58,11.98,3,1,0,40.3,0.419,-18,Stage 2
3661,term,South,home_improvement,2023-11-21,696,693,19166.07,12032.81,,7.34,3,1,0,13.6,,-3,Stage 2
3662,term,South,home_improvement,2022-02-25,706,691,19120.19,5635.86,,11.49,2,0,0,34.7,,-15,Stage 1
3663,term,South,debt_consolidation,2021-03-02,695,681,8932.94,893.29,,8.1,4,0,0,46.7,,-14,Stage 1
3664,term,South,debt_consolidation,2022-08-02,697,672,7184.23,4707.09,,7.63,3,0,0,29.4,,-25,Stage 1
3665,term,South,personal,2024-06-03,670,667,30194.95,26713.84,,11.66,10,0,0,7.1,,-3,Stage 1
3666,term,South,home_improvement,2024-09-20,664,656,5114.91,4698.76,,10.04,2,0,0,3.4,,-8,Stage 1
3667,revolving,South,home_improvement,2022-08-02,785,785,3788.98,2048.18,4459.86,4.89,1,0,0,29.4,0.459,0,Stage 1
3668,term,South,personal,2022-10-02,708,694,16733.76,6877.0,,8.4,2,0,0,27.4,,-14,Stage 1
3669,term,East,debt_consolidation,2021-04-21,645,634,12165.63,3637.19,,5.51,21,0,1,45.0,,-11,Stage 1
3670,term,South,auto,2022-05-06,663,653,16542.38,8464.3,,10.58,10,0,0,32.4,,-10,Stage 1
3671,term,South,auto,2024-07-19,743,729,7556.42,6955.06,,6.27,1,0,0,5.5,,-14,Stage 1
3672,term,East,home_improvement,2021-02-03,635,606,8105.2,2479.49,,9.48,25,0,0,47.6,,-29,Stage 1
3673,revolving,East,home_improvement,2021-07-31,591,555,12435.82,1243.58,2733.67,10.56,37,0,0,41.7,0.455,-36,Stage 2
3674,term,North,debt_consolidation,2024-08-16,595,568,12590.68,11970.68,,10.59,39,0,0,4.6,,-27,Stage 2
3675,term,North,auto,2024-10-28,576,544,11931.61,11544.7,,7.36,47,0,1,2.2,,-32,Stage 2
3676,term,South,home_improvement,2021-05-05,602,588,33377.75,3337.77,,9.15,44,0,0,44.6,,-14,Stage 2
3677,term,South,debt_consolidation,2024-02-01,609,596,35297.7,28813.83,,6.91,34,0,0,11.2,,-13,Stage 2
3678,term,North,auto,2024-02-18,763,758,4803.23,3907.97,,7.73,0,0,0,10.6,,-5,Stage 1
3679,revolving,North,personal,2023-06-13,677,668,16724.93,8561.02,20432.26,6.15,8,1,0,18.9,0.419,-9,Stage 2
3680,term,West,home_improvement,2021-11-27,658,650,5593.93,559.39,,9.17,12,0,0,37.7,,-8,Stage 1
3681,revolving,West,personal,2024-08-25,593,590,39778.28,37978.94,97407.56,10.43,40,0,0,4.3,0.39,-3,Stage 2
3682,term,South,auto,2022-02-16,671,663,8268.34,4758.12,,6.47,11,0,0,35.0,,-8,Stage 1
3683,revolving,West,debt_consolidation,2024-11-23,575,552,10256.16,10008.33,16250.2,6.49,50,0,0,1.3,0.616,-23,Stage 2
3684,term,North,debt_consolidation,2023-07-23,657,615,22774.9,14760.11,,13.79,11,1,0,17.6,,-42,Stage 2
3685,term,South,auto,2024-08-22,803,816,6133.85,5774.39,,6.48,7,0,0,4.4,,13,Stage 1
3686,term,East,personal,2024-04-01,719,711,3705.27,3195.97,,11.16,4,0,0,9.2,,-8,Stage 1
3687,revolving,East,debt_consolidation,2022-10-26,667,643,6043.88,1920.46,3995.86,12.02,3,0,0,26.6,0.481,-24,Stage 1
3688,term,North,home_improvement,2023-12-25,721,704,25623.88,19961.96,,9.85,2,0,0,12.4,,-17,Stage 1
3689,term,West,personal,2024-05-24,648,633,9550.18,7724.91,,10.09,13,0,0,7.4,,-15,Stage 1
3690,term,East,personal,2022-08-26,631,596,24316.45,6956.4,,9.21,20,0,0,28.6,,-35,Stage 2
3691,revolving,West,home_improvement,2021-01-26,782,770,12875.07,2113.02,5056.58,4.91,1,0,0,47.9,0.418,-12,Stage 1
3692,term,East,auto,2022-10-31,611,595,2974.24,867.21,,12.21,19,1,0,26.4,,-16,Stage 2
3693,revolving,West,debt_consolidation,2022-08-07,658,651,7437.44,2576.04,7270.52,7.66,13,1,0,29.3,0.354,-7,Stage 2
3694,term,East,personal,2023-12-04,698,700,15364.73,13229.42,,11.5,5,0,1,13.1,,2,Stage 1
3695,term,East,debt_consolidation,2024-01-19,623,590,1567.27,1314.18,,8.93,31,0,0,11.6,,-33,Stage 2
3696,term,South,debt_consolidation,2024-03-02,719,702,17382.25,14885.97,,10.44,1,0,0,10.2,,-17,Stage 1
3697,revolving,South,personal,2024-03-30,661,645,3756.67,3403.36,5223.51,9.82,15,0,1,9.2,0.652,-16,Stage 1
3698,term,North,auto,2022-01-15,719,719,7832.62,1062.06,,7.6,3,0,0,36.1,,0,Stage 1
3699,revolving,East,personal,2024-07-08,715,709,33676.33,28832.77,57729.67,11.37,2,0,0,5.9,0.499,-6,Stage 1
3700,term,West,auto,2024-11-07,665,650,34184.63,32534.34,,4.99,9,0,0,1.8,,-15,Stage 1
3701,term,East,home_improvement,2022-01-04,782,775,18649.17,5267.07,,12.69,0,0,0,36.4,,-7,Stage 1
3702,term,West,auto,2024-02-09,640,608,14181.87,11607.29,,12.31,23,0,0,10.9,,-32,Stage 2
3703,term,West,auto,2024-01-06,760,741,8226.0,5913.25,,8.2,0,0,0,12.0,,-19,Stage 1
3704,revolving,East,personal,2021-07-28,750,741,2850.74,285.07,526.93,9.75,2,0,0,41.8,0.541,-9,Stage 1
3705,revolving,West,debt_consolidation,2023-11-03,786,778,12872.03,8214.92,12388.74,8.24,2,0,0,14.2,0.663,-8,Stage 1
3706,revolving,North,debt_consolidation,2021-01-25,690,671,10090.4,1009.04,2330.42,6.51,6,0,0,47.9,0.433,-19,Stage 1
3707,revolving,South,auto,2022-06-30,632,612,8739.85,4676.8,8523.12,8.74,10,0,0,30.5,0.549,-20,Stage 1
3708,term,West,auto,2024-03-09,804,810,28590.51,25229.61,,9.82,6,0,0,9.9,,6,Stage 1
3709,term,East,personal,2021-10-02,659,636,5950.69,1246.49,,12.99,19,0,0,39.6,,-23,Stage 1
3710,revolving,South,auto,2024-10-25,631,613,55012.74,52949.64,141797.48,8.4,22,1,0,2.3,0.373,-18,Stage 2
3711,term,North,personal,2023-05-24,668,657,22410.78,9850.21,,9.03,12,0,0,19.6,,-11,Stage 1
3712,revolving,West,home_improvement,2021-08-10,621,593,10030.64,1003.06,1577.39,12.92,35,0,0,41.3,0.636,-28,Stage 2
3713,revolving,West,auto,2023-11-27,711,695,2223.39,1914.55,4359.58,10.52,3,0,0,13.4,0.439,-16,Stage 1
3714,term,South,home_improvement,2023-05-25,643,624,21703.62,9627.77,,4.81,17,0,0,19.6,,-19,Stage 1
3715,revolving,West,auto,2024-02-27,662,635,48733.44,38708.77,61915.31,8.91,15,0,0,10.3,0.625,-27,Stage 1
3716,term,East,auto,2024-09-01,738,757,65955.09,59472.22,,11.51,2,1,1,4.1,,19,Stage 2
3717,term,South,home_improvement,2024-09-08,717,710,6288.83,5960.65,,16.37,4,0,0,3.8,,-7,Stage 1
3718,term,South,home_improvement,2024-12-27,680,654,23032.16,22400.02,,9.56,8,0,0,0.2,,-26,Stage 1
3719,term,West,personal,2021-08-06,690,681,4585.25,2117.23,,3.0,1,0,0,41.5,,-9,Stage 1
3720,term,North,personal,2024-06-25,680,661,2320.22,1955.52,,3.54,10,1,0,6.3,,-19,Stage 2
3721,term,North,home_improvement,2021-04-21,654,645,28064.32,2806.43,,6.94,14,1,0,45.0,,-9,Stage 2
3722,revolving,North,auto,2023-03-27,679,667,8249.86,6357.11,17390.19,6.16,5,0,0,21.5,0.366,-12,Stage 1
3723,revolving,North,personal,2022-12-09,709,702,10180.07,4613.77,12530.48,11.48,8,0,0,25.1,0.368,-7,Stage 1
3724,term,South,auto,2021-05-27,672,629,9992.09,999.21,,14.61,11,0,0,43.8,,-43,Stage 2
3725,term,South,debt_consolidation,2024-09-29,705,696,1000.0,920.55,,11.33,6,0,0,3.1,,-9,Stage 1
3726,revolving,West,personal,2022-07-06,629,623,10111.21,2985.16,7062.65,11.72,15,1,0,30.3,0.423,-6,Stage 2
3727,term,North,personal,2021-05-14,643,639,32141.15,16413.3,,10.98,23,0,0,44.3,,-4,Stage 1
3728,term,North,personal,2022-04-09,635,635,9075.09,3157.53,,10.09,22,0,0,33.3,,0,Stage 1
3729,term,West,debt_consolidation,2023-05-14,646,641,14979.22,7080.16,,6.72,19,0,1,19.9,,-5,Stage 1
3730,term,West,home_improvement,2024-04-29,757,752,2977.28,2438.03,,11.37,1,0,0,8.2,,-5,Stage 1
3731,term,West,auto,2024-04-01,723,723,21534.3,18959.38,,7.9,0,0,0,9.2,,0,Stage 1
3732,revolving,East,debt_consolidation,2022-04-01,615,591,8479.17,4668.97,9635.76,11.48,37,0,0,33.5,0.485,-24,Stage 2
3733,term,West,home_improvement,2023-12-21,706,701,5837.53,4644.8,,10.3,5,0,0,12.6,,-5,Stage 1
3734,term,West,personal,2023-10-26,656,648,5717.39,4048.57,,9.0,16,0,1,14.4,,-8,Stage 1
3735,term,East,home_improvement,2023-11-27,639,620,46258.81,35999.17,,6.77,8,0,0,13.4,,-19,Stage 1
3736,term,North,home_improvement,2022-04-05,590,573,1513.86,814.13,,8.79,42,1,1,33.4,,-17,Stage 2
3737,term,South,home_improvement,2024-05-25,738,725,19180.62,16041.51,,7.25,3,0,0,7.4,,-13,Stage 1
3738,revolving,North,auto,2021-05-19,598,579,1879.91,187.99,436.3,3.82,34,0,0,44.1,0.431,-19,Stage 2
3739,revolving,South,home_improvement,2022-09-10,676,663,19340.11,7224.33,14731.47,5.67,5,0,0,28.1,0.49,-13,Stage 1
3740,term,South,home_improvement,2024-01-28,623,596,6576.53,5612.26,,9.88,27,0,1,11.3,,-27,Stage 1
3741,revolving,West,home_improvement,2022-11-11,726,727,19104.11,13706.23,30242.64,3.0,1,0,0,26.1,0.453,1,Stage 1
3742,revolving,West,home_improvement,2023-08-19,659,627,11220.65,7130.48,10734.14,16.13,14,0,1,16.7,0.664,-32,Stage 2
3743,revolving,East,debt_consolidation,2024-07-11,671,652,15584.92,12911.68,26164.69,7.49,13,1,0,5.8,0.493,-19,Stage 2
3744,term,North,debt_consolidation,2022-08-22,673,657,13914.91,8397.09,,11.57,9,0,0,28.8,,-16,Stage 1
3745,term,North,home_improvement,2022-08-19,698,700,13707.46,4935.24,,3.0,1,0,0,28.9,,2,Stage 1
3746,term,South,home_improvement,2024-06-01,680,664,2237.99,1927.71,,6.06,7,0,0,7.1,,-16,Stage 1
3747,term,West,home_improvement,2021-01-11,677,661,5561.41,556.14,,12.18,9,1,0,48.4,,-16,Stage 2
3748,term,West,personal,2021-11-23,648,640,23129.75,13341.96,,10.25,16,0,1,37.8,,-8,Stage 1
3749,term,North,home_improvement,2024-10-05,585,559,7941.45,7504.62,,7.81,49,0,0,2.9,,-26,Stage 2
3750,revolving,East,home_improvement,2022-01-14,612,580,11022.13,4655.92,7214.67,14.96,35,0,0,36.1,0.645,-32,Stage 2
3751,revolving,West,debt_consolidation,2021-08-19,723,738,5029.28,1957.92,5240.93,4.76,1,0,0,41.0,0.374,15,Stage 1
3752,revolving,East,debt_consolidation,2024-03-10,661,653,6181.79,4663.71,7839.89,12.29,12,0,1,9.9,0.595,-8,Stage 1
3753,term,North,debt_consolidation,2022-09-10,640,617,41249.89,24920.92,,7.71,19,0,0,28.1,,-23,Stage 1
3754,term,North,auto,2023-02-04,595,568,33581.14,20112.78,,6.46,39,0,0,23.2,,-27,Stage 2
3755,term,East,personal,2021-02-18,576,536,19289.69,1928.97,,3.1,52,0,0,47.1,,-40,Stage 2
3756,term,West,home_improvement,2022-03-27,637,619,20666.97,2980.05,,3.53,29,0,0,33.7,,-18,Stage 1
3757,term,North,debt_consolidation,2022-05-06,733,735,16151.97,3841.78,,9.42,2,0,0,32.4,,2,Stage 1
3758,term,South,auto,2024-05-13,646,609,12614.0,10915.03,,9.23,16,0,0,7.8,,-37,Stage 2
3759,term,North,home_improvement,2024-12-03,704,694,43004.99,42006.57,,6.72,6,0,0,1.0,,-10,Stage 1
3760,revolving,West,home_improvement,2022-02-11,643,609,8250.02,4421.23,12058.88,8.39,15,0,0,35.2,0.367,-34,Stage 2
3761,term,South,debt_consolidation,2023-12-11,718,705,6536.24,4644.9,,8.55,4,0,0,12.9,,-13,Stage 1
3762,revolving,North,home_improvement,2021-06-24,658,642,9052.96,3473.76,7639.85,7.59,11,0,0,42.9,0.455,-16,Stage 1
3763,term,West,home_improvement,2024-07-08,606,583,8933.32,8231.61,,6.0,32,0,0,5.9,,-23,Stage 2
3764,term,West,home_improvement,2022-04-25,663,670,23657.75,4509.39,,10.58,15,0,0,32.7,,7,Stage 1
3765,term,North,debt_consolidation,2021-08-11,790,793,6859.11,685.91,,12.74,2,0,0,41.3,,3,Stage 1
3766,term,West,auto,2021-09-26,787,781,12336.88,1233.69,,10.13,2,0,0,39.8,,-6,Stage 1
3767,term,East,home_improvement,2023-03-21,709,689,17007.78,12793.25,,10.31,3,0,0,21.7,,-20,Stage 1
3768,term,South,auto,2023-06-12,671,649,14053.71,10693.09,,11.27,7,0,0,19.0,,-22,Stage 1
3769,term,East,home_improvement,2023-06-20,698,689,4378.78,2084.72,,8.3,5,0,0,18.7,,-9,Stage 1
3770,term,North,debt_consolidation,2023-07-08,699,669,16898.83,11458.04,,7.07,5,0,0,18.1,,-30,Stage 2
3771,term,East,auto,2021-11-14,677,650,14863.79,1486.38,,3.03,5,0,0,38.1,,-27,Stage 1
3772,revolving,North,debt_consolidation,2022-01-20,706,698,19120.45,7626.23,12764.8,7.34,2,0,0,35.9,0.597,-8,Stage 1
3773,term,North,personal,2022-09-18,692,677,18131.04,10963.59,,7.11,4,0,0,27.9,,-15,Stage 1
3774,revolving,West,home_improvement,2024-05-27,661,648,18814.14,14836.42,27127.17,5.84,17,0,0,7.3,0.547,-13,Stage 1
3775,term,West,personal,2023-12-14,608,576,1099.88,898.41,,9.7,30,0,0,12.8,,-32,Stage 2
3776,revolving,North,personal,2024-05-08,652,627,5808.29,4774.7,13731.12,8.42,21,0,0,7.9,0.348,-25,Stage 1
3777,revolving,South,personal,2022-10-05,727,729,25442.21,13827.1,24783.23,10.28,1,1,0,27.3,0.558,2,Stage 2
3778,term,South,home_improvement,2024-09-24,678,669,6712.68,6080.43,,5.63,9,1,0,3.3,,-9,Stage 2
3779,term,South,debt_consolidation,2022-12-05,698,670,26581.91,8914.94,,4.43,5,0,0,25.3,,-28,Stage 1
3780,revolving,East,personal,2021-11-01,663,628,8886.49,3675.0,8298.46,11.0,14,0,0,38.6,0.443,-35,Stage 2
3781,term,North,auto,2024-06-22,616,582,7540.87,6657.31,,11.48,34,0,0,6.4,,-34,Stage 2
3782,term,West,home_improvement,2023-04-22,665,642,9136.9,5208.76,,6.48,8,0,0,20.7,,-23,Stage 1
3783,term,East,debt_consolidation,2024-05-16,618,604,84426.39,77432.73,,7.93,34,0,0,7.7,,-14,Stage 2
3784,revolving,East,debt_consolidation,2022-05-26,614,578,11559.99,5622.89,13529.69,9.82,24,0,0,31.7,0.416,-36,Stage 2
3785,revolving,West,personal,2024-07-06,752,754,22117.78,19058.32,29121.44,10.74,0,0,0,6.0,0.654,2,Stage 1
3786,term,North,home_improvement,2024-11-04,654,632,59758.37,58449.73,,3.73,10,0,0,1.9,,-22,Stage 1
3787,term,East,personal,2021-06-12,635,613,17555.72,5323.33,,11.95,27,0,0,43.3,,-22,Stage 1
3788,term,North,auto,2023-01-08,777,771,41315.43,18245.04,,5.01,1,0,0,24.1,,-6,Stage 1
3789,term,North,debt_consolidation,2021-12-07,728,723,25072.51,11314.71,,4.79,1,0,0,37.4,,-5,Stage 1
3790,revolving,North,debt_consolidation,2023-07-21,657,649,19340.18,14366.39,23382.57,7.76,18,0,1,17.7,0.614,-8,Stage 1
3791,term,West,home_improvement,2022-06-14,705,686,4243.31,2394.3,,7.7,2,0,0,31.1,,-19,Stage 1
3792,term,North,debt_consolidation,2021-02-03,665,659,10058.62,1005.86,,9.08,14,0,0,47.6,,-6,Stage 1
3793,term,East,home_improvement,2023-09-25,638,626,17562.88,10669.67,,9.47,22,0,0,15.5,,-12,Stage 1
3794,revolving,West,personal,2021-11-19,708,694,7646.31,764.63,1521.09,14.09,2,0,0,38.0,0.503,-14,Stage 1
3795,term,West,auto,2024-04-19,660,636,18545.2,14344.61,,6.26,13,0,0,8.6,,-24,Stage 1
3796,term,East,home_improvement,2021-12-13,684,684,11233.76,5969.59,,12.19,7,0,0,37.2,,0,Stage 1
3797,term,West,personal,2024-04-30,741,732,6019.78,4858.3,,4.57,3,0,0,8.2,,-9,Stage 1
3798,term,East,auto,2022-12-22,734,724,22061.42,11290.63,,5.29,0,0,0,24.7,,-10,Stage 1
3799,term,South,debt_consolidation,2024-06-23,646,631,16093.97,14426.64,,6.18,16,0,0,6.4,,-15,Stage 1
3800,term,East,auto,2021-09-02,709,706,19281.81,5533.47,,3.21,3,0,0,40.6,,-3,Stage 1
3801,term,West,auto,2022-11-09,612,602,14239.3,6741.16,,10.34,28,0,0,26.1,,-10,Stage 1
3802,revolving,East,auto,2023-07-04,707,701,8577.89,5732.49,12509.65,12.66,5,0,0,18.2,0.458,-6,Stage 1
3803,revolving,South,debt_consolidation,2022-12-24,688,676,12116.26,8235.07,22310.34,11.72,10,0,0,24.6,0.369,-12,Stage 1
3804,revolving,North,home_improvement,2023-10-01,702,692,7843.71,5272.95,14510.51,4.37,5,0,0,15.3,0.363,-10,Stage 1
3805,term,North,home_improvement,2021-05-13,662,632,36660.91,18905.54,,15.84,12,0,0,44.3,,-30,Stage 2
3806,revolving,North,auto,2024-05-05,805,804,16396.51,14459.83,25548.28,9.33,7,0,0,8.0,0.566,-1,Stage 1
3807,term,West,personal,2023-06-29,625,593,12410.28,6616.59,,13.63,26,0,1,18.4,,-32,Stage 2
3808,term,South,personal,2024-10-02,738,739,10631.81,10119.99,,8.58,3,0,0,3.0,,1,Stage 1
3809,term,East,auto,2021-02-18,618,588,5648.29,564.83,,8.61,26,0,0,47.1,,-30,Stage 2
3810,term,East,auto,2023-12-24,710,711,16941.23,11291.6,,7.87,3,0,0,12.5,,1,Stage 1
3811,term,East,personal,2024-02-02,714,699,4637.42,3724.96,,15.2,1,0,0,11.1,,-15,Stage 1
3812,term,East,auto,2021-08-01,683,662,31693.4,3169.34,,13.16,10,0,0,41.6,,-21,Stage 1
3813,term,West,auto,2021-04-29,650,624,21239.61,8490.06,,8.83,15,0,0,44.8,,-26,Stage 1
3814,term,West,home_improvement,2023-05-06,688,660,6604.06,4740.54,,8.04,6,0,0,20.2,,-28,Stage 1
3815,term,South,home_improvement,2023-01-31,696,675,32196.71,12066.57,,11.24,5,0,0,23.4,,-21,Stage 1
3816,term,East,auto,2022-11-10,787,779,11466.28,3543.61,,3.41,2,0,0,26.1,,-8,Stage 1
3817,term,North,auto,2023-06-14,627,615,20224.99,10689.44,,3.0,22,1,0,18.9,,-12,Stage 2
3818,revolving,West,debt_consolidation,2024-06-19,646,624,11303.04,9398.5,15800.73,5.89,21,0,1,6.5,0.595,-22,Stage 1
3819,revolving,South,home_improvement,2021-10-07,697,683,11578.29,1888.1,4995.16,10.13,7,1,0,39.4,0.378,-14,Stage 2
3820,term,South,auto,2022-02-28,664,643,26515.23,15930.79,,12.18,10,0,0,34.6,,-21,Stage 1
3821,term,West,debt_consolidation,2021-12-29,673,668,12637.35,1263.73,,5.27,11,0,0,36.6,,-5,Stage 1
3822,term,North,debt_consolidation,2023-10-18,744,739,8889.7,7239.73,,13.61,1,0,0,14.7,,-5,Stage 1
3823,revolving,North,debt_consolidation,2024-08-22,510,463,7537.92,7092.49,18790.73,7.39,81,0,1,4.4,0.377,-47,Stage 2
3824,term,East,debt_consolidation,2021-11-10,644,611,10690.87,1069.09,,10.28,21,0,0,38.3,,-33,Stage 2
3825,term,West,home_improvement,2024-04-05,575,541,45182.68,40683.24,,7.38,37,0,1,9.0,,-34,Stage 2
3826,term,North,debt_consolidation,2024-11-18,608,596,16052.58,15585.96,,8.65,29,1,0,1.5,,-12,Stage 2
3827,term,West,home_improvement,2023-02-09,824,827,6203.0,4007.58,,14.42,12,0,0,23.1,,3,Stage 1
3828,term,South,debt_consolidation,2023-12-23,715,716,15745.29,12439.73,,7.39,0,0,0,12.5,,1,Stage 1
3829,revolving,South,debt_consolidation,2021-09-29,737,747,31867.21,9408.24,25302.5,6.18,4,0,0,39.7,0.372,10,Stage 1
3830,term,South,personal,2023-11-27,675,679,32509.16,26651.97,,11.0,4,1,0,13.4,,4,Stage 2
3831,term,West,home_improvement,2023-11-06,725,713,17566.01,11116.73,,11.92,1,0,0,14.1,,-12,Stage 1
3832,revolving,East,personal,2021-12-09,574,537,24510.18,10146.1,16956.34,4.48,51,1,0,37.3,0.598,-37,Stage 2
3833,revolving,East,personal,2021-12-12,742,743,12580.96,4074.34,7888.64,10.1,0,0,0,37.2,0.516,1,Stage 1
3834,term,North,debt_consolidation,2021-08-21,630,597,10472.19,5535.89,,10.61,38,1,0,41.0,,-33,Stage 2
3835,term,West,home_improvement,2023-09-17,648,629,6722.98,5458.95,,14.24,16,0,0,15.7,,-19,Stage 1
3836,term,East,auto,2022-07-30,710,690,7592.02,2676.42,,7.79,2,1,0,29.5,,-20,Stage 2
3837,revolving,West,debt_consolidation,2022-02-20,698,681,12535.43,4461.6,12722.39,13.04,6,0,0,34.9,0.351,-17,Stage 1
3838,term,East,home_improvement,2023-06-24,685,670,23209.94,14684.47,,9.48,12,0,0,18.6,,-15,Stage 1
3839,revolving,South,personal,2021-09-24,598,568,13265.44,1650.54,3763.01,8.1,25,0,0,39.8,0.439,-30,Stage 2
3840,term,South,home_improvement,2023-09-24,685,678,7712.86,4476.82,,6.77,7,0,0,15.5,,-7,Stage 1
3841,term,North,debt_consolidation,2024-09-11,737,732,27433.55,25925.44,,10.49,0,0,0,3.7,,-5,Stage 1
3842,term,South,home_improvement,2023-01-14,648,619,30396.68,22492.1,,5.5,11,0,0,23.9,,-29,Stage 1
3843,term,East,personal,2023-06-30,758,745,8251.02,5230.0,,5.72,3,0,0,18.4,,-13,Stage 1
3844,term,North,home_improvement,2022-03-19,627,599,11746.93,3211.22,,10.81,27,0,0,34.0,,-28,Stage 1
3845,term,North,home_improvement,2022-07-14,680,678,4351.82,2928.73,,14.54,9,0,0,30.1,,-2,Stage 1
3846,term,South,personal,2021-03-17,772,777,23752.84,9887.48,,4.74,2,0,0,46.2,,5,Stage 1
3847,revolving,West,debt_consolidation,2021-09-04,639,599,2471.25,247.12,730.99,6.8,15,0,0,40.5,0.338,-40,Stage 2
3848,term,South,auto,2022-08-03,743,740,13038.57,9103.32,,9.88,1,0,0,29.4,,-3,Stage 1
3849,revolving,South,personal,2021-11-09,798,824,15373.25,1537.32,4152.96,7.34,5,0,0,38.3,0.37,26,Stage 1
3850,term,North,personal,2022-07-30,690,680,8215.08,2392.98,,3.36,8,0,0,29.5,,-10,Stage 1
3851,term,South,debt_consolidation,2021-12-09,648,628,7747.33,774.73,,6.44,19,1,0,37.3,,-20,Stage 2
3852,term,East,debt_consolidation,2022-12-16,633,606,19994.31,12746.35,,10.47,14,0,0,24.9,,-27,Stage 1
3853,term,North,home_improvement,2024-04-20,758,744,16698.33,14652.89,,8.16,2,1,0,8.5,,-14,Stage 2
3854,revolving,South,personal,2023-09-11,756,754,20806.3,13947.41,27396.26,10.1,0,0,0,15.9,0.509,-2,Stage 1
3855,term,West,home_improvement,2022-12-27,766,742,3549.69,1835.27,,4.91,2,0,0,24.5,,-24,Stage 1
3856,term,East,home_improvement,2022-09-24,678,656,33215.41,11936.4,,10.01,8,0,0,27.7,,-22,Stage 1
3857,term,West,debt_consolidation,2022-02-03,742,735,34910.86,5558.81,,3.0,1,0,0,35.4,,-7,Stage 1
3858,term,East,debt_consolidation,2024-06-18,677,673,15038.53,13941.06,,11.34,10,0,0,6.6,,-4,Stage 1
3859,term,West,home_improvement,2022-12-15,627,590,10305.14,4682.07,,13.1,28,1,0,24.9,,-37,Stage 2
3860,revolving,South,personal,2023-07-13,747,737,12488.82,7183.23,16137.12,4.82,1,0,0,17.9,0.445,-10,Stage 1
3861,revolving,East,personal,2021-10-19,778,782,30240.77,8869.62,16549.78,7.28,4,0,1,39.0,0.536,4,Stage 1
3862,term,North,home_improvement,2021-02-23,618,593,7620.77,762.08,,4.55,31,0,0,46.9,,-25,Stage 2
3863,term,North,auto,2024-03-14,617,607,3321.57,2699.62,,9.28,21,1,1,9.8,,-10,Stage 2
3864,term,West,auto,2024-10-11,682,673,20040.97,18644.57,,9.46,4,0,0,2.7,,-9,Stage 1
3865,term,West,debt_consolidation,2023-09-10,737,722,13160.71,10651.08,,4.99,2,0,0,16.0,,-15,Stage 1
3866,term,West,personal,2022-04-22,611,587,28904.0,2890.4,,7.26,23,0,0,32.8,,-24,Stage 1
3867,term,East,home_improvement,2021-01-22,693,672,13943.99,1394.4,,12.23,7,0,0,48.0,,-21,Stage 1
3868,term,North,home_improvement,2024-09-16,644,624,45728.92,43483.03,,10.67,18,0,0,3.6,,-20,Stage 1
3869,term,South,personal,2024-08-08,722,715,47665.41,44848.49,,9.59,1,0,0,4.9,,-7,Stage 1
3870,term,East,debt_consolidation,2024-06-13,632,617,9148.06,7919.86,,12.29,20,0,0,6.7,,-15,Stage 1
3871,term,West,debt_consolidation,2023-11-19,726,719,2329.15,1889.97,,14.42,2,0,0,13.6,,-7,Stage 1
3872,term,North,auto,2022-11-26,670,642,15417.48,9601.39,,9.41,12,0,0,25.6,,-28,Stage 1
3873,term,West,personal,2021-06-09,623,581,4268.56,2230.86,,9.92,18,0,0,43.4,,-42,Stage 2
3874,revolving,South,personal,2023-06-29,683,674,3805.63,1810.58,5353.54,8.15,7,0,0,18.4,0.338,-9,Stage 1
3875,term,South,home_improvement,2022-06-14,563,512,24739.57,10967.72,,9.51,52,0,1,31.1,,-51,Stage 2
3876,term,North,personal,2021-04-11,646,628,16869.51,1686.95,,6.88,19,0,0,45.4,,-18,Stage 1
3877,term,East,auto,2024-08-06,700,678,7943.39,6925.36,,3.94,7,0,0,4.9,,-22,Stage 1
3878,revolving,South,personal,2024-11-01,573,544,13909.27,13199.4,22909.61,11.4,51,0,0,2.0,0.576,-29,Stage 2
3879,term,South,home_improvement,2024-04-11,525,488,14712.43,11308.12,,11.09,66,0,0,8.8,,-37,Stage 2
3880,term,South,auto,2021-12-09,539,508,16580.93,10105.55,,9.21,65,1,0,37.3,,-31,Stage 2
3881,term,South,home_improvement,2022-08-02,759,755,27866.27,7964.39,,9.38,0,0,0,29.4,,-4,Stage 1
3882,revolving,West,personal,2024-04-29,675,666,12733.6,10018.6,16969.0,6.91,10,0,0,8.2,0.59,-9,Stage 1
3883,revolving,West,debt_consolidation,2023-03-01,648,631,2647.2,1598.08,3121.97,12.61,14,0,1,22.4,0.512,-17,Stage 1
3884,term,East,personal,2024-09-28,736,740,35525.78,33241.63,,5.36,1,0,0,3.2,,4,Stage 1
3885,revolving,North,personal,2023-04-25,655,632,13114.32,5998.06,15862.11,13.23,16,0,1,20.6,0.378,-23,Stage 1
3886,revolving,North,home_improvement,2021-05-05,696,672,7742.77,774.28,1477.33,10.75,5,0,0,44.6,0.524,-24,Stage 1
3887,revolving,North,debt_consolidation,2023-06-09,681,669,4477.96,2908.01,7634.98,9.88,7,0,0,19.1,0.381,-12,Stage 1
3888,term,South,personal,2022-10-31,651,631,14634.25,8201.07,,10.05,12,0,0,26.4,,-20,Stage 1
3889,term,West,auto,2024-10-15,697,688,11398.31,10987.24,,12.04,3,0,0,2.6,,-9,Stage 1
3890,term,West,auto,2022-05-18,726,717,6404.42,3425.77,,7.31,0,0,0,32.0,,-9,Stage 1
3891,revolving,East,home_improvement,2021-06-22,668,662,25496.97,7580.2,21420.62,11.36,18,0,0,43.0,0.354,-6,Stage 1
3892,term,North,home_improvement,2023-06-06,652,638,5218.44,4162.89,,7.8,13,0,0,19.2,,-14,Stage 1
3893,term,West,debt_consolidation,2024-11-18,659,629,4890.24,4699.36,,10.4,15,0,0,1.5,,-30,Stage 2
3894,term,East,home_improvement,2021-04-30,542,505,7594.25,759.42,,4.28,68,0,0,44.7,,-37,Stage 2
3895,revolving,North,debt_consolidation,2021-09-30,696,685,2058.68,1069.42,2911.61,6.98,8,0,0,39.6,0.367,-11,Stage 1
3896,revolving,South,personal,2024-10-13,607,578,2653.16,2465.7,6997.35,14.26,38,0,0,2.7,0.352,-29,Stage 2
3897,term,West,auto,2024-11-10,717,701,5368.85,5160.59,,13.0,1,1,0,1.7,,-16,Stage 2
3898,revolving,West,auto,2023-07-02,674,671,9031.54,6416.07,15744.7,13.95,11,0,0,18.3,0.408,-3,Stage 1
3899,term,North,auto,2023-05-26,686,679,5368.58,3950.75,,12.42,5,0,0,19.5,,-7,Stage 1
3900,revolving,South,home_improvement,2023-05-08,722,705,14756.9,6725.74,10781.32,7.1,1,0,0,20.1,0.624,-17,Stage 1
3901,term,South,home_improvement,2024-09-04,624,611,6052.26,5402.22,,7.47,32,0,1,4.0,,-13,Stage 2
3902,term,West,personal,2021-09-18,702,698,15619.91,3063.09,,11.97,3,0,0,40.0,,-4,Stage 1
3903,revolving,North,home_improvement,2024-07-28,696,689,6774.91,5745.29,10344.5,12.24,6,0,0,5.2,0.555,-7,Stage 1
3904,term,East,debt_consolidation,2024-09-14,668,636,14343.98,13216.36,,13.16,11,0,0,3.6,,-32,Stage 2
3905,revolving,West,auto,2024-02-22,624,603,33454.2,26640.51,59776.74,9.58,22,0,0,10.5,0.446,-21,Stage 1
3906,term,South,personal,2021-10-05,715,695,16875.58,7750.4,,8.81,2,0,0,39.5,,-20,Stage 1
3907,term,East,debt_consolidation,2021-04-03,722,711,2372.53,945.45,,12.59,2,0,0,45.6,,-11,Stage 1
3908,term,North,debt_consolidation,2023-08-17,686,683,5414.1,4100.09,,4.42,7,0,0,16.8,,-3,Stage 1
3909,term,South,home_improvement,2023-04-03,615,587,3033.09,1213.53,,8.49,37,0,1,21.3,,-28,Stage 2
3910,term,East,home_improvement,2021-05-08,648,627,3656.44,1267.01,,8.23,20,0,0,44.5,,-21,Stage 1
3911,term,West,auto,2022-06-16,676,646,24566.47,3132.26,,8.26,10,0,0,31.0,,-30,Stage 2
3912,term,South,personal,2023-02-12,721,713,10757.97,4548.71,,12.98,2,0,0,23.0,,-8,Stage 1
3913,term,North,debt_consolidation,2021-06-16,584,570,11533.89,1420.21,,10.86,31,0,0,43.2,,-14,Stage 2
3914,revolving,South,home_improvement,2023-04-11,646,647,24755.56,15519.63,35512.77,9.37,15,0,0,21.0,0.437,1,Stage 1
3915,revolving,West,home_improvement,2021-08-24,655,646,6031.5,2556.16,6798.31,4.42,11,0,0,40.9,0.376,-9,Stage 1
3916,term,North,personal,2023-11-22,675,655,14640.8,10105.25,,5.6,6,0,0,13.5,,-20,Stage 1
3917,revolving,West,personal,2024-06-08,601,580,20128.63,16035.76,39465.35,11.42,34,0,1,6.9,0.406,-21,Stage 2
3918,term,East,home_improvement,2021-07-10,666,645,9862.16,986.22,,9.76,10,0,0,42.4,,-21,Stage 1
3919,term,South,home_improvement,2022-10-19,661,645,36853.73,21190.12,,12.68,20,0,0,26.8,,-16,Stage 1
3920,revolving,West,auto,2022-09-05,617,599,10339.76,1650.84,3842.65,6.86,22,0,0,28.3,0.43,-18,Stage 1
3921,revolving,East,personal,2021-09-12,672,642,4788.16,478.82,833.96,9.13,7,0,0,40.2,0.574,-30,Stage 2
3922,term,North,debt_consolidation,2024-07-26,647,635,6584.98,5764.73,,8.5,13,0,0,5.3,,-12,Stage 1
3923,revolving,North,home_improvement,2023-08-31,709,702,13791.54,11074.91,28515.16,11.66,1,0,0,16.3,0.388,-7,Stage 1
3924,term,East,home_improvement,2023-12-16,626,596,20555.43,13809.09,,15.18,24,0,0,12.7,,-30,Stage 2
3925,revolving,East,home_improvement,2022-10-11,685,651,5210.13,3493.63,5470.71,7.31,10,0,0,27.1,0.639,-34,Stage 2
3926,term,North,home_improvement,2021-04-16,631,612,28862.55,2886.25,,3.0,26,0,0,45.2,,-19,Stage 1
3927,term,West,auto,2021-07-11,644,631,4914.12,491.41,,10.46,16,0,0,42.3,,-13,Stage 1
3928,term,East,personal,2023-09-30,697,681,31870.26,25764.42,,10.24,5,0,0,15.3,,-16,Stage 1
3929,term,West,home_improvement,2024-07-25,694,678,7163.84,6095.96,,3.55,4,0,0,5.3,,-16,Stage 1
3930,term,North,personal,2021-06-24,654,641,1000.0,100.0,,6.04,17,0,0,42.9,,-13,Stage 1
3931,revolving,West,debt_consolidation,2022-09-27,663,640,18812.96,7120.77,20549.52,7.68,20,0,0,27.6,0.347,-23,Stage 1
3932,term,West,debt_consolidation,2021-03-26,592,572,1711.8,171.18,,12.43,42,0,0,45.9,,-20,Stage 2
3933,term,East,debt_consolidation,2023-08-06,764,758,78813.68,53840.99,,5.91,1,0,0,17.1,,-6,Stage 1
3934,term,West,debt_consolidation,2022-12-29,721,714,13542.17,7865.33,,8.2,4,0,0,24.5,,-7,Stage 1
3935,term,West,personal,2024-05-24,719,713,3845.74,3118.17,,3.09,3,1,0,7.4,,-6,Stage 2
3936,term,West,debt_consolidation,2023-11-04,584,572,9430.88,7670.2,,10.46,36,0,0,14.1,,-12,Stage 2
3937,term,North,debt_consolidation,2023-11-27,644,627,3377.61,2415.7,,5.27,19,0,0,13.4,,-17,Stage 1
3938,term,North,home_improvement,2023-11-17,659,632,17986.9,13052.19,,15.52,12,0,0,13.7,,-27,Stage 1
3939,term,South,home_improvement,2021-03-11,564,528,2317.24,231.72,,6.45,57,0,0,46.4,,-36,Stage 2
3940,term,North,home_improvement,2021-06-03,733,720,1825.42,182.54,,11.85,3,0,0,43.6,,-13,Stage 1
3941,revolving,North,auto,2023-02-04,767,769,37080.76,17356.34,31058.87,10.61,3,0,0,23.2,0.559,2,Stage 1
3942,revolving,South,home_improvement,2021-09-28,803,804,5139.33,513.93,1153.63,6.4,3,0,0,39.7,0.445,1,Stage 1
3943,term,South,debt_consolidation,2022-06-25,617,594,15005.95,6400.44,,12.33,30,0,0,30.7,,-23,Stage 2
3944,term,East,personal,2024-01-03,687,685,10445.92,7041.74,,3.0,11,0,0,12.1,,-2,Stage 1
3945,term,East,debt_consolidation,2022-07-25,759,763,8043.65,4755.59,,8.92,0,0,0,29.7,,4,Stage 1
3946,term,North,personal,2021-05-29,664,644,8513.97,4757.76,,11.12,17,0,0,43.8,,-20,Stage 1
3947,term,West,debt_consolidation,2021-01-10,645,643,20617.29,2061.73,,8.28,18,0,0,48.4,,-2,Stage 1
3948,term,East,auto,2022-10-06,568,561,11101.25,6997.02,,5.57,53,0,0,27.3,,-7,Stage 2
3949,term,East,home_improvement,2021-03-03,747,733,4302.91,430.29,,13.74,2,0,0,46.7,,-14,Stage 1
3950,term,North,debt_consolidation,2024-11-12,678,658,3891.06,3817.95,,8.62,14,0,0,1.7,,-20,Stage 1
3951,term,West,home_improvement,2023-02-13,636,604,29181.83,15005.9,,7.33,24,0,0,22.9,,-32,Stage 2
3952,revolving,South,auto,2024-06-09,697,699,21497.39,17454.02,40383.29,5.68,2,0,0,6.9,0.432,2,Stage 1
3953,revolving,South,auto,2022-06-12,689,667,36407.74,11677.24,19741.52,9.29,8,1,0,31.1,0.592,-22,Stage 2
3954,term,North,home_improvement,2022-03-21,690,671,21806.86,7197.74,,8.36,7,0,0,33.9,,-19,Stage 1
3955,term,North,home_improvement,2024-09-06,666,673,5107.62,4708.84,,8.13,21,0,0,3.9,,7,Stage 1
3956,revolving,West,personal,2024-01-12,777,785,10012.32,8459.35,16864.13,13.95,2,0,0,11.8,0.502,8,Stage 1
3957,revolving,North,home_improvement,2024-12-28,671,652,29584.18,29031.75,86325.46,13.9,9,0,0,0.1,0.336,-19,Stage 1
3958,term,North,home_improvement,2021-01-17,777,775,4342.5,434.25,,9.75,6,0,0,48.2,,-2,Stage 1
3959,term,North,personal,2022-01-04,713,685,2545.42,1552.81,,11.06,1,0,0,36.4,,-28,Stage 1
3960,term,West,debt_consolidation,2022-11-15,701,688,38547.83,15532.44,,4.53,2,1,0,25.9,,-13,Stage 2
3961,term,North,personal,2023-06-27,673,660,37246.02,21441.26,,9.27,8,0,0,18.5,,-13,Stage 1
3962,term,East,debt_consolidation,2022-08-06,738,720,30771.47,5062.72,,9.8,2,0,0,29.3,,-18,Stage 1
3963,term,West,debt_consolidation,2021-09-12,686,674,29126.18,14728.65,,8.35,7,0,0,40.2,,-12,Stage 1
3964,term,East,debt_consolidation,2022-04-01,624,622,24004.37,4701.69,,7.69,14,0,1,33.5,,-2,Stage 1
3965,term,West,personal,2022-10-05,622,614,31186.91,8347.38,,6.63,29,0,0,27.3,,-8,Stage 1
3966,revolving,East,personal,2022-07-15,705,709,5734.38,3631.21,5802.92,9.11,3,0,0,30.0,0.626,4,Stage 1
3967,term,West,auto,2022-06-17,625,600,9699.05,5049.07,,12.44,22,0,0,31.0,,-25,Stage 1
3968,term,South,debt_consolidation,2024-11-16,676,657,7718.65,7466.38,,12.93,11,0,0,1.5,,-19,Stage 1
3969,term,North,personal,2021-11-16,743,742,16996.12,10432.12,,9.0,1,0,0,38.1,,-1,Stage 1
3970,term,North,auto,2021-08-08,698,680,2467.49,1238.15,,12.2,4,0,0,41.4,,-18,Stage 1
3971,revolving,West,debt_consolidation,2022-11-30,636,622,31162.12,22471.35,44795.97,6.2,27,0,0,25.4,0.502,-14,Stage 1
3972,term,East,personal,2024-12-08,764,770,2620.66,2594.31,,10.69,0,0,0,0.8,,6,Stage 1
3973,term,South,personal,2021-02-01,712,723,24167.87,2416.79,,8.66,2,0,0,47.7,,11,Stage 1
3974,revolving,East,personal,2022-12-16,741,721,7127.7,3513.45,7449.96,6.95,0,0,0,24.9,0.472,-20,Stage 1
3975,term,North,home_improvement,2023-01-24,543,520,16669.81,9006.73,,15.47,65,0,0,23.6,,-23,Stage 2
3976,revolving,North,auto,2023-11-06,699,682,14306.71,8385.18,16376.43,7.58,3,0,0,14.1,0.512,-17,Stage 1
3977,term,East,personal,2022-02-13,730,737,1481.37,387.92,,7.9,1,0,0,35.1,,7,Stage 1
3978,term,West,home_improvement,2023-04-08,782,784,14779.3,5715.76,,7.62,3,0,0,21.1,,2,Stage 1
3979,term,West,auto,2021-06-22,592,567,4892.17,489.22,,10.04,39,0,0,43.0,,-25,Stage 2
3980,term,East,auto,2024-04-17,752,756,1575.36,1266.22,,13.05,0,0,0,8.6,,4,Stage 1
3981,revolving,North,home_improvement,2023-07-25,778,786,13219.59,10388.08,28169.51,5.55,0,0,0,17.5,0.369,8,Stage 1
3982,revolving,East,auto,2024-02-02,558,523,2143.2,1703.73,4174.29,10.43,47,1,0,11.1,0.408,-35,Stage 2
3983,term,North,home_improvement,2024-09-02,708,698,36903.73,32904.52,,10.04,6,0,0,4.0,,-10,Stage 1
3984,term,East,debt_consolidation,2022-12-08,717,701,4941.56,1591.51,,4.17,3,0,0,25.2,,-16,Stage 1
3985,revolving,West,personal,2023-09-03,660,644,13927.26,7911.87,16772.11,13.05,11,1,0,16.2,0.472,-16,Stage 2
3986,revolving,South,home_improvement,2023-02-22,650,641,12582.92,6174.73,9533.86,9.81,21,0,0,22.6,0.648,-9,Stage 1
3987,term,North,auto,2024-04-19,720,726,24412.25,20398.87,,11.17,5,0,0,8.6,,6,Stage 1
3988,term,South,auto,2021-05-12,643,605,6840.1,684.01,,3.0,26,0,0,44.3,,-38,Stage 2
3989,term,West,debt_consolidation,2022-10-25,666,661,7664.06,4168.81,,13.39,10,0,0,26.6,,-5,Stage 1
3990,revolving,East,debt_consolidation,2024-03-24,728,727,12812.56,10859.71,21705.8,15.18,1,0,0,9.4,0.5,-1,Stage 1
3991,term,West,debt_consolidation,2021-12-25,785,772,5275.54,527.55,,8.55,1,0,0,36.8,,-13,Stage 1
3992,term,South,debt_consolidation,2024-06-12,712,686,8062.46,7167.86,,6.83,2,0,0,6.8,,-26,Stage 1
3993,revolving,West,debt_consolidation,2023-01-30,688,674,5815.25,4003.67,6355.88,3.0,7,0,0,23.4,0.63,-14,Stage 1
3994,term,West,personal,2021-06-14,649,629,15321.83,1532.18,,5.11,14,0,0,43.2,,-20,Stage 1
3995,term,East,home_improvement,2022-12-18,619,597,20680.0,10226.88,,11.51,20,0,0,24.8,,-22,Stage 1
3996,term,South,debt_consolidation,2022-03-03,746,755,26462.7,12180.9,,8.9,0,0,0,34.5,,9,Stage 1
3997,term,South,debt_consolidation,2022-11-08,670,639,25176.32,12676.11,,4.45,12,0,0,26.2,,-31,Stage 2
3998,term,South,personal,2022-05-03,749,732,17248.78,9848.73,,13.58,1,0,0,32.5,,-17,Stage 1
3999,term,North,home_improvement,2021-08-01,660,629,17065.7,5866.23,,6.99,18,0,0,41.6,,-31,Stage 2
4000,term,West,debt_consolidation,2023-02-05,641,633,16754.14,9429.77,,4.56,22,0,0,23.2,,-8,Stage 1
4001,term,South,home_improvement,2021-06-06,705,701,11309.08,4513.66,,9.13,6,0,1,43.5,,-4,Stage 1
4002,revolving,West,home_improvement,2024-01-04,675,661,4062.5,2889.76,6931.96,10.53,6,0,0,12.1,0.417,-14,Stage 1
4003,revolving,East,personal,2022-03-11,607,577,32105.39,18042.19,45567.2,4.98,27,0,0,34.2,0.396,-30,Stage 2
4004,term,East,personal,2024-04-16,789,787,16681.89,12729.58,,8.1,1,0,0,8.7,,-2,Stage 1
4005,term,North,debt_consolidation,2023-04-22,642,618,21175.83,10649.4,,13.62,16,1,1,20.7,,-24,Stage 2
4006,term,North,auto,2022-10-07,735,734,7463.61,3280.49,,4.94,3,0,0,27.2,,-1,Stage 1
4007,term,East,personal,2021-11-08,730,741,47084.08,4708.41,,10.05,1,0,0,38.3,,11,Stage 1
4008,term,South,home_improvement,2021-05-07,604,568,29182.77,14797.2,,8.05,31,0,0,44.5,,-36,Stage 2
4009,term,East,home_improvement,2022-01-12,619,592,8609.82,1208.94,,10.61,20,0,0,36.2,,-27,Stage 1
4010,term,West,debt_consolidation,2024-09-30,661,641,7015.09,6716.6,,5.86,15,0,0,3.1,,-20,Stage 1
4011,term,North,debt_consolidation,2021-08-13,628,581,20958.41,7375.01,,9.7,22,0,1,41.2,,-47,Stage 2
4012,term,North,debt_consolidation,2023-11-07,783,791,11244.45,8409.3,,6.14,2,0,0,14.0,,8,Stage 1
4013,term,East,home_improvement,2022-05-12,667,651,15201.2,5145.3,,3.0,17,0,0,32.2,,-16,Stage 1
4014,term,South,personal,2022-04-18,733,729,30845.65,5281.7,,4.77,5,0,0,33.0,,-4,Stage 1
4015,term,South,auto,2024-08-27,710,693,14960.53,14053.35,,8.35,3,0,0,4.2,,-17,Stage 1
4016,term,West,personal,2024-03-06,695,686,10709.36,8395.82,,9.7,13,0,0,10.0,,-9,Stage 1
4017,revolving,North,auto,2022-04-20,682,666,17345.56,8588.97,20858.95,12.63,6,0,0,32.9,0.412,-16,Stage 1
4018,revolving,East,personal,2021-08-05,754,750,2774.31,1271.3,3762.13,10.07,0,0,0,41.5,0.338,-4,Stage 1
4019,term,East,debt_consolidation,2021-07-15,630,620,14411.56,1441.16,,13.68,22,0,0,42.2,,-10,Stage 1
4020,term,North,home_improvement,2021-07-20,783,786,3310.4,611.84,,8.4,3,0,0,42.0,,3,Stage 1
4021,term,East,auto,2022-01-01,602,562,19714.37,9750.62,,10.66,36,0,1,36.5,,-40,Stage 2
4022,term,North,personal,2022-12-20,726,716,11145.87,3832.77,,6.06,5,0,0,24.8,,-10,Stage 1
4023,term,South,home_improvement,2022-02-04,595,581,36270.57,15245.07,,9.94,34,0,0,35.4,,-14,Stage 2
4024,revolving,South,auto,2022-08-13,661,642,27604.24,17491.99,40789.65,7.88,15,0,0,29.1,0.429,-19,Stage 1
4025,term,East,auto,2021-08-02,685,678,15040.72,8016.64,,7.55,4,0,0,41.6,,-7,Stage 1
4026,revolving,South,home_improvement,2021-12-07,650,647,38659.05,14550.4,37389.83,9.21,14,0,0,37.4,0.389,-3,Stage 1
4027,term,South,debt_consolidation,2024-09-14,669,661,8156.69,7356.95,,4.75,7,0,0,3.6,,-8,Stage 1
4028,term,West,home_improvement,2023-08-17,596,575,5034.77,3461.71,,9.99,47,0,0,16.8,,-21,Stage 2
4029,revolving,North,debt_consolidation,2021-04-29,620,599,10439.55,4138.53,10797.13,11.11,18,0,0,44.8,0.383,-21,Stage 1
4030,term,North,personal,2024-12-19,709,696,10292.82,10128.66,,6.89,4,0,0,0.4,,-13,Stage 1
4031,term,East,personal,2023-04-16,681,665,10886.44,8067.61,,9.55,8,0,0,20.9,,-16,Stage 1
4032,term,North,home_improvement,2023-04-22,638,631,12969.48,6649.26,,12.75,15,0,0,20.7,,-7,Stage 1
4033,term,West,debt_consolidation,2023-05-17,759,761,2235.93,1635.09,,11.26,1,0,0,19.8,,2,Stage 1
4034,revolving,East,personal,2024-10-28,606,580,6431.95,6168.96,12906.76,8.6,31,0,0,2.2,0.478,-26,Stage 2
4035,term,East,debt_consolidation,2024-04-17,658,637,8108.13,7359.05,,10.19,18,0,0,8.6,,-21,Stage 1
4036,revolving,North,debt_consolidation,2024-12-26,649,631,38080.72,37200.95,79278.87,13.48,20,0,0,0.2,0.469,-18,Stage 1
4037,revolving,South,debt_consolidation,2023-08-03,716,709,7993.23,5789.66,13780.51,9.76,1,0,0,17.2,0.42,-7,Stage 1
4038,revolving,South,home_improvement,2022-02-06,682,664,8652.45,4490.45,8412.69,11.84,7,0,0,35.3,0.534,-18,Stage 1
4039,term,South,debt_consolidation,2024-11-18,673,646,20499.0,19776.31,,11.39,8,0,1,1.5,,-27,Stage 1
4040,term,South,home_improvement,2023-06-02,569,545,10540.69,6609.6,,9.28,53,0,0,19.3,,-24,Stage 2
4041,revolving,West,personal,2022-07-20,731,719,44871.83,12888.63,26968.65,12.87,1,0,0,29.9,0.478,-12,Stage 1
4042,term,East,personal,2024-01-08,666,643,21918.08,16934.13,,5.96,12,0,0,12.0,,-23,Stage 1
4043,term,South,auto,2022-02-28,686,668,19597.45,10611.72,,10.28,5,1,0,34.6,,-18,Stage 2
4044,term,West,auto,2021-04-28,635,608,2659.95,265.99,,7.34,21,0,0,44.8,,-27,Stage 1
4045,term,East,personal,2022-01-03,625,610,15662.89,1566.29,,11.68,22,0,0,36.5,,-15,Stage 1
4046,term,North,debt_consolidation,2024-02-04,769,776,13727.41,9803.49,,8.95,0,0,0,11.1,,7,Stage 1
4047,term,North,debt_consolidation,2024-02-03,573,551,25008.5,19965.62,,11.86,55,0,0,11.1,,-22,Stage 2
4048,term,West,personal,2024-08-19,616,595,19969.03,17554.48,,11.3,16,1,0,4.5,,-21,Stage 2
4049,revolving,East,personal,2022-09-22,768,752,17705.54,12462.48,25092.64,7.74,1,0,0,27.7,0.497,-16,Stage 1
4050,term,South,auto,2021-05-28,718,713,16250.93,1625.09,,10.61,3,0,0,43.8,,-5,Stage 1
4051,revolving,East,debt_consolidation,2021-05-30,660,662,8014.63,801.46,1845.8,10.37,11,0,0,43.7,0.434,2,Stage 1
4052,term,South,personal,2023-03-27,754,747,5059.61,2393.54,,8.39,0,0,0,21.5,,-7,Stage 1
4053,revolving,West,auto,2021-09-13,706,679,16677.79,8122.04,13269.98,11.6,3,0,0,40.2,0.612,-27,Stage 1
4054,term,South,auto,2021-03-23,693,687,5315.73,2829.09,,8.67,6,0,0,46.0,,-6,Stage 1
4055,revolving,West,debt_consolidation,2021-01-16,693,662,12893.95,2770.91,6584.28,6.66,11,1,0,48.2,0.421,-31,Stage 2
4056,term,East,auto,2023-06-20,707,686,33751.01,23544.83,,9.86,4,0,0,18.7,,-21,Stage 1
4057,revolving,East,auto,2021-07-12,710,697,38419.96,3842.0,6176.85,10.37,1,0,0,42.3,0.622,-13,Stage 1
4058,term,South,home_improvement,2022-12-24,811,825,10496.43,6210.44,,3.0,6,0,0,24.6,,14,Stage 1
4059,revolving,East,personal,2024-01-03,668,653,26514.06,22170.49,58659.25,16.19,15,0,1,12.1,0.378,-15,Stage 1
4060,revolving,South,debt_consolidation,2024-07-24,670,648,12712.25,10727.64,29209.82,17.49,12,0,0,5.4,0.367,-22,Stage 1
4061,term,East,personal,2023-12-21,605,574,5072.74,3599.1,,6.5,26,1,0,12.6,,-31,Stage 2
4062,term,North,home_improvement,2023-08-31,676,650,12849.47,9390.2,,10.85,8,0,1,16.3,,-26,Stage 1
4063,revolving,South,debt_consolidation,2023-08-09,791,786,55769.28,35214.54,90579.59,5.8,7,0,0,17.0,0.389,-5,Stage 1
4064,term,West,personal,2022-06-20,739,730,19003.04,6664.06,,4.01,1,0,0,30.9,,-9,Stage 1
4065,revolving,North,auto,2021-12-09,647,628,6024.84,602.48,1014.75,7.62,14,1,0,37.3,0.594,-19,Stage 2
4066,term,West,debt_consolidation,2022-01-30,681,673,16499.72,1856.18,,4.84,10,0,0,35.6,,-8,Stage 1
4067,term,East,home_improvement,2023-08-01,602,579,22592.94,17029.37,,10.6,39,0,0,17.3,,-23,Stage 2
4068,revolving,North,auto,2021-09-15,621,586,26290.96,5334.18,11298.88,11.64,22,0,0,40.1,0.472,-35,Stage 2
4069,term,East,home_improvement,2024-05-06,688,654,10370.43,8945.05,,14.28,7,0,0,8.0,,-34,Stage 2
4070,revolving,South,auto,2021-02-22,650,625,39096.19,13419.39,33033.68,9.14,18,0,1,47.0,0.406,-25,Stage 1
4071,term,West,personal,2022-10-13,617,614,11720.22,3326.45,,11.59,28,0,1,27.0,,-3,Stage 1
4072,term,East,personal,2021-09-28,709,695,16647.06,9465.89,,10.17,2,0,0,39.7,,-14,Stage 1
4073,term,West,personal,2021-07-20,675,661,2766.7,1067.66,,9.86,10,0,0,42.0,,-14,Stage 1
4074,term,West,home_improvement,2022-01-31,585,543,31852.55,3185.25,,6.0,43,0,0,35.5,,-42,Stage 2
4075,term,East,debt_consolidation,2022-01-13,555,518,4177.69,532.95,,8.28,59,0,1,36.1,,-37,Stage 2
4076,term,South,personal,2022-11-07,645,632,21408.75,10924.75,,7.9,12,0,0,26.2,,-13,Stage 1
4077,term,West,home_improvement,2022-06-19,584,562,8677.08,4726.26,,10.77,41,1,1,30.9,,-22,Stage 2
4078,term,East,auto,2023-07-12,567,537,4214.57,2945.56,,3.0,53,0,0,18.0,,-30,Stage 2
4079,revolving,South,personal,2024-01-17,747,745,9148.99,6542.39,15942.46,12.16,1,0,0,11.7,0.41,-2,Stage 1
4080,term,East,auto,2022-02-02,674,671,2614.61,363.68,,8.2,19,0,0,35.5,,-3,Stage 1
4081,term,South,personal,2024-04-20,664,649,7071.52,6077.19,,7.0,14,0,0,8.5,,-15,Stage 1
4082,term,West,auto,2023-05-17,668,668,7770.59,3748.79,,10.03,10,1,0,19.8,,0,Stage 2
4083,term,North,home_improvement,2024-07-30,611,591,4405.19,3838.5,,8.93,29,0,0,5.2,,-20,Stage 1
4084,revolving,East,personal,2022-07-15,704,686,16008.35,7281.56,13151.14,9.48,2,0,0,30.0,0.554,-18,Stage 1
4085,term,West,home_improvement,2021-07-09,672,648,12226.82,1222.68,,12.93,10,0,0,42.4,,-24,Stage 1
4086,term,East,home_improvement,2021-07-24,634,610,15949.9,8071.02,,3.63,22,1,0,41.9,,-24,Stage 2
4087,term,East,auto,2023-08-26,643,622,8008.66,5640.51,,4.83,14,0,0,16.5,,-21,Stage 1
4088,term,South,personal,2021-02-13,606,591,10714.84,1071.48,,7.34,42,0,0,47.3,,-15,Stage 2
4089,revolving,East,debt_consolidation,2023-10-01,655,650,3934.54,2944.23,4806.1,13.19,12,0,0,15.3,0.613,-5,Stage 1
4090,term,South,debt_consolidation,2024-08-16,665,646,7347.69,6945.14,,11.37,6,0,0,4.6,,-19,Stage 1
4091,revolving,West,home_improvement,2023-10-16,654,641,4178.69,3360.02,7983.29,8.63,19,0,0,14.8,0.421,-13,Stage 1
4092,term,East,auto,2022-10-02,683,671,9732.5,3881.25,,10.82,11,0,0,27.4,,-12,Stage 1
4093,term,West,auto,2023-09-21,675,658,7346.33,3923.92,,11.52,10,0,0,15.6,,-17,Stage 1
4094,revolving,North,auto,2022-12-02,693,684,21396.44,5848.62,17089.54,10.55,9,0,0,25.4,0.342,-9,Stage 1
4095,term,West,personal,2024-07-26,736,735,22811.28,20680.39,,12.25,0,0,0,5.3,,-1,Stage 1
4096,term,East,personal,2022-12-14,715,726,14573.46,9553.7,,9.53,4,0,0,25.0,,11,Stage 1
4097,term,North,auto,2024-11-09,737,747,22319.14,21350.7,,10.47,1,0,0,1.8,,10,Stage 1
4098,term,South,debt_consolidation,2022-09-29,629,620,15592.82,3957.32,,10.49,27,0,0,27.5,,-9,Stage 1
4099,term,North,debt_consolidation,2023-03-15,649,628,8271.49,3260.54,,7.77,25,1,0,21.9,,-21,Stage 2
4100,term,East,personal,2021-11-07,719,699,13520.12,5643.91,,8.6,4,0,0,38.4,,-20,Stage 1
4101,term,East,auto,2023-05-28,720,715,34878.21,21033.84,,10.53,1,0,0,19.5,,-5,Stage 1
4102,term,West,debt_consolidation,2023-05-07,639,601,25117.77,18552.46,,6.07,21,0,1,20.2,,-38,Stage 2
4103,term,South,debt_consolidation,2021-10-01,716,705,12950.39,7799.04,,6.83,1,0,0,39.6,,-11,Stage 1
4104,term,East,personal,2022-06-15,623,605,2578.08,1572.36,,8.22,34,0,0,31.0,,-18,Stage 2
4105,term,East,personal,2021-01-17,708,687,42625.24,4262.52,,9.16,3,0,0,48.2,,-21,Stage 1
4106,term,South,debt_consolidation,2022-12-19,678,666,11332.91,5733.62,,8.94,5,0,0,24.8,,-12,Stage 1
4107,revolving,South,auto,2023-11-20,596,578,27454.95,21800.26,48943.2,8.95,26,0,0,13.6,0.445,-18,Stage 1
4108,term,West,debt_consolidation,2022-04-15,653,634,12595.37,1259.54,,9.4,14,0,0,33.1,,-19,Stage 1
4109,revolving,North,debt_consolidation,2023-03-22,810,813,30299.04,19439.58,42851.17,8.3,8,0,0,21.7,0.454,3,Stage 1
4110,term,South,auto,2024-08-20,692,686,15891.24,14424.56,,6.95,7,0,0,4.5,,-6,Stage 1
4111,term,East,personal,2022-07-09,818,839,2841.49,961.05,,9.11,9,0,0,30.2,,21,Stage 1
4112,term,South,auto,2021-04-03,593,569,10406.5,3849.4,,10.92,35,0,0,45.6,,-24,Stage 2
4113,term,East,auto,2023-06-01,725,723,16054.11,11758.25,,11.58,1,1,0,19.3,,-2,Stage 2
4114,term,West,auto,2022-08-01,527,489,14678.85,2083.89,,3.03,72,1,0,29.5,,-38,Stage 2
4115,term,North,auto,2022-09-23,679,671,25092.64,11270.75,,6.03,8,0,0,27.7,,-8,Stage 1
4116,term,West,personal,2023-04-01,717,714,15899.61,10429.61,,11.83,2,0,0,21.4,,-3,Stage 1
4117,revolving,South,debt_consolidation,2022-08-07,730,727,13175.46,8156.14,18307.65,8.16,2,0,0,29.3,0.446,-3,Stage 1
4118,term,East,home_improvement,2023-04-26,632,628,4888.81,3804.11,,3.49,14,0,0,20.5,,-4,Stage 1
4119,term,South,personal,2024-03-31,742,733,39919.49,29328.75,,12.67,2,0,0,9.2,,-9,Stage 1
4120,revolving,South,auto,2023-04-22,647,628,10089.44,7031.67,18919.5,12.02,21,0,0,20.7,0.372,-19,Stage 1
4121,term,South,debt_consolidation,2021-11-24,670,668,7812.58,2139.32,,5.45,9,0,0,37.8,,-2,Stage 1
4122,term,South,debt_consolidation,2022-12-31,654,633,5421.05,4001.41,,5.48,18,1,0,24.4,,-21,Stage 2
4123,term,North,auto,2021-09-11,611,595,7099.15,709.91,,17.95,39,0,0,40.3,,-16,Stage 2
4124,revolving,East,personal,2022-07-25,774,790,23666.6,12665.0,25454.59,6.25,1,0,0,29.7,0.498,16,Stage 1
4125,revolving,South,auto,2022-06-28,682,676,3530.72,382.05,770.25,12.65,6,0,0,30.6,0.496,-6,Stage 1
4126,term,East,debt_consolidation,2023-05-01,745,743,9238.58,4284.48,,13.63,1,0,0,20.4,,-2,Stage 1
4127,term,North,debt_consolidation,2021-04-30,742,734,1860.8,186.08,,4.64,1,0,0,44.7,,-8,Stage 1
4128,revolving,East,personal,2023-09-02,621,610,6398.8,4933.53,9194.96,6.27,25,0,0,16.2,0.537,-11,Stage 1
4129,term,East,home_improvement,2023-04-02,752,737,7630.59,5380.49,,12.09,1,0,0,21.3,,-15,Stage 1
4130,term,North,auto,2022-05-29,710,685,6989.11,2083.38,,4.91,2,0,1,31.6,,-25,Stage 1
4131,term,South,home_improvement,2023-09-06,617,585,5405.28,4323.92,,5.79,18,0,0,16.1,,-32,Stage 2
4132,term,East,debt_consolidation,2021-04-07,706,695,32604.41,3260.44,,8.41,4,0,0,45.5,,-11,Stage 1
4133,term,West,home_improvement,2023-05-21,618,583,7645.41,5851.25,,8.62,28,0,0,19.7,,-35,Stage 2
4134,term,East,auto,2024-10-25,776,796,22900.66,21653.48,,12.27,1,0,0,2.3,,20,Stage 1
4135,term,South,auto,2024-12-11,728,712,8546.99,8433.51,,10.69,2,0,0,0.7,,-16,Stage 1
4136,term,West,debt_consolidation,2021-09-14,675,669,4204.66,420.47,,9.62,9,0,0,40.2,,-6,Stage 1
4137,revolving,South,personal,2021-05-08,755,743,20330.64,2033.06,5916.45,8.56,2,0,0,44.5,0.344,-12,Stage 1
4138,term,East,personal,2024-10-14,585,557,27036.89,26031.05,,5.85,37,0,1,2.6,,-28,Stage 2
4139,term,North,debt_consolidation,2024-03-25,635,615,4162.35,3670.9,,12.65,21,0,0,9.4,,-20,Stage 1
4140,term,South,auto,2021-02-26,664,636,18853.45,1885.34,,9.42,13,0,0,46.8,,-28,Stage 1
4141,term,South,personal,2022-08-05,814,817,10100.89,6563.64,,10.97,3,0,0,29.3,,3,Stage 1
4142,term,North,home_improvement,2022-07-10,615,606,44152.24,7656.63,,9.66,31,0,0,30.2,,-9,Stage 2
4143,term,East,debt_consolidation,2022-12-25,577,547,25454.48,8095.85,,9.34,55,0,0,24.6,,-30,Stage 2
4144,revolving,South,home_improvement,2022-10-15,593,569,35572.31,11248.79,20119.89,9.31,39,0,0,27.0,0.559,-24,Stage 2
4145,revolving,East,auto,2024-01-05,734,730,8650.1,6801.56,18033.36,9.01,2,0,0,12.1,0.377,-4,Stage 1
4146,term,East,personal,2021-06-07,644,628,37054.55,7937.35,,8.58,19,1,0,43.5,,-16,Stage 2
4147,term,East,auto,2021-03-26,670,636,21871.37,7563.26,,7.2,9,0,0,45.9,,-34,Stage 2
4148,term,North,home_improvement,2021-11-18,725,724,14379.97,1854.63,,10.59,2,0,0,38.0,,-1,Stage 1
4149,revolving,East,auto,2021-11-05,670,659,20312.51,11326.4,21836.06,12.37,5,0,0,38.4,0.519,-11,Stage 1
4150,revolving,East,auto,2021-10-11,692,679,5336.3,533.63,893.11,9.72,2,0,0,39.3,0.597,-13,Stage 1
4151,term,West,debt_consolidation,2023-12-02,712,715,14489.57,11820.72,,13.81,3,0,0,13.2,,3,Stage 1
4152,term,West,debt_consolidation,2023-09-30,654,647,10028.95,5696.99,,7.62,19,0,0,15.3,,-7,Stage 1
4153,revolving,West,auto,2021-05-14,670,658,27318.52,2731.85,5473.16,15.44,8,0,0,44.3,0.499,-12,Stage 1
4154,term,South,debt_consolidation,2022-09-06,694,676,1325.28,636.37,,10.33,2,0,0,28.3,,-18,Stage 1
4155,term,South,auto,2022-10-11,732,722,14193.39,8049.53,,3.0,2,0,0,27.1,,-10,Stage 1
4156,term,West,home_improvement,2024-11-28,632,610,9051.77,8898.62,,14.74,20,0,0,1.1,,-22,Stage 1
4157,term,North,debt_consolidation,2024-05-30,498,465,39398.96,32643.9,,6.15,104,0,1,7.2,,-33,Stage 3
4158,revolving,North,auto,2021-08-17,720,710,11280.94,1128.09,2938.42,9.63,2,0,0,41.1,0.384,-10,Stage 1
4159,revolving,West,debt_consolidation,2023-09-25,735,730,10378.85,5739.93,10246.41,10.53,1,0,0,15.5,0.56,-5,Stage 1
4160,term,South,auto,2024-08-22,692,667,14349.44,12496.66,,9.21,5,0,0,4.4,,-25,Stage 1
4161,term,South,debt_consolidation,2021-04-29,696,692,20717.4,2071.74,,8.66,6,0,0,44.8,,-4,Stage 1
4162,term,North,personal,2023-07-27,646,639,2376.5,1370.12,,7.08,15,0,0,17.5,,-7,Stage 1
4163,term,East,auto,2021-11-20,710,696,3858.53,1825.26,,7.46,2,0,0,37.9,,-14,Stage 1
4164,term,North,personal,2023-07-10,731,719,39542.39,27638.39,,12.57,0,0,0,18.0,,-12,Stage 1
4165,term,East,auto,2021-06-08,683,662,14854.08,3441.32,,5.95,8,0,0,43.4,,-21,Stage 1
4166,term,South,personal,2021-08-27,829,850,59037.91,5903.79,,9.16,15,0,0,40.8,,21,Stage 1
4167,term,South,auto,2022-01-31,586,567,5942.78,1956.25,,11.13,37,0,0,35.5,,-19,Stage 2
4168,term,West,debt_consolidation,2021-11-16,689,675,18960.67,6732.99,,5.84,8,1,0,38.1,,-14,Stage 2
4169,term,South,personal,2024-04-27,609,579,15034.32,12894.55,,10.4,29,0,0,8.3,,-30,Stage 2
4170,term,East,debt_consolidation,2021-11-05,732,714,32141.6,6025.06,,12.14,1,0,0,38.4,,-18,Stage 1
4171,term,North,auto,2021-09-06,585,566,3169.03,316.9,,10.06,40,0,0,40.4,,-19,Stage 2
4172,revolving,West,debt_consolidation,2022-06-22,599,571,39717.95,20920.25,50814.68,12.38,36,0,0,30.8,0.412,-28,Stage 2
4173,term,East,auto,2022-12-02,642,627,13966.63,6545.85,,8.88,23,0,0,25.4,,-15,Stage 1
4174,term,North,debt_consolidation,2022-01-29,695,696,12022.41,6287.17,,6.46,3,0,0,35.6,,1,Stage 1
4175,revolving,North,personal,2022-10-14,644,614,18692.98,3565.2,10447.51,8.54,15,0,0,27.0,0.341,-30,Stage 2
4176,revolving,North,auto,2023-10-15,644,618,11563.75,8039.08,20997.71,4.91,24,0,0,14.8,0.383,-26,Stage 1
4177,term,South,debt_consolidation,2022-02-10,669,658,14322.01,7004.08,,16.13,7,0,0,35.2,,-11,Stage 1
4178,revolving,North,auto,2023-09-27,665,646,29221.62,19014.53,33880.09,8.98,12,0,0,15.4,0.561,-19,Stage 1
4179,term,South,auto,2024-04-19,769,764,5301.55,4598.1,,3.35,3,0,0,8.6,,-5,Stage 1
4180,term,North,auto,2021-01-21,721,720,18238.55,1823.85,,7.04,5,1,0,48.0,,-1,Stage 2
4181,term,North,home_improvement,2021-06-04,660,650,18690.01,6805.68,,8.4,12,0,0,43.6,,-10,Stage 1
4182,term,South,auto,2023-05-17,805,803,41188.57,30876.62,,5.16,6,0,0,19.8,,-2,Stage 1
4183,term,South,debt_consolidation,2022-07-13,709,693,9766.32,5348.52,,5.13,5,0,0,30.1,,-16,Stage 1
4184,term,East,home_improvement,2021-07-13,621,598,1000.0,100.0,,7.97,28,0,0,42.3,,-23,Stage 1
4185,term,North,debt_consolidation,2024-06-01,695,693,8615.47,7440.09,,10.62,6,1,0,7.1,,-2,Stage 2
4186,term,South,home_improvement,2022-02-03,712,685,6793.45,771.39,,11.85,2,0,1,35.4,,-27,Stage 1
4187,term,East,auto,2021-10-07,638,616,36342.14,14760.3,,12.35,18,0,0,39.4,,-22,Stage 1
4188,term,East,personal,2023-09-07,616,599,1000.0,627.8,,7.23,27,0,0,16.1,,-17,Stage 1
4189,term,South,personal,2023-10-31,685,665,26298.09,19740.45,,3.0,5,0,0,14.3,,-20,Stage 1
4190,revolving,North,auto,2024-10-31,658,627,16748.68,16076.9,31333.2,14.34,18,0,0,2.1,0.513,-31,Stage 2
4191,revolving,East,home_improvement,2022-04-17,768,754,4017.82,401.78,912.49,8.35,4,0,0,33.0,0.44,-14,Stage 1
4192,revolving,North,debt_consolidation,2021-06-01,724,719,17502.22,1750.22,4933.14,7.69,0,0,0,43.7,0.355,-5,Stage 1
4193,term,North,personal,2024-02-22,641,620,1995.14,1681.97,,12.72,14,0,0,10.5,,-21,Stage 1
4194,revolving,East,auto,2023-03-13,705,675,21443.76,10079.77,20432.69,8.06,3,0,0,22.0,0.493,-30,Stage 2
4195,term,South,auto,2022-07-07,756,746,11762.4,7328.06,,10.47,2,0,0,30.3,,-10,Stage 1
4196,term,North,home_improvement,2024-12-18,596,583,1156.6,1121.96,,9.74,36,0,1,0.5,,-13,Stage 2
4197,term,West,personal,2022-12-31,618,594,3683.4,1186.15,,5.29,36,0,0,24.4,,-24,Stage 2
4198,term,South,auto,2022-05-28,679,670,21947.61,3237.91,,5.74,11,0,0,31.6,,-9,Stage 1
4199,term,East,personal,2023-10-10,682,667,42478.22,27983.19,,8.33,4,0,0,15.0,,-15,Stage 1
4200,term,West,debt_consolidation,2021-06-20,676,669,43310.62,17245.2,,8.95,10,1,0,43.0,,-7,Stage 2
4201,revolving,North,auto,2023-04-30,661,650,27084.88,16067.73,40159.49,7.13,7,0,0,20.4,0.4,-11,Stage 1
4202,term,South,auto,2023-03-05,660,643,2768.41,1587.86,,7.11,16,0,0,22.3,,-17,Stage 1
4203,term,West,debt_consolidation,2021-05-05,703,682,30169.39,5597.83,,8.78,4,0,0,44.6,,-21,Stage 1
4204,revolving,South,auto,2021-06-24,748,747,46980.61,4698.06,7671.75,6.89,1,0,0,42.9,0.612,-1,Stage 1
4205,term,North,home_improvement,2022-05-19,651,618,36091.08,7541.3,,11.68,14,0,0,31.9,,-33,Stage 2
4206,term,South,debt_consolidation,2024-11-09,826,836,16831.14,16372.38,,9.91,8,0,0,1.8,,10,Stage 1
4207,term,West,home_improvement,2022-12-12,797,807,4686.02,1959.54,,7.42,2,0,0,25.0,,10,Stage 1
4208,term,South,debt_consolidation,2021-04-16,759,750,29145.04,6369.21,,10.77,2,0,0,45.2,,-9,Stage 1
4209,term,East,debt_consolidation,2022-06-12,717,696,12561.87,8515.69,,12.99,2,0,0,31.1,,-21,Stage 1
4210,term,East,home_improvement,2021-02-07,800,811,12458.46,4678.46,,9.53,5,0,0,47.5,,11,Stage 1
4211,term,West,debt_consolidation,2022-01-30,662,645,13106.98,2394.75,,4.66,10,0,0,35.6,,-17,Stage 1
4212,term,South,personal,2023-07-10,630,607,13266.43,6982.81,,13.72,20,0,0,18.0,,-23,Stage 1
4213,term,West,home_improvement,2022-04-22,648,631,4313.47,2721.68,,14.01,13,0,0,32.8,,-17,Stage 1
4214,term,South,debt_consolidation,2022-12-23,619,591,9668.84,6536.65,,12.72,32,1,0,24.7,,-28,Stage 2
4215,term,North,home_improvement,2021-11-11,687,658,39639.71,10537.7,,10.89,14,0,0,38.2,,-29,Stage 1
4216,revolving,East,debt_consolidation,2024-08-01,697,679,12919.11,12118.98,25955.59,10.52,4,0,0,5.1,0.467,-18,Stage 1
4217,term,North,debt_consolidation,2024-07-11,692,679,9159.47,7937.5,,9.43,5,0,0,5.8,,-13,Stage 1
4218,term,South,personal,2024-12-23,679,664,5898.95,5835.97,,9.29,11,0,1,0.3,,-15,Stage 1
4219,term,North,personal,2021-12-31,687,656,5635.55,3133.23,,5.51,7,0,0,36.6,,-31,Stage 2
4220,term,West,personal,2021-06-30,784,780,22028.2,2202.82,,5.58,5,0,0,42.7,,-4,Stage 1
4221,term,West,debt_consolidation,2023-01-04,717,724,16456.22,5856.46,,6.36,3,0,0,24.3,,7,Stage 1
4222,term,South,personal,2023-05-26,735,728,15178.44,10692.14,,3.0,2,0,0,19.5,,-7,Stage 1
4223,revolving,East,home_improvement,2023-09-21,691,686,21472.32,15051.82,38708.37,5.26,7,0,0,15.6,0.389,-5,Stage 1
4224,revolving,West,debt_consolidation,2022-10-23,583,561,26376.47,11176.28,23936.91,8.98,45,0,0,26.7,0.467,-22,Stage 2
4225,term,East,home_improvement,2021-09-01,571,535,13593.95,7829.42,,3.0,46,0,1,40.6,,-36,Stage 2
4226,revolving,South,personal,2021-11-09,804,800,23837.75,2383.77,5465.48,6.14,6,0,0,38.3,0.436,-4,Stage 1
4227,term,East,debt_consolidation,2021-03-17,648,633,7669.55,3703.03,,8.31,11,0,0,46.2,,-15,Stage 1
4228,term,South,home_improvement,2021-09-19,642,617,29117.38,13252.82,,6.7,24,0,0,40.0,,-25,Stage 1
4229,term,North,auto,2021-08-19,694,693,11328.96,1132.9,,8.0,10,0,0,41.0,,-1,Stage 1
4230,term,South,home_improvement,2022-12-04,713,700,43026.54,14047.26,,9.86,1,0,0,25.3,,-13,Stage 1
4231,revolving,North,debt_consolidation,2024-11-04,720,719,12623.19,12032.13,33115.9,11.88,3,0,0,1.9,0.363,-1,Stage 1
4232,term,South,auto,2022-10-08,786,789,4826.03,1107.93,,6.79,3,0,0,27.2,,3,Stage 1
4233,term,West,personal,2024-08-25,770,772,16631.46,14504.53,,8.09,0,0,0,4.3,,2,Stage 1
4234,revolving,West,personal,2024-11-12,631,604,12004.15,11479.12,23337.84,3.0,14,0,1,1.7,0.492,-27,Stage 1
4235,term,East,home_improvement,2023-01-27,738,742,3672.36,1743.6,,10.78,1,0,0,23.5,,4,Stage 1
4236,term,South,personal,2024-09-10,656,661,44423.33,42569.85,,6.41,11,0,0,3.8,,5,Stage 1
4237,term,South,home_improvement,2023-04-22,671,646,11512.32,4849.9,,10.03,11,0,0,20.7,,-25,Stage 1
4238,revolving,South,home_improvement,2023-05-29,614,600,3633.19,2521.29,6047.33,8.05,39,0,1,19.4,0.417,-14,Stage 2
4239,revolving,East,home_improvement,2024-09-28,578,550,11807.23,11140.99,31922.91,15.7,49,1,0,3.2,0.349,-28,Stage 2
4240,term,West,home_improvement,2022-05-31,678,655,7828.72,2788.9,,14.49,11,0,0,31.5,,-23,Stage 1
4241,term,South,debt_consolidation,2022-03-18,622,589,8919.99,892.0,,10.89,26,0,0,34.0,,-33,Stage 2
4242,term,East,debt_consolidation,2022-08-06,735,719,17883.65,4223.4,,10.28,3,0,0,29.3,,-16,Stage 1
4243,revolving,South,auto,2021-09-19,663,639,6791.07,1339.23,3650.01,9.76,12,0,0,40.0,0.367,-24,Stage 1
4244,term,North,auto,2023-01-19,698,674,26208.11,9033.19,,7.62,7,1,0,23.8,,-24,Stage 2
4245,term,South,personal,2023-03-30,762,769,7608.53,3198.67,,6.68,2,0,0,21.4,,7,Stage 1
4246,revolving,North,debt_consolidation,2023-09-29,590,563,5659.96,4193.89,7421.65,6.18,42,0,0,15.3,0.565,-27,Stage 2
4247,term,East,auto,2023-05-17,636,619,14380.57,9922.55,,7.1,16,0,1,19.8,,-17,Stage 1
4248,term,East,debt_consolidation,2022-08-31,690,665,2661.83,1308.14,,10.26,5,0,0,28.5,,-25,Stage 1
4249,term,West,debt_consolidation,2023-06-29,698,698,11810.65,6302.43,,8.28,8,0,1,18.4,,0,Stage 1
4250,revolving,South,personal,2024-06-04,746,735,10556.47,8881.91,14530.41,3.0,0,0,0,7.0,0.611,-11,Stage 1
4251,term,East,personal,2022-06-07,732,737,9567.63,5854.84,,16.7,1,0,0,31.3,,5,Stage 1
4252,term,West,home_improvement,2024-04-27,685,675,4403.11,3804.36,,8.51,6,0,0,8.3,,-10,Stage 1
4253,term,South,debt_consolidation,2024-05-17,698,676,6779.32,5354.24,,15.45,9,0,0,7.6,,-22,Stage 1
4254,term,East,home_improvement,2023-11-03,699,690,26384.48,15678.09,,7.79,8,0,0,14.2,,-9,Stage 1
4255,term,North,home_improvement,2021-06-11,591,564,5668.53,2548.29,,8.26,51,0,0,43.3,,-27,Stage 2
4256,term,East,home_improvement,2024-12-29,670,644,29938.41,29055.59,,11.78,18,0,0,0.1,,-26,Stage 1
4257,revolving,North,debt_consolidation,2021-01-05,694,670,22656.72,2265.67,4463.83,8.1,2,0,0,48.6,0.508,-24,Stage 1
4258,term,West,debt_consolidation,2021-07-21,707,704,10722.56,1072.26,,10.21,3,1,0,42.0,,-3,Stage 2
4259,term,West,home_improvement,2022-02-20,624,614,30514.93,3051.49,,8.01,25,0,0,34.9,,-10,Stage 1
4260,term,South,debt_consolidation,2023-11-02,603,567,18486.05,15098.13,,7.57,39,0,0,14.2,,-36,Stage 2
4261,term,South,home_improvement,2023-08-06,665,649,11070.86,6819.43,,13.61,8,0,0,17.1,,-16,Stage 1
4262,revolving,South,auto,2024-11-21,798,784,6249.48,6140.42,17319.94,5.38,7,0,0,1.4,0.355,-14,Stage 1
4263,term,West,debt_consolidation,2024-09-26,630,617,12426.73,11673.45,,7.47,28,0,0,3.2,,-13,Stage 1
4264,term,North,personal,2023-01-22,750,745,37439.17,22262.66,,14.48,1,0,0,23.7,,-5,Stage 1
4265,term,South,personal,2023-08-08,775,760,12260.96,6625.89,,8.01,5,0,0,17.1,,-15,Stage 1
4266,term,South,home_improvement,2022-01-08,682,663,43970.44,23272.92,,4.59,3,0,0,36.3,,-19,Stage 1
4267,term,West,auto,2024-11-02,639,613,8815.13,8338.63,,10.84,24,1,0,2.0,,-26,Stage 2
4268,term,North,debt_consolidation,2024-06-02,710,691,24823.72,21805.75,,8.89,2,0,0,7.1,,-19,Stage 1
4269,revolving,East,home_improvement,2024-04-20,691,687,37045.55,33499.18,75403.11,10.35,5,0,0,8.5,0.444,-4,Stage 1
4270,revolving,South,auto,2024-08-13,628,598,10025.03,8927.78,19706.13,9.2,31,0,0,4.7,0.453,-30,Stage 2
4271,term,East,auto,2024-08-23,640,637,6315.45,5490.64,,5.68,24,0,0,4.4,,-3,Stage 1
4272,revolving,East,debt_consolidation,2022-03-07,707,704,1000.0,100.0,246.82,9.72,5,0,0,34.4,0.405,-3,Stage 1
4273,term,South,personal,2022-11-21,736,725,11118.22,2969.1,,12.8,1,0,0,25.7,,-11,Stage 1
4274,term,West,personal,2021-04-28,660,665,21233.15,4837.49,,7.5,12,0,0,44.8,,5,Stage 1
4275,term,South,auto,2024-10-07,675,656,6111.15,5864.27,,6.34,7,0,0,2.9,,-19,Stage 1
4276,term,North,personal,2022-08-11,720,697,8263.17,1688.57,,8.48,2,0,0,29.1,,-23,Stage 1
4277,term,North,auto,2023-12-06,669,663,16483.37,14194.92,,8.37,6,0,0,13.1,,-6,Stage 1
4278,term,South,auto,2021-08-15,662,636,23801.65,2380.16,,8.04,14,0,0,41.2,,-26,Stage 1
4279,term,East,auto,2024-10-11,634,626,16262.52,15486.85,,12.71,22,0,0,2.7,,-8,Stage 1
4280,term,North,personal,2024-08-10,633,598,5770.12,5105.75,,9.73,14,0,0,4.8,,-35,Stage 2
4281,term,North,home_improvement,2024-06-17,840,838,8269.71,7305.15,,13.97,10,0,0,6.6,,-2,Stage 1
4282,revolving,South,personal,2021-12-14,668,646,6236.45,1037.82,2791.02,9.68,8,0,0,37.1,0.372,-22,Stage 1
4283,term,South,home_improvement,2021-05-21,761,763,15277.6,4062.33,,10.08,1,0,0,44.0,,2,Stage 1
4284,term,West,personal,2021-07-23,781,775,7511.62,2364.27,,15.54,2,0,0,41.9,,-6,Stage 1
4285,term,South,debt_consolidation,2023-10-01,668,646,6514.74,4805.75,,10.03,12,0,0,15.3,,-22,Stage 1
4286,term,South,debt_consolidation,2023-05-11,702,697,6241.54,3018.82,,8.23,7,0,0,20.0,,-5,Stage 1
4287,revolving,North,personal,2023-04-25,686,684,41109.1,29186.89,80808.53,6.18,2,0,0,20.6,0.361,-2,Stage 1
4288,term,North,debt_consolidation,2023-09-22,583,552,15973.6,11312.18,,6.44,33,0,0,15.6,,-31,Stage 2
4289,term,North,debt_consolidation,2024-07-16,586,549,31846.63,28962.11,,7.75,46,0,0,5.6,,-37,Stage 2
4290,revolving,East,debt_consolidation,2021-11-09,682,682,30019.35,16618.35,39440.32,8.25,8,1,0,38.3,0.421,0,Stage 2
4291,term,North,debt_consolidation,2024-12-12,654,634,30805.38,30049.38,,3.0,10,0,0,0.7,,-20,Stage 1
4292,term,North,home_improvement,2021-05-17,793,797,26781.71,2678.17,,8.95,5,0,0,44.2,,4,Stage 1
4293,term,South,auto,2021-12-17,665,643,44481.71,19916.46,,3.0,14,0,0,37.0,,-22,Stage 1
4294,revolving,West,home_improvement,2024-03-30,797,794,15592.36,13073.32,19725.22,12.83,4,0,0,9.2,0.663,-3,Stage 1
4295,term,North,auto,2021-06-22,651,628,15887.05,1588.7,,3.34,16,0,0,43.0,,-23,Stage 1
4296,term,West,auto,2024-02-28,794,803,16351.78,11698.38,,9.55,3,0,0,10.3,,9,Stage 1
4297,term,North,personal,2021-03-20,710,711,2820.98,282.1,,9.44,5,0,0,46.1,,1,Stage 1
4298,term,North,personal,2023-09-06,713,697,8189.59,5632.4,,13.03,2,0,0,16.1,,-16,Stage 1
4299,term,West,personal,2022-07-23,649,626,27580.95,16830.58,,9.41,19,0,0,29.8,,-23,Stage 1
4300,term,South,personal,2023-05-13,714,716,11259.3,6329.69,,8.7,4,0,0,20.0,,2,Stage 1
4301,term,North,personal,2021-02-26,781,799,27228.3,4678.41,,9.95,1,0,0,46.8,,18,Stage 1
4302,revolving,West,home_improvement,2024-11-24,671,661,12270.44,12015.73,20778.24,7.42,6,0,0,1.3,0.578,-10,Stage 1
4303,revolving,North,home_improvement,2021-12-29,659,645,37142.68,3714.27,6822.99,7.46,18,0,0,36.6,0.544,-14,Stage 1
4304,term,East,debt_consolidation,2024-09-20,665,667,32650.37,30595.85,,9.64,10,0,0,3.4,,2,Stage 1
4305,revolving,East,home_improvement,2021-05-14,777,778,5959.73,636.37,1695.86,8.12,3,0,0,44.3,0.375,1,Stage 1
4306,term,East,home_improvement,2021-01-14,731,725,3110.19,359.56,,10.92,1,0,0,48.3,,-6,Stage 1
4307,term,East,personal,2021-10-10,766,758,4085.98,408.6,,6.36,1,0,0,39.3,,-8,Stage 1
4308,term,South,debt_consolidation,2023-03-17,698,693,3000.62,2062.2,,11.86,8,0,0,21.9,,-5,Stage 1
4309,revolving,East,home_improvement,2024-12-15,682,661,18421.84,17994.98,39149.13,10.41,4,0,0,0.6,0.46,-21,Stage 1
4310,revolving,West,home_improvement,2021-05-07,705,689,17312.67,1731.27,4179.5,9.08,5,0,0,44.5,0.414,-16,Stage 1
4311,term,North,debt_consolidation,2021-08-06,744,735,17497.6,1749.76,,4.38,2,0,0,41.5,,-9,Stage 1
4312,revolving,West,auto,2023-01-15,665,654,15421.44,7890.66,14823.11,11.51,9,0,0,23.9,0.532,-11,Stage 1
4313,term,East,personal,2022-11-11,762,755,20017.47,10975.92,,14.89,1,0,0,26.1,,-7,Stage 1
4314,revolving,South,home_improvement,2023-09-24,701,698,5659.13,4580.56,12751.7,7.61,4,1,0,15.5,0.359,-3,Stage 2
4315,revolving,East,home_improvement,2021-09-17,535,491,40454.63,7549.31,21837.2,11.58,74,0,1,40.1,0.346,-44,Stage 2
4316,term,East,debt_consolidation,2024-05-26,733,722,20975.63,18478.12,,8.66,0,0,0,7.3,,-11,Stage 1
4317,revolving,South,home_improvement,2021-04-09,603,579,4978.61,497.86,1168.08,5.71,43,0,0,45.4,0.426,-24,Stage 2
4318,term,South,personal,2021-07-01,731,725,7350.17,2654.86,,6.7,2,0,0,42.7,,-6,Stage 1
4319,term,South,home_improvement,2021-06-18,734,734,18496.88,1849.69,,8.68,1,0,0,43.1,,0,Stage 1
4320,term,South,auto,2021-08-21,699,678,34783.49,7285.72,,10.36,2,1,0,41.0,,-21,Stage 2
4321,term,South,personal,2023-08-14,712,702,7283.17,6023.04,,4.62,4,0,0,16.9,,-10,Stage 1
4322,revolving,South,auto,2024-01-22,745,729,5811.56,4785.56,7673.34,6.88,1,0,0,11.5,0.624,-16,Stage 1
4323,term,North,debt_consolidation,2022-04-17,650,638,25751.61,2575.16,,9.1,13,0,0,33.0,,-12,Stage 1
4324,term,East,personal,2024-01-14,727,714,26747.22,21655.57,,5.22,3,0,0,11.8,,-13,Stage 1
4325,revolving,East,home_improvement,2022-11-10,749,752,11489.82,4969.47,9842.89,10.18,1,1,0,26.1,0.505,3,Stage 2
4326,revolving,South,personal,2022-01-16,785,784,6139.64,1358.93,2921.42,14.17,3,0,0,36.0,0.465,-1,Stage 1
4327,term,West,personal,2024-12-01,613,590,8814.06,8602.81,,8.7,35,0,0,1.0,,-23,Stage 2
4328,revolving,South,personal,2024-06-09,704,719,44647.91,35753.78,85327.83,11.21,4,0,0,6.9,0.419,15,Stage 1
4329,term,North,auto,2021-09-08,622,610,25240.46,2524.05,,5.17,30,0,0,40.4,,-12,Stage 2
4330,revolving,West,debt_consolidation,2024-01-14,619,603,20463.78,15353.79,29114.26,7.11,20,1,0,11.8,0.527,-16,Stage 2
4331,term,North,personal,2021-11-15,701,689,11649.61,1164.96,,11.98,2,0,0,38.1,,-12,Stage 1
4332,term,West,home_improvement,2021-07-12,684,666,28705.38,2870.54,,4.91,5,0,0,42.3,,-18,Stage 1
4333,term,West,personal,2023-07-26,748,738,7165.54,5273.93,,6.87,4,0,0,17.5,,-10,Stage 1
4334,term,South,personal,2022-08-24,659,655,10091.18,5829.03,,12.43,17,0,0,28.7,,-4,Stage 1
4335,term,North,debt_consolidation,2022-08-30,671,649,9140.74,2107.54,,7.17,12,0,0,28.5,,-22,Stage 1
4336,term,West,home_improvement,2024-08-16,692,685,8932.38,8420.12,,3.0,9,0,0,4.6,,-7,Stage 1
4337,term,North,home_improvement,2024-10-13,628,601,3866.25,3725.55,,7.31,24,1,0,2.7,,-27,Stage 2
4338,revolving,South,auto,2023-02-04,636,607,2122.57,937.74,2173.73,14.23,24,0,1,23.2,0.431,-29,Stage 1
4339,term,South,home_improvement,2023-06-04,746,736,11741.72,8654.47,,13.32,2,0,0,19.2,,-10,Stage 1
4340,term,South,home_improvement,2023-09-18,647,635,34858.1,19999.22,,8.76,20,0,0,15.7,,-12,Stage 1
4341,term,South,home_improvement,2022-05-21,750,755,27816.43,15439.34,,8.3,0,0,0,31.9,,5,Stage 1
4342,term,East,personal,2021-03-06,716,708,17457.49,4903.2,,16.08,3,0,0,46.6,,-8,Stage 1
4343,revolving,West,auto,2021-08-10,587,559,13085.51,2009.6,5640.68,6.19,39,0,0,41.3,0.356,-28,Stage 2
4344,revolving,East,home_improvement,2022-04-11,711,706,46467.56,12341.52,30695.34,7.07,3,0,0,33.2,0.402,-5,Stage 1
4345,term,South,home_improvement,2021-03-13,711,699,19204.13,1920.41,,12.18,5,0,0,46.3,,-12,Stage 1
4346,term,West,home_improvement,2023-06-07,705,690,8495.75,5348.04,,6.4,6,0,0,19.1,,-15,Stage 1
4347,revolving,West,personal,2022-04-19,671,646,13505.65,8415.99,18957.77,10.1,9,0,0,32.9,0.444,-25,Stage 1
4348,term,North,personal,2022-10-17,623,612,32579.25,13500.53,,5.29,32,0,1,26.9,,-11,Stage 2
4349,revolving,South,auto,2021-01-19,760,751,2069.65,206.96,463.42,13.47,4,0,0,48.1,0.447,-9,Stage 1
4350,term,East,debt_consolidation,2022-06-06,673,648,29575.31,11637.29,,7.7,13,0,0,31.3,,-25,Stage 1
4351,revolving,North,auto,2023-02-23,626,602,13168.29,8485.62,19688.23,7.05,26,0,1,22.6,0.431,-24,Stage 1
4352,term,West,personal,2022-02-19,707,705,11434.77,6359.26,,6.47,5,0,0,34.9,,-2,Stage 1
4353,term,East,home_improvement,2021-12-30,635,622,7159.87,2823.96,,5.55,19,0,1,36.6,,-13,Stage 1
4354,revolving,South,home_improvement,2022-06-12,623,599,17099.11,1959.28,2998.8,7.95,24,1,0,31.1,0.653,-24,Stage 2
4355,term,East,auto,2024-01-09,657,635,18111.36,14356.52,,3.0,11,0,0,11.9,,-22,Stage 1
4356,term,East,home_improvement,2023-03-07,640,642,13926.51,6288.6,,5.73,19,0,0,22.2,,2,Stage 1
4357,term,East,personal,2024-04-28,625,596,7696.92,6683.63,,9.05,29,0,0,8.3,,-29,Stage 1
4358,term,North,auto,2024-03-17,728,720,20567.45,18095.49,,9.26,2,0,0,9.7,,-8,Stage 1
4359,term,West,debt_consolidation,2022-03-19,673,651,35749.37,3574.94,,8.79,8,0,0,34.0,,-22,Stage 1
4360,term,East,personal,2021-09-22,755,759,34467.82,14966.56,,6.72,0,0,0,39.9,,4,Stage 1
4361,term,West,personal,2022-10-12,628,616,8404.11,5762.41,,13.54,29,0,0,27.1,,-12,Stage 1
4362,term,North,home_improvement,2022-05-24,576,537,7915.96,3470.99,,11.61,41,0,0,31.8,,-39,Stage 2
4363,revolving,South,personal,2024-08-17,688,677,14820.49,12990.35,23464.33,8.69,10,0,0,4.6,0.554,-11,Stage 1
4364,term,South,personal,2022-04-11,791,768,4548.64,2748.41,,8.65,3,0,0,33.2,,-23,Stage 1
4365,term,East,debt_consolidation,2021-12-31,711,702,18973.82,9798.77,,7.58,3,0,0,36.6,,-9,Stage 1
4366,term,North,home_improvement,2024-11-23,850,831,8292.18,8029.75,,7.07,12,0,0,1.3,,-19,Stage 1
4367,term,South,personal,2022-05-08,699,690,7223.11,3268.2,,8.53,5,0,0,32.3,,-9,Stage 1
4368,term,North,home_improvement,2022-06-26,694,678,28242.18,9764.91,,11.84,7,1,0,30.7,,-16,Stage 2
4369,term,North,personal,2024-04-06,550,504,5032.34,4242.84,,7.66,64,0,1,9.0,,-46,Stage 2
4370,term,East,debt_consolidation,2024-01-20,705,699,21130.41,13921.3,,12.84,4,0,0,11.6,,-6,Stage 1
4371,term,East,home_improvement,2022-12-24,690,677,2026.23,667.8,,7.05,3,0,0,24.6,,-13,Stage 1
4372,term,North,home_improvement,2023-04-22,655,628,38956.44,18467.2,,13.47,20,0,1,20.7,,-27,Stage 1
4373,term,North,debt_consolidation,2021-10-27,671,662,13665.19,1366.52,,8.11,10,0,0,38.7,,-9,Stage 1
4374,term,East,auto,2021-06-23,675,659,3468.62,481.99,,11.04,8,0,0,42.9,,-16,Stage 1
4375,term,North,personal,2022-10-08,669,657,13200.98,6692.57,,15.83,13,0,0,27.2,,-12,Stage 1
4376,term,East,personal,2024-10-28,805,804,42811.23,41872.54,,16.25,6,0,0,2.2,,-1,Stage 1
4377,term,West,auto,2021-01-24,657,638,4520.65,452.06,,4.97,9,0,0,47.9,,-19,Stage 1
4378,revolving,North,home_improvement,2024-05-09,690,692,21298.18,17717.49,36572.81,12.1,10,1,0,7.9,0.484,2,Stage 2
4379,term,East,home_improvement,2023-01-01,655,631,16224.54,11496.49,,6.17,19,0,1,24.4,,-24,Stage 1
4380,term,North,debt_consolidation,2021-01-07,727,721,8166.17,816.62,,10.13,2,0,0,48.5,,-6,Stage 1
4381,term,East,debt_consolidation,2023-10-27,690,680,13847.38,9742.83,,10.47,5,0,0,14.4,,-10,Stage 1
4382,term,North,debt_consolidation,2024-03-30,663,634,13826.97,11689.35,,11.58,9,0,0,9.2,,-29,Stage 1
4383,term,South,auto,2023-05-28,564,537,1697.43,1215.61,,5.16,60,0,0,19.5,,-27,Stage 2
4384,term,South,auto,2024-06-25,694,665,6388.09,5466.97,,5.46,10,0,0,6.3,,-29,Stage 1
4385,revolving,North,home_improvement,2021-06-15,661,664,9260.19,3704.82,5669.34,6.52,12,0,0,43.2,0.653,3,Stage 1
4386,term,South,debt_consolidation,2022-03-04,676,675,34125.68,10388.21,,10.75,11,0,0,34.5,,-1,Stage 1
4387,revolving,North,home_improvement,2021-05-25,609,565,52245.14,5224.51,11462.4,9.74,35,0,1,43.9,0.456,-44,Stage 2
4388,term,North,auto,2023-07-22,765,773,3464.03,1885.7,,10.23,1,0,0,17.6,,8,Stage 1
4389,term,West,personal,2022-05-24,731,724,23451.32,9720.49,,5.47,0,0,0,31.8,,-7,Stage 1
4390,term,West,home_improvement,2023-06-26,765,747,3112.75,2074.04,,9.5,2,0,0,18.5,,-18,Stage 1
4391,term,South,auto,2024-05-28,748,724,45136.36,38381.24,,7.02,1,0,0,7.3,,-24,Stage 1
4392,term,West,debt_consolidation,2022-10-07,715,704,17707.76,9660.69,,7.15,1,0,0,27.2,,-11,Stage 1
4393,term,West,personal,2021-03-17,611,604,11316.73,1131.67,,8.62,32,0,0,46.2,,-7,Stage 2
4394,term,North,personal,2023-04-04,790,813,9195.05,4658.72,,4.45,2,0,0,21.3,,23,Stage 1
4395,revolving,East,personal,2024-09-04,624,605,12972.09,12081.28,32802.41,10.59,16,0,1,4.0,0.368,-19,Stage 1
4396,revolving,North,debt_consolidation,2023-11-28,663,636,7145.33,5859.19,11751.75,4.7,14,0,0,13.3,0.499,-27,Stage 1
4397,term,West,personal,2022-07-20,722,731,10223.52,1203.21,,7.77,0,0,0,29.9,,9,Stage 1
4398,term,North,auto,2024-06-23,725,707,4571.27,3716.03,,11.23,1,0,0,6.4,,-18,Stage 1
4399,term,South,home_improvement,2024-03-09,714,700,19470.29,16636.71,,4.47,2,1,0,9.9,,-14,Stage 2
4400,term,East,personal,2024-07-05,655,644,9441.78,8562.56,,4.79,11,0,0,6.0,,-11,Stage 1
4401,term,West,personal,2022-09-09,643,636,14535.78,8095.6,,12.11,23,0,1,28.2,,-7,Stage 1
4402,term,West,auto,2022-01-16,832,826,31159.38,12210.4,,5.78,10,0,0,36.0,,-6,Stage 1
4403,term,North,debt_consolidation,2023-04-28,677,662,21249.05,14157.99,,11.9,10,0,0,20.5,,-15,Stage 1
4404,term,North,personal,2024-04-23,670,660,6150.1,5619.56,,10.32,8,0,0,8.4,,-10,Stage 1
4405,revolving,North,auto,2021-10-30,637,592,19911.16,1991.12,4176.23,4.98,22,1,0,38.6,0.477,-45,Stage 2
4406,term,North,auto,2023-01-26,694,662,15229.13,7541.99,,9.51,2,0,0,23.5,,-32,Stage 2
4407,revolving,West,debt_consolidation,2021-06-13,691,661,1605.99,799.39,1227.69,10.36,9,0,0,43.3,0.651,-30,Stage 2
4408,term,North,debt_consolidation,2024-05-11,679,667,20198.53,15539.45,,4.82,8,0,0,7.8,,-12,Stage 1
4409,term,West,home_improvement,2024-12-02,702,696,13628.93,13401.49,,9.18,4,0,0,1.0,,-6,Stage 1
4410,term,North,personal,2024-05-18,785,796,8763.44,6953.88,,11.51,1,0,0,7.6,,11,Stage 1
4411,term,East,home_improvement,2021-04-11,644,628,21793.12,2179.31,,8.75,15,0,0,45.4,,-16,Stage 1
4412,term,East,auto,2023-06-17,682,691,6942.07,5595.06,,9.45,5,0,1,18.8,,9,Stage 1
4413,term,North,personal,2023-02-22,641,627,20378.89,6890.84,,8.58,21,0,0,22.6,,-14,Stage 1
4414,term,North,auto,2022-01-03,697,698,32093.67,11677.92,,12.07,4,0,0,36.5,,1,Stage 1
4415,term,South,auto,2024-06-16,645,635,5146.87,4737.1,,8.71,28,0,0,6.6,,-10,Stage 1
4416,term,East,auto,2022-12-28,648,632,19609.1,9357.68,,6.91,18,0,1,24.5,,-16,Stage 1
4417,term,West,debt_consolidation,2024-08-07,592,582,1000.0,947.13,,8.33,33,0,0,4.9,,-10,Stage 2
4418,term,East,debt_consolidation,2022-01-07,685,678,11854.79,4940.92,,4.31,6,1,0,36.3,,-7,Stage 2
4419,term,West,personal,2023-05-12,705,688,15647.94,7291.6,,3.0,8,0,0,20.0,,-17,Stage 1
4420,term,North,auto,2024-12-25,791,793,8463.4,8244.62,,6.52,1,0,0,0.2,,2,Stage 1
4421,term,East,auto,2021-10-07,708,694,12685.15,1268.51,,13.57,5,0,0,39.4,,-14,Stage 1
4422,revolving,East,personal,2021-11-12,653,627,8623.28,5137.28,12056.65,12.06,23,1,0,38.2,0.426,-26,Stage 2
4423,term,South,home_improvement,2024-01-06,598,565,5392.02,4027.28,,4.07,38,0,0,12.0,,-33,Stage 2
4424,revolving,South,auto,2023-03-27,606,588,24036.11,17780.36,37795.58,5.85,26,0,0,21.5,0.47,-18,Stage 1
4425,term,East,debt_consolidation,2021-05-31,602,563,3232.59,323.26,,7.13,38,0,0,43.7,,-39,Stage 2
4426,term,East,home_improvement,2024-11-20,792,795,17707.09,17440.66,,8.43,2,0,0,1.4,,3,Stage 1
4427,term,East,home_improvement,2023-10-06,697,679,9703.54,5534.47,,5.91,6,0,0,15.1,,-18,Stage 1
4428,term,West,home_improvement,2024-08-13,645,615,12677.23,11721.85,,7.16,23,0,0,4.7,,-30,Stage 2
4429,term,North,home_improvement,2022-10-31,622,599,17037.92,6521.52,,12.07,24,0,0,26.4,,-23,Stage 1
4430,revolving,South,home_improvement,2022-02-11,628,608,28765.38,9690.67,29015.55,6.0,23,0,0,35.2,0.334,-20,Stage 1
4431,term,North,home_improvement,2021-10-14,643,644,8539.13,1134.02,,10.69,13,0,0,39.2,,1,Stage 1
4432,term,South,personal,2023-07-06,758,743,4622.12,3081.01,,11.29,2,0,0,18.2,,-15,Stage 1
4433,term,South,personal,2022-05-07,678,666,13324.98,2852.81,,16.2,8,0,0,32.3,,-12,Stage 1
4434,revolving,South,home_improvement,2023-10-30,593,571,13420.71,10825.46,26642.44,6.94,43,0,0,14.3,0.406,-22,Stage 2
4435,term,East,debt_consolidation,2024-03-01,818,821,37362.92,31146.29,,5.65,8,0,0,10.2,,3,Stage 1
4436,term,South,personal,2024-01-06,611,601,4845.34,3988.81,,3.84,40,0,1,12.0,,-10,Stage 2
4437,term,North,personal,2023-01-08,644,627,21174.23,12906.46,,10.98,18,0,0,24.1,,-17,Stage 1
4438,revolving,South,home_improvement,2021-05-11,758,762,16080.68,6529.15,18586.82,10.29,1,0,0,44.4,0.351,4,Stage 1
4439,revolving,North,debt_consolidation,2023-09-24,704,686,27254.82,17847.9,28888.76,8.69,5,0,0,15.5,0.618,-18,Stage 1
4440,term,South,home_improvement,2024-12-06,651,620,4661.96,4573.37,,9.97,9,0,0,0.9,,-31,Stage 2
4441,revolving,South,debt_consolidation,2024-01-19,606,579,12328.92,9758.72,23265.4,9.25,27,0,0,11.6,0.419,-27,Stage 1
4442,revolving,East,debt_consolidation,2022-05-13,621,596,30469.62,3804.26,10530.21,7.77,32,0,1,32.1,0.361,-25,Stage 2
4443,term,North,auto,2022-09-14,625,599,1336.91,513.7,,7.99,26,0,0,28.0,,-26,Stage 1
4444,term,South,personal,2023-06-08,680,668,3885.91,2336.62,,8.71,10,0,0,19.1,,-12,Stage 1
4445,term,South,home_improvement,2021-12-20,691,673,20315.49,2687.07,,16.35,3,0,0,36.9,,-18,Stage 1
4446,revolving,North,personal,2021-09-28,671,651,3438.19,376.48,728.2,11.73,12,0,0,39.7,0.517,-20,Stage 1
4447,term,South,personal,2024-11-16,677,676,13073.26,12612.03,,5.5,5,0,0,1.5,,-1,Stage 1
4448,revolving,West,debt_consolidation,2022-03-08,616,583,6043.64,1354.09,3744.81,10.19,34,0,0,34.3,0.362,-33,Stage 2
4449,term,East,personal,2023-01-09,697,698,15694.87,9772.32,,8.98,5,0,0,24.1,,1,Stage 1
4450,revolving,North,auto,2022-04-17,756,760,42731.03,8680.42,25628.49,14.42,1,0,0,33.0,0.339,4,Stage 1
4451,term,East,home_improvement,2024-08-24,670,665,7350.84,6707.23,,12.78,7,0,1,4.3,,-5,Stage 1
4452,term,West,personal,2022-05-23,669,664,6545.12,1229.43,,8.7,10,0,0,31.8,,-5,Stage 1
4453,revolving,West,home_improvement,2021-02-24,684,669,29025.92,6312.71,17679.74,8.92,9,0,0,46.9,0.357,-15,Stage 1
4454,revolving,West,personal,2021-02-06,747,734,4995.65,499.56,1177.85,5.59,0,0,0,47.5,0.424,-13,Stage 1
4455,revolving,North,home_improvement,2023-06-19,626,601,3574.24,1901.66,4840.85,10.96,25,1,0,18.7,0.393,-25,Stage 2
4456,term,West,home_improvement,2021-02-24,767,764,5815.82,1199.39,,12.44,2,0,0,46.9,,-3,Stage 1
4457,term,North,home_improvement,2022-06-08,705,682,18684.55,4563.44,,9.37,9,0,0,31.3,,-23,Stage 1
4458,term,North,personal,2023-07-04,681,670,6127.7,3315.86,,9.79,8,0,0,18.2,,-11,Stage 1
4459,term,South,auto,2022-04-08,752,743,16380.42,4943.23,,8.02,1,0,0,33.3,,-9,Stage 1
4460,term,North,home_improvement,2022-11-28,609,587,20570.84,13122.11,,11.65,37,0,1,25.5,,-22,Stage 2
4461,term,West,debt_consolidation,2022-12-17,711,698,9970.86,2847.39,,4.98,3,0,0,24.9,,-13,Stage 1
4462,term,North,debt_consolidation,2024-05-19,705,703,9468.12,8077.54,,5.64,5,0,1,7.6,,-2,Stage 1
4463,revolving,North,debt_consolidation,2024-06-03,623,606,12388.26,10002.61,28591.77,11.79,33,0,0,7.1,0.35,-17,Stage 2
4464,term,East,auto,2023-10-28,707,690,44153.07,26291.5,,4.77,3,1,0,14.4,,-17,Stage 2
4465,term,West,home_improvement,2023-01-02,696,684,8470.99,6095.16,,7.1,7,0,0,24.3,,-12,Stage 1
4466,term,North,auto,2023-09-16,669,631,12946.31,9167.51,,8.16,8,0,0,15.8,,-38,Stage 2
4467,term,South,home_improvement,2021-07-31,731,719,37058.82,8872.76,,10.41,1,0,0,41.7,,-12,Stage 1
4468,term,North,auto,2024-04-27,645,628,39165.51,32803.37,,9.46,15,0,0,8.3,,-17,Stage 1
4469,revolving,North,home_improvement,2024-01-04,696,674,7828.95,6517.42,13834.64,3.0,2,0,0,12.1,0.471,-22,Stage 1
4470,revolving,East,debt_consolidation,2023-01-24,672,664,4940.37,1591.57,4216.94,10.74,7,0,0,23.6,0.377,-8,Stage 1
4471,revolving,West,home_improvement,2024-02-12,643,610,24363.59,20941.55,59776.32,8.34,16,0,0,10.8,0.35,-33,Stage 2
4472,revolving,West,auto,2024-03-20,710,702,12059.43,10631.88,30748.03,12.2,1,0,0,9.6,0.346,-8,Stage 1
4473,term,South,home_improvement,2022-03-12,667,649,36315.97,17592.43,,6.09,7,0,0,34.2,,-18,Stage 1
4474,term,South,personal,2021-03-25,591,575,2910.9,1361.12,,13.73,40,0,0,45.9,,-16,Stage 2
4475,term,South,home_improvement,2024-05-20,571,536,4937.94,4267.02,,5.47,48,0,0,7.5,,-35,Stage 2
4476,term,North,debt_consolidation,2023-02-18,727,717,13139.12,8783.53,,7.61,2,0,0,22.8,,-10,Stage 1
4477,term,North,home_improvement,2023-04-14,606,595,14293.68,8439.53,,12.78,27,0,0,20.9,,-11,Stage 1
4478,term,South,personal,2022-04-06,696,697,6825.83,1951.04,,15.76,6,0,0,33.4,,1,Stage 1
4479,term,West,personal,2021-06-26,683,650,15013.81,1976.12,,5.48,5,0,0,42.8,,-33,Stage 2
4480,term,West,personal,2021-11-08,657,624,25603.79,2560.38,,16.48,10,0,0,38.3,,-33,Stage 2
4481,term,South,auto,2024-03-28,797,812,13705.99,10155.05,,3.0,4,0,0,9.3,,15,Stage 1
4482,term,East,personal,2021-07-05,690,688,25246.49,2524.65,,11.27,3,0,0,42.5,,-2,Stage 1
4483,term,West,auto,2024-08-25,725,724,9804.98,8938.33,,14.28,1,0,0,4.3,,-1,Stage 1
4484,term,West,personal,2021-09-03,697,683,27782.19,7793.99,,5.9,5,0,0,40.5,,-14,Stage 1
4485,term,South,auto,2023-10-14,666,649,18217.55,11780.76,,12.69,11,0,0,14.8,,-17,Stage 1
4486,revolving,West,personal,2022-01-19,678,648,5694.79,2770.07,8198.08,7.47,6,0,0,35.9,0.338,-30,Stage 2
4487,term,North,personal,2023-12-02,767,759,17954.89,14310.31,,6.75,1,0,0,13.2,,-8,Stage 1
4488,term,North,home_improvement,2021-10-12,745,748,13019.85,2279.55,,4.93,0,0,0,39.2,,3,Stage 1
4489,revolving,West,personal,2023-09-07,797,797,14942.72,9642.6,15902.19,8.76,3,0,0,16.1,0.606,0,Stage 1
4490,term,North,home_improvement,2023-09-15,693,689,12924.03,7949.6,,9.43,8,0,0,15.8,,-4,Stage 1
4491,term,East,personal,2021-10-27,627,616,7981.55,798.15,,5.42,15,0,1,38.7,,-11,Stage 1
4492,term,West,personal,2023-06-20,653,644,16330.27,12978.5,,13.27,20,0,0,18.7,,-9,Stage 1
4493,term,South,home_improvement,2024-12-30,608,588,13664.24,13353.31,,7.18,31,1,0,0.1,,-20,Stage 2
4494,revolving,North,home_improvement,2024-10-24,726,715,4247.24,4050.28,11645.57,8.88,1,0,0,2.3,0.348,-11,Stage 1
4495,revolving,East,auto,2023-05-24,644,627,19599.0,12747.26,37276.45,9.7,25,0,0,19.6,0.342,-17,Stage 1
4496,term,East,debt_consolidation,2022-05-01,496,447,2118.08,1303.55,,17.99,101,0,1,32.5,,-49,Stage 3
4497,term,North,home_improvement,2022-03-12,827,816,21354.34,3854.59,,12.85,13,0,0,34.2,,-11,Stage 1
4498,term,East,auto,2023-03-17,645,628,4907.99,2256.17,,11.45,16,1,0,21.9,,-17,Stage 2
4499,term,West,personal,2024-12-22,645,620,5105.13,5037.41,,7.68,15,0,0,0.3,,-25,Stage 1
4500,term,East,home_improvement,2021-06-30,780,772,3536.94,353.69,,10.12,1,0,0,42.7,,-8,Stage 1
4501,term,North,home_improvement,2023-06-02,607,581,52015.42,41253.05,,10.43,28,0,0,19.3,,-26,Stage 1
4502,term,East,personal,2023-05-27,748,751,31845.38,23712.57,,8.91,1,1,0,19.5,,3,Stage 2
4503,term,North,personal,2022-11-25,644,636,8146.03,5212.58,,11.87,19,0,0,25.6,,-8,Stage 1
4504,term,North,personal,2021-12-06,600,565,14499.02,1449.9,,18.39,42,0,0,37.4,,-35,Stage 2
4505,term,East,personal,2022-05-06,782,800,19017.98,6030.89,,5.67,0,0,0,32.4,,18,Stage 1
4506,term,North,debt_consolidation,2022-05-10,735,732,5389.28,1891.85,,10.24,0,0,0,32.2,,-3,Stage 1
4507,revolving,North,home_improvement,2022-12-31,735,733,1000.0,277.15,492.45,10.17,3,0,0,24.4,0.563,-2,Stage 1
4508,term,South,personal,2024-04-01,702,680,8158.55,7172.56,,8.29,9,0,0,9.2,,-22,Stage 1
4509,term,West,personal,2022-04-01,715,704,4197.07,419.71,,6.99,2,0,0,33.5,,-11,Stage 1
4510,revolving,North,debt_consolidation,2024-01-21,606,580,7780.36,6463.03,15137.86,6.84,26,0,0,11.5,0.427,-26,Stage 1
4511,term,West,home_improvement,2021-04-15,686,654,14369.3,1436.93,,15.72,4,0,0,45.2,,-32,Stage 2
4512,term,South,auto,2022-12-20,624,601,2108.75,788.5,,9.48,19,0,0,24.8,,-23,Stage 1
4513,term,South,home_improvement,2022-03-15,596,578,10993.19,7170.95,,12.04,28,0,0,34.1,,-18,Stage 1
4514,term,South,auto,2024-09-13,704,687,11695.77,10637.87,,8.16,2,1,0,3.7,,-17,Stage 2
4515,term,South,debt_consolidation,2022-10-13,749,736,17573.58,8010.23,,10.3,2,0,0,27.0,,-13,Stage 1
4516,term,West,personal,2022-05-24,656,649,13964.55,4919.91,,10.55,7,0,0,31.8,,-7,Stage 1
4517,term,East,debt_consolidation,2021-09-08,667,652,15296.2,5221.84,,8.28,9,0,0,40.4,,-15,Stage 1
4518,revolving,East,home_improvement,2023-08-23,611,586,12492.82,6671.66,12176.96,9.79,33,0,0,16.6,0.548,-25,Stage 2
4519,term,West,personal,2024-04-29,680,667,19244.94,17054.9,,12.85,7,0,0,8.2,,-13,Stage 1
4520,term,North,home_improvement,2021-02-16,725,722,17193.36,2933.9,,5.66,0,0,0,47.2,,-3,Stage 1
4521,revolving,West,auto,2023-05-29,727,727,3536.57,2791.07,7430.59,9.68,12,1,0,19.4,0.376,0,Stage 2
4522,term,North,home_improvement,2024-06-28,712,711,24663.23,21765.07,,10.72,8,1,0,6.2,,-1,Stage 2
4523,revolving,North,debt_consolidation,2023-10-15,642,626,10749.18,6242.35,16597.75,11.4,15,0,0,14.8,0.376,-16,Stage 1
4524,term,East,debt_consolidation,2023-02-14,640,633,26360.34,17385.99,,11.88,17,1,0,22.9,,-7,Stage 2
4525,revolving,South,debt_consolidation,2023-06-04,727,700,14886.75,7525.3,14111.11,11.17,1,0,0,19.2,0.533,-27,Stage 1
4526,term,East,personal,2021-03-05,728,731,26714.31,13317.84,,12.58,1,0,0,46.6,,3,Stage 1
4527,revolving,East,home_improvement,2021-11-16,669,651,22824.65,2282.46,4553.88,7.78,11,0,0,38.1,0.501,-18,Stage 1
4528,revolving,West,personal,2023-05-10,654,624,5848.35,3940.02,10629.3,13.38,10,0,0,20.1,0.371,-30,Stage 2
4529,term,West,home_improvement,2023-02-19,750,755,6805.77,5066.02,,9.37,3,0,0,22.7,,5,Stage 1
4530,term,North,auto,2024-08-08,658,641,29519.66,27126.13,,11.62,18,0,0,4.9,,-17,Stage 1
4531,term,West,home_improvement,2021-01-29,724,724,20621.86,2062.19,,5.07,1,0,0,47.8,,0,Stage 1
4532,term,North,home_improvement,2022-03-13,671,653,30693.62,3069.36,,10.99,7,0,0,34.2,,-18,Stage 1
4533,term,North,home_improvement,2023-02-02,617,597,5128.68,3148.23,,9.46,26,0,0,23.3,,-20,Stage 1
4534,term,South,home_improvement,2023-01-06,776,772,8778.23,5064.57,,8.1,3,0,0,24.2,,-4,Stage 1
4535,term,South,auto,2023-12-07,687,673,10821.05,7451.49,,12.88,4,0,0,13.0,,-14,Stage 1
4536,term,East,personal,2024-12-11,637,611,17782.46,17597.63,,9.67,18,0,0,0.7,,-26,Stage 1
4537,term,South,debt_consolidation,2022-03-27,596,558,7309.49,1375.78,,9.6,27,0,0,33.7,,-38,Stage 2
4538,term,North,home_improvement,2022-09-25,602,567,24389.84,17132.97,,4.71,39,0,0,27.6,,-35,Stage 2
4539,term,West,debt_consolidation,2024-01-03,657,641,15677.92,10180.1,,6.94,11,0,0,12.1,,-16,Stage 1
4540,term,South,debt_consolidation,2023-12-13,795,790,15680.87,9667.99,,9.55,5,0,0,12.8,,-5,Stage 1
4541,term,South,debt_consolidation,2021-08-21,644,630,16014.01,1601.4,,6.98,24,0,0,41.0,,-14,Stage 1
4542,term,South,debt_consolidation,2021-07-19,766,761,10733.27,2251.38,,13.36,1,0,0,42.1,,-5,Stage 1
4543,term,South,home_improvement,2022-11-05,672,651,16666.09,10714.67,,8.12,9,1,0,26.3,,-21,Stage 2
4544,term,North,debt_consolidation,2022-07-03,609,602,19881.42,13305.02,,6.11,33,0,0,30.4,,-7,Stage 2
4545,term,North,home_improvement,2023-07-26,651,626,9184.58,4913.48,,5.65,14,0,0,17.5,,-25,Stage 1
4546,revolving,East,auto,2021-04-07,603,580,7315.8,731.58,1466.22,8.6,32,0,1,45.5,0.499,-23,Stage 2
4547,term,West,personal,2021-02-18,628,624,11830.15,1183.01,,11.55,22,0,0,47.1,,-4,Stage 1
4548,term,East,personal,2023-06-15,626,613,11926.45,8476.49,,6.18,18,0,1,18.9,,-13,Stage 1
4549,term,East,home_improvement,2022-06-06,565,538,22436.26,9549.15,,5.86,58,1,0,31.3,,-27,Stage 2
4550,revolving,South,home_improvement,2021-02-09,770,760,9547.3,954.73,2203.84,7.27,0,0,0,47.4,0.433,-10,Stage 1
4551,revolving,West,personal,2023-07-03,692,658,23825.53,16259.5,32283.92,8.8,6,0,0,18.3,0.504,-34,Stage 2
4552,term,South,debt_consolidation,2024-03-22,638,592,27318.27,23309.16,,5.83,13,0,0,9.5,,-46,Stage 2
4553,term,North,home_improvement,2024-02-04,693,676,12446.01,9458.44,,9.36,10,0,0,11.1,,-17,Stage 1
4554,revolving,East,debt_consolidation,2022-07-07,629,625,15394.04,6316.74,17869.77,13.67,30,0,1,30.3,0.353,-4,Stage 2
4555,term,West,home_improvement,2022-11-07,519,475,23524.5,14831.2,,8.96,77,0,1,26.2,,-44,Stage 2
4556,term,North,home_improvement,2023-02-09,850,848,30139.3,10955.6,,7.78,12,0,0,23.1,,-2,Stage 1
4557,term,East,auto,2021-07-30,691,675,14205.44,1420.54,,12.35,4,0,0,41.7,,-16,Stage 1
4558,term,West,auto,2024-05-10,644,626,7657.39,6730.72,,5.54,22,0,0,7.9,,-18,Stage 1
4559,revolving,East,personal,2022-03-09,563,535,23231.15,5170.67,8765.91,10.59,65,0,0,34.3,0.59,-28,Stage 2
4560,revolving,West,auto,2022-12-08,590,575,12610.47,3393.55,6294.79,9.08,35,1,0,25.2,0.539,-15,Stage 2
4561,revolving,East,auto,2022-07-19,779,769,6810.71,4033.41,11396.82,14.08,3,0,0,29.9,0.354,-10,Stage 1
4562,term,South,personal,2021-05-27,770,780,30236.84,3023.68,,12.76,0,0,0,43.8,,10,Stage 1
4563,revolving,East,debt_consolidation,2021-10-09,725,723,16000.7,1600.07,3242.46,3.13,1,0,0,39.3,0.493,-2,Stage 1
4564,term,East,auto,2024-08-26,613,583,32325.45,29587.47,,9.63,35,0,0,4.3,,-30,Stage 2
4565,term,West,debt_consolidation,2023-01-25,770,758,21931.6,8844.24,,4.62,0,0,0,23.6,,-12,Stage 1
4566,revolving,West,personal,2023-12-11,706,681,12908.06,8885.8,23965.9,12.42,9,0,0,12.9,0.371,-25,Stage 1
4567,term,South,home_improvement,2022-05-10,719,721,25500.99,9164.72,,6.14,4,0,0,32.2,,2,Stage 1
4568,term,West,debt_consolidation,2022-02-13,706,692,23321.35,8191.09,,11.36,2,0,0,35.1,,-14,Stage 1
4569,term,East,personal,2021-09-30,589,559,6097.83,609.78,,12.45,43,0,1,39.6,,-30,Stage 2
4570,revolving,West,debt_consolidation,2022-04-03,608,586,21607.12,5785.22,13662.82,3.53,28,0,0,33.5,0.423,-22,Stage 1
4571,term,West,personal,2024-02-18,649,619,41295.34,32725.23,,13.42,12,0,0,10.6,,-30,Stage 2
4572,term,West,personal,2021-02-15,718,723,13118.63,5439.33,,12.37,4,0,0,47.2,,5,Stage 1
4573,term,South,home_improvement,2024-06-20,597,574,23230.41,19374.73,,5.84,39,0,0,6.5,,-23,Stage 2
4574,revolving,South,debt_consolidation,2021-11-07,669,656,47328.97,4732.9,7239.72,12.48,12,0,0,38.4,0.654,-13,Stage 1
4575,revolving,North,home_improvement,2022-07-16,669,652,11031.13,5524.07,10570.57,5.4,2,1,0,30.0,0.523,-17,Stage 2
4576,term,South,home_improvement,2021-11-27,727,705,16942.26,6566.02,,11.73,1,0,0,37.7,,-22,Stage 1
4577,term,South,debt_consolidation,2021-01-11,720,721,16207.98,1620.8,,8.73,3,0,0,48.4,,1,Stage 1
4578,term,South,debt_consolidation,2023-06-27,619,619,14715.69,10092.33,,4.74,22,0,0,18.5,,0,Stage 1
4579,revolving,East,personal,2024-12-18,766,754,46860.94,45665.32,97759.19,13.43,1,0,0,0.5,0.467,-12,Stage 1
4580,term,North,debt_consolidation,2023-12-08,610,577,3968.7,2464.78,,13.42,34,0,0,13.0,,-33,Stage 2
4581,revolving,East,personal,2024-11-01,745,730,13356.27,13033.95,21430.19,9.58,1,0,0,2.0,0.608,-15,Stage 1
4582,term,South,personal,2021-01-08,646,619,12363.45,4692.72,,9.07,12,0,0,48.5,,-27,Stage 1
4583,revolving,South,personal,2023-09-11,689,690,12602.6,9085.47,23545.69,7.8,3,0,0,15.9,0.386,1,Stage 1
4584,revolving,North,personal,2024-10-25,693,670,6224.59,5956.07,11273.42,10.66,10,0,0,2.3,0.528,-23,Stage 1
4585,term,North,personal,2022-07-20,691,701,27996.18,15377.16,,10.23,6,0,0,29.9,,10,Stage 1
4586,revolving,West,personal,2021-09-30,720,729,21595.99,2159.6,6473.14,13.58,3,0,0,39.6,0.334,9,Stage 1
4587,term,South,debt_consolidation,2023-07-30,703,699,8078.91,4605.15,,9.63,8,0,1,17.4,,-4,Stage 1
4588,term,South,debt_consolidation,2023-06-20,727,724,9629.95,4677.75,,13.2,2,0,0,18.7,,-3,Stage 1
4589,term,East,auto,2021-05-11,707,705,5537.9,1356.76,,3.42,8,1,1,44.4,,-2,Stage 2
4590,revolving,West,debt_consolidation,2022-12-25,604,574,10505.63,3351.35,9741.54,11.43,30,0,0,24.6,0.344,-30,Stage 2
4591,term,South,home_improvement,2022-09-26,696,672,16821.9,3669.38,,9.53,6,0,0,27.6,,-24,Stage 1
4592,term,East,auto,2021-04-24,646,628,4428.09,442.81,,10.08,16,0,0,44.9,,-18,Stage 1
4593,term,North,debt_consolidation,2022-06-16,613,576,11416.91,7843.59,,14.46,39,1,0,31.0,,-37,Stage 2
4594,term,East,home_improvement,2024-09-24,662,637,3007.75,2814.51,,12.32,14,0,0,3.3,,-25,Stage 1
4595,term,South,debt_consolidation,2023-11-11,690,684,8730.32,5792.98,,7.95,9,0,0,13.9,,-6,Stage 1
4596,term,East,personal,2021-02-02,694,685,17505.67,1750.57,,6.44,3,0,0,47.6,,-9,Stage 1
4597,revolving,East,auto,2021-05-13,743,751,10979.57,3985.42,10323.13,3.25,2,0,0,44.3,0.386,8,Stage 1
4598,term,West,personal,2023-07-09,758,751,4226.26,2543.82,,10.35,2,0,0,18.1,,-7,Stage 1
4599,term,West,auto,2023-09-02,700,706,16836.1,11589.48,,12.69,6,0,0,16.2,,6,Stage 1
4600,term,North,auto,2021-01-26,711,694,12580.86,1258.09,,12.8,2,0,0,47.9,,-17,Stage 1
4601,term,West,personal,2024-10-19,685,680,8650.72,8121.87,,7.79,6,0,0,2.5,,-5,Stage 1
4602,revolving,East,auto,2022-08-24,726,719,10646.06,4794.82,13768.55,12.75,3,0,0,28.7,0.348,-7,Stage 1
4603,revolving,West,auto,2024-01-21,709,709,10779.79,9453.39,14853.6,12.81,3,0,0,11.5,0.636,0,Stage 1
4604,term,South,debt_consolidation,2022-06-29,676,653,6870.18,2165.87,,11.9,11,0,0,30.6,,-23,Stage 1
4605,revolving,East,home_improvement,2024-06-15,809,820,29041.1,23253.03,66745.31,9.16,3,0,0,6.7,0.348,11,Stage 1
4606,revolving,East,personal,2021-01-18,647,633,31513.89,3151.39,7735.03,8.86,14,0,1,48.1,0.407,-14,Stage 1
4607,revolving,East,debt_consolidation,2024-07-21,767,755,1218.3,1121.81,2398.35,10.61,3,0,0,5.5,0.468,-12,Stage 1
4608,term,South,debt_consolidation,2023-07-23,598,595,13420.98,7762.74,,11.05,34,0,0,17.6,,-3,Stage 2
4609,revolving,East,personal,2021-10-16,728,719,35319.25,10037.55,27618.46,7.58,1,0,0,39.1,0.363,-9,Stage 1
4610,term,West,auto,2023-11-17,766,771,9952.28,7759.58,,7.91,4,0,0,13.7,,5,Stage 1
4611,term,South,personal,2023-03-28,565,541,25718.47,15597.33,,9.81,58,0,0,21.5,,-24,Stage 2
4612,term,East,home_improvement,2024-12-28,688,662,22356.05,21832.74,,7.14,8,0,0,0.1,,-26,Stage 1
4613,term,West,home_improvement,2021-04-18,722,723,6696.48,669.65,,7.47,2,0,0,45.1,,1,Stage 1
4614,term,West,personal,2023-08-31,695,670,12777.54,10416.0,,3.72,6,0,1,16.3,,-25,Stage 1
4615,term,North,debt_consolidation,2023-08-06,702,686,13854.41,7964.7,,5.97,5,1,0,17.1,,-16,Stage 2
4616,term,West,personal,2023-01-08,688,678,8927.5,3001.82,,11.23,6,0,0,24.1,,-10,Stage 1
4617,revolving,West,home_improvement,2021-11-20,614,591,19122.64,1912.26,3856.52,12.02,28,1,0,37.9,0.496,-23,Stage 2
4618,revolving,North,personal,2023-05-17,822,833,22590.98,14627.69,39892.17,8.88,9,0,1,19.8,0.367,11,Stage 1
4619,term,North,auto,2023-01-05,649,607,15195.09,5247.74,,11.37,20,0,1,24.2,,-42,Stage 2
4620,revolving,South,personal,2023-03-04,706,681,24067.61,13695.94,37272.89,3.0,1,0,0,22.3,0.367,-25,Stage 1
4621,revolving,West,debt_consolidation,2024-02-02,641,628,15525.4,11635.77,33169.57,10.28,20,1,0,11.1,0.351,-13,Stage 2
4622,revolving,South,auto,2024-09-17,543,508,13715.2,13052.8,28083.01,4.62,74,0,1,3.5,0.465,-35,Stage 2
4623,term,South,home_improvement,2024-10-17,624,606,2490.87,2425.77,,6.48,20,0,1,2.5,,-18,Stage 1
4624,term,East,personal,2021-10-16,593,571,4602.27,528.12,,10.95,32,1,0,39.1,,-22,Stage 2
4625,revolving,South,debt_consolidation,2023-11-27,745,729,39467.64,32254.82,91482.2,11.46,2,0,0,13.4,0.353,-16,Stage 1
4626,term,South,debt_consolidation,2024-10-03,643,611,20521.94,19843.17,,3.28,14,0,0,3.0,,-32,Stage 2
4627,term,South,home_improvement,2023-06-11,649,638,34649.1,25589.83,,4.0,11,1,0,19.0,,-11,Stage 2
4628,term,South,personal,2021-02-12,616,586,12138.46,1213.85,,6.99,24,0,0,47.3,,-30,Stage 2
4629,term,North,debt_consolidation,2024-02-24,685,674,56607.64,47623.3,,3.62,12,0,0,10.4,,-11,Stage 1
4630,term,West,auto,2021-01-09,637,616,13154.15,1315.41,,7.76,18,0,0,48.4,,-21,Stage 1
4631,term,East,personal,2024-02-29,739,721,12220.24,9237.84,,11.6,0,0,0,10.2,,-18,Stage 1
4632,term,North,home_improvement,2024-09-10,698,681,2910.9,2753.0,,4.34,3,0,0,3.8,,-17,Stage 1
4633,revolving,East,auto,2021-07-03,645,636,24371.58,2437.16,6096.19,15.04,20,0,0,42.6,0.4,-9,Stage 1
4634,revolving,East,personal,2024-07-29,731,725,34261.84,31518.3,56013.73,8.22,2,0,0,5.2,0.563,-6,Stage 1
4635,term,North,debt_consolidation,2023-06-14,680,663,45624.72,25157.34,,10.12,8,0,0,18.9,,-17,Stage 1
4636,revolving,South,home_improvement,2023-12-13,681,671,14272.62,11579.84,20629.14,5.92,3,0,0,12.8,0.561,-10,Stage 1
4637,term,North,home_improvement,2023-05-20,592,580,7848.67,4869.67,,12.12,50,1,0,19.7,,-12,Stage 2
4638,term,East,personal,2022-06-17,675,660,12780.35,6610.55,,9.7,12,0,0,31.0,,-15,Stage 1
4639,revolving,East,home_improvement,2024-11-01,699,709,20203.9,18976.17,51807.35,9.76,5,0,0,2.0,0.366,10,Stage 1
4640,revolving,South,auto,2024-08-11,760,760,11077.98,9852.24,15637.14,10.16,1,0,0,4.8,0.63,0,Stage 1
4641,revolving,North,personal,2024-05-16,634,611,12376.89,11215.23,24336.55,5.12,22,0,0,7.7,0.461,-23,Stage 1
4642,term,West,auto,2023-09-27,816,824,13793.72,7636.55,,10.23,7,0,0,15.4,,8,Stage 1
4643,revolving,East,home_improvement,2022-10-25,713,726,14458.58,5327.08,11224.66,11.11,5,1,0,26.6,0.475,13,Stage 2
4644,term,North,home_improvement,2023-08-12,588,575,4829.18,3108.67,,4.41,43,0,0,16.9,,-13,Stage 2
4645,revolving,South,home_improvement,2021-03-10,629,594,16756.1,3874.8,8474.03,8.19,22,0,0,46.4,0.457,-35,Stage 2
4646,revolving,South,auto,2021-10-28,765,747,7211.23,2045.34,4403.96,8.08,2,0,0,38.7,0.464,-18,Stage 1
4647,term,West,home_improvement,2021-01-27,754,747,15445.08,1544.51,,9.13,4,0,0,47.8,,-7,Stage 1
4648,term,East,personal,2023-07-19,681,689,3393.15,2536.17,,11.16,6,0,0,17.7,,8,Stage 1
4649,revolving,West,debt_consolidation,2022-10-16,688,677,30070.09,14782.37,34561.88,11.45,2,0,0,26.9,0.428,-11,Stage 1
4650,term,West,personal,2022-07-07,610,579,14034.36,4138.44,,8.7,34,0,0,30.3,,-31,Stage 2
4651,term,West,debt_consolidation,2021-04-16,759,776,11965.79,1196.58,,11.87,1,0,0,45.2,,17,Stage 1
4652,revolving,West,home_improvement,2022-08-09,620,608,27733.97,5135.62,12808.93,4.87,24,0,0,29.2,0.401,-12,Stage 1
4653,term,South,personal,2022-07-26,730,719,20211.23,10790.73,,9.78,2,0,0,29.7,,-11,Stage 1
4654,revolving,East,auto,2023-03-21,761,752,11007.43,4226.38,10808.83,3.0,1,0,0,21.7,0.391,-9,Stage 1
4655,term,West,debt_consolidation,2022-09-26,682,678,32386.81,11126.44,,7.51,8,0,0,27.6,,-4,Stage 1
4656,term,East,auto,2023-11-01,738,722,14060.56,10690.5,,10.45,2,0,0,14.2,,-16,Stage 1
4657,revolving,South,debt_consolidation,2023-07-20,790,785,13330.91,10279.67,25620.73,11.14,4,0,0,17.7,0.401,-5,Stage 1
4658,term,South,home_improvement,2022-10-21,696,685,15729.21,9035.55,,9.88,6,0,0,26.8,,-11,Stage 1
4659,term,North,personal,2024-05-24,669,648,47964.7,42805.15,,13.72,7,0,0,7.4,,-21,Stage 1
4660,revolving,North,debt_consolidation,2023-06-05,675,651,3029.15,1388.23,3651.45,9.33,9,0,0,19.2,0.38,-24,Stage 1
4661,term,East,personal,2021-11-17,635,618,50617.06,11784.42,,3.89,17,0,0,38.0,,-17,Stage 1
4662,term,North,debt_consolidation,2022-04-05,634,615,27081.03,5842.58,,3.0,28,0,0,33.4,,-19,Stage 1
4663,term,West,debt_consolidation,2022-08-02,706,697,11316.72,7536.49,,6.02,4,0,0,29.4,,-9,Stage 1
4664,revolving,East,home_improvement,2023-05-27,670,634,9919.65,4317.55,9379.73,6.0,14,0,0,19.5,0.46,-36,Stage 2
4665,revolving,South,debt_consolidation,2023-01-24,699,698,17300.93,5986.43,17628.24,9.11,5,0,0,23.6,0.34,-1,Stage 1
4666,revolving,South,auto,2021-06-09,590,544,19735.33,2559.94,6723.71,7.35,29,1,0,43.4,0.381,-46,Stage 2
4667,term,West,debt_consolidation,2022-04-09,674,662,30889.33,3088.93,,6.14,18,0,0,33.3,,-12,Stage 1
4668,revolving,North,debt_consolidation,2023-09-25,741,757,13383.34,9130.72,17803.37,7.25,1,1,0,15.5,0.513,16,Stage 2
4669,term,East,debt_consolidation,2024-07-20,612,597,13394.63,11394.15,,7.99,33,0,0,5.5,,-15,Stage 2
4670,term,East,home_improvement,2021-08-29,680,662,1576.23,157.62,,6.49,5,0,0,40.7,,-18,Stage 1
4671,term,West,personal,2023-07-25,568,533,9416.32,6763.59,,9.12,52,0,0,17.5,,-35,Stage 2
4672,revolving,North,personal,2023-08-22,601,575,39817.07,23409.67,41822.62,11.84,32,0,0,16.6,0.56,-26,Stage 2
4673,revolving,East,home_improvement,2023-08-17,728,731,20783.26,15161.65,38990.39,7.05,3,0,0,16.8,0.389,3,Stage 1
4674,term,West,auto,2023-05-15,661,650,20517.78,13839.88,,9.25,11,0,0,19.9,,-11,Stage 1
4675,term,East,auto,2024-04-05,789,789,10214.1,7865.42,,15.21,0,0,0,9.0,,0,Stage 1
4676,revolving,South,home_improvement,2022-10-12,705,704,9216.53,3868.42,10122.13,9.74,4,0,0,27.1,0.382,-1,Stage 1
4677,term,East,personal,2021-11-23,711,687,20905.44,3977.58,,12.27,3,0,0,37.8,,-24,Stage 1
4678,revolving,East,auto,2023-05-15,615,586,17754.59,11158.86,18104.69,7.58,23,0,0,19.9,0.616,-29,Stage 1
4679,term,East,home_improvement,2022-06-13,656,633,20970.22,10925.45,,12.51,15,0,0,31.1,,-23,Stage 1
4680,term,North,personal,2024-07-20,636,627,15425.8,13436.48,,6.59,16,0,0,5.5,,-9,Stage 1
4681,term,North,auto,2023-05-29,616,595,17776.55,7505.72,,10.8,27,1,0,19.4,,-21,Stage 2
4682,term,West,auto,2024-10-31,719,734,4627.55,4500.33,,12.23,3,0,0,2.1,,15,Stage 1
4683,revolving,North,home_improvement,2024-10-30,731,731,43319.24,42163.05,108291.44,13.63,2,0,0,2.1,0.389,0,Stage 1
4684,term,East,personal,2021-11-30,703,684,10547.71,3749.99,,9.38,6,0,0,37.6,,-19,Stage 1
4685,revolving,East,auto,2023-10-24,630,618,15872.95,10561.64,18769.58,8.19,26,0,0,14.5,0.563,-12,Stage 1
4686,term,North,home_improvement,2024-06-20,699,680,1741.03,1457.05,,4.85,2,0,0,6.5,,-19,Stage 1
4687,term,North,auto,2023-12-11,565,531,9060.81,6788.19,,8.78,50,0,1,12.9,,-34,Stage 2
4688,term,East,personal,2023-06-01,759,754,15030.68,12039.45,,11.41,2,0,0,19.3,,-5,Stage 1
4689,term,East,debt_consolidation,2021-12-16,602,580,20122.27,7154.99,,11.09,37,0,0,37.1,,-22,Stage 2
4690,revolving,South,auto,2021-06-23,612,590,2400.92,240.09,677.52,8.94,30,0,0,42.9,0.354,-22,Stage 2
4691,term,West,personal,2021-04-26,686,674,15009.38,2321.11,,10.11,7,0,0,44.9,,-12,Stage 1
4692,term,North,auto,2021-12-27,692,669,30986.01,17734.2,,14.01,3,0,0,36.7,,-23,Stage 1
4693,term,West,debt_consolidation,2024-10-10,675,659,18720.09,18053.64,,11.04,16,0,0,2.8,,-16,Stage 1
4694,term,East,debt_consolidation,2021-03-17,613,592,32980.67,3298.07,,8.3,28,0,0,46.2,,-21,Stage 1
4695,term,West,auto,2023-01-26,748,751,20122.77,11458.93,,8.99,1,1,0,23.5,,3,Stage 2
4696,revolving,North,home_improvement,2024-01-10,578,545,9929.81,8702.75,24001.55,11.03,59,0,1,11.9,0.363,-33,Stage 2
4697,term,North,auto,2024-06-06,591,537,12636.88,10286.38,,10.78,46,0,0,7.0,,-54,Stage 2
4698,term,West,personal,2021-03-13,673,668,16198.59,1619.86,,15.77,9,0,0,46.3,,-5,Stage 1
4699,term,North,home_improvement,2024-11-27,604,585,21564.74,20918.2,,13.95,32,0,0,1.2,,-19,Stage 2
4700,revolving,South,personal,2024-05-26,753,735,22555.28,18158.18,34514.41,5.92,0,0,0,7.3,0.526,-18,Stage 1
4701,term,East,personal,2022-03-28,609,570,10928.5,6011.48,,7.05,22,0,0,33.7,,-39,Stage 2
4702,term,East,home_improvement,2023-06-30,773,777,10751.39,5283.49,,12.83,2,0,0,18.4,,4,Stage 1
4703,term,North,debt_consolidation,2022-01-02,742,732,9463.08,3523.56,,6.67,0,0,0,36.5,,-10,Stage 1
4704,term,East,personal,2023-04-06,754,735,3905.78,2773.55,,9.51,0,0,0,21.2,,-19,Stage 1
4705,term,South,auto,2022-11-01,793,783,26223.71,14076.14,,13.87,7,0,0,26.4,,-10,Stage 1
4706,term,North,debt_consolidation,2024-08-28,684,668,11053.75,9684.43,,9.94,9,0,0,4.2,,-16,Stage 1
4707,revolving,South,debt_consolidation,2024-08-14,619,588,5837.74,5067.16,14589.2,11.95,25,0,1,4.7,0.347,-31,Stage 2
4708,term,South,home_improvement,2023-11-14,673,652,19970.95,11975.38,,9.66,13,0,1,13.8,,-21,Stage 1
4709,revolving,East,auto,2021-04-20,646,627,21369.25,11676.12,33878.86,8.79,21,0,0,45.1,0.345,-19,Stage 1
4710,term,East,auto,2021-02-21,637,627,4867.5,1521.02,,3.48,18,0,0,47.0,,-10,Stage 1
4711,term,West,debt_consolidation,2024-08-06,689,681,30498.76,26806.81,,9.77,5,0,0,4.9,,-8,Stage 1
4712,term,South,personal,2022-04-12,661,646,27788.6,3894.12,,7.41,16,1,0,33.2,,-15,Stage 2
4713,term,East,personal,2024-07-06,634,627,15791.49,13869.4,,13.03,18,0,0,6.0,,-7,Stage 1
4714,revolving,South,auto,2024-09-09,665,639,15325.92,14358.47,30449.71,3.0,11,0,0,3.8,0.472,-26,Stage 1
4715,term,West,debt_consolidation,2023-03-29,712,701,26034.94,16622.48,,7.48,3,0,0,21.5,,-11,Stage 1
4716,term,South,debt_consolidation,2024-09-23,737,724,10368.68,9651.96,,13.17,0,0,0,3.3,,-13,Stage 1
4717,term,North,debt_consolidation,2023-02-26,583,554,30705.35,23753.74,,14.87,35,0,1,22.5,,-29,Stage 2
4718,revolving,West,home_improvement,2022-07-10,661,643,2504.5,702.81,1260.86,12.46,7,0,0,30.2,0.557,-18,Stage 1
4719,term,West,auto,2023-07-18,671,649,16951.53,10493.47,,11.01,6,0,0,17.8,,-22,Stage 1
4720,revolving,South,auto,2024-12-16,609,581,13629.17,13354.1,22929.12,3.83,31,0,0,0.5,0.582,-28,Stage 2
4721,term,South,personal,2021-09-16,672,663,4604.61,2025.07,,5.82,8,0,0,40.1,,-9,Stage 1
4722,term,East,personal,2021-03-06,688,673,26572.08,9856.83,,11.79,7,1,0,46.6,,-15,Stage 2
4723,term,North,auto,2021-06-12,711,671,9266.7,4419.95,,5.13,4,0,0,43.3,,-40,Stage 2
4724,term,West,auto,2024-04-02,684,677,24253.9,17992.66,,8.3,3,0,0,9.1,,-7,Stage 1
4725,term,West,personal,2021-02-08,627,611,20820.14,2082.01,,8.07,24,0,0,47.4,,-16,Stage 1
4726,term,West,auto,2022-10-27,800,788,7355.93,3135.0,,10.26,4,0,0,26.6,,-12,Stage 1
4727,revolving,East,personal,2021-11-16,729,736,2606.3,1073.89,2453.02,11.01,2,0,0,38.1,0.438,7,Stage 1
4728,revolving,North,auto,2021-12-26,713,700,18589.89,1858.99,5025.22,3.0,3,0,0,36.7,0.37,-13,Stage 1
4729,revolving,West,home_improvement,2021-09-26,740,743,21351.68,10352.47,18452.36,9.85,2,0,0,39.8,0.561,3,Stage 1
4730,term,West,home_improvement,2021-11-20,694,681,17199.86,1719.99,,6.96,7,0,0,37.9,,-13,Stage 1
4731,term,East,debt_consolidation,2021-11-22,757,748,7406.53,740.65,,10.67,2,0,0,37.9,,-9,Stage 1
4732,term,South,auto,2021-09-14,683,672,47470.11,17489.95,,3.66,6,1,0,40.2,,-11,Stage 2
4733,revolving,West,personal,2021-07-19,680,660,13756.11,2298.79,4686.36,12.05,7,0,0,42.1,0.491,-20,Stage 1
4734,revolving,North,auto,2022-09-02,718,707,3018.81,1109.42,3325.93,6.86,3,0,0,28.4,0.334,-11,Stage 1
4735,term,North,auto,2024-02-02,774,756,26916.39,22704.48,,7.84,3,0,0,11.1,,-18,Stage 1
4736,term,North,debt_consolidation,2024-10-27,770,764,8110.92,7812.19,,13.89,1,0,0,2.2,,-6,Stage 1
4737,term,North,personal,2023-06-24,715,692,22031.82,13041.63,,8.59,2,0,1,18.6,,-23,Stage 1
4738,term,East,auto,2021-06-13,710,699,7011.68,701.17,,11.96,3,0,0,43.3,,-11,Stage 1
4739,term,West,personal,2024-02-11,721,717,14099.04,11227.92,,8.93,0,0,0,10.8,,-4,Stage 1
4740,term,East,auto,2022-09-07,739,733,5398.71,3174.67,,13.99,1,1,0,28.2,,-6,Stage 2
4741,revolving,North,debt_consolidation,2021-04-16,757,762,13216.17,1321.62,3497.84,10.02,2,0,0,45.2,0.378,5,Stage 1
4742,term,North,personal,2022-11-30,665,668,7658.76,4266.99,,10.55,15,0,0,25.4,,3,Stage 1
4743,term,North,auto,2021-12-30,759,754,11654.53,5622.61,,9.54,0,0,0,36.6,,-5,Stage 1
4744,revolving,East,home_improvement,2023-11-11,700,689,9371.33,7282.85,13755.16,8.11,4,1,0,13.9,0.529,-11,Stage 2
4745,term,North,personal,2022-10-22,719,703,27550.57,16687.49,,11.63,1,1,0,26.7,,-16,Stage 2
4746,term,West,debt_consolidation,2024-02-27,762,739,34226.29,28029.18,,6.76,2,0,0,10.3,,-23,Stage 1
4747,term,North,home_improvement,2022-11-30,724,716,9044.19,2310.12,,11.19,1,0,0,25.4,,-8,Stage 1
4748,term,West,personal,2024-05-07,734,733,29444.06,22704.57,,11.88,0,0,0,8.0,,-1,Stage 1
4749,term,West,personal,2023-01-17,656,638,45939.85,20493.96,,10.61,10,0,0,23.8,,-18,Stage 1
4750,revolving,North,personal,2023-08-19,769,758,4987.85,2910.44,6274.27,6.17,2,0,0,16.7,0.464,-11,Stage 1
4751,term,East,personal,2024-12-14,721,702,12529.58,12305.77,,10.34,4,0,0,0.6,,-19,Stage 1
4752,term,South,auto,2024-06-03,687,660,10250.24,8403.34,,12.15,6,0,0,7.1,,-27,Stage 1
4753,term,South,auto,2023-07-19,746,739,44688.27,23315.51,,5.2,0,0,0,17.7,,-7,Stage 1
4754,term,West,personal,2021-07-28,835,831,16719.92,1671.99,,4.42,13,0,0,41.8,,-4,Stage 1
4755,revolving,East,debt_consolidation,2024-06-22,609,596,45887.96,41788.74,89629.6,11.54,26,1,0,6.4,0.466,-13,Stage 2
4756,revolving,South,auto,2024-08-04,631,617,23603.11,20484.88,54814.01,7.06,23,0,0,5.0,0.374,-14,Stage 1
4757,term,North,personal,2023-12-26,841,850,25599.02,17261.47,,11.24,17,0,0,12.4,,9,Stage 1
4758,revolving,North,personal,2024-03-22,705,706,13822.95,10635.73,30401.51,14.13,5,0,0,9.5,0.35,1,Stage 1
4759,term,West,debt_consolidation,2022-05-06,691,674,20116.07,2604.43,,4.58,7,0,0,32.4,,-17,Stage 1
4760,revolving,East,debt_consolidation,2024-12-29,673,666,18912.97,18405.41,30859.53,4.32,10,1,0,0.1,0.596,-7,Stage 2
4761,term,East,debt_consolidation,2022-12-04,752,744,20466.24,9320.09,,11.41,2,0,0,25.3,,-8,Stage 1
4762,revolving,South,home_improvement,2024-05-26,836,840,2253.5,1864.96,4263.35,12.94,11,0,0,7.3,0.437,4,Stage 1
4763,revolving,South,personal,2024-12-23,640,618,39360.8,38694.14,111094.24,14.14,18,0,1,0.3,0.348,-22,Stage 1
4764,term,North,debt_consolidation,2022-05-17,674,650,20933.76,12701.55,,11.42,16,1,1,32.0,,-24,Stage 2
4765,term,West,personal,2022-10-28,658,639,12509.22,5629.27,,8.6,14,1,0,26.5,,-19,Stage 2
4766,revolving,East,auto,2021-08-09,723,713,26187.6,4032.63,9858.31,9.29,3,0,0,41.4,0.409,-10,Stage 1
4767,revolving,South,personal,2022-03-11,753,755,12982.22,1464.33,3007.63,10.01,1,0,0,34.2,0.487,2,Stage 1
4768,term,South,personal,2021-10-07,777,773,29821.14,13578.05,,14.05,2,0,0,39.4,,-4,Stage 1
4769,revolving,West,home_improvement,2024-01-21,726,712,9095.95,6264.78,17347.39,9.88,2,0,0,11.5,0.361,-14,Stage 1
4770,term,West,auto,2022-06-08,831,843,40373.82,7779.88,,6.93,16,0,0,31.3,,12,Stage 1
4771,term,North,auto,2024-03-08,645,616,16647.62,12572.47,,9.67,18,0,0,10.0,,-29,Stage 1
4772,term,West,home_improvement,2022-10-29,629,606,40088.91,25575.36,,4.31,29,0,0,26.5,,-23,Stage 1
4773,term,North,debt_consolidation,2023-11-13,768,772,50593.31,39106.27,,7.33,1,0,0,13.8,,4,Stage 1
4774,revolving,North,debt_consolidation,2024-12-11,687,681,10230.25,10042.31,18891.43,8.08,6,0,0,0.7,0.532,-6,Stage 1
4775,term,West,personal,2023-01-02,597,584,1000.0,756.46,,7.83,31,0,0,24.3,,-13,Stage 2
4776,revolving,West,home_improvement,2021-12-14,661,648,1000.0,480.35,832.7,4.24,12,0,0,37.1,0.577,-13,Stage 1
4777,term,West,debt_consolidation,2024-06-14,695,683,5084.31,4291.39,,5.44,6,0,0,6.7,,-12,Stage 1
4778,term,West,auto,2023-02-04,641,637,4348.66,2176.33,,8.94,9,0,0,23.2,,-4,Stage 1
4779,term,West,home_improvement,2023-07-23,619,588,10097.3,4957.71,,11.52,32,0,0,17.6,,-31,Stage 2
4780,term,North,debt_consolidation,2021-07-02,667,658,29228.36,12542.09,,7.75,13,0,1,42.6,,-9,Stage 1
4781,term,South,auto,2022-05-23,616,594,11493.34,4055.76,,9.23,36,0,0,31.8,,-22,Stage 2
4782,term,East,home_improvement,2021-07-17,718,687,18829.87,10579.34,,11.63,3,0,0,42.1,,-31,Stage 2
4783,term,East,personal,2024-02-21,563,549,24311.64,18786.63,,17.01,53,0,1,10.5,,-14,Stage 2
4784,term,North,personal,2022-01-16,685,663,22649.54,12767.86,,8.05,2,0,0,36.0,,-22,Stage 1
4785,term,North,auto,2023-04-05,711,729,4818.87,3613.25,,6.48,0,0,0,21.2,,18,Stage 1
4786,term,South,debt_consolidation,2023-10-27,674,660,6245.26,4554.59,,11.37,8,0,0,14.4,,-14,Stage 1
4787,revolving,West,debt_consolidation,2024-08-20,745,729,7421.48,6866.4,20351.52,11.56,3,0,0,4.5,0.337,-16,Stage 1
4788,revolving,North,home_improvement,2021-07-11,597,579,6913.28,1344.16,2205.52,5.08,30,0,0,42.3,0.609,-18,Stage 2
4789,term,East,auto,2024-10-31,637,613,15727.62,15384.39,,5.64,16,1,0,2.1,,-24,Stage 2
4790,term,West,debt_consolidation,2022-06-09,660,643,7369.53,4722.7,,4.89,20,0,0,31.2,,-17,Stage 1
4791,term,North,personal,2023-11-26,722,718,11600.99,9822.72,,6.85,2,0,0,13.4,,-4,Stage 1
4792,revolving,West,auto,2023-12-30,693,681,17120.73,14479.57,33221.18,11.59,6,0,0,12.3,0.436,-12,Stage 1
4793,term,East,personal,2021-10-16,808,810,1197.31,325.26,,10.07,6,0,0,39.1,,2,Stage 1
4794,term,West,auto,2021-04-15,631,605,8439.57,1257.63,,9.51,31,0,0,45.2,,-26,Stage 2
4795,term,North,home_improvement,2021-11-09,596,548,7193.13,2653.8,,6.05,41,0,0,38.3,,-48,Stage 2
4796,term,North,debt_consolidation,2023-12-15,787,790,13807.83,11674.93,,5.82,5,0,0,12.8,,3,Stage 1
4797,term,East,debt_consolidation,2024-02-05,594,573,15875.18,11110.79,,9.22,43,0,0,11.0,,-21,Stage 2
4798,revolving,South,debt_consolidation,2021-11-03,720,731,30578.16,4023.9,6944.83,8.85,0,0,0,38.5,0.579,11,Stage 1
4799,term,South,personal,2023-04-01,621,607,26791.6,13843.86,,10.47,27,0,0,21.4,,-14,Stage 1
4800,term,West,debt_consolidation,2021-02-05,555,513,9031.53,2065.7,,13.16,56,0,0,47.5,,-42,Stage 2
4801,term,North,auto,2024-03-02,657,619,10813.5,7751.49,,5.58,7,0,1,10.2,,-38,Stage 2
4802,term,North,personal,2023-06-06,733,702,11548.34,7984.21,,8.55,4,0,0,19.2,,-31,Stage 2
4803,revolving,East,home_improvement,2023-11-15,606,582,23951.07,16365.71,35542.59,9.34,39,0,0,13.8,0.46,-24,Stage 2
4804,term,East,personal,2023-11-27,714,710,32969.41,20468.78,,9.58,2,0,0,13.4,,-4,Stage 1
4805,revolving,North,home_improvement,2023-11-09,725,720,20220.2,11781.4,26589.27,9.22,2,0,0,14.0,0.443,-5,Stage 1
4806,term,East,personal,2021-02-04,603,581,16155.39,5313.24,,8.89,34,0,0,47.6,,-22,Stage 2
4807,term,South,debt_consolidation,2024-10-18,666,663,3462.88,3225.98,,9.57,13,1,0,2.5,,-3,Stage 2
4808,revolving,South,home_improvement,2024-12-12,774,776,13013.92,12698.26,26857.87,10.55,0,0,0,0.7,0.473,2,Stage 1
4809,term,West,debt_consolidation,2024-12-24,719,700,25989.79,25692.15,,6.88,3,0,0,0.3,,-19,Stage 1
4810,revolving,East,personal,2022-04-12,664,641,13317.81,7350.09,20591.69,10.41,11,0,0,33.2,0.357,-23,Stage 1
4811,term,West,home_improvement,2023-06-16,704,697,12980.0,8039.87,,10.54,2,0,0,18.8,,-7,Stage 1
4812,revolving,East,auto,2021-07-18,638,620,3656.98,549.05,1148.09,9.7,20,0,0,42.1,0.478,-18,Stage 1
4813,term,East,auto,2023-02-07,746,740,34430.59,13957.58,,13.73,0,0,0,23.1,,-6,Stage 1
4814,term,South,personal,2024-05-19,746,735,4045.58,3474.34,,9.65,2,0,0,7.6,,-11,Stage 1
4815,revolving,North,home_improvement,2021-08-29,687,664,35238.27,3523.83,5292.95,10.09,4,0,0,40.7,0.666,-23,Stage 1
4816,revolving,East,auto,2024-04-08,693,697,16099.54,11798.36,22988.36,6.07,6,0,0,8.9,0.513,4,Stage 1
4817,revolving,East,debt_consolidation,2021-10-21,620,588,41971.37,4197.14,10194.3,12.12,42,0,1,38.9,0.412,-32,Stage 2
4818,revolving,East,debt_consolidation,2023-07-11,598,566,24248.11,15148.16,27948.27,14.74,33,0,0,18.0,0.542,-32,Stage 2
4819,revolving,North,personal,2024-08-31,657,640,26412.19,23664.6,37470.2,9.47,14,0,0,4.1,0.632,-17,Stage 1
4820,term,West,debt_consolidation,2024-02-25,674,662,12031.63,9931.24,,3.0,9,0,0,10.4,,-12,Stage 1
4821,term,West,debt_consolidation,2022-04-13,743,739,13640.44,2055.0,,12.23,0,0,0,33.1,,-4,Stage 1
4822,term,East,debt_consolidation,2022-01-02,735,711,12110.85,2060.57,,13.11,0,0,0,36.5,,-24,Stage 1
4823,term,East,auto,2023-11-11,691,681,7142.23,5294.44,,9.65,3,0,0,13.9,,-10,Stage 1
4824,term,West,home_improvement,2021-11-12,751,757,16201.71,4035.91,,7.45,1,0,0,38.2,,6,Stage 1
4825,term,West,personal,2023-01-28,623,603,5933.39,3288.6,,12.82,31,0,0,23.5,,-20,Stage 2
4826,term,South,home_improvement,2024-01-19,744,758,8727.64,6394.21,,12.59,1,0,0,11.6,,14,Stage 1
4827,term,East,home_improvement,2024-11-28,632,625,8525.59,8293.01,,9.75,23,0,1,1.1,,-7,Stage 1
4828,term,West,home_improvement,2022-03-27,754,746,9168.63,3054.88,,12.42,2,0,0,33.7,,-8,Stage 1
4829,term,South,auto,2023-02-17,679,659,7483.44,2835.96,,6.82,8,0,0,22.8,,-20,Stage 1
4830,term,North,debt_consolidation,2023-06-27,560,519,3173.79,1478.43,,12.88,62,0,0,18.5,,-41,Stage 2
4831,revolving,East,personal,2024-03-19,723,714,5729.54,4435.24,7466.0,9.82,1,0,0,9.6,0.594,-9,Stage 1
4832,revolving,West,home_improvement,2022-03-22,728,723,19086.58,10155.63,24643.52,8.08,0,0,0,33.9,0.412,-5,Stage 1
4833,term,East,debt_consolidation,2023-08-15,652,645,10391.19,8019.96,,9.35,22,0,0,16.8,,-7,Stage 1
4834,term,South,auto,2021-03-21,657,639,11398.74,1139.87,,11.42,11,0,0,46.1,,-18,Stage 1
4835,term,West,home_improvement,2023-11-07,670,646,33157.72,23624.79,,9.93,13,0,0,14.0,,-24,Stage 1
4836,term,North,debt_consolidation,2021-05-18,564,545,45057.65,4505.76,,14.51,39,0,1,44.1,,-19,Stage 2
4837,term,North,auto,2022-10-14,538,493,37299.51,17013.14,,12.64,71,0,1,27.0,,-45,Stage 2
4838,term,South,debt_consolidation,2023-05-01,758,758,35260.96,18572.94,,5.49,0,0,0,20.4,,0,Stage 1
4839,term,North,personal,2022-07-06,630,611,23364.18,9783.44,,11.77,18,0,1,30.3,,-19,Stage 1
4840,term,North,debt_consolidation,2021-03-15,791,792,29330.54,2933.05,,12.02,6,0,0,46.3,,1,Stage 1
4841,revolving,North,debt_consolidation,2024-01-03,762,755,30858.04,25032.75,72283.95,10.85,1,0,0,12.1,0.346,-7,Stage 1
4842,revolving,North,personal,2021-02-19,774,784,31835.2,3183.52,5594.15,6.15,1,0,0,47.1,0.569,10,Stage 1
4843,term,North,personal,2023-10-31,640,623,5550.97,3780.69,,12.36,21,0,0,14.3,,-17,Stage 1
4844,term,North,debt_consolidation,2024-02-01,583,560,12212.04,10605.06,,9.78,29,0,0,11.2,,-23,Stage 1
4845,term,North,personal,2022-01-23,614,597,15697.56,4948.1,,5.97,33,0,0,35.8,,-17,Stage 2
4846,term,West,debt_consolidation,2022-01-20,653,621,4083.07,1452.83,,10.07,16,0,0,35.9,,-32,Stage 2
4847,revolving,North,home_improvement,2021-10-26,537,493,2988.36,298.84,568.31,12.4,60,0,0,38.8,0.526,-44,Stage 2
4848,term,West,debt_consolidation,2021-12-05,651,625,17211.58,6938.38,,6.47,16,0,1,37.4,,-26,Stage 1
4849,revolving,East,auto,2024-11-13,667,651,6535.17,6328.99,13152.76,6.47,12,0,1,1.6,0.481,-16,Stage 1
4850,term,South,personal,2022-04-19,602,568,19216.12,3735.83,,11.19,27,0,0,32.9,,-34,Stage 2
4851,revolving,North,home_improvement,2022-09-08,617,586,19946.54,13318.22,27510.32,10.1,21,0,0,28.2,0.484,-31,Stage 2
4852,term,South,personal,2023-08-20,666,647,12391.65,9556.64,,11.46,16,0,0,16.7,,-19,Stage 1
4853,revolving,North,personal,2023-03-03,701,699,12616.62,6102.71,12995.48,9.21,0,0,0,22.3,0.47,-2,Stage 1
4854,term,West,personal,2024-03-11,626,614,8816.84,7771.56,,16.53,27,0,0,9.9,,-12,Stage 1
4855,term,North,auto,2024-04-08,697,691,4600.0,3953.52,,7.95,6,0,0,8.9,,-6,Stage 1
4856,term,East,auto,2021-01-13,688,680,17756.62,2047.38,,11.01,10,0,0,48.3,,-8,Stage 1
4857,term,South,debt_consolidation,2022-03-25,682,667,12426.94,6381.6,,7.63,6,0,0,33.8,,-15,Stage 1
4858,revolving,South,auto,2021-06-23,640,623,5591.98,1617.92,2596.71,4.8,19,0,0,42.9,0.623,-17,Stage 1
4859,revolving,East,personal,2024-03-01,599,574,11255.52,9557.28,24009.6,8.63,37,0,0,10.2,0.398,-25,Stage 2
4860,revolving,West,home_improvement,2022-08-18,781,781,27105.68,7107.41,19854.55,8.17,0,0,0,28.9,0.358,0,Stage 1
4861,term,West,home_improvement,2023-07-21,717,710,2939.28,2168.48,,14.36,1,0,0,17.7,,-7,Stage 1
4862,revolving,East,home_improvement,2021-09-26,740,730,14071.47,1407.15,2982.31,10.32,0,0,0,39.8,0.472,-10,Stage 1
4863,term,South,personal,2024-06-28,674,639,5201.85,4716.73,,6.7,15,0,0,6.2,,-35,Stage 2
4864,term,North,auto,2024-10-25,670,661,11244.57,10957.81,,9.2,11,0,0,2.3,,-9,Stage 1
4865,term,West,home_improvement,2022-09-10,709,699,1761.33,384.97,,6.31,5,0,0,28.1,,-10,Stage 1
4866,term,North,personal,2023-02-12,569,523,3308.47,1447.97,,8.27,53,0,0,23.0,,-46,Stage 2
4867,term,South,personal,2023-05-15,613,597,2983.72,2136.84,,12.13,24,0,0,19.9,,-16,Stage 1
4868,term,North,home_improvement,2022-06-10,632,614,41607.31,20720.99,,10.44,18,0,0,31.2,,-18,Stage 1
4869,term,East,home_improvement,2023-06-07,652,618,17029.01,12266.86,,4.07,15,0,0,19.1,,-34,Stage 2
4870,revolving,West,debt_consolidation,2022-11-03,627,623,6505.22,2264.23,5257.84,6.64,21,0,0,26.3,0.431,-4,Stage 1
4871,term,West,debt_consolidation,2021-06-27,699,686,6779.58,3803.01,,6.52,2,0,0,42.8,,-13,Stage 1
4872,term,East,personal,2021-09-16,684,693,22564.67,2256.47,,6.95,10,0,0,40.1,,9,Stage 1
4873,term,East,debt_consolidation,2021-09-17,763,771,19621.73,5885.77,,9.89,2,0,0,40.1,,8,Stage 1
4874,term,West,debt_consolidation,2024-03-04,828,849,12979.24,10917.35,,12.14,9,0,0,10.1,,21,Stage 1
4875,term,West,home_improvement,2022-10-05,604,580,34922.1,10445.5,,7.99,29,0,0,27.3,,-24,Stage 1
4876,term,West,debt_consolidation,2021-03-22,688,676,6811.25,1659.57,,7.12,8,0,0,46.0,,-12,Stage 1
4877,term,South,personal,2024-10-22,688,681,3105.62,2948.36,,11.51,4,0,0,2.4,,-7,Stage 1
4878,term,South,home_improvement,2023-12-19,679,667,33434.77,25762.48,,9.94,12,0,0,12.6,,-12,Stage 1
4879,term,South,debt_consolidation,2024-01-03,614,597,8927.7,6485.58,,7.44,28,0,1,12.1,,-17,Stage 1
4880,revolving,North,debt_consolidation,2024-06-16,624,601,3232.29,2974.93,6944.11,7.84,25,0,0,6.6,0.428,-23,Stage 1
4881,term,South,debt_consolidation,2021-05-09,694,664,13468.45,2876.37,,8.13,4,0,0,44.4,,-30,Stage 2
4882,term,West,auto,2022-02-16,623,596,15527.14,1552.71,,12.33,27,0,0,35.0,,-27,Stage 1
4883,revolving,South,debt_consolidation,2021-11-11,689,680,13055.98,1305.6,3145.62,10.33,11,0,0,38.2,0.415,-9,Stage 1
4884,term,West,debt_consolidation,2024-10-29,665,652,32022.39,31182.63,,14.5,16,0,0,2.1,,-13,Stage 1
4885,term,East,personal,2024-03-07,688,694,43561.36,33467.3,,10.65,6,1,1,10.0,,6,Stage 2
4886,revolving,North,debt_consolidation,2022-03-31,622,596,9038.86,3506.05,8645.51,6.34,22,0,1,33.6,0.406,-26,Stage 1
4887,term,North,auto,2022-09-07,689,679,24689.39,12753.73,,4.0,8,0,0,28.2,,-10,Stage 1
4888,term,East,home_improvement,2023-06-18,627,612,10077.27,8110.89,,7.13,22,0,0,18.8,,-15,Stage 1
4889,term,West,debt_consolidation,2023-06-22,689,680,33148.33,25578.82,,4.11,9,0,0,18.6,,-9,Stage 1
4890,term,North,debt_consolidation,2023-10-30,760,748,4030.6,3185.9,,6.67,0,0,0,14.3,,-12,Stage 1
4891,term,South,personal,2021-08-20,695,687,14848.26,3137.42,,9.06,7,0,0,41.0,,-8,Stage 1
4892,term,West,debt_consolidation,2022-09-03,699,677,20893.0,7042.71,,5.1,6,0,0,28.4,,-22,Stage 1
4893,term,North,debt_consolidation,2022-12-31,729,716,21271.56,10336.09,,11.36,1,0,0,24.4,,-13,Stage 1
4894,term,East,debt_consolidation,2023-08-23,595,567,9589.92,6634.88,,7.48,35,0,0,16.6,,-28,Stage 2
4895,term,West,debt_consolidation,2024-11-21,783,780,12176.8,11802.55,,11.4,3,0,0,1.4,,-3,Stage 1
4896,term,North,home_improvement,2023-06-01,616,577,19739.61,12635.22,,6.16,36,0,1,19.3,,-39,Stage 2
4897,term,East,personal,2021-11-14,732,724,15151.38,5184.63,,11.17,2,0,0,38.1,,-8,Stage 1
4898,term,West,home_improvement,2022-06-06,724,716,14488.34,1448.83,,7.49,3,0,0,31.3,,-8,Stage 1
4899,term,South,auto,2024-01-16,625,605,9321.99,6390.0,,8.29,20,0,0,11.7,,-20,Stage 1
4900,revolving,West,debt_consolidation,2022-12-17,740,731,5966.85,4179.51,6581.88,7.09,0,0,0,24.9,0.635,-9,Stage 1
4901,term,South,auto,2024-09-03,709,718,28423.36,25771.37,,8.55,1,0,0,4.0,,9,Stage 1
4902,term,West,home_improvement,2024-09-18,793,795,5515.48,4938.2,,10.73,4,0,0,3.5,,2,Stage 1
4903,term,East,auto,2024-10-15,691,673,32182.86,30312.1,,4.87,2,0,0,2.6,,-18,Stage 1
4904,term,South,debt_consolidation,2024-06-18,673,660,36497.32,33025.01,,15.67,9,0,0,6.6,,-13,Stage 1
4905,revolving,South,auto,2023-12-16,649,624,23946.95,16809.3,48455.52,15.7,18,0,0,12.7,0.347,-25,Stage 1
4906,term,West,home_improvement,2024-02-08,575,556,9880.05,8397.15,,7.5,46,0,0,10.9,,-19,Stage 2
4907,revolving,North,debt_consolidation,2023-12-09,660,648,2801.62,1842.46,4100.73,11.99,9,0,0,13.0,0.449,-12,Stage 1
4908,term,South,personal,2023-11-06,663,662,21060.73,14977.39,,5.41,11,0,0,14.1,,-1,Stage 1
4909,revolving,West,home_improvement,2024-01-02,695,692,4256.44,3456.55,6698.59,4.08,5,0,0,12.2,0.516,-3,Stage 1
4910,term,East,debt_consolidation,2023-06-03,594,583,7688.41,5179.83,,14.8,35,0,0,19.3,,-11,Stage 2
4911,revolving,West,personal,2021-07-21,665,627,9137.27,913.73,1572.02,11.38,10,0,0,42.0,0.581,-38,Stage 2
4912,term,West,auto,2021-04-03,714,693,6045.16,2649.07,,9.47,0,0,0,45.6,,-21,Stage 1
4913,term,South,auto,2023-11-23,720,718,7100.51,4405.62,,11.26,1,0,0,13.5,,-2,Stage 1
4914,term,North,auto,2022-02-23,568,532,14990.66,8524.71,,7.0,56,0,0,34.8,,-36,Stage 2
4915,term,East,debt_consolidation,2024-05-11,722,728,54210.94,46455.98,,9.32,3,0,0,7.8,,6,Stage 1
4916,revolving,South,auto,2022-07-05,665,646,19693.85,4571.89,10609.27,9.73,16,0,0,30.4,0.431,-19,Stage 1
4917,term,South,auto,2022-09-18,668,663,28625.68,8161.94,,4.68,6,0,0,27.9,,-5,Stage 1
4918,term,South,personal,2023-04-25,538,509,8572.55,6465.99,,12.47,66,0,0,20.6,,-29,Stage 2
4919,revolving,East,personal,2023-06-01,769,765,46495.45,32537.78,54005.27,7.66,1,0,0,19.3,0.602,-4,Stage 1
4920,term,North,personal,2022-12-21,690,670,43162.64,25005.91,,5.49,6,0,0,24.7,,-20,Stage 1
4921,revolving,East,debt_consolidation,2024-08-28,588,564,9942.37,8760.21,19463.78,14.08,44,0,0,4.2,0.45,-24,Stage 2
4922,revolving,East,home_improvement,2023-08-02,702,688,45199.03,30189.4,84380.08,12.72,5,0,0,17.3,0.358,-14,Stage 1
4923,term,North,auto,2022-01-29,700,680,6928.6,692.86,,8.38,5,0,0,35.6,,-20,Stage 1
4924,revolving,East,auto,2023-03-20,753,734,11647.75,4769.84,11417.85,5.25,1,0,0,21.8,0.418,-19,Stage 1
4925,term,West,debt_consolidation,2023-05-22,661,645,12551.98,9893.25,,10.6,14,0,1,19.7,,-16,Stage 1
4926,term,East,auto,2024-05-19,680,675,9477.42,7758.55,,9.23,9,0,0,7.6,,-5,Stage 1
4927,term,South,debt_consolidation,2023-05-17,641,624,2231.42,1009.73,,15.6,23,0,0,19.8,,-17,Stage 1
4928,term,East,debt_consolidation,2022-07-25,715,712,2498.3,1212.67,,13.05,3,0,0,29.7,,-3,Stage 1
4929,revolving,South,debt_consolidation,2024-03-25,632,610,10823.5,8820.38,14530.54,7.65,22,0,0,9.4,0.607,-22,Stage 1
4930,revolving,East,home_improvement,2022-09-26,626,596,30168.84,17921.59,50646.6,13.41,20,0,0,27.6,0.354,-30,Stage 2
4931,term,South,debt_consolidation,2022-09-24,675,667,12844.62,5577.59,,13.09,6,0,0,27.7,,-8,Stage 1
4932,term,South,home_improvement,2023-03-20,606,579,7517.05,4724.38,,3.78,28,0,0,21.8,,-27,Stage 1
4933,revolving,South,home_improvement,2021-11-18,776,774,24662.84,2466.28,6924.79,10.78,0,0,0,38.0,0.356,-2,Stage 1
4934,term,North,auto,2024-12-29,795,803,20768.66,20462.33,,12.67,3,0,0,0.1,,8,Stage 1
4935,term,East,personal,2022-07-28,652,641,17013.76,6835.1,,7.8,18,0,0,29.6,,-11,Stage 1
4936,term,East,home_improvement,2023-11-30,596,571,7236.71,5376.99,,5.32,36,0,0,13.3,,-25,Stage 2
4937,revolving,West,home_improvement,2023-11-30,700,697,14085.92,10709.57,23379.89,18.06,2,0,0,13.3,0.458,-3,Stage 1
4938,term,West,personal,2023-05-20,651,638,1000.0,703.8,,13.81,13,0,1,19.7,,-13,Stage 1
4939,revolving,West,home_improvement,2024-04-28,750,750,31078.36,24846.07,40126.75,9.88,0,0,0,8.3,0.619,0,Stage 1
4940,revolving,East,personal,2023-01-16,632,624,21163.72,13874.94,21202.52,3.0,28,0,0,23.9,0.654,-8,Stage 1
4941,term,North,auto,2023-11-05,712,707,8683.52,5252.28,,7.88,3,0,0,14.1,,-5,Stage 1
4942,term,South,debt_consolidation,2024-02-22,686,690,14941.15,11474.38,,15.03,3,1,0,10.5,,4,Stage 2
4943,revolving,East,personal,2024-07-27,639,605,10907.8,9204.81,18212.59,13.16,22,0,0,5.3,0.505,-34,Stage 2
4944,term,North,debt_consolidation,2023-07-26,694,672,14657.91,7384.3,,8.33,11,0,0,17.5,,-22,Stage 1
4945,revolving,North,personal,2023-08-17,732,719,54641.9,42813.72,89911.57,7.63,1,0,0,16.8,0.476,-13,Stage 1
4946,revolving,East,debt_consolidation,2021-02-17,685,660,31687.99,3168.8,7934.25,13.53,7,0,0,47.1,0.399,-25,Stage 1
4947,term,South,auto,2021-07-08,685,689,25915.58,11047.53,,8.42,4,0,0,42.4,,4,Stage 1
4948,revolving,North,home_improvement,2021-10-31,627,621,26025.46,2602.55,4093.86,8.78,28,0,0,38.6,0.636,-6,Stage 1
4949,revolving,East,auto,2024-02-03,748,750,33528.52,24724.31,64175.03,10.46,1,0,0,11.1,0.385,2,Stage 1
4950,revolving,South,home_improvement,2022-01-04,742,739,34208.11,17064.3,49550.01,10.93,2,0,0,36.4,0.344,-3,Stage 1
4951,term,West,debt_consolidation,2022-04-05,655,627,22970.53,12692.36,,5.86,10,0,0,33.4,,-28,Stage 1
4952,term,North,debt_consolidation,2021-09-04,672,661,13641.54,1364.15,,11.02,6,0,0,40.5,,-11,Stage 1
4953,term,North,home_improvement,2021-09-21,764,762,5258.33,562.09,,6.17,2,0,0,39.9,,-2,Stage 1
4954,term,East,personal,2024-05-14,611,596,18508.34,16696.82,,13.06,31,0,0,7.7,,-15,Stage 2
4955,term,East,auto,2022-06-14,716,702,12154.57,4583.57,,8.15,2,0,0,31.1,,-14,Stage 1
4956,revolving,South,personal,2024-10-19,646,632,5796.77,5417.41,10102.75,10.04,16,0,0,2.5,0.536,-14,Stage 1
4957,term,West,debt_consolidation,2023-01-20,786,795,15114.73,10460.11,,3.0,1,0,0,23.7,,9,Stage 1
4958,term,West,auto,2024-09-25,683,678,3639.43,3517.33,,11.68,18,0,0,3.3,,-5,Stage 1
4959,term,East,auto,2022-02-11,755,752,10089.31,5600.48,,12.1,2,0,0,35.2,,-3,Stage 1
4960,revolving,East,personal,2022-03-29,634,627,26599.3,14343.55,35745.67,7.61,24,1,0,33.6,0.401,-7,Stage 2
4961,term,South,home_improvement,2023-03-25,605,571,13661.83,6979.88,,5.05,25,0,0,21.6,,-34,Stage 2
4962,term,East,home_improvement,2022-08-01,665,651,21396.81,10838.16,,4.96,17,0,0,29.5,,-14,Stage 1
4963,term,South,auto,2023-08-23,695,688,20692.21,16545.9,,9.17,7,0,0,16.6,,-7,Stage 1
4964,revolving,South,home_improvement,2024-03-19,649,630,12812.0,10606.77,31575.84,5.82,12,0,0,9.6,0.336,-19,Stage 1
4965,term,West,debt_consolidation,2024-05-01,725,724,23634.34,19437.48,,8.97,2,0,0,8.2,,-1,Stage 1
4966,term,South,personal,2021-05-27,667,661,14127.55,4149.28,,9.52,12,0,0,43.8,,-6,Stage 1
4967,revolving,West,personal,2022-02-10,555,506,4638.28,1101.91,1658.69,9.86,53,0,0,35.2,0.664,-49,Stage 2
4968,revolving,West,personal,2021-07-02,713,718,12388.34,1238.83,3354.78,13.49,2,0,0,42.6,0.369,5,Stage 1
4969,revolving,West,auto,2024-02-04,627,600,45962.52,36786.84,106733.42,13.1,27,0,0,11.1,0.345,-27,Stage 1
4970,term,East,auto,2021-08-24,658,652,6718.76,671.88,,9.64,11,0,0,40.9,,-6,Stage 1
4971,term,West,home_improvement,2022-09-30,773,764,43996.83,11122.66,,11.18,2,0,0,27.5,,-9,Stage 1
4972,revolving,South,personal,2023-08-16,786,790,1000.0,824.69,1973.79,10.37,5,0,0,16.8,0.418,4,Stage 1
4973,term,East,debt_consolidation,2021-06-28,645,631,3504.71,350.47,,13.59,21,0,1,42.8,,-14,Stage 1
4974,revolving,South,debt_consolidation,2022-03-08,714,702,6131.85,2594.6,4010.41,9.63,5,0,0,34.3,0.647,-12,Stage 1
4975,term,East,personal,2024-11-25,646,622,4024.05,3949.16,,11.97,18,0,0,1.2,,-24,Stage 1
4976,term,South,auto,2022-06-09,662,674,27223.04,6184.32,,15.82,14,1,0,31.2,,12,Stage 2
4977,term,North,auto,2023-01-13,643,618,2950.84,1212.33,,10.47,18,0,0,24.0,,-25,Stage 1
4978,term,North,auto,2021-11-19,576,562,6776.44,677.64,,7.78,47,0,0,38.0,,-14,Stage 2
4979,term,North,debt_consolidation,2024-07-08,685,700,23447.65,21958.12,,7.9,5,0,0,5.9,,15,Stage 1
4980,term,South,personal,2022-02-03,697,681,16894.42,3810.32,,7.01,9,0,0,35.4,,-16,Stage 1
4981,revolving,East,debt_consolidation,2021-12-03,639,603,12993.99,2319.23,4381.07,11.5,19,1,0,37.5,0.529,-36,Stage 2
4982,term,West,personal,2024-08-16,745,739,11638.54,10067.88,,10.31,0,1,0,4.6,,-6,Stage 2
4983,term,West,debt_consolidation,2021-04-29,653,630,22697.3,2269.73,,8.14,9,0,0,44.8,,-23,Stage 1
4984,revolving,South,debt_consolidation,2022-02-17,641,628,4469.41,1778.68,4137.07,13.85,21,0,0,35.0,0.43,-13,Stage 1
4985,term,South,home_improvement,2022-08-03,711,696,6302.94,2088.45,,8.04,6,0,1,29.4,,-15,Stage 1
4986,term,South,debt_consolidation,2024-11-08,587,558,19328.25,18361.03,,9.51,29,0,0,1.8,,-29,Stage 1
4987,revolving,South,personal,2021-11-01,734,726,6743.42,674.34,1523.3,6.88,2,0,0,38.6,0.443,-8,Stage 1
4988,term,West,debt_consolidation,2021-07-15,655,625,14491.95,3065.88,,8.89,13,0,0,42.2,,-30,Stage 2
4989,revolving,East,home_improvement,2021-11-29,739,730,10338.03,1033.8,1940.84,6.81,1,0,0,37.6,0.533,-9,Stage 1
4990,revolving,West,home_improvement,2023-11-10,757,752,7730.6,4555.86,13612.7,8.91,0,0,0,13.9,0.335,-5,Stage 1
4991,revolving,South,personal,2022-09-15,718,701,12611.18,3660.73,7884.22,6.07,2,0,0,28.0,0.464,-17,Stage 1
4992,term,North,home_improvement,2022-10-20,631,613,1299.17,828.63,,7.68,18,0,0,26.8,,-18,Stage 1
4993,term,West,home_improvement,2022-12-05,604,591,18864.36,6974.0,,7.08,35,0,1,25.3,,-13,Stage 2
4994,term,North,auto,2024-12-27,593,564,18367.66,18036.11,,7.23,44,0,1,0.2,,-29,Stage 2
4995,term,North,personal,2023-06-02,746,740,34488.47,24580.2,,6.5,1,0,0,19.3,,-6,Stage 1
4996,revolving,South,home_improvement,2024-12-20,671,652,5884.08,5811.71,11484.17,8.18,12,0,1,0.4,0.506,-19,Stage 1
4997,term,West,home_improvement,2024-06-06,644,642,30432.55,27880.1,,3.0,15,0,0,7.0,,-2,Stage 1
4998,term,East,home_improvement,2022-06-08,672,650,6143.1,2672.58,,11.2,5,0,0,31.3,,-22,Stage 1
4999,revolving,West,personal,2021-08-05,744,731,24143.99,2865.67,6908.95,10.02,0,0,0,41.5,0.415,-13,Stage 1
5000,term,East,auto,2023-09-17,726,712,3963.55,2494.94,,10.06,0,0,0,15.7,,-14,Stage 1
5001,term,East,debt_consolidation,2022-01-10,706,707,6739.54,673.95,,8.63,3,0,0,36.2,,1,Stage 1
5002,term,South,auto,2021-02-05,718,722,7260.24,2809.21,,12.91,5,1,0,47.5,,4,Stage 2
5003,revolving,East,personal,2023-02-15,690,668,14699.58,9228.09,26077.75,6.99,11,0,0,22.9,0.354,-22,Stage 1
5004,term,West,personal,2021-01-28,698,694,17508.51,8592.05,,4.04,4,0,0,47.8,,-4,Stage 1
5005,revolving,West,personal,2024-10-27,693,676,2787.03,2644.2,5658.33,9.93,8,0,0,2.2,0.467,-17,Stage 1
5006,term,North,debt_consolidation,2021-03-27,679,650,16017.61,8336.29,,14.83,8,0,0,45.9,,-29,Stage 1
5007,revolving,East,personal,2021-07-07,725,703,14564.78,7807.83,21359.72,13.45,2,0,0,42.5,0.366,-22,Stage 1
5008,revolving,South,auto,2021-11-01,701,688,17305.55,2647.19,7533.86,11.85,0,0,0,38.6,0.351,-13,Stage 1
5009,term,South,home_improvement,2023-02-05,627,614,17561.18,11908.99,,15.91,26,0,1,23.2,,-13,Stage 1
5010,term,West,home_improvement,2024-12-16,711,701,36423.72,35580.25,,7.87,3,0,0,0.5,,-10,Stage 1
5011,term,East,personal,2021-03-21,694,683,7871.93,1661.81,,7.73,3,0,0,46.1,,-11,Stage 1
5012,revolving,South,personal,2021-07-05,716,688,31229.38,11057.53,26751.02,8.32,7,0,0,42.5,0.413,-28,Stage 1
5013,term,East,debt_consolidation,2023-10-26,673,654,19188.66,12206.47,,3.0,8,0,0,14.4,,-19,Stage 1
5014,term,East,home_improvement,2022-07-12,728,717,10244.51,2580.6,,13.47,1,0,0,30.1,,-11,Stage 1
5015,term,North,debt_consolidation,2022-05-24,676,657,8617.51,5547.64,,9.08,5,0,0,31.8,,-19,Stage 1
5016,term,South,debt_consolidation,2023-08-29,723,704,22289.93,13356.05,,7.19,2,0,0,16.4,,-19,Stage 1
5017,term,North,debt_consolidation,2023-10-23,652,653,6184.44,3585.22,,8.46,18,0,0,14.5,,1,Stage 1
5018,term,South,debt_consolidation,2021-08-05,656,644,19920.02,3823.22,,6.21,19,0,0,41.5,,-12,Stage 1
5019,term,East,auto,2021-09-14,716,715,8749.86,1494.9,,9.19,0,0,0,40.2,,-1,Stage 1
5020,revolving,South,personal,2024-12-18,660,644,22901.21,22517.18,52755.99,7.5,18,0,0,0.5,0.427,-16,Stage 1
5021,term,West,personal,2021-11-20,812,829,7542.43,754.24,,7.64,10,0,1,37.9,,17,Stage 1
5022,term,East,debt_consolidation,2021-07-16,713,694,11650.54,1165.05,,6.38,3,0,0,42.2,,-19,Stage 1
5023,revolving,South,debt_consolidation,2022-05-19,681,675,9169.41,1019.65,3028.54,9.13,9,1,1,31.9,0.337,-6,Stage 2
5024,revolving,North,auto,2024-07-19,729,709,34727.43,30026.01,89338.5,7.5,1,0,0,5.5,0.336,-20,Stage 1
5025,revolving,North,debt_consolidation,2022-11-25,651,633,43379.61,10519.31,24484.61,13.08,17,0,0,25.6,0.43,-18,Stage 1
5026,term,East,auto,2023-08-17,735,728,9367.74,4749.8,,10.62,0,0,0,16.8,,-7,Stage 1
5027,term,North,auto,2021-01-18,733,727,17106.7,2146.03,,5.08,0,0,0,48.1,,-6,Stage 1
5028,term,East,debt_consolidation,2021-04-17,755,751,13768.37,1376.84,,10.84,0,0,0,45.2,,-4,Stage 1
5029,revolving,East,personal,2021-05-05,653,613,8596.65,4626.0,10216.43,10.03,14,1,0,44.6,0.453,-40,Stage 2
5030,term,East,auto,2022-04-28,606,578,5929.67,2502.01,,9.21,30,0,0,32.6,,-28,Stage 2
5031,term,South,personal,2023-10-25,643,623,5128.38,3780.44,,8.53,17,1,0,14.5,,-20,Stage 2
5032,term,East,personal,2022-09-19,663,641,7038.0,1822.9,,12.53,8,0,0,27.8,,-22,Stage 1
5033,term,North,auto,2021-12-17,780,763,9719.36,4155.82,,5.68,4,0,0,37.0,,-17,Stage 1
5034,term,West,home_improvement,2021-12-17,811,811,10879.92,5126.06,,8.8,9,0,0,37.0,,0,Stage 1
5035,term,South,auto,2022-10-11,700,694,1942.27,929.18,,3.97,3,0,0,27.1,,-6,Stage 1
5036,term,North,home_improvement,2023-06-20,680,681,26365.75,19198.24,,10.6,4,1,0,18.7,,1,Stage 2
5037,term,East,auto,2021-08-16,659,640,32301.71,14352.53,,8.81,14,0,0,41.1,,-19,Stage 1
5038,revolving,East,auto,2021-01-16,729,719,36346.9,3634.69,7413.4,6.06,2,0,0,48.2,0.49,-10,Stage 1
5039,revolving,West,personal,2022-03-01,811,806,3541.36,1650.01,4271.87,9.55,8,0,0,34.6,0.386,-5,Stage 1
5040,revolving,North,personal,2022-04-09,787,802,11567.44,6782.75,15017.81,13.09,2,0,0,33.3,0.452,15,Stage 1
5041,revolving,South,debt_consolidation,2022-12-25,748,735,27900.92,17531.65,46343.5,9.33,0,0,0,24.6,0.378,-13,Stage 1
5042,term,North,personal,2024-06-23,747,738,1418.85,1192.3,,4.28,2,0,0,6.4,,-9,Stage 1
5043,term,East,personal,2023-03-05,729,725,4654.88,3392.63,,8.94,3,0,0,22.3,,-4,Stage 1
5044,term,South,personal,2021-06-26,677,672,23432.11,11482.34,,9.88,9,0,0,42.8,,-5,Stage 1
5045,term,East,personal,2022-06-27,635,609,10269.06,4552.63,,6.92,20,0,0,30.6,,-26,Stage 1
5046,term,East,debt_consolidation,2022-05-24,678,661,11753.24,6807.08,,15.66,9,0,0,31.8,,-17,Stage 1
5047,term,North,personal,2022-07-18,705,691,7283.84,3414.63,,4.65,4,0,0,29.9,,-14,Stage 1
5048,term,West,home_improvement,2021-08-21,592,552,16701.23,1670.12,,3.0,33,0,0,41.0,,-40,Stage 2
5049,term,East,home_improvement,2023-11-28,670,658,15166.17,12546.7,,6.19,21,0,0,13.3,,-12,Stage 1
5050,term,North,debt_consolidation,2022-05-06,630,603,5256.8,1111.6,,3.15,24,0,1,32.4,,-27,Stage 1
5051,term,South,personal,2023-10-14,740,729,30061.17,24922.65,,11.83,2,0,0,14.8,,-11,Stage 1
5052,revolving,West,home_improvement,2022-03-20,647,631,1000.0,132.89,360.18,12.18,19,0,0,33.9,0.369,-16,Stage 1
5053,term,East,auto,2021-01-20,699,688,18231.15,1823.11,,4.17,4,0,0,48.1,,-11,Stage 1
5054,term,East,home_improvement,2021-04-21,637,634,15167.78,1516.78,,5.73,19,0,0,45.0,,-3,Stage 1
5055,term,South,personal,2022-05-02,775,791,36972.87,3761.29,,5.36,1,0,0,32.5,,16,Stage 1
5056,term,North,home_improvement,2021-03-30,577,563,9294.55,929.45,,8.93,47,1,0,45.8,,-14,Stage 2
5057,term,East,auto,2024-09-04,708,717,7989.37,7498.22,,10.41,6,0,0,4.0,,9,Stage 1
5058,term,South,home_improvement,2024-02-16,603,594,27672.92,23364.23,,13.49,42,0,1,10.7,,-9,Stage 2
5059,term,East,personal,2022-03-10,649,614,7136.32,713.63,,10.27,20,0,0,34.3,,-35,Stage 2
5060,term,North,auto,2024-06-16,692,684,4544.82,4224.38,,7.99,5,0,0,6.6,,-8,Stage 1
5061,revolving,West,debt_consolidation,2021-03-13,695,685,25097.54,2509.75,5451.49,7.85,9,1,0,46.3,0.46,-10,Stage 2
5062,revolving,North,auto,2023-04-02,693,683,24201.01,15565.65,31913.67,9.29,7,0,0,21.3,0.488,-10,Stage 1
5063,term,North,home_improvement,2024-11-23,689,671,20541.28,19787.08,,9.47,9,0,0,1.3,,-18,Stage 1
5064,term,North,debt_consolidation,2023-03-27,641,603,6430.98,4587.9,,8.63,13,0,0,21.5,,-38,Stage 2
5065,revolving,South,auto,2022-02-08,670,648,29440.98,11407.2,18958.73,9.29,14,0,0,35.3,0.602,-22,Stage 1
5066,term,East,auto,2021-09-08,681,660,14705.16,7611.02,,8.93,7,0,0,40.4,,-21,Stage 1
5067,term,West,auto,2023-05-19,691,685,14626.66,6310.87,,4.64,11,0,0,19.8,,-6,Stage 1
5068,term,South,personal,2024-05-03,676,658,44528.39,38498.9,,9.44,6,0,0,8.1,,-18,Stage 1
5069,revolving,North,debt_consolidation,2023-05-18,723,726,4174.07,2732.15,4902.58,6.38,2,0,0,19.8,0.557,3,Stage 1
5070,term,West,debt_consolidation,2024-05-30,685,689,23245.23,21367.68,,9.62,7,0,0,7.2,,4,Stage 1
5071,term,North,auto,2024-04-20,692,671,39103.92,35084.34,,10.47,4,0,0,8.5,,-21,Stage 1
5072,revolving,North,debt_consolidation,2023-06-15,657,629,4652.75,2137.35,4926.14,12.53,14,1,0,18.9,0.434,-28,Stage 2
5073,term,North,home_improvement,2021-09-13,616,598,17354.61,1735.46,,8.9,33,0,0,40.2,,-18,Stage 2
5074,term,West,home_improvement,2024-01-17,689,681,7124.38,5274.44,,7.09,2,1,0,11.7,,-8,Stage 2
5075,revolving,East,auto,2023-05-23,752,748,19882.55,9822.79,21665.8,11.53,3,0,0,19.6,0.453,-4,Stage 1
5076,term,North,home_improvement,2022-05-07,706,683,18387.48,4952.92,,9.19,6,0,0,32.3,,-23,Stage 1
5077,term,East,auto,2021-12-02,630,612,22681.28,9842.22,,14.89,23,0,0,37.5,,-18,Stage 1
5078,term,West,home_improvement,2024-12-01,728,717,7084.71,6877.81,,4.75,2,0,0,1.0,,-11,Stage 1
5079,term,West,auto,2022-09-25,659,648,16983.77,9981.11,,7.26,14,0,0,27.6,,-11,Stage 1
5080,term,North,auto,2024-08-05,722,711,23544.34,20454.4,,6.86,0,0,0,5.0,,-11,Stage 1
5081,term,East,debt_consolidation,2021-12-28,657,647,8408.49,3592.08,,14.53,16,0,0,36.7,,-10,Stage 1
5082,term,East,debt_consolidation,2023-11-20,701,697,18210.85,14474.05,,10.36,7,0,0,13.6,,-4,Stage 1
5083,revolving,North,auto,2023-07-08,648,623,10416.19,6342.22,10964.74,3.39,8,0,0,18.1,0.578,-25,Stage 1
5084,term,South,debt_consolidation,2023-06-13,650,639,28546.48,21682.66,,3.62,15,1,0,18.9,,-11,Stage 2
5085,term,South,debt_consolidation,2022-09-29,586,564,3685.61,1912.62,,11.58,38,0,0,27.5,,-22,Stage 2
5086,term,West,personal,2024-05-31,710,697,16839.37,14414.92,,5.83,4,1,0,7.2,,-13,Stage 2
5087,revolving,West,home_improvement,2023-01-17,702,702,35035.22,11798.28,33687.36,9.02,5,0,0,23.8,0.35,0,Stage 1
5088,term,South,debt_consolidation,2024-02-22,705,681,10761.53,8771.96,,8.38,2,0,0,10.5,,-24,Stage 1
5089,term,South,auto,2022-11-14,696,679,3004.65,2155.34,,14.93,1,0,0,26.0,,-17,Stage 1
5090,term,South,personal,2023-09-30,634,625,16399.64,9782.72,,8.29,25,1,0,15.3,,-9,Stage 2
5091,term,North,personal,2023-10-04,737,732,34281.71,22673.72,,7.73,2,1,0,15.2,,-5,Stage 2
5092,term,North,debt_consolidation,2022-11-24,739,731,12991.24,5130.22,,10.69,0,0,0,25.6,,-8,Stage 1
5093,revolving,North,auto,2021-08-03,632,608,13728.16,6995.2,17926.6,12.34,18,1,0,41.6,0.39,-24,Stage 2
5094,term,North,auto,2021-04-28,711,692,3151.54,1239.8,,9.37,6,0,0,44.8,,-19,Stage 1
5095,term,North,auto,2021-08-15,732,738,27772.2,3815.71,,3.0,2,0,0,41.2,,6,Stage 1
5096,term,North,auto,2023-06-10,651,634,11405.6,8359.0,,11.43,16,0,0,19.0,,-17,Stage 1
5097,revolving,West,auto,2022-03-20,662,645,27650.2,2913.6,4481.76,4.93,10,0,0,33.9,0.65,-17,Stage 1
5098,term,East,home_improvement,2022-07-03,712,712,24043.67,16369.55,,4.39,0,0,0,30.4,,0,Stage 1
5099,term,West,auto,2023-04-09,589,573,6793.35,3015.51,,7.52,38,0,0,21.1,,-16,Stage 2
5100,term,East,auto,2021-01-12,614,593,18390.37,1839.04,,9.38,18,0,0,48.3,,-21,Stage 1
5101,term,West,home_improvement,2024-02-20,620,622,24326.33,18742.9,,13.38,26,0,0,10.5,,2,Stage 1
5102,term,West,debt_consolidation,2022-05-04,572,529,31850.24,17411.74,,3.0,58,0,0,32.4,,-43,Stage 2
5103,term,North,personal,2024-06-28,745,755,9968.9,8864.69,,9.46,1,0,0,6.2,,10,Stage 1
5104,term,North,home_improvement,2022-08-02,560,534,14061.78,5160.13,,13.43,42,0,1,29.4,,-26,Stage 2
5105,term,East,personal,2024-07-27,700,695,1650.96,1536.18,,8.69,9,0,0,5.3,,-5,Stage 1
5106,term,East,personal,2023-01-12,728,707,37082.35,21239.75,,11.31,1,0,0,24.0,,-21,Stage 1
5107,term,North,home_improvement,2024-09-22,662,635,21637.72,19924.9,,11.06,14,0,0,3.4,,-27,Stage 1
5108,term,West,auto,2021-06-17,639,618,19013.43,1901.34,,7.29,16,0,1,43.1,,-21,Stage 1
5109,revolving,East,personal,2023-08-19,693,683,1535.49,1147.26,2563.07,10.82,5,0,0,16.7,0.448,-10,Stage 1
5110,revolving,South,auto,2024-09-13,680,668,20125.09,18266.9,45620.97,9.35,7,1,0,3.7,0.4,-12,Stage 2
5111,revolving,South,debt_consolidation,2024-06-23,740,732,16319.45,15007.7,35287.66,8.05,1,0,0,6.4,0.425,-8,Stage 1
5112,revolving,South,home_improvement,2024-08-17,522,480,12795.76,11991.52,23878.62,13.79,84,0,0,4.6,0.502,-42,Stage 2
5113,term,East,personal,2021-07-19,624,603,17615.39,1761.54,,8.48,26,0,0,42.1,,-21,Stage 1
5114,revolving,North,auto,2023-05-14,713,684,14551.98,6649.24,18176.75,13.53,0,0,0,19.9,0.366,-29,Stage 1
5115,term,North,personal,2023-01-24,683,690,20719.62,10527.29,,7.98,11,0,0,23.6,,7,Stage 1
5116,term,North,debt_consolidation,2023-11-03,725,715,17058.99,13837.4,,8.62,0,0,0,14.2,,-10,Stage 1
5117,term,East,debt_consolidation,2024-10-21,695,674,12044.85,11649.09,,8.3,5,0,0,2.4,,-21,Stage 1
5118,term,East,personal,2023-02-13,671,648,19864.94,6686.37,,12.15,7,0,1,22.9,,-23,Stage 1
5119,revolving,South,home_improvement,2021-04-07,661,632,7982.57,798.26,2008.86,6.41,11,0,0,45.5,0.397,-29,Stage 1
5120,term,East,debt_consolidation,2021-03-12,819,833,17132.84,4227.56,,10.38,5,0,0,46.4,,14,Stage 1
5121,term,South,auto,2023-09-20,772,775,18353.69,12106.53,,10.19,2,0,0,15.6,,3,Stage 1
5122,revolving,South,debt_consolidation,2021-12-23,709,697,18544.03,7933.79,14852.6,10.2,5,0,0,36.8,0.534,-12,Stage 1
5123,term,North,auto,2023-03-23,684,668,18194.8,8417.14,,15.15,6,0,0,21.7,,-16,Stage 1
5124,term,East,personal,2022-06-28,712,697,25565.29,15042.76,,8.36,2,0,0,30.6,,-15,Stage 1
5125,revolving,North,auto,2024-06-27,729,700,20170.69,18218.4,41526.29,17.2,2,1,0,6.3,0.439,-29,Stage 2
5126,term,North,personal,2021-09-11,705,701,24423.05,2442.3,,12.36,3,1,0,40.3,,-4,Stage 2
5127,term,East,debt_consolidation,2024-04-20,634,613,9369.46,8490.06,,4.66,21,0,0,8.5,,-21,Stage 1
5128,term,East,home_improvement,2023-09-15,787,792,11278.73,5950.58,,5.58,3,0,0,15.8,,5,Stage 1
5129,term,West,debt_consolidation,2024-04-04,694,690,33171.62,28159.31,,12.08,6,0,0,9.1,,-4,Stage 1
5130,revolving,South,debt_consolidation,2021-01-04,800,812,5371.58,537.16,1189.82,6.77,5,0,0,48.6,0.451,12,Stage 1
5131,term,West,debt_consolidation,2021-05-25,691,679,23451.52,11451.85,,9.74,12,0,1,43.9,,-12,Stage 1
5132,term,South,debt_consolidation,2021-06-14,665,650,30410.92,3041.09,,6.92,9,0,0,43.2,,-15,Stage 1
5133,term,South,home_improvement,2021-12-10,763,770,13073.71,2981.28,,7.61,1,0,0,37.3,,7,Stage 1
5134,term,South,debt_consolidation,2024-02-03,698,685,6123.36,5085.18,,8.24,3,1,0,11.1,,-13,Stage 2
5135,revolving,North,auto,2024-08-30,688,687,14306.68,13303.97,32420.22,11.96,5,1,1,4.1,0.41,-1,Stage 2
5136,term,North,home_improvement,2024-04-07,607,593,2869.07,2175.06,,8.32,30,0,0,9.0,,-14,Stage 2
5137,term,East,home_improvement,2022-06-04,719,704,10247.6,5528.53,,13.28,3,0,0,31.4,,-15,Stage 1
5138,term,South,auto,2023-07-15,650,624,11865.29,6821.31,,6.07,14,0,0,17.9,,-26,Stage 1
5139,term,South,personal,2024-12-30,653,623,19164.02,18799.97,,11.38,12,0,0,0.1,,-30,Stage 2
5140,revolving,South,debt_consolidation,2022-09-01,650,640,9174.4,3906.74,6678.44,9.64,21,0,0,28.4,0.585,-10,Stage 1
5141,term,North,home_improvement,2022-05-27,706,668,11453.96,5152.66,,5.3,1,0,0,31.7,,-38,Stage 2
5142,term,East,debt_consolidation,2022-02-13,587,533,31258.68,3125.87,,7.23,37,0,1,35.1,,-54,Stage 2
5143,term,North,debt_consolidation,2022-03-12,667,654,6807.39,4456.98,,8.65,12,0,0,34.2,,-13,Stage 1
5144,revolving,West,auto,2024-08-31,738,716,31864.89,30092.94,76522.58,12.72,1,0,0,4.1,0.393,-22,Stage 1
5145,term,West,auto,2022-06-26,605,570,17701.45,8382.57,,8.62,33,0,0,30.7,,-35,Stage 2
5146,revolving,West,auto,2022-09-05,690,678,25393.93,15221.85,26097.42,15.2,4,0,0,28.3,0.583,-12,Stage 1
5147,term,East,debt_consolidation,2023-06-19,642,607,6031.86,3668.09,,8.04,18,0,0,18.7,,-35,Stage 2
5148,revolving,West,home_improvement,2023-12-23,655,623,13140.89,9231.12,18894.14,9.3,17,0,0,12.5,0.489,-32,Stage 2
5149,term,East,home_improvement,2023-11-22,779,793,13159.99,9282.83,,12.97,2,0,0,13.5,,14,Stage 1
5150,term,North,personal,2024-05-19,580,556,12374.29,10514.86,,5.22,37,0,0,7.6,,-24,Stage 2
5151,term,North,debt_consolidation,2022-07-17,725,725,15418.77,4408.35,,12.6,3,0,0,30.0,,0,Stage 1
5152,term,East,personal,2022-07-29,651,626,8828.02,1581.2,,7.05,12,0,0,29.6,,-25,Stage 1
5153,revolving,North,personal,2024-01-09,648,646,8506.53,6095.9,10061.57,8.3,19,0,0,11.9,0.606,-2,Stage 1
5154,revolving,North,personal,2023-10-19,613,558,9214.73,6057.53,16316.88,9.75,21,0,0,14.7,0.371,-55,Stage 2
5155,term,East,personal,2021-12-09,725,700,25810.27,2581.03,,6.58,3,0,0,37.3,,-25,Stage 1
5156,term,West,personal,2024-06-09,668,634,4830.47,3863.01,,16.98,12,0,0,6.9,,-34,Stage 2
5157,term,East,debt_consolidation,2022-09-05,660,633,8902.08,5340.4,,9.67,11,0,0,28.3,,-27,Stage 1
5158,revolving,South,auto,2021-05-09,686,684,22426.03,5915.87,13445.52,9.41,6,1,0,44.4,0.44,-2,Stage 2
5159,term,North,personal,2023-11-09,669,672,34286.04,29384.1,,7.23,16,0,0,14.0,,3,Stage 1
5160,term,East,home_improvement,2021-12-23,559,529,33765.88,12499.92,,4.97,56,0,0,36.8,,-30,Stage 2
5161,term,North,debt_consolidation,2024-12-13,650,637,24331.52,23735.77,,12.41,11,1,0,0.6,,-13,Stage 2
5162,term,West,personal,2023-08-17,733,701,30066.8,15189.55,,8.19,4,0,1,16.8,,-32,Stage 2
5163,term,North,home_improvement,2021-03-22,589,567,11128.29,5869.45,,9.99,40,1,0,46.0,,-22,Stage 2
5164,term,East,personal,2022-10-28,614,584,9133.69,6151.41,,6.07,20,1,0,26.5,,-30,Stage 2
5165,term,West,auto,2023-02-20,654,625,1113.6,595.24,,11.44,19,0,0,22.7,,-29,Stage 1
5166,revolving,West,debt_consolidation,2024-02-16,636,611,9427.02,8202.39,15712.04,8.06,21,0,0,10.7,0.522,-25,Stage 1
5167,term,West,auto,2023-03-02,678,661,10380.21,7826.06,,4.04,10,0,0,22.4,,-17,Stage 1
5168,term,South,home_improvement,2022-05-07,614,603,2034.2,792.85,,8.13,33,0,0,32.3,,-11,Stage 2
5169,term,East,personal,2021-08-13,656,622,5953.87,595.39,,11.34,15,0,1,41.2,,-34,Stage 2
5170,revolving,East,auto,2023-09-14,677,651,43527.93,32014.67,89012.14,10.76,9,0,0,15.8,0.36,-26,Stage 1
5171,term,West,auto,2022-02-23,718,720,12834.68,6545.97,,10.15,4,0,0,34.8,,2,Stage 1
5172,term,North,personal,2023-02-19,754,737,6093.87,3750.42,,8.89,2,0,0,22.7,,-17,Stage 1
5173,term,West,debt_consolidation,2021-05-17,664,628,11638.43,5157.87,,9.12,17,1,0,44.2,,-36,Stage 2
5174,term,South,home_improvement,2021-08-14,793,817,16148.74,4769.5,,7.33,7,0,0,41.2,,24,Stage 1
5175,term,West,debt_consolidation,2024-09-19,668,640,13268.83,12355.06,,12.48,19,0,0,3.5,,-28,Stage 1
5176,revolving,East,home_improvement,2024-06-06,729,719,7682.06,7068.01,19338.03,8.85,1,0,0,7.0,0.365,-10,Stage 1
5177,revolving,West,home_improvement,2021-11-19,795,793,22881.37,4662.35,8030.88,7.42,4,0,0,38.0,0.581,-2,Stage 1
5178,term,North,auto,2024-02-06,688,688,54477.18,42382.09,,14.37,9,0,0,11.0,,0,Stage 1
5179,term,East,personal,2023-03-23,597,572,28216.05,17078.22,,12.71,31,0,0,21.7,,-25,Stage 2
5180,revolving,North,debt_consolidation,2022-03-21,685,674,11511.83,2755.63,5725.14,9.29,6,0,0,33.9,0.481,-11,Stage 1
5181,term,West,auto,2021-01-07,643,631,12360.97,1236.1,,7.95,19,0,0,48.5,,-12,Stage 1
5182,revolving,East,auto,2021-05-08,663,654,19972.11,5309.02,8830.31,8.04,14,0,0,44.5,0.601,-9,Stage 1
5183,term,South,auto,2024-10-08,799,809,15395.01,14842.83,,6.11,8,0,0,2.8,,10,Stage 1
5184,revolving,East,debt_consolidation,2021-09-24,606,595,27403.57,2740.36,7146.51,11.86,24,0,0,39.8,0.383,-11,Stage 1
5185,revolving,North,auto,2022-11-16,698,679,30684.16,18760.44,29635.68,14.52,4,0,0,25.9,0.633,-19,Stage 1
5186,revolving,East,personal,2023-07-17,627,596,3116.35,1757.81,4592.06,10.72,26,1,0,17.8,0.383,-31,Stage 2
5187,term,South,auto,2021-08-02,661,639,18985.67,6710.2,,13.65,11,0,0,41.6,,-22,Stage 1
5188,term,South,auto,2021-09-04,724,707,1111.06,557.7,,11.58,3,1,0,40.5,,-17,Stage 2
5189,revolving,South,home_improvement,2024-10-29,699,695,38400.54,35943.15,55554.87,4.59,3,0,0,2.1,0.647,-4,Stage 1
5190,term,South,auto,2022-02-25,666,629,10621.92,3027.69,,13.39,15,0,0,34.7,,-37,Stage 2
5191,term,North,debt_consolidation,2023-12-01,641,634,3280.07,2200.5,,8.33,19,0,1,13.2,,-7,Stage 1
5192,revolving,East,debt_consolidation,2022-12-18,698,690,16521.06,9203.37,26697.25,9.66,5,0,0,24.8,0.345,-8,Stage 1
5193,revolving,West,personal,2024-10-03,782,764,33263.13,30453.25,69648.47,6.27,1,0,0,3.0,0.437,-18,Stage 1
5194,revolving,South,debt_consolidation,2021-05-23,625,603,32673.21,3267.32,7687.21,3.74,21,0,1,44.0,0.425,-22,Stage 1
5195,term,West,debt_consolidation,2021-05-21,794,798,18798.29,1879.83,,7.13,5,0,0,44.0,,4,Stage 1
5196,revolving,West,auto,2022-07-19,751,755,9084.45,2032.48,4285.09,9.82,0,0,0,29.9,0.474,4,Stage 1
5197,revolving,East,personal,2021-04-17,762,758,11209.78,1120.98,2791.03,9.39,0,0,0,45.2,0.402,-4,Stage 1
5198,term,West,debt_consolidation,2021-02-02,698,686,5343.04,534.3,,11.39,5,0,0,47.6,,-12,Stage 1
5199,term,West,personal,2024-05-08,750,743,14731.56,12038.36,,9.87,1,0,0,7.9,,-7,Stage 1
5200,term,North,personal,2021-04-29,619,607,15484.6,4745.83,,9.46,34,0,1,44.8,,-12,Stage 2
5201,term,West,home_improvement,2021-08-17,639,638,4179.62,610.92,,7.37,27,0,0,41.1,,-1,Stage 1
5202,revolving,East,home_improvement,2022-11-19,725,719,26376.15,10321.27,18434.8,15.07,4,1,0,25.8,0.56,-6,Stage 2
5203,term,West,auto,2024-04-23,697,679,1000.0,900.2,,14.91,2,0,0,8.4,,-18,Stage 1
5204,revolving,East,debt_consolidation,2023-04-10,671,659,20105.45,9464.81,17841.3,9.8,12,0,0,21.1,0.531,-12,Stage 1
5205,revolving,South,auto,2023-10-08,529,513,24639.34,17429.51,27749.51,4.84,60,1,0,15.0,0.628,-16,Stage 2
5206,term,West,auto,2023-04-30,653,635,27743.56,11324.72,,10.11,17,0,0,20.4,,-18,Stage 1
5207,revolving,West,personal,2024-05-23,609,578,14124.11,11080.31,18736.2,5.22,27,1,0,7.4,0.591,-31,Stage 2
5208,term,West,personal,2023-01-03,709,714,15301.53,5312.62,,4.81,2,0,0,24.3,,5,Stage 1
5209,revolving,South,personal,2024-02-28,668,654,25618.25,20755.37,38662.55,12.0,11,0,0,10.3,0.537,-14,Stage 1
5210,term,North,auto,2023-04-25,642,623,16351.32,8144.32,,6.44,30,0,1,20.6,,-19,Stage 2
5211,revolving,West,debt_consolidation,2021-09-29,838,829,7643.66,3263.49,8643.6,7.52,11,0,0,39.7,0.378,-9,Stage 1
5212,term,East,auto,2022-09-27,742,737,16309.81,9216.79,,11.75,3,0,0,27.6,,-5,Stage 1
5213,term,North,auto,2023-10-29,743,745,40762.25,28173.83,,10.42,0,0,0,14.3,,2,Stage 1
5214,revolving,North,auto,2022-02-07,812,810,9419.09,1180.91,2914.0,11.1,9,0,0,35.3,0.405,-2,Stage 1
5215,term,North,home_improvement,2023-07-17,728,717,7966.03,5310.16,,14.4,2,0,0,17.8,,-11,Stage 1
5216,term,West,home_improvement,2022-09-19,633,612,11514.56,3254.41,,7.4,19,1,0,27.8,,-21,Stage 2
5217,term,South,debt_consolidation,2024-10-24,626,605,17410.45,16499.94,,10.02,25,0,0,2.3,,-21,Stage 1
5218,revolving,South,home_improvement,2022-09-09,737,732,6679.82,3607.23,8012.28,13.51,2,0,0,28.2,0.45,-5,Stage 1
5219,term,West,auto,2023-09-08,556,542,3000.53,2249.76,,6.23,62,0,0,16.0,,-14,Stage 2
5220,term,East,home_improvement,2022-06-21,675,655,16186.83,3321.59,,8.6,6,0,0,30.8,,-20,Stage 1
5221,term,East,home_improvement,2023-12-13,549,510,14778.39,11744.64,,11.59,53,0,0,12.8,,-39,Stage 2
5222,term,East,auto,2021-09-04,685,663,3062.0,1293.63,,5.3,13,0,0,40.5,,-22,Stage 1
5223,term,West,debt_consolidation,2021-12-03,731,720,4475.9,447.59,,9.69,1,0,0,37.5,,-11,Stage 1
5224,term,South,home_improvement,2024-07-28,696,672,13863.83,13044.32,,8.14,4,0,0,5.2,,-24,Stage 1
5225,term,West,auto,2021-02-02,736,726,9522.23,3065.63,,6.28,2,0,0,47.6,,-10,Stage 1
5226,term,South,auto,2023-03-10,797,806,6671.8,2695.14,,12.61,3,0,0,22.1,,9,Stage 1
5227,term,North,auto,2022-07-02,671,665,9708.94,3540.13,,11.76,8,0,0,30.5,,-6,Stage 1
5228,revolving,West,personal,2024-09-28,848,845,7103.35,6634.02,12737.14,10.6,17,0,0,3.2,0.521,-3,Stage 1
5229,term,South,auto,2023-06-10,692,675,11763.67,5682.37,,11.12,5,0,0,19.0,,-17,Stage 1
5230,term,North,home_improvement,2024-06-16,736,734,22805.27,18834.55,,7.8,0,0,0,6.6,,-2,Stage 1
5231,term,North,home_improvement,2022-12-30,643,617,25481.78,9472.01,,9.16,10,1,0,24.4,,-26,Stage 2
5232,term,West,auto,2024-04-15,777,785,7373.14,6275.79,,6.54,1,0,0,8.7,,8,Stage 1
5233,revolving,South,personal,2021-02-13,742,734,15097.75,5133.47,11503.7,11.32,1,0,0,47.3,0.446,-8,Stage 1
5234,term,North,personal,2021-10-31,768,749,14993.54,2885.37,,6.29,4,0,0,38.6,,-19,Stage 1
5235,term,West,personal,2021-09-26,683,672,3597.92,579.24,,7.5,8,1,0,39.8,,-11,Stage 2
5236,term,North,home_improvement,2022-11-14,604,587,1665.15,1192.71,,5.93,41,0,0,26.0,,-17,Stage 2
5237,term,East,personal,2022-02-04,707,687,30760.7,10724.46,,9.65,7,1,0,35.4,,-20,Stage 2
5238,term,West,debt_consolidation,2022-08-26,578,544,19831.13,8050.76,,8.22,46,0,0,28.6,,-34,Stage 2
5239,term,North,debt_consolidation,2023-07-11,659,635,30149.4,19443.71,,10.21,10,0,0,18.0,,-24,Stage 1
5240,term,West,personal,2023-08-29,691,681,25041.56,12887.73,,7.01,9,0,0,16.4,,-10,Stage 1
5241,revolving,West,debt_consolidation,2022-03-07,822,818,19854.79,10139.12,21537.24,6.74,8,0,0,34.4,0.471,-4,Stage 1
5242,term,South,auto,2022-02-25,699,685,25279.8,13745.83,,10.31,5,0,0,34.7,,-14,Stage 1
5243,term,South,personal,2021-05-11,688,664,11748.11,1174.81,,8.6,4,0,0,44.4,,-24,Stage 1
5244,revolving,North,personal,2024-12-04,676,658,21059.02,20454.14,31416.29,17.52,10,0,0,0.9,0.651,-18,Stage 1
5245,revolving,West,personal,2024-06-02,599,573,24683.46,19914.85,48017.95,10.96,34,0,0,7.1,0.415,-26,Stage 2
5246,term,West,auto,2024-03-12,685,666,20345.55,14744.0,,9.42,6,0,0,9.8,,-19,Stage 1
5247,revolving,East,auto,2022-08-01,686,655,6611.04,2721.78,4454.67,12.89,6,0,0,29.5,0.611,-31,Stage 2
5248,revolving,West,personal,2022-06-24,621,618,5075.33,750.25,1928.41,12.01,31,0,0,30.7,0.389,-3,Stage 2
5249,term,South,home_improvement,2021-05-05,608,587,19205.18,2134.85,,9.55,21,0,0,44.6,,-21,Stage 1
5250,term,West,home_improvement,2024-05-20,651,626,6945.11,6015.94,,18.14,18,0,0,7.5,,-25,Stage 1
5251,term,South,debt_consolidation,2023-07-23,683,672,7203.64,5479.16,,12.47,11,0,0,17.6,,-11,Stage 1
5252,revolving,East,auto,2024-12-22,652,641,9590.58,9348.22,22953.21,5.66,21,0,1,0.3,0.407,-11,Stage 1
5253,term,North,debt_consolidation,2022-08-15,616,597,10796.23,3959.12,,8.0,32,0,0,29.0,,-19,Stage 2
5254,term,South,debt_consolidation,2024-06-15,697,692,9930.6,8785.54,,3.63,2,0,0,6.7,,-5,Stage 1
5255,revolving,North,personal,2022-10-06,712,712,9320.39,6630.97,14173.51,4.61,5,0,0,27.3,0.468,0,Stage 1
5256,term,North,home_improvement,2021-11-24,687,665,11814.71,1356.44,,17.95,5,0,0,37.8,,-22,Stage 1
5257,term,North,debt_consolidation,2023-03-23,646,623,4314.23,2068.11,,13.06,9,0,0,21.7,,-23,Stage 1
5258,term,North,personal,2024-02-17,715,706,2972.79,2607.51,,3.95,5,0,0,10.6,,-9,Stage 1
5259,term,South,auto,2021-02-15,668,656,36011.24,3601.12,,8.98,16,0,0,47.2,,-12,Stage 1
5260,revolving,East,debt_consolidation,2021-03-25,608,587,5978.46,1128.92,1868.63,7.93,28,0,0,45.9,0.604,-21,Stage 1
5261,term,West,home_improvement,2023-03-05,742,714,1000.0,484.71,,16.95,2,0,0,22.3,,-28,Stage 1
5262,revolving,South,auto,2021-12-18,701,717,8150.08,3011.66,6522.64,3.0,4,0,0,37.0,0.462,16,Stage 1
5263,term,East,personal,2023-11-03,672,673,1960.68,1278.48,,7.1,14,0,0,14.2,,1,Stage 1
5264,term,West,auto,2022-09-29,585,552,3341.71,2181.4,,7.13,44,0,0,27.5,,-33,Stage 2
5265,revolving,North,debt_consolidation,2024-04-10,635,621,12549.1,10842.4,26085.09,6.86,25,0,0,8.9,0.416,-14,Stage 1
5266,term,West,auto,2021-08-22,801,795,3745.43,374.54,,9.77,10,0,0,40.9,,-6,Stage 1
5267,term,West,auto,2024-04-19,589,552,30461.84,23616.31,,11.66,32,0,1,8.6,,-37,Stage 2
5268,term,East,auto,2023-12-11,664,638,21408.55,14414.08,,7.44,9,0,0,12.9,,-26,Stage 1
5269,revolving,West,home_improvement,2023-02-20,679,659,25396.22,14452.67,27838.3,8.77,8,0,0,22.7,0.519,-20,Stage 1
5270,term,North,debt_consolidation,2022-11-12,699,691,13220.44,7699.06,,6.14,10,1,1,26.0,,-8,Stage 2
5271,term,South,personal,2024-11-19,590,568,4525.67,4406.46,,6.38,33,1,1,1.4,,-22,Stage 2
5272,term,South,home_improvement,2023-07-22,690,674,9279.63,6186.46,,10.23,13,0,0,17.6,,-16,Stage 1
5273,term,East,debt_consolidation,2024-12-23,578,533,15451.1,15260.93,,10.73,38,0,0,0.3,,-45,Stage 2
5274,revolving,North,personal,2024-07-21,685,675,27512.74,25378.45,67804.74,3.47,9,0,0,5.5,0.374,-10,Stage 1
5275,term,North,personal,2023-05-11,640,634,4757.82,3393.78,,6.81,22,0,0,20.0,,-6,Stage 1
5276,term,West,personal,2024-05-15,628,604,12806.42,11285.49,,8.03,13,0,1,7.7,,-24,Stage 1
5277,term,East,debt_consolidation,2021-05-28,730,721,24572.57,3044.74,,7.84,2,0,0,43.8,,-9,Stage 1
5278,term,North,personal,2021-10-27,665,669,15883.32,6726.89,,8.21,11,1,0,38.7,,4,Stage 2
5279,revolving,North,personal,2022-07-03,708,706,36012.99,5712.85,16953.08,3.0,4,0,0,30.4,0.337,-2,Stage 1
5280,term,North,home_improvement,2023-09-05,710,690,8759.06,4758.56,,12.22,3,0,0,16.1,,-20,Stage 1
5281,revolving,South,personal,2022-01-18,756,740,9032.12,903.21,1921.57,8.77,1,0,0,36.0,0.47,-16,Stage 1
5282,term,South,auto,2023-03-11,607,570,1349.28,952.93,,17.42,32,0,0,22.1,,-37,Stage 2
5283,term,South,home_improvement,2022-06-18,735,731,11967.91,2900.62,,10.88,0,0,0,30.9,,-4,Stage 1
5284,revolving,West,home_improvement,2024-06-10,680,681,18594.15,15085.7,33649.13,10.15,8,0,0,6.8,0.448,1,Stage 1
5285,term,West,debt_consolidation,2024-02-27,657,645,26549.85,23468.13,,6.43,14,0,0,10.3,,-12,Stage 1
5286,revolving,West,personal,2022-07-24,611,577,13152.68,2813.22,8055.45,7.26,29,0,0,29.7,0.349,-34,Stage 2
5287,revolving,North,auto,2023-07-20,716,715,27825.93,17097.98,48551.23,11.41,3,0,0,17.7,0.352,-1,Stage 1
5288,term,South,auto,2021-08-25,624,594,19632.44,6773.36,,8.17,17,0,0,40.8,,-30,Stage 2
5289,term,North,personal,2023-08-24,711,725,42403.96,27180.6,,6.92,3,0,0,16.5,,14,Stage 1
5290,revolving,North,personal,2022-12-02,795,790,16261.3,7702.89,15585.82,14.67,3,0,0,25.4,0.494,-5,Stage 1
5291,term,East,debt_consolidation,2023-01-24,738,720,21115.83,8572.46,,10.12,0,0,0,23.6,,-18,Stage 1
5292,term,North,auto,2022-07-29,763,762,18869.23,11056.02,,11.38,0,0,0,29.6,,-1,Stage 1
5293,term,West,home_improvement,2024-06-18,636,624,26583.2,24103.38,,8.08,25,1,1,6.6,,-12,Stage 2
5294,term,South,debt_consolidation,2023-08-15,725,720,16846.77,13525.78,,12.66,4,0,0,16.8,,-5,Stage 1
5295,revolving,South,debt_consolidation,2023-10-14,611,590,10136.02,6873.39,13111.14,7.41,38,0,0,14.8,0.524,-21,Stage 2
5296,term,North,home_improvement,2023-02-10,665,655,4334.26,1886.4,,12.57,14,0,0,23.0,,-10,Stage 1
5297,term,West,debt_consolidation,2021-08-11,784,784,8366.33,1484.21,,7.65,3,0,0,41.3,,0,Stage 1
5298,term,West,personal,2024-01-28,643,627,9626.23,7346.0,,13.9,24,0,0,11.3,,-16,Stage 1
5299,term,West,home_improvement,2022-07-11,746,748,28726.77,14846.77,,12.93,1,0,0,30.2,,2,Stage 1
5300,term,South,home_improvement,2023-06-30,740,721,23265.3,15144.82,,7.74,1,0,0,18.4,,-19,Stage 1
5301,revolving,West,auto,2021-09-30,744,735,52486.14,5248.61,13795.65,15.83,1,0,0,39.6,0.38,-9,Stage 1
5302,term,West,home_improvement,2024-11-23,603,585,12843.34,12389.15,,9.44,38,0,0,1.3,,-18,Stage 2
5303,revolving,North,debt_consolidation,2022-03-06,711,685,5491.26,549.13,1147.03,14.17,4,0,0,34.4,0.479,-26,Stage 1
5304,revolving,East,auto,2022-06-07,670,657,6289.77,3836.17,8966.21,5.64,9,0,0,31.3,0.428,-13,Stage 1
5305,term,West,debt_consolidation,2023-08-18,745,734,25454.14,12904.54,,11.12,0,0,0,16.7,,-11,Stage 1
5306,term,North,personal,2024-10-03,580,549,7906.75,7630.24,,10.21,51,0,0,3.0,,-31,Stage 2
5307,term,North,personal,2023-06-29,702,690,2874.12,1319.57,,7.84,4,0,0,18.4,,-12,Stage 1
5308,term,West,auto,2022-03-27,693,664,19080.12,3781.12,,11.89,8,0,1,33.7,,-29,Stage 1
5309,revolving,East,auto,2023-10-09,560,524,24359.96,14143.24,21825.73,12.92,58,0,1,15.0,0.648,-36,Stage 2
5310,revolving,South,debt_consolidation,2021-02-11,626,617,2546.26,254.63,489.91,10.62,27,1,0,47.3,0.52,-9,Stage 2
5311,term,East,personal,2021-04-04,570,521,8625.57,862.56,,10.19,49,0,1,45.6,,-49,Stage 2
5312,term,West,auto,2022-05-01,636,631,7921.51,792.15,,9.8,15,1,0,32.5,,-5,Stage 2
5313,revolving,East,personal,2022-06-01,712,696,13590.21,1419.35,3575.68,10.58,5,1,0,31.5,0.397,-16,Stage 2
5314,revolving,North,personal,2024-03-19,691,672,7861.32,6711.35,19133.21,11.41,8,0,0,9.6,0.351,-19,Stage 1
5315,term,North,personal,2022-12-18,690,677,12107.21,3089.38,,11.26,3,0,0,24.8,,-13,Stage 1
5316,term,East,debt_consolidation,2022-05-14,617,608,15730.5,4808.91,,10.83,35,0,0,32.1,,-9,Stage 2
5317,term,South,debt_consolidation,2022-01-06,747,728,2561.97,256.2,,7.68,3,0,0,36.4,,-19,Stage 1
5318,revolving,East,personal,2023-09-08,678,658,10875.8,8042.91,16939.85,12.04,8,0,0,16.0,0.475,-20,Stage 1
5319,term,West,personal,2022-11-30,682,675,9249.55,5150.22,,10.73,11,1,0,25.4,,-7,Stage 2
5320,term,South,personal,2022-04-30,736,736,10902.6,5577.82,,10.17,2,0,0,32.6,,0,Stage 1
5321,term,East,home_improvement,2022-10-27,620,615,10890.51,2854.88,,8.34,22,0,0,26.6,,-5,Stage 1
5322,term,East,home_improvement,2024-11-07,693,669,2142.2,2049.97,,11.97,4,0,0,1.8,,-24,Stage 1
5323,term,South,debt_consolidation,2022-09-20,705,682,40354.92,27944.11,,3.0,4,0,0,27.8,,-23,Stage 1
5324,revolving,East,personal,2023-01-02,647,636,14163.49,8529.14,20853.26,8.84,20,0,0,24.3,0.409,-11,Stage 1
5325,term,West,home_improvement,2021-07-11,719,703,25944.75,12670.59,,7.84,2,0,0,42.3,,-16,Stage 1
5326,term,North,auto,2023-04-16,708,701,6198.95,3874.72,,7.58,2,0,0,20.9,,-7,Stage 1
5327,term,West,auto,2024-05-29,673,664,30618.46,24573.34,,8.22,12,0,0,7.2,,-9,Stage 1
5328,term,East,personal,2023-12-07,672,640,13920.48,10582.01,,5.91,15,0,0,13.0,,-32,Stage 2
5329,term,North,home_improvement,2021-05-07,711,719,20469.83,10568.27,,7.97,2,0,0,44.5,,8,Stage 1
5330,term,South,auto,2022-12-28,727,722,3366.3,2005.8,,5.47,0,0,0,24.5,,-5,Stage 1
5331,term,West,debt_consolidation,2023-10-28,683,663,9636.37,6266.52,,10.24,7,0,0,14.4,,-20,Stage 1
5332,term,South,auto,2022-11-27,747,742,14753.61,7385.11,,11.83,3,0,0,25.5,,-5,Stage 1
5333,term,North,debt_consolidation,2024-02-14,719,711,40528.23,29721.7,,12.15,0,0,0,10.7,,-8,Stage 1
5334,term,East,auto,2022-07-18,572,545,18670.95,4758.86,,10.65,50,0,0,29.9,,-27,Stage 2
5335,revolving,North,auto,2022-01-01,595,578,4841.24,484.12,1219.99,7.32,38,0,0,36.5,0.397,-17,Stage 2
5336,revolving,North,home_improvement,2023-12-06,750,739,5432.59,3588.69,7007.26,5.68,2,0,0,13.1,0.512,-11,Stage 1
5337,term,South,auto,2022-01-28,665,650,2899.78,475.6,,7.05,8,0,0,35.6,,-15,Stage 1
5338,term,West,auto,2023-08-12,689,672,6700.77,4236.38,,8.05,7,0,0,16.9,,-17,Stage 1
5339,revolving,North,debt_consolidation,2021-01-23,748,746,30951.5,13547.58,28452.78,7.11,0,0,0,48.0,0.476,-2,Stage 1
5340,term,East,debt_consolidation,2024-02-29,679,666,17753.12,15245.66,,16.29,4,0,0,10.2,,-13,Stage 1
5341,revolving,North,auto,2024-02-25,682,647,20591.58,14798.19,30240.55,11.11,10,0,0,10.4,0.489,-35,Stage 2
5342,revolving,South,personal,2022-03-21,627,598,31051.12,3105.11,5483.19,10.74,23,0,0,33.9,0.566,-29,Stage 1
5343,term,West,auto,2023-02-16,702,672,20929.05,11048.29,,9.93,3,0,0,22.8,,-30,Stage 2
5344,term,East,auto,2024-08-25,715,723,3763.25,3340.78,,7.49,3,0,0,4.3,,8,Stage 1
5345,revolving,South,home_improvement,2022-12-09,645,635,24258.28,14706.57,37386.63,9.41,15,0,1,25.1,0.393,-10,Stage 1
5346,term,North,auto,2022-03-09,624,589,46441.64,29765.54,,11.09,19,0,0,34.3,,-35,Stage 2
5347,term,North,auto,2022-04-18,837,850,3877.18,1624.76,,11.89,15,0,1,33.0,,13,Stage 1
5348,term,West,debt_consolidation,2021-02-17,674,654,15883.01,1588.3,,9.89,9,0,0,47.1,,-20,Stage 1
5349,term,South,debt_consolidation,2024-01-11,638,619,30262.49,26336.92,,11.29,16,0,0,11.9,,-19,Stage 1
5350,term,South,debt_consolidation,2024-02-07,722,692,25364.74,22005.74,,7.56,3,0,0,11.0,,-30,Stage 2
5351,revolving,West,debt_consolidation,2021-09-20,676,665,46764.07,14639.55,22736.18,4.29,12,0,0,40.0,0.644,-11,Stage 1
5352,revolving,East,auto,2023-11-21,614,595,31104.63,23927.45,56035.02,12.95,25,0,0,13.6,0.427,-19,Stage 1
5353,term,South,personal,2021-12-24,708,679,7563.78,1845.76,,7.22,2,1,0,36.8,,-29,Stage 2
5354,term,West,home_improvement,2022-07-22,628,619,27640.51,10895.43,,7.2,25,0,0,29.8,,-9,Stage 1
5355,term,South,home_improvement,2022-04-25,774,783,13117.11,8505.35,,6.37,0,0,0,32.7,,9,Stage 1
5356,term,West,personal,2023-05-17,709,700,10592.7,6204.29,,9.93,3,0,0,19.8,,-9,Stage 1
5357,term,North,personal,2024-04-27,663,642,7833.69,7030.77,,7.39,15,0,0,8.3,,-21,Stage 1
5358,revolving,North,home_improvement,2023-10-26,686,669,28082.74,18313.21,53704.61,13.46,6,0,0,14.4,0.341,-17,Stage 1
5359,revolving,South,auto,2024-08-02,734,743,4357.84,3721.15,9878.22,13.38,0,0,0,5.1,0.377,9,Stage 1
5360,term,South,home_improvement,2024-11-18,691,696,15342.72,14669.29,,10.16,7,0,0,1.5,,5,Stage 1
5361,term,North,personal,2022-12-09,807,804,7962.79,4186.56,,6.9,10,0,0,25.1,,-3,Stage 1
5362,term,East,auto,2022-03-02,748,725,13716.08,2840.49,,14.58,1,0,0,34.5,,-23,Stage 1
5363,term,West,home_improvement,2023-11-17,709,697,11590.84,8307.08,,12.46,3,0,0,13.7,,-12,Stage 1
5364,term,East,auto,2021-05-07,623,613,14086.31,5597.0,,7.0,25,1,1,44.5,,-10,Stage 2
5365,term,East,auto,2021-05-15,671,648,17851.15,2468.9,,10.27,10,1,0,44.2,,-23,Stage 2
5366,revolving,East,personal,2021-11-27,708,687,7066.59,706.66,1408.62,9.86,2,0,0,37.7,0.502,-21,Stage 1
5367,term,North,debt_consolidation,2022-01-27,630,627,4400.94,1204.94,,10.77,20,0,0,35.7,,-3,Stage 1
5368,term,South,home_improvement,2021-01-08,757,738,6893.46,689.35,,9.44,3,0,0,48.5,,-19,Stage 1
5369,revolving,East,personal,2022-09-05,621,612,15395.01,5971.24,10109.72,9.07,28,1,1,28.3,0.591,-9,Stage 2
5370,term,North,home_improvement,2024-07-08,641,621,13787.55,12179.18,,17.82,18,0,0,5.9,,-20,Stage 1
5371,term,West,debt_consolidation,2024-05-07,646,626,6960.71,6329.36,,10.79,11,0,0,8.0,,-20,Stage 1
5372,term,South,debt_consolidation,2022-08-21,724,719,15236.75,2583.33,,7.05,1,0,0,28.8,,-5,Stage 1
5373,term,West,debt_consolidation,2022-01-21,631,609,29228.66,15930.0,,7.84,18,1,0,35.9,,-22,Stage 2
5374,revolving,East,debt_consolidation,2022-04-17,572,542,13916.36,2643.18,4016.5,14.69,55,0,1,33.0,0.658,-30,Stage 2
5375,term,South,home_improvement,2021-06-28,745,730,6545.79,2074.51,,8.15,0,0,0,42.8,,-15,Stage 1
5376,revolving,East,auto,2022-03-26,653,631,3479.82,1572.08,3709.0,6.38,11,0,0,33.7,0.424,-22,Stage 1
5377,term,South,auto,2024-06-17,615,598,13737.01,11896.89,,9.37,39,0,1,6.6,,-17,Stage 2
5378,term,East,debt_consolidation,2023-03-26,634,601,6002.79,3503.66,,8.65,18,0,0,21.6,,-33,Stage 2
5379,revolving,West,debt_consolidation,2024-04-21,783,791,10200.3,9184.07,25189.3,13.42,2,0,0,8.5,0.365,8,Stage 1
5380,term,West,auto,2021-12-24,640,618,18187.36,9313.98,,13.99,24,0,0,36.8,,-22,Stage 1
5381,term,East,personal,2022-01-11,672,644,16927.76,1692.78,,8.35,13,0,0,36.2,,-28,Stage 1
5382,term,South,debt_consolidation,2022-12-03,653,633,30051.9,15940.84,,11.73,21,0,0,25.3,,-20,Stage 1
5383,term,West,auto,2023-04-18,606,586,2288.25,1446.7,,8.85,41,0,0,20.8,,-20,Stage 2
5384,term,South,personal,2022-06-22,635,606,11331.29,4279.97,,6.83,20,0,0,30.8,,-29,Stage 1
5385,term,South,auto,2023-02-21,601,590,11647.14,7788.21,,14.64,23,0,0,22.7,,-11,Stage 1
5386,term,West,personal,2021-03-23,737,739,15515.4,7086.99,,15.12,0,0,0,46.0,,2,Stage 1
5387,term,North,home_improvement,2024-10-13,686,678,4911.54,4545.56,,10.33,8,0,0,2.7,,-8,Stage 1
5388,revolving,North,personal,2021-07-04,828,830,7499.29,3431.67,7696.34,7.4,8,0,0,42.6,0.446,2,Stage 1
5389,term,South,debt_consolidation,2021-10-15,637,625,4436.17,502.58,,6.35,24,0,0,39.1,,-12,Stage 1
5390,revolving,West,personal,2023-12-22,628,618,16427.02,11488.26,32306.95,11.28,31,1,0,12.5,0.356,-10,Stage 2
5391,term,North,personal,2023-06-02,772,763,7195.48,5782.07,,13.29,1,0,0,19.3,,-9,Stage 1
5392,term,East,debt_consolidation,2022-05-22,743,736,25075.37,5352.7,,9.76,0,0,0,31.8,,-7,Stage 1
5393,revolving,South,home_improvement,2021-01-30,703,690,22634.64,2263.46,5698.27,12.63,5,0,0,47.7,0.397,-13,Stage 1
5394,term,North,personal,2023-07-25,613,587,27301.29,14394.2,,8.71,34,0,0,17.5,,-26,Stage 2
5395,revolving,West,home_improvement,2021-01-31,784,797,9392.79,1349.19,3058.03,7.68,3,0,0,47.7,0.441,13,Stage 1
5396,term,West,auto,2024-08-09,675,671,9449.85,8979.95,,10.13,12,0,0,4.8,,-4,Stage 1
5397,term,South,auto,2024-04-11,654,646,10021.37,7525.68,,3.34,12,0,0,8.8,,-8,Stage 1
5398,term,West,debt_consolidation,2024-02-26,748,748,6610.96,4791.58,,7.92,0,0,0,10.3,,0,Stage 1
5399,term,East,home_improvement,2021-03-27,678,663,4078.41,407.84,,11.84,7,0,0,45.9,,-15,Stage 1
5400,revolving,East,debt_consolidation,2024-08-31,610,584,5724.39,5027.64,9160.94,3.0,23,0,0,4.1,0.549,-26,Stage 1
5401,term,North,debt_consolidation,2021-01-28,682,672,34566.36,10490.17,,5.54,7,0,0,47.8,,-10,Stage 1
5402,revolving,West,personal,2021-05-02,633,596,8596.3,2653.03,6770.86,8.99,15,0,0,44.7,0.392,-37,Stage 2
5403,revolving,East,auto,2024-06-28,499,469,40701.36,36199.39,58525.77,5.82,87,0,0,6.2,0.619,-30,Stage 2
5404,term,South,debt_consolidation,2022-07-27,627,615,8189.62,5347.95,,7.97,19,0,0,29.6,,-12,Stage 1
5405,term,West,personal,2022-02-07,648,620,15029.58,1502.96,,3.3,20,0,0,35.3,,-28,Stage 1
5406,revolving,North,personal,2022-11-14,610,572,16844.4,5940.24,16067.28,11.32,26,1,1,26.0,0.37,-38,Stage 2
5407,revolving,South,home_improvement,2021-09-29,714,709,13396.16,7591.76,21446.35,12.68,2,0,0,39.7,0.354,-5,Stage 1
5408,term,South,auto,2023-04-17,633,597,8225.18,4175.82,,4.85,23,0,1,20.8,,-36,Stage 2
5409,term,South,home_improvement,2021-04-23,708,700,1802.37,773.2,,10.04,4,0,0,45.0,,-8,Stage 1
5410,term,East,home_improvement,2024-11-18,606,574,12412.01,11944.32,,8.8,30,0,0,1.5,,-32,Stage 2
5411,term,South,debt_consolidation,2021-01-19,734,712,6516.73,651.67,,10.79,1,0,0,48.1,,-22,Stage 1
5412,term,East,home_improvement,2022-08-28,603,585,8564.79,3397.66,,13.83,25,0,0,28.6,,-18,Stage 1
5413,revolving,South,debt_consolidation,2022-04-10,539,519,8082.54,3595.69,5750.06,5.97,84,0,1,33.2,0.625,-20,Stage 2
5414,term,East,home_improvement,2022-11-22,754,745,34529.59,13228.66,,13.18,1,0,0,25.7,,-9,Stage 1
5415,term,West,personal,2023-10-08,628,615,5439.24,4150.6,,14.48,26,0,0,15.0,,-13,Stage 1
5416,term,East,auto,2024-04-29,785,777,40059.13,36616.62,,4.2,2,1,0,8.2,,-8,Stage 2
5417,term,East,auto,2023-10-11,713,712,45961.08,26530.51,,12.37,2,0,0,14.9,,-1,Stage 1
5418,term,West,auto,2021-06-12,727,714,24489.26,11525.94,,6.83,0,0,0,43.3,,-13,Stage 1
5419,term,South,personal,2022-11-30,742,750,1000.0,348.08,,11.32,1,0,0,25.4,,8,Stage 1
5420,term,West,personal,2021-10-22,686,650,3934.88,1267.73,,7.05,6,0,0,38.9,,-36,Stage 2
5421,term,South,home_improvement,2022-08-02,687,668,28129.01,12308.44,,7.75,9,0,0,29.4,,-19,Stage 1
5422,term,East,home_improvement,2024-01-02,756,748,5072.41,4142.94,,7.46,3,0,0,12.2,,-8,Stage 1
5423,revolving,South,home_improvement,2022-12-02,686,656,14308.1,9681.59,19743.4,6.52,9,0,0,25.4,0.49,-30,Stage 2
5424,term,East,home_improvement,2024-08-25,636,622,8095.36,7713.83,,11.65,20,0,0,4.3,,-14,Stage 1
5425,term,South,auto,2021-10-29,715,704,29758.5,17879.59,,10.86,1,0,0,38.7,,-11,Stage 1
5426,term,East,home_improvement,2024-08-24,553,529,13586.84,12314.89,,10.93,64,0,1,4.3,,-24,Stage 2
5427,revolving,East,personal,2021-05-04,759,747,15176.18,1517.62,4337.52,8.3,1,0,0,44.6,0.35,-12,Stage 1
5428,term,North,personal,2022-10-31,760,745,58726.19,36143.67,,8.6,0,0,0,26.4,,-15,Stage 1
5429,term,South,personal,2024-07-08,751,740,40522.21,37760.52,,10.53,2,0,0,5.9,,-11,Stage 1
5430,revolving,South,debt_consolidation,2021-07-14,749,731,13531.7,1762.27,4684.47,6.98,1,0,0,42.2,0.376,-18,Stage 1
5431,term,North,debt_consolidation,2023-04-22,674,655,1303.12,765.31,,7.93,8,0,0,20.7,,-19,Stage 1
5432,term,East,debt_consolidation,2021-12-17,673,671,21684.64,2168.46,,12.17,7,0,0,37.0,,-2,Stage 1
5433,term,East,home_improvement,2022-05-04,606,584,50088.92,27445.65,,10.57,35,0,0,32.4,,-22,Stage 2
5434,term,North,auto,2021-07-19,784,790,1827.62,182.76,,12.87,2,0,0,42.1,,6,Stage 1
5435,term,North,auto,2023-06-03,650,627,23572.65,18419.02,,3.0,16,0,0,19.3,,-23,Stage 1
5436,revolving,West,home_improvement,2022-05-23,700,678,30863.69,10814.93,17255.48,13.8,4,0,0,31.8,0.627,-22,Stage 1
5437,term,East,home_improvement,2023-06-17,695,684,13508.07,7697.19,,12.17,2,0,0,18.8,,-11,Stage 1
5438,revolving,West,debt_consolidation,2022-03-22,599,574,14652.15,7356.59,16790.39,12.23,38,0,1,33.9,0.438,-25,Stage 2
5439,term,South,personal,2021-03-21,575,557,13768.08,6757.76,,4.56,53,0,0,46.1,,-18,Stage 2
5440,revolving,West,personal,2023-01-15,680,678,4610.41,3309.72,7329.19,7.74,15,0,0,23.9,0.452,-2,Stage 1
5441,term,North,debt_consolidation,2022-11-29,652,643,61855.56,18374.08,,8.12,20,1,0,25.5,,-9,Stage 2
5442,term,North,debt_consolidation,2023-07-20,674,679,3153.48,2594.52,,9.9,7,0,0,17.7,,5,Stage 1
5443,term,North,auto,2022-10-16,743,737,23788.9,13928.01,,14.72,1,0,0,26.9,,-6,Stage 1
5444,revolving,North,debt_consolidation,2023-06-21,693,686,22659.2,10145.42,26568.16,10.01,13,0,0,18.7,0.382,-7,Stage 1
5445,term,West,personal,2021-09-29,725,728,5127.38,1551.13,,12.91,3,0,0,39.7,,3,Stage 1
5446,term,West,personal,2024-09-28,706,703,14448.98,13880.47,,13.57,3,0,0,3.2,,-3,Stage 1
5447,term,West,home_improvement,2021-05-04,661,654,4182.58,2105.48,,11.46,12,0,0,44.6,,-7,Stage 1
5448,term,North,auto,2024-05-31,619,597,19296.67,15321.46,,10.07,32,0,0,7.2,,-22,Stage 2
5449,term,North,home_improvement,2022-11-17,695,682,32063.61,9169.92,,13.11,5,0,0,25.9,,-13,Stage 1
5450,term,East,auto,2022-10-14,685,668,14924.22,10210.24,,4.66,6,0,0,27.0,,-17,Stage 1
5451,term,East,home_improvement,2021-10-24,734,724,22757.95,3537.61,,11.29,2,0,0,38.8,,-10,Stage 1
5452,term,North,auto,2024-02-17,670,654,5700.74,4341.48,,13.99,8,1,0,10.6,,-16,Stage 2
5453,term,East,debt_consolidation,2023-02-26,662,638,5640.52,2593.11,,9.82,10,0,0,22.5,,-24,Stage 1
5454,term,South,personal,2024-01-05,666,638,13973.33,11813.81,,11.15,18,0,0,12.1,,-28,Stage 1
5455,revolving,South,debt_consolidation,2022-09-13,624,590,3805.17,2359.22,6619.2,12.45,25,0,0,28.0,0.356,-34,Stage 2
5456,term,North,auto,2023-08-31,766,775,5165.88,2741.44,,8.25,1,0,0,16.3,,9,Stage 1
5457,term,West,auto,2023-05-31,748,738,7859.61,4410.13,,18.41,0,0,0,19.4,,-10,Stage 1
5458,term,South,home_improvement,2024-07-05,607,588,19364.11,17383.88,,5.75,27,0,0,6.0,,-19,Stage 1
5459,revolving,South,auto,2021-12-17,728,718,5578.9,557.89,891.11,3.72,1,0,0,37.0,0.626,-10,Stage 1
5460,revolving,West,debt_consolidation,2024-07-24,569,553,13102.39,11658.48,20659.47,11.45,58,1,0,5.4,0.564,-16,Stage 2
5461,revolving,East,auto,2021-09-12,739,719,23582.12,12000.48,21909.5,7.47,0,0,0,40.2,0.548,-20,Stage 1
5462,term,West,auto,2024-07-11,638,616,8765.33,7482.28,,9.85,20,0,0,5.8,,-22,Stage 1
5463,term,East,home_improvement,2022-11-10,701,684,8970.19,2684.94,,10.13,4,0,0,26.1,,-17,Stage 1
5464,term,East,auto,2021-01-29,564,534,19476.2,9278.63,,10.63,46,0,0,47.8,,-30,Stage 2
5465,term,West,home_improvement,2022-04-12,608,593,15358.78,9087.51,,5.35,30,0,0,33.2,,-15,Stage 2
5466,term,East,personal,2023-11-25,708,696,9693.91,7804.83,,7.05,4,0,0,13.4,,-12,Stage 1
5467,revolving,South,home_improvement,2023-01-19,637,610,6372.86,4420.0,10133.16,12.7,24,0,0,23.8,0.436,-27,Stage 1
5468,revolving,North,auto,2024-08-10,629,607,7682.15,6792.5,17561.76,7.64,19,0,0,4.8,0.387,-22,Stage 1
5469,revolving,East,personal,2022-08-25,763,756,23940.88,15829.55,25352.56,8.9,1,0,0,28.7,0.624,-7,Stage 1
5470,term,South,auto,2024-05-11,812,819,8768.33,7950.22,,7.5,4,0,0,7.8,,7,Stage 1
5471,term,West,home_improvement,2023-01-10,736,703,66300.21,18550.54,,10.66,3,0,0,24.1,,-33,Stage 2
5472,term,East,debt_consolidation,2023-07-20,614,587,6933.56,4370.32,,7.91,26,1,1,17.7,,-27,Stage 2
5473,term,South,personal,2023-12-28,785,785,20829.62,16269.37,,14.04,3,0,0,12.3,,0,Stage 1
5474,revolving,East,debt_consolidation,2021-05-11,586,566,21517.78,5493.75,12562.53,6.8,52,0,0,44.4,0.437,-20,Stage 2
5475,term,West,debt_consolidation,2021-04-21,661,653,17568.19,2404.05,,4.85,12,0,0,45.0,,-8,Stage 1
5476,term,North,personal,2022-06-08,683,662,3474.09,1819.97,,5.53,9,0,0,31.3,,-21,Stage 1
5477,term,East,debt_consolidation,2024-08-04,795,791,27274.09,23374.41,,12.58,4,0,0,5.0,,-4,Stage 1
5478,term,North,debt_consolidation,2022-11-18,734,710,12796.32,3311.93,,5.5,3,0,0,25.8,,-24,Stage 1
5479,revolving,East,debt_consolidation,2023-04-11,652,635,33327.46,12801.08,31623.11,5.05,15,0,0,21.0,0.405,-17,Stage 1
5480,term,East,debt_consolidation,2022-10-28,623,625,10391.52,2598.07,,11.42,27,0,1,26.5,,2,Stage 1
5481,revolving,West,personal,2023-12-03,740,735,10268.36,6392.69,17167.48,14.53,0,0,0,13.2,0.372,-5,Stage 1
5482,term,East,auto,2023-05-25,647,621,18255.64,11495.11,,15.56,19,1,0,19.6,,-26,Stage 2
5483,term,South,debt_consolidation,2024-08-10,693,682,12814.23,11856.56,,8.75,4,0,0,4.8,,-11,Stage 1
5484,revolving,South,personal,2021-10-12,597,551,3745.08,1232.83,3569.67,3.0,30,0,0,39.2,0.345,-46,Stage 2
5485,term,North,personal,2023-04-03,714,711,23970.6,11090.12,,8.57,2,0,0,21.3,,-3,Stage 1
5486,revolving,North,personal,2022-07-18,709,711,3074.68,1904.42,5448.51,12.81,4,0,0,29.9,0.35,2,Stage 1
5487,term,South,personal,2021-01-19,605,578,26774.43,13778.56,,5.98,31,0,1,48.1,,-27,Stage 2
5488,term,North,home_improvement,2022-07-01,741,726,5989.63,1571.04,,7.45,1,0,0,30.5,,-15,Stage 1
5489,term,North,auto,2021-02-17,713,698,47487.87,4748.79,,10.09,3,0,0,47.1,,-15,Stage 1
5490,revolving,South,auto,2021-08-07,724,711,3631.95,363.19,754.04,12.74,4,0,0,41.4,0.482,-13,Stage 1
5491,term,South,debt_consolidation,2023-02-05,657,644,4064.87,1926.72,,6.25,11,0,0,23.2,,-13,Stage 1
5492,revolving,South,personal,2024-04-26,690,679,5748.33,5117.89,14011.37,12.4,5,0,0,8.3,0.365,-11,Stage 1
5493,term,West,home_improvement,2021-01-31,683,668,26139.64,2613.96,,11.3,8,0,0,47.7,,-15,Stage 1
5494,term,West,personal,2021-09-16,671,655,19830.34,1983.03,,8.4,7,1,0,40.1,,-16,Stage 2
5495,term,South,debt_consolidation,2024-09-29,690,670,27675.03,25789.5,,11.5,4,0,0,3.1,,-20,Stage 1
5496,term,East,auto,2021-11-04,755,756,21081.97,9639.22,,12.2,1,0,0,38.5,,1,Stage 1
5497,term,South,debt_consolidation,2023-12-31,744,738,12682.58,10569.61,,14.15,0,0,0,12.2,,-6,Stage 1
5498,revolving,West,debt_consolidation,2021-11-03,609,569,31744.97,14954.39,22740.81,13.72,30,0,0,38.5,0.658,-40,Stage 2
5499,term,North,debt_consolidation,2022-07-22,739,739,40234.8,11375.97,,5.76,1,0,0,29.8,,0,Stage 1
5500,term,East,debt_consolidation,2024-01-28,751,743,5267.55,3701.73,,10.62,1,0,0,11.3,,-8,Stage 1
5501,term,East,debt_consolidation,2021-01-21,670,650,30484.97,11245.97,,9.05,10,0,0,48.0,,-20,Stage 1
5502,term,North,debt_consolidation,2023-10-27,710,717,30135.89,17281.36,,10.29,3,0,0,14.4,,7,Stage 1
5503,term,East,debt_consolidation,2021-08-19,709,702,6122.6,612.26,,9.32,3,0,0,41.0,,-7,Stage 1
5504,term,North,auto,2021-03-23,629,614,7844.02,1523.2,,9.67,15,0,0,46.0,,-15,Stage 1
5505,term,West,auto,2023-08-16,657,633,25008.06,18279.84,,9.14,4,0,0,16.8,,-24,Stage 1
5506,term,East,personal,2021-08-05,725,710,8817.72,881.77,,7.31,2,0,0,41.5,,-15,Stage 1
5507,term,East,personal,2021-12-01,650,645,15209.58,3513.47,,9.91,10,0,0,37.6,,-5,Stage 1
5508,term,North,home_improvement,2022-07-13,738,756,16042.91,7781.28,,11.95,0,0,0,30.1,,18,Stage 1
5509,term,North,home_improvement,2023-05-14,758,763,5681.45,4277.27,,8.62,1,0,0,19.9,,5,Stage 1
5510,term,West,auto,2023-05-24,748,717,5694.65,3218.75,,7.63,4,0,0,19.6,,-31,Stage 2
5511,term,North,auto,2023-01-23,798,791,4820.59,2571.57,,9.82,2,0,0,23.6,,-7,Stage 1
5512,revolving,North,home_improvement,2022-08-17,674,658,20186.34,5973.52,14471.2,10.31,7,0,0,28.9,0.413,-16,Stage 1
5513,revolving,West,auto,2022-12-05,690,675,3625.65,908.43,2265.28,7.12,3,0,0,25.3,0.401,-15,Stage 1
5514,revolving,South,home_improvement,2023-07-14,699,685,26565.77,17529.97,48359.43,7.97,2,0,0,17.9,0.362,-14,Stage 1
5515,term,South,personal,2022-07-07,676,646,8459.49,913.75,,5.8,8,0,0,30.3,,-30,Stage 2
5516,revolving,North,auto,2023-02-22,712,721,15085.02,11389.23,19941.59,10.18,3,1,0,22.6,0.571,9,Stage 2
5517,revolving,West,auto,2021-03-28,577,554,4606.76,460.68,847.44,8.2,41,0,1,45.8,0.544,-23,Stage 2
5518,revolving,South,home_improvement,2022-05-28,692,671,48140.73,7714.09,14027.06,13.31,7,0,0,31.6,0.55,-21,Stage 1
5519,term,West,debt_consolidation,2023-09-11,597,565,21382.17,16582.62,,10.76,37,0,0,15.9,,-32,Stage 2
5520,term,North,debt_consolidation,2023-10-06,622,605,20759.83,14387.45,,11.26,28,0,0,15.1,,-17,Stage 1
5521,revolving,North,personal,2022-08-10,723,711,22248.78,5138.92,10552.0,9.67,2,0,0,29.2,0.487,-12,Stage 1
5522,term,West,auto,2022-05-13,668,653,19487.18,7020.48,,11.84,12,0,0,32.1,,-15,Stage 1
5523,term,East,auto,2023-06-26,721,716,5266.1,3151.02,,4.33,1,0,0,18.5,,-5,Stage 1
5524,term,North,home_improvement,2023-08-14,666,644,6618.3,5361.62,,9.14,15,0,0,16.9,,-22,Stage 1
5525,term,North,debt_consolidation,2023-01-13,746,757,12480.8,4287.0,,8.26,0,0,0,24.0,,11,Stage 1
5526,term,North,debt_consolidation,2022-03-25,665,625,20034.47,13165.75,,12.63,13,0,0,33.8,,-40,Stage 2
5527,term,North,personal,2022-08-11,562,524,23940.13,9827.45,,5.37,54,0,1,29.1,,-38,Stage 2
5528,term,West,debt_consolidation,2021-09-17,693,688,7139.42,1563.53,,9.87,6,0,0,40.1,,-5,Stage 1
5529,term,West,debt_consolidation,2024-05-08,549,510,11609.69,10532.21,,13.07,53,0,0,7.9,,-39,Stage 2
5530,term,West,debt_consolidation,2022-04-08,592,564,42150.76,21664.26,,8.92,37,1,0,33.3,,-28,Stage 2
5531,term,West,home_improvement,2021-04-04,627,618,10027.5,1002.75,,8.91,31,0,1,45.6,,-9,Stage 2
5532,term,East,debt_consolidation,2023-10-18,619,601,27376.14,16133.43,,10.05,24,0,0,14.7,,-18,Stage 1
5533,term,West,personal,2024-10-07,647,629,3128.97,3009.13,,8.57,12,0,0,2.9,,-18,Stage 1
5534,revolving,West,debt_consolidation,2024-02-06,617,605,10270.4,6972.55,12418.48,10.43,28,0,0,11.0,0.561,-12,Stage 1
5535,term,North,personal,2021-12-21,595,563,30615.31,15271.47,,12.54,34,0,0,36.9,,-32,Stage 2
5536,term,East,home_improvement,2022-04-14,772,774,35357.35,9253.09,,10.19,1,0,0,33.1,,2,Stage 1
5537,term,North,home_improvement,2021-04-05,639,624,18231.41,1823.14,,9.15,30,0,0,45.6,,-15,Stage 2
5538,revolving,East,personal,2023-05-18,546,502,1601.35,857.26,1833.98,11.59,70,1,0,19.8,0.467,-44,Stage 2
5539,term,South,home_improvement,2021-04-01,658,632,1433.73,143.37,,13.8,16,1,0,45.7,,-26,Stage 2
5540,term,East,auto,2023-12-04,612,571,17174.87,12409.86,,7.28,29,0,0,13.1,,-41,Stage 2
5541,term,East,auto,2023-08-13,626,607,18370.93,15096.08,,14.92,17,0,0,16.9,,-19,Stage 1
5542,term,North,auto,2022-01-19,722,725,51116.42,13286.71,,7.48,4,1,0,35.9,,3,Stage 2
5543,revolving,East,auto,2021-01-23,653,627,7326.55,732.65,1777.19,10.34,18,0,0,48.0,0.412,-26,Stage 1
5544,revolving,East,auto,2021-01-23,610,562,4459.05,445.9,922.75,10.2,22,0,0,48.0,0.483,-48,Stage 2
5545,term,North,home_improvement,2024-06-11,706,694,11964.37,10895.62,,10.37,2,0,0,6.8,,-12,Stage 1
5546,term,South,personal,2021-11-07,748,754,9540.81,4375.18,,4.28,1,0,0,38.4,,6,Stage 1
5547,term,South,home_improvement,2024-12-11,712,698,21742.25,21309.14,,5.49,0,1,0,0.7,,-14,Stage 2
5548,term,South,debt_consolidation,2024-09-18,532,503,24492.18,23426.02,,8.02,68,0,1,3.5,,-29,Stage 2
5549,term,East,auto,2022-07-29,613,567,11655.67,7321.87,,7.23,27,0,0,29.6,,-46,Stage 2
5550,term,North,auto,2021-04-13,682,673,23634.31,2363.43,,10.75,8,0,1,45.3,,-9,Stage 1
5551,term,South,home_improvement,2022-05-15,665,663,5619.33,561.93,,12.78,11,0,0,32.1,,-2,Stage 1
5552,term,South,debt_consolidation,2023-04-08,660,661,16314.81,11189.33,,3.03,17,0,0,21.1,,1,Stage 1
5553,revolving,South,home_improvement,2021-07-08,621,608,1000.0,179.1,464.04,5.72,23,0,0,42.4,0.386,-13,Stage 1
5554,term,South,personal,2022-04-05,595,594,7203.77,3242.47,,7.57,31,0,0,33.4,,-1,Stage 2
5555,revolving,North,auto,2021-07-08,800,810,20342.85,2034.28,3279.12,5.79,4,0,0,42.4,0.62,10,Stage 1
5556,revolving,South,home_improvement,2021-12-17,681,665,40833.2,9513.21,22143.74,8.15,5,0,0,37.0,0.43,-16,Stage 1
5557,term,East,personal,2022-08-04,718,704,6355.75,2259.65,,6.58,1,0,0,29.4,,-14,Stage 1
5558,revolving,East,auto,2021-04-24,680,649,16659.45,1665.94,3228.22,10.62,7,0,0,44.9,0.516,-31,Stage 2
5559,term,North,auto,2021-04-14,682,661,6121.45,612.14,,17.29,6,0,0,45.3,,-21,Stage 1
5560,term,West,auto,2022-09-12,676,650,9791.83,6049.83,,6.58,14,0,0,28.1,,-26,Stage 1
5561,term,South,debt_consolidation,2024-09-30,612,596,19068.12,17470.84,,12.91,20,0,0,3.1,,-16,Stage 1
5562,revolving,South,home_improvement,2023-11-11,589,550,5112.55,4232.17,10656.26,17.05,37,0,0,13.9,0.397,-39,Stage 2
5563,term,East,auto,2022-01-22,703,681,9777.01,2040.15,,7.13,4,1,0,35.8,,-22,Stage 2
5564,term,North,auto,2023-08-02,691,687,15295.49,10036.96,,15.62,3,0,0,17.3,,-4,Stage 1
5565,revolving,West,personal,2023-05-05,736,723,16149.65,10340.85,22777.09,6.51,3,0,0,20.2,0.454,-13,Stage 1
5566,term,East,home_improvement,2024-05-17,724,724,14079.84,11868.69,,12.85,2,0,0,7.6,,0,Stage 1
5567,term,West,personal,2022-04-28,631,627,15294.67,7702.59,,6.73,25,0,0,32.6,,-4,Stage 1
5568,revolving,North,home_improvement,2022-04-18,747,732,7572.61,3071.55,5078.93,3.55,2,0,0,33.0,0.605,-15,Stage 1
5569,revolving,North,auto,2023-05-09,725,719,6625.17,5198.14,13690.73,12.24,2,1,0,20.1,0.38,-6,Stage 2
5570,revolving,North,debt_consolidation,2023-07-31,721,741,5271.58,2535.02,6401.96,10.68,2,0,0,17.3,0.396,20,Stage 1
5571,revolving,East,personal,2022-01-28,814,824,5970.53,3458.27,5516.69,8.87,10,1,0,35.6,0.627,10,Stage 2
5572,term,North,debt_consolidation,2022-05-31,802,813,5505.18,891.69,,4.15,10,0,0,31.5,,11,Stage 1
5573,revolving,East,debt_consolidation,2024-04-26,721,710,14273.07,12240.64,24223.51,13.06,2,0,0,8.3,0.505,-11,Stage 1
5574,term,East,debt_consolidation,2021-12-12,713,704,6118.8,611.88,,12.36,1,0,0,37.2,,-9,Stage 1
5575,term,South,home_improvement,2024-10-07,744,746,15330.12,14590.1,,3.62,3,0,0,2.9,,2,Stage 1
5576,term,East,home_improvement,2022-06-25,644,613,11829.83,1311.64,,9.77,18,0,0,30.7,,-31,Stage 2
5577,term,East,debt_consolidation,2021-02-16,645,612,17425.65,6784.03,,10.74,22,0,0,47.2,,-33,Stage 2
5578,revolving,South,auto,2024-01-06,720,715,13525.84,10745.71,18171.33,5.67,3,0,0,12.0,0.591,-5,Stage 1
5579,revolving,West,auto,2021-12-09,628,604,12521.46,1252.15,1945.0,12.1,24,0,0,37.3,0.644,-24,Stage 1
5580,term,South,debt_consolidation,2024-04-29,715,692,26484.84,23573.88,,16.58,1,0,0,8.2,,-23,Stage 1
5581,term,South,personal,2022-06-27,689,660,24783.01,8842.24,,12.31,4,0,0,30.6,,-29,Stage 1
5582,term,North,personal,2023-03-30,628,617,16551.25,12777.06,,14.35,27,0,1,21.4,,-11,Stage 1
5583,revolving,North,home_improvement,2023-11-26,681,666,24447.79,15375.37,40175.03,11.79,7,0,0,13.4,0.383,-15,Stage 1
5584,revolving,South,personal,2023-01-27,758,749,6006.82,3874.41,10139.21,5.69,2,0,0,23.5,0.382,-9,Stage 1
5585,term,North,auto,2024-12-18,684,669,10003.94,9821.67,,11.6,8,0,0,0.5,,-15,Stage 1
5586,term,South,debt_consolidation,2021-12-17,685,671,10268.22,3470.42,,5.14,4,0,0,37.0,,-14,Stage 1
5587,term,North,personal,2021-07-07,699,685,15763.37,5960.65,,7.5,10,1,0,42.5,,-14,Stage 2
5588,term,East,debt_consolidation,2021-11-30,707,679,3338.56,333.86,,8.28,5,0,0,37.6,,-28,Stage 1
5589,revolving,North,personal,2022-04-28,660,646,16403.26,5180.86,12857.25,7.94,14,1,0,32.6,0.403,-14,Stage 2
5590,term,North,home_improvement,2024-05-24,701,679,20150.58,17950.71,,6.63,3,0,0,7.4,,-22,Stage 1
5591,term,East,auto,2024-03-27,617,590,19660.35,14505.0,,8.25,23,0,0,9.3,,-27,Stage 1
5592,term,South,home_improvement,2022-10-29,632,615,3065.4,1580.27,,8.64,18,0,0,26.5,,-17,Stage 1
5593,term,North,debt_consolidation,2024-06-18,639,626,3697.65,3223.25,,12.87,22,0,0,6.6,,-13,Stage 1
5594,revolving,North,auto,2021-10-23,708,700,7408.8,1850.67,3240.05,10.29,5,0,0,38.9,0.571,-8,Stage 1
5595,term,East,auto,2021-02-14,689,677,41690.36,19290.8,,11.98,8,0,0,47.2,,-12,Stage 1
5596,term,East,home_improvement,2022-05-10,671,664,16690.12,10422.16,,8.3,5,0,0,32.2,,-7,Stage 1
5597,term,East,personal,2021-06-24,721,716,3876.56,387.66,,11.9,1,0,0,42.9,,-5,Stage 1
5598,term,West,home_improvement,2023-10-01,702,681,17480.78,10531.61,,3.22,7,0,0,15.3,,-21,Stage 1
5599,term,East,debt_consolidation,2024-10-01,662,654,14116.88,13040.93,,5.16,17,0,0,3.1,,-8,Stage 1
5600,revolving,South,personal,2021-02-25,617,602,19197.13,1919.71,4259.61,12.03,39,0,0,46.9,0.451,-15,Stage 2
5601,term,North,home_improvement,2021-12-07,630,610,12376.58,5355.25,,7.22,33,0,0,37.4,,-20,Stage 2
5602,term,North,home_improvement,2024-02-06,591,571,12833.13,8767.55,,9.32,33,0,0,11.0,,-20,Stage 2
5603,term,West,personal,2021-08-02,688,677,7317.81,3992.51,,3.0,4,1,0,41.6,,-11,Stage 2
5604,term,North,personal,2023-01-28,628,574,48879.54,24876.18,,7.86,21,0,0,23.5,,-54,Stage 2
5605,term,North,personal,2024-11-21,650,627,9665.12,9385.5,,5.26,19,0,0,1.4,,-23,Stage 1
5606,term,South,home_improvement,2022-07-04,672,654,11331.24,4831.26,,6.96,9,0,0,30.4,,-18,Stage 1
5607,revolving,North,personal,2022-05-12,742,734,8521.0,1860.46,5459.59,9.37,1,0,0,32.2,0.341,-8,Stage 1
5608,revolving,South,personal,2021-06-22,735,723,1433.16,421.88,1139.05,9.31,1,0,0,43.0,0.37,-12,Stage 1
5609,term,West,personal,2021-04-15,676,660,3452.96,842.42,,8.27,8,0,0,45.2,,-16,Stage 1
5610,term,South,auto,2022-04-24,755,758,14492.65,8965.59,,11.71,2,0,0,32.8,,3,Stage 1
5611,term,East,debt_consolidation,2024-11-23,559,530,9348.98,8985.68,,7.68,38,0,1,1.3,,-29,Stage 2
5612,term,East,personal,2022-03-10,792,790,2642.77,576.41,,8.21,4,0,0,34.3,,-2,Stage 1
5613,revolving,West,debt_consolidation,2022-10-04,721,692,21098.67,9176.08,27154.26,5.41,1,0,0,27.3,0.338,-29,Stage 1
5614,term,North,personal,2022-11-24,686,683,20648.41,14517.48,,12.64,12,0,0,25.6,,-3,Stage 1
5615,term,South,personal,2023-09-18,626,599,18381.59,13852.7,,6.56,25,0,0,15.7,,-27,Stage 1
5616,revolving,East,auto,2023-07-11,653,652,13716.11,8476.59,23149.91,4.77,19,0,0,18.0,0.366,-1,Stage 1
5617,revolving,South,auto,2021-07-13,716,697,36402.71,3640.27,7699.89,5.36,7,0,0,42.3,0.473,-19,Stage 1
5618,term,East,personal,2023-04-23,717,714,8797.98,4914.38,,9.59,2,0,0,20.6,,-3,Stage 1
5619,term,South,personal,2023-03-12,720,709,13664.34,4850.98,,8.71,0,0,0,22.0,,-11,Stage 1
5620,term,North,personal,2024-09-26,636,604,4683.13,4453.11,,8.33,11,0,0,3.2,,-32,Stage 2
5621,term,West,debt_consolidation,2021-02-28,624,611,3011.16,301.12,,12.01,28,0,0,46.8,,-13,Stage 1
5622,revolving,North,personal,2022-04-23,691,661,33047.91,6695.96,17805.95,6.05,8,0,0,32.8,0.376,-30,Stage 2
5623,revolving,South,debt_consolidation,2024-02-01,726,719,18345.65,16045.87,26286.24,10.48,2,0,0,11.2,0.61,-7,Stage 1
5624,revolving,East,auto,2022-06-17,680,666,16706.08,7896.01,13445.14,9.28,6,0,0,31.0,0.587,-14,Stage 1
5625,term,East,debt_consolidation,2022-08-15,768,758,47278.64,6198.27,,10.22,1,0,0,29.0,,-10,Stage 1
5626,revolving,West,personal,2023-04-19,681,678,2376.29,1738.97,4064.43,9.34,10,0,0,20.8,0.428,-3,Stage 1
5627,term,North,auto,2024-09-07,679,666,3848.97,3657.55,,6.75,9,0,0,3.9,,-13,Stage 1
5628,term,North,home_improvement,2022-07-03,720,728,41831.48,14327.14,,3.0,2,0,0,30.4,,8,Stage 1
5629,term,North,auto,2023-11-04,753,751,14012.71,9005.26,,11.44,0,0,0,14.1,,-2,Stage 1
5630,term,East,home_improvement,2021-08-09,599,579,13777.68,7766.0,,8.97,31,0,0,41.4,,-20,Stage 2
5631,revolving,West,debt_consolidation,2023-05-26,612,567,9738.87,6843.66,15734.95,9.37,29,0,0,19.5,0.435,-45,Stage 2
5632,term,East,auto,2024-11-15,661,651,13300.41,12900.06,,8.91,9,1,1,1.6,,-10,Stage 2
5633,term,North,auto,2022-11-09,850,850,17567.4,6708.72,,4.56,20,0,0,26.1,,0,Stage 1
5634,term,South,auto,2024-04-11,664,642,31076.43,26563.4,,9.68,11,1,0,8.8,,-22,Stage 2
5635,term,East,debt_consolidation,2022-10-24,672,649,37883.76,17135.82,,9.09,10,0,0,26.7,,-23,Stage 1
5636,term,West,personal,2022-11-15,717,705,22875.87,12072.29,,8.78,4,0,0,25.9,,-12,Stage 1
5637,term,North,debt_consolidation,2024-01-10,738,740,7271.46,5502.88,,14.15,1,0,0,11.9,,2,Stage 1
5638,revolving,South,auto,2021-12-02,690,665,26766.65,3099.97,7269.36,9.37,5,0,0,37.5,0.426,-25,Stage 1
5639,term,East,personal,2021-08-13,749,730,17415.66,1741.57,,8.63,2,0,0,41.2,,-19,Stage 1
5640,term,South,auto,2023-05-21,608,592,16191.55,11752.83,,8.54,37,0,1,19.7,,-16,Stage 2
5641,term,South,auto,2021-02-04,634,609,7915.43,1314.65,,5.79,24,0,0,47.6,,-25,Stage 1
5642,revolving,West,home_improvement,2021-07-07,749,742,12397.34,4196.88,7805.05,9.42,1,0,0,42.5,0.538,-7,Stage 1
5643,term,East,auto,2024-06-01,680,664,9045.62,7943.42,,9.81,2,0,0,7.1,,-16,Stage 1
5644,term,West,debt_consolidation,2022-10-05,604,582,1296.42,692.31,,7.01,31,0,0,27.3,,-22,Stage 2
5645,term,North,debt_consolidation,2023-08-21,600,587,15871.65,13013.49,,11.23,24,0,0,16.6,,-13,Stage 1
5646,term,South,debt_consolidation,2023-08-26,631,599,42638.46,23977.65,,10.46,22,0,0,16.5,,-32,Stage 2
5647,term,West,personal,2022-05-09,680,669,7687.68,3139.43,,8.66,4,0,0,32.3,,-11,Stage 1
5648,revolving,West,home_improvement,2021-11-07,708,697,16460.05,1646.0,3678.72,11.49,6,1,0,38.4,0.447,-11,Stage 2
5649,term,North,home_improvement,2022-06-05,660,646,5504.85,1512.38,,7.85,12,0,0,31.4,,-14,Stage 1
5650,term,East,auto,2022-01-04,703,714,24816.98,2481.7,,11.39,5,0,0,36.4,,11,Stage 1
5651,revolving,West,auto,2023-01-16,653,622,31839.16,10148.73,24426.75,7.53,5,1,0,23.9,0.415,-31,Stage 2
5652,term,South,home_improvement,2021-01-31,753,754,1771.83,871.76,,13.74,2,0,0,47.7,,1,Stage 1
5653,term,South,personal,2024-06-09,833,850,11427.64,9937.51,,7.25,9,0,0,6.9,,17,Stage 1
5654,term,South,debt_consolidation,2023-09-25,656,628,9424.5,7286.6,,8.53,13,0,0,15.5,,-28,Stage 1
5655,term,South,auto,2022-05-12,708,694,11130.26,5178.29,,6.4,6,0,0,32.2,,-14,Stage 1
5656,term,West,home_improvement,2023-08-22,703,686,23736.76,18506.95,,10.65,8,0,0,16.6,,-17,Stage 1
5657,term,South,personal,2024-04-13,688,688,10941.48,9923.16,,5.59,3,1,0,8.8,,0,Stage 2
5658,revolving,West,debt_consolidation,2021-10-25,719,709,28110.93,9191.48,17886.77,8.65,0,0,0,38.8,0.514,-10,Stage 1
5659,revolving,East,auto,2024-10-20,708,681,1257.84,1180.81,2422.24,4.85,5,0,0,2.4,0.487,-27,Stage 1
5660,term,South,debt_consolidation,2024-01-15,651,655,15116.21,10080.98,,10.61,13,0,0,11.7,,4,Stage 1
5661,term,East,debt_consolidation,2022-07-31,758,770,16161.62,6237.48,,10.77,1,0,0,29.5,,12,Stage 1
5662,term,West,home_improvement,2024-01-18,692,688,4270.17,3659.77,,9.37,12,0,0,11.6,,-4,Stage 1
5663,revolving,North,home_improvement,2021-02-23,656,636,39042.81,4791.08,9760.27,7.41,12,0,0,46.9,0.491,-20,Stage 1
5664,term,East,debt_consolidation,2024-10-16,826,820,9932.12,9316.16,,11.08,8,0,0,2.6,,-6,Stage 1
5665,term,South,debt_consolidation,2021-08-17,673,655,21090.06,4594.1,,6.17,13,0,0,41.1,,-18,Stage 1
5666,revolving,North,auto,2023-02-18,695,691,7106.63,4789.83,9632.07,6.77,5,0,0,22.8,0.497,-4,Stage 1
5667,revolving,East,personal,2023-09-12,690,675,5874.31,3551.59,8698.32,11.07,9,0,0,15.9,0.408,-15,Stage 1
5668,revolving,West,personal,2022-01-08,672,651,23206.17,2320.62,5003.47,10.63,6,0,0,36.3,0.464,-21,Stage 1
5669,term,West,debt_consolidation,2022-04-14,706,680,6482.69,1112.72,,10.65,6,0,0,33.1,,-26,Stage 1
5670,revolving,West,home_improvement,2022-02-24,629,598,11188.31,2958.05,8766.8,15.89,25,0,0,34.7,0.337,-31,Stage 2
5671,revolving,East,personal,2022-06-16,715,691,7737.57,2306.23,6667.07,9.51,1,0,0,31.0,0.346,-24,Stage 1
5672,term,West,debt_consolidation,2024-11-24,574,546,22234.01,21575.39,,7.8,48,0,0,1.3,,-28,Stage 2
5673,term,East,home_improvement,2023-09-15,602,585,9232.68,5084.6,,8.57,42,0,0,15.8,,-17,Stage 2
5674,term,South,auto,2024-04-22,789,776,4794.51,4260.37,,3.0,2,0,0,8.5,,-13,Stage 1
5675,revolving,South,personal,2022-07-16,604,562,17609.73,6327.91,18501.9,10.16,27,0,0,30.0,0.342,-42,Stage 2
5676,term,East,auto,2021-03-31,562,532,36270.97,3627.1,,13.24,52,0,0,45.7,,-30,Stage 2
5677,term,East,home_improvement,2024-11-07,606,579,24636.58,23981.95,,7.96,31,1,0,1.8,,-27,Stage 2
5678,term,North,debt_consolidation,2022-01-04,784,786,25119.67,2511.97,,12.93,3,0,0,36.4,,2,Stage 1
5679,revolving,West,auto,2024-01-03,572,528,7970.89,5469.24,12053.06,6.09,38,1,0,12.1,0.454,-44,Stage 2
5680,term,South,debt_consolidation,2024-07-16,622,611,15315.4,13968.38,,6.67,23,0,0,5.6,,-11,Stage 1
5681,term,South,personal,2021-01-15,592,570,9860.11,986.01,,6.66,36,0,0,48.2,,-22,Stage 2
5682,term,North,auto,2024-09-14,663,657,5267.74,4981.41,,4.61,12,0,0,3.6,,-6,Stage 1
5683,revolving,East,personal,2024-11-16,653,630,17880.35,17452.49,31880.99,13.37,16,0,1,1.5,0.547,-23,Stage 1
5684,term,East,personal,2024-12-28,651,642,16477.94,16020.02,,10.55,18,0,0,0.1,,-9,Stage 1
5685,term,North,personal,2021-12-10,791,785,11949.52,1194.95,,10.86,5,0,0,37.3,,-6,Stage 1
5686,revolving,West,personal,2024-05-03,608,593,30057.03,23656.53,69775.93,6.83,41,0,0,8.1,0.339,-15,Stage 2
5687,term,East,personal,2023-11-26,673,652,3117.3,1868.38,,11.39,10,0,0,13.4,,-21,Stage 1
5688,revolving,East,home_improvement,2023-07-06,700,669,20329.21,15821.38,36277.46,7.48,6,0,0,18.2,0.436,-31,Stage 2
5689,term,West,auto,2021-07-24,621,607,18177.47,2374.16,,7.62,22,0,0,41.9,,-14,Stage 1
5690,term,West,debt_consolidation,2023-02-15,709,692,2210.09,1235.55,,12.22,2,0,0,22.9,,-17,Stage 1
5691,term,North,debt_consolidation,2023-12-17,656,647,17765.58,12792.54,,6.46,11,0,0,12.7,,-9,Stage 1
5692,term,North,home_improvement,2024-02-08,702,674,2923.1,2213.4,,6.01,5,0,0,10.9,,-28,Stage 1
5693,term,North,debt_consolidation,2022-11-17,673,639,9391.2,3902.69,,5.65,15,0,0,25.9,,-34,Stage 2
5694,term,East,debt_consolidation,2022-12-19,556,521,10351.95,6192.87,,8.56,64,0,0,24.8,,-35,Stage 2
5695,revolving,North,debt_consolidation,2021-08-13,758,754,7427.87,4054.74,6717.81,15.19,2,0,0,41.2,0.604,-4,Stage 1
5696,term,East,auto,2024-11-10,804,788,7077.45,6870.68,,8.22,2,0,0,1.7,,-16,Stage 1
5697,term,South,debt_consolidation,2021-03-05,669,647,7623.96,762.4,,5.1,11,0,0,46.6,,-22,Stage 1
5698,term,West,auto,2023-08-06,626,593,14454.34,10108.65,,7.12,25,0,0,17.1,,-33,Stage 2
5699,revolving,West,debt_consolidation,2023-08-19,770,768,27421.9,18022.88,48445.02,7.6,0,0,0,16.7,0.372,-2,Stage 1
5700,term,South,debt_consolidation,2024-10-07,793,816,19112.06,17483.3,,9.14,3,0,0,2.9,,23,Stage 1
5701,term,North,auto,2021-11-16,669,648,22024.69,2202.47,,10.09,11,0,0,38.1,,-21,Stage 1
5702,term,East,home_improvement,2021-12-23,666,643,34765.73,3476.57,,3.0,14,0,0,36.8,,-23,Stage 1
5703,term,East,debt_consolidation,2021-04-03,675,661,30431.12,5948.5,,5.33,13,0,0,45.6,,-14,Stage 1
5704,term,East,personal,2022-11-26,579,570,21566.44,9906.61,,5.1,50,0,1,25.6,,-9,Stage 2
5705,revolving,West,personal,2024-08-16,662,634,3918.83,3660.71,9394.42,12.06,10,0,0,4.6,0.39,-28,Stage 1
5706,term,North,home_improvement,2024-11-13,782,781,9179.22,8904.03,,5.96,1,0,0,1.6,,-1,Stage 1
5707,revolving,East,personal,2022-03-10,669,678,1948.68,964.07,1770.83,9.84,10,0,0,34.3,0.544,9,Stage 1
5708,term,East,auto,2024-01-31,617,587,3657.35,2804.1,,10.4,28,0,0,11.2,,-30,Stage 2
5709,term,East,debt_consolidation,2023-04-21,709,693,10086.52,5561.74,,7.49,3,0,0,20.7,,-16,Stage 1
5710,revolving,South,debt_consolidation,2024-11-02,639,628,13946.25,13568.65,24954.91,3.0,14,0,0,2.0,0.544,-11,Stage 1
5711,term,East,debt_consolidation,2024-09-23,676,679,27613.07,25098.86,,12.52,9,0,1,3.3,,3,Stage 1
5712,revolving,South,debt_consolidation,2023-10-21,603,597,22427.5,17853.74,30517.17,12.93,37,0,1,14.6,0.585,-6,Stage 2
5713,term,East,personal,2023-06-17,617,592,32891.6,21353.36,,8.94,28,0,0,18.8,,-25,Stage 1
5714,revolving,East,personal,2023-06-03,724,706,5353.28,3985.54,11086.78,6.95,3,0,0,19.3,0.359,-18,Stage 1
5715,term,East,personal,2023-02-17,686,666,32072.85,22018.68,,14.39,10,1,0,22.8,,-20,Stage 2
5716,term,South,auto,2022-05-07,633,601,18730.24,6758.81,,6.85,20,0,0,32.3,,-32,Stage 2
5717,term,East,personal,2023-12-20,687,674,24879.38,17935.46,,11.38,6,1,0,12.6,,-13,Stage 2
5718,term,North,personal,2023-03-24,643,630,15645.73,11759.61,,4.51,24,0,0,21.6,,-13,Stage 1
5719,term,East,debt_consolidation,2022-01-27,632,613,18502.77,10196.25,,10.38,24,0,0,35.7,,-19,Stage 1
5720,term,South,personal,2024-02-17,749,738,13658.37,11220.29,,5.1,2,0,0,10.6,,-11,Stage 1
5721,term,South,home_improvement,2024-09-13,726,727,10771.02,10313.31,,10.14,1,0,0,3.7,,1,Stage 1
5722,term,North,home_improvement,2021-01-21,678,668,14366.43,1436.64,,9.01,6,0,0,48.0,,-10,Stage 1
5723,revolving,West,debt_consolidation,2024-01-26,688,679,17869.71,12170.64,18969.57,7.9,5,0,0,11.4,0.642,-9,Stage 1
5724,term,North,personal,2022-05-28,679,672,40280.37,9454.98,,7.82,11,0,0,31.6,,-7,Stage 1
5725,term,North,home_improvement,2023-06-27,709,701,7619.75,4542.37,,12.25,5,1,0,18.5,,-8,Stage 2
5726,term,South,home_improvement,2022-12-16,632,610,7796.95,2184.18,,8.74,31,0,0,24.9,,-22,Stage 2
5727,term,East,auto,2023-08-02,731,711,9495.27,6585.07,,10.19,0,0,0,17.3,,-20,Stage 1
5728,term,East,debt_consolidation,2021-12-16,701,686,34100.41,21022.86,,17.54,6,1,0,37.1,,-15,Stage 2
5729,term,West,home_improvement,2024-03-01,664,639,27766.89,24461.62,,5.25,9,0,0,10.2,,-25,Stage 1
5730,revolving,West,home_improvement,2022-06-30,650,649,16026.95,2214.44,4956.16,6.69,12,0,0,30.5,0.447,-1,Stage 1
5731,revolving,West,debt_consolidation,2022-08-22,730,738,12323.83,1890.38,5008.54,4.05,3,0,0,28.8,0.377,8,Stage 1
5732,term,West,personal,2021-02-01,670,668,5641.6,2632.07,,3.91,16,0,0,47.7,,-2,Stage 1
5733,term,North,debt_consolidation,2021-09-16,638,614,3190.04,319.0,,14.72,26,0,0,40.1,,-24,Stage 1
5734,term,North,auto,2022-04-21,656,637,10952.28,6174.84,,7.74,14,1,1,32.9,,-19,Stage 2
5735,term,East,auto,2023-04-05,726,711,5164.07,3264.18,,3.0,5,0,0,21.2,,-15,Stage 1
5736,term,North,auto,2023-08-30,583,543,26699.09,15766.32,,8.15,33,0,1,16.3,,-40,Stage 2
5737,term,East,home_improvement,2023-07-09,658,649,15166.83,10248.52,,7.52,8,0,0,18.1,,-9,Stage 1
5738,term,East,personal,2021-02-02,744,730,13028.36,1302.84,,5.85,0,0,0,47.6,,-14,Stage 1
5739,term,East,auto,2023-06-18,669,650,4475.1,2496.13,,7.68,17,0,0,18.8,,-19,Stage 1
5740,term,East,debt_consolidation,2022-01-23,696,680,9572.59,957.26,,9.47,6,0,0,35.8,,-16,Stage 1
5741,revolving,South,auto,2023-03-09,745,758,13289.28,7759.3,12974.31,7.77,2,0,0,22.1,0.598,13,Stage 1
5742,term,East,home_improvement,2022-04-01,733,726,34360.3,10981.92,,11.56,0,0,0,33.5,,-7,Stage 1
5743,revolving,North,auto,2024-03-13,653,643,13914.82,10449.86,27114.93,8.82,20,0,0,9.8,0.385,-10,Stage 1
5744,revolving,North,personal,2021-08-12,672,653,19564.51,1956.45,4754.85,9.04,15,0,0,41.3,0.411,-19,Stage 1
5745,term,North,auto,2021-08-05,734,720,7065.0,2014.39,,8.42,0,0,0,41.5,,-14,Stage 1
5746,term,North,personal,2021-06-05,736,733,11784.99,1178.5,,5.3,2,0,0,43.5,,-3,Stage 1
5747,term,South,personal,2023-02-28,674,669,3763.91,1760.22,,5.42,8,0,1,22.4,,-5,Stage 1
5748,revolving,West,debt_consolidation,2021-02-05,676,655,30424.49,3042.45,8680.12,9.36,5,0,0,47.5,0.351,-21,Stage 1
5749,revolving,West,personal,2022-09-28,696,690,25935.76,14948.73,23915.54,6.73,7,0,0,27.5,0.625,-6,Stage 1
5750,term,East,home_improvement,2021-01-09,762,755,39432.58,3943.26,,10.79,2,0,0,48.4,,-7,Stage 1
5751,term,East,home_improvement,2023-11-30,744,721,13231.76,9985.18,,7.99,1,0,0,13.3,,-23,Stage 1
5752,revolving,North,personal,2021-06-28,721,704,2006.42,435.69,916.27,6.68,2,1,0,42.8,0.476,-17,Stage 2
5753,term,North,personal,2023-08-17,615,591,12202.86,9494.39,,9.78,27,0,0,16.8,,-24,Stage 1
5754,revolving,West,auto,2022-05-16,663,648,7208.44,3563.04,6593.09,9.08,6,0,0,32.0,0.54,-15,Stage 1
5755,revolving,West,auto,2022-01-08,666,655,15114.43,1511.44,4335.02,4.03,15,0,0,36.3,0.349,-11,Stage 1
5756,term,North,debt_consolidation,2023-12-28,765,776,13724.72,9920.45,,3.54,0,0,0,12.3,,11,Stage 1
5757,term,East,auto,2023-08-28,665,648,10929.74,8260.93,,10.71,11,0,0,16.4,,-17,Stage 1
5758,term,South,home_improvement,2024-12-18,755,736,6861.71,6681.96,,6.77,0,0,0,0.5,,-19,Stage 1
5759,term,South,auto,2022-05-30,645,628,26196.89,2619.69,,9.46,22,0,0,31.6,,-17,Stage 1
5760,term,West,debt_consolidation,2021-12-30,650,627,5887.58,1905.04,,9.7,19,0,0,36.6,,-23,Stage 1
5761,revolving,West,debt_consolidation,2023-02-16,708,686,15532.78,5167.1,15287.67,12.61,3,0,0,22.8,0.338,-22,Stage 1
5762,revolving,West,personal,2023-02-13,774,772,37222.84,25064.15,57606.06,13.95,2,0,0,22.9,0.435,-2,Stage 1
5763,revolving,South,debt_consolidation,2021-11-25,667,657,25003.93,14562.89,39855.02,5.57,8,0,0,37.8,0.365,-10,Stage 1
5764,term,South,personal,2023-03-05,526,497,6438.91,4885.13,,8.55,60,0,1,22.3,,-29,Stage 2
5765,revolving,North,home_improvement,2023-08-20,586,550,16219.76,10021.7,21321.84,8.63,47,0,1,16.7,0.47,-36,Stage 2
5766,revolving,East,home_improvement,2022-01-05,697,696,3570.36,486.18,923.73,13.56,8,0,0,36.4,0.526,-1,Stage 1
5767,term,West,auto,2022-08-20,591,570,5636.47,1971.1,,4.68,36,0,0,28.8,,-21,Stage 2
5768,term,North,debt_consolidation,2024-11-11,628,623,10501.26,10023.71,,13.31,26,0,0,1.7,,-5,Stage 1
5769,term,South,home_improvement,2024-02-12,680,686,11467.24,8543.12,,10.69,7,0,0,10.8,,6,Stage 1
5770,revolving,North,personal,2022-07-25,533,505,23930.96,6120.79,12548.2,7.35,73,0,0,29.7,0.488,-28,Stage 2
5771,term,South,debt_consolidation,2023-11-28,657,651,11245.59,8087.63,,11.62,15,0,1,13.3,,-6,Stage 1
5772,revolving,East,debt_consolidation,2022-01-12,610,591,13364.5,6225.81,9946.05,7.88,21,0,0,36.2,0.626,-19,Stage 1
5773,term,South,personal,2024-11-23,590,548,23227.27,22843.94,,4.15,35,1,0,1.3,,-42,Stage 2
5774,revolving,North,debt_consolidation,2024-05-11,631,586,6731.22,5194.8,10493.41,9.36,23,0,0,7.8,0.495,-45,Stage 2
5775,term,East,debt_consolidation,2024-05-10,615,586,36413.55,32094.81,,8.21,20,0,0,7.9,,-29,Stage 1
5776,term,South,home_improvement,2021-04-10,708,701,31628.37,9960.26,,7.54,1,0,0,45.4,,-7,Stage 1
5777,term,West,personal,2024-11-22,751,731,14541.2,13993.67,,6.63,0,0,0,1.3,,-20,Stage 1
5778,term,South,home_improvement,2023-03-27,658,640,21750.17,8554.16,,10.85,10,0,0,21.5,,-18,Stage 1
5779,revolving,East,personal,2021-04-28,644,633,14505.17,1763.65,3469.53,8.96,17,0,0,44.8,0.508,-11,Stage 1
5780,term,North,auto,2022-02-25,655,621,12365.84,1236.58,,7.57,6,0,0,34.7,,-34,Stage 2
5781,term,East,debt_consolidation,2024-06-20,613,599,16471.45,15020.81,,7.18,36,0,0,6.5,,-14,Stage 2
5782,term,North,debt_consolidation,2022-06-25,602,579,26472.38,11163.39,,7.62,48,1,1,30.7,,-23,Stage 2
5783,term,South,home_improvement,2024-06-04,581,553,24678.38,22406.88,,7.25,50,0,0,7.0,,-28,Stage 2
5784,term,South,debt_consolidation,2024-05-21,600,562,7544.15,6465.98,,7.78,33,0,0,7.5,,-38,Stage 2
5785,term,East,debt_consolidation,2023-07-19,777,782,12901.19,6060.21,,11.18,4,0,0,17.7,,5,Stage 1
5786,revolving,West,home_improvement,2022-11-30,638,619,4746.92,2714.71,6637.45,7.89,20,0,1,25.4,0.409,-19,Stage 1
5787,term,South,home_improvement,2021-04-23,503,443,19740.64,2880.83,,9.46,104,0,1,45.0,,-60,Stage 3
5788,revolving,West,personal,2022-01-08,644,627,21933.33,2193.33,5276.51,7.85,15,0,0,36.3,0.416,-17,Stage 1
5789,revolving,West,auto,2021-10-26,584,547,18579.44,8491.47,25305.24,3.68,36,0,0,38.8,0.336,-37,Stage 2
5790,term,East,home_improvement,2023-11-09,683,662,63243.01,42239.24,,9.66,9,0,0,14.0,,-21,Stage 1
5791,term,South,personal,2023-02-15,677,663,15436.27,7958.52,,6.85,12,0,0,22.9,,-14,Stage 1
5792,term,West,home_improvement,2022-11-02,683,673,1811.51,527.97,,11.0,8,0,0,26.4,,-10,Stage 1
5793,revolving,South,personal,2021-01-11,677,672,13651.74,1365.17,2846.83,13.97,13,0,0,48.4,0.48,-5,Stage 1
5794,revolving,North,auto,2021-01-08,657,631,6251.05,625.1,1633.55,7.02,13,0,0,48.5,0.383,-26,Stage 1
5795,term,West,personal,2024-03-22,592,566,23448.41,19409.71,,11.72,28,0,0,9.5,,-26,Stage 1
5796,revolving,East,personal,2024-03-04,675,641,27033.52,20481.61,32911.2,7.76,10,0,0,10.1,0.622,-34,Stage 2
5797,term,East,debt_consolidation,2024-10-28,741,738,11015.91,10463.84,,8.08,0,0,0,2.2,,-3,Stage 1
5798,revolving,West,home_improvement,2022-04-06,788,784,13613.64,1598.5,4049.93,10.13,2,0,0,33.4,0.395,-4,Stage 1
5799,revolving,South,personal,2024-06-12,665,653,16945.53,14771.73,39694.24,3.1,15,0,0,6.8,0.372,-12,Stage 1
5800,term,North,home_improvement,2021-09-12,672,654,16501.25,6880.29,,3.83,17,0,0,40.2,,-18,Stage 1
5801,term,North,personal,2022-08-09,710,694,27102.44,12613.24,,9.17,5,0,0,29.2,,-16,Stage 1
5802,term,East,debt_consolidation,2024-09-13,769,763,16006.8,14380.75,,3.0,0,0,0,3.7,,-6,Stage 1
5803,term,East,debt_consolidation,2021-12-28,650,609,13047.41,1773.5,,12.26,22,0,0,36.7,,-41,Stage 2
5804,revolving,South,auto,2024-10-29,721,719,11079.92,10458.93,17354.74,13.01,1,0,0,2.1,0.603,-2,Stage 1
5805,term,East,personal,2023-09-30,630,617,4110.33,2666.57,,10.06,21,0,0,15.3,,-13,Stage 1
5806,term,South,debt_consolidation,2023-02-27,699,695,5859.38,2403.16,,8.61,2,0,0,22.5,,-4,Stage 1
5807,term,West,home_improvement,2021-07-28,738,730,5527.82,770.52,,12.33,3,0,0,41.8,,-8,Stage 1
5808,revolving,North,personal,2021-09-24,602,588,54654.29,28538.28,73460.03,7.61,28,0,1,39.8,0.388,-14,Stage 1
5809,term,West,personal,2022-10-18,648,622,12758.61,5775.12,,7.87,15,0,0,26.9,,-26,Stage 1
5810,term,East,auto,2023-09-24,737,720,21782.49,11685.61,,8.59,0,0,0,15.5,,-17,Stage 1
5811,term,North,home_improvement,2022-07-08,716,713,19774.91,12698.58,,6.52,5,0,0,30.3,,-3,Stage 1
5812,revolving,North,auto,2023-01-06,742,730,2102.99,674.63,1936.48,12.87,1,0,0,24.2,0.348,-12,Stage 1
5813,revolving,West,personal,2022-02-25,730,738,11613.92,4622.8,8515.63,12.78,0,0,0,34.7,0.543,8,Stage 1
5814,term,South,auto,2021-11-04,659,653,18306.71,9985.68,,6.18,10,0,0,38.5,,-6,Stage 1
5815,term,North,personal,2021-05-17,811,814,1335.55,133.55,,6.75,9,0,0,44.2,,3,Stage 1
5816,term,South,personal,2024-12-13,688,662,11602.26,11264.2,,7.95,7,0,0,0.6,,-26,Stage 1
5817,term,West,auto,2021-07-14,496,450,23069.12,2822.92,,12.61,115,0,1,42.2,,-46,Stage 3
5818,term,West,auto,2024-01-24,663,644,10116.18,7967.5,,7.94,14,0,0,11.4,,-19,Stage 1
5819,revolving,South,personal,2024-07-05,651,659,20806.6,19509.46,37368.96,9.47,10,0,0,6.0,0.522,8,Stage 1
5820,term,West,auto,2023-11-15,727,721,6424.68,3793.85,,5.8,2,0,0,13.8,,-6,Stage 1
5821,revolving,North,auto,2024-06-09,652,641,9556.51,8613.62,19444.8,13.57,14,0,1,6.9,0.443,-11,Stage 1
5822,term,West,personal,2024-09-17,745,730,21799.99,19525.35,,5.49,2,0,0,3.5,,-15,Stage 1
5823,revolving,West,home_improvement,2022-08-29,713,703,11999.41,6766.48,17228.27,7.77,2,0,0,28.5,0.393,-10,Stage 1
5824,revolving,North,auto,2023-10-11,619,588,4735.87,3412.67,9295.02,3.88,32,0,0,14.9,0.367,-31,Stage 2
5825,term,South,auto,2023-05-12,671,649,23182.47,18126.91,,12.7,7,0,0,20.0,,-22,Stage 1
5826,term,West,debt_consolidation,2021-08-09,633,594,16407.25,2824.41,,8.91,14,1,0,41.4,,-39,Stage 2
5827,term,South,home_improvement,2021-10-24,691,681,6682.94,3939.7,,14.34,7,0,0,38.8,,-10,Stage 1
5828,term,North,auto,2024-05-11,633,619,21516.48,17308.02,,6.06,24,0,0,7.8,,-14,Stage 1
5829,term,South,personal,2023-10-08,684,655,10668.16,7208.76,,12.15,7,0,1,15.0,,-29,Stage 1
5830,term,South,debt_consolidation,2021-12-09,663,634,31878.17,17592.12,,10.18,14,0,1,37.3,,-29,Stage 1
5831,revolving,East,debt_consolidation,2022-08-16,670,639,26948.7,9894.46,22957.87,6.62,12,0,0,29.0,0.431,-31,Stage 2
5832,term,East,debt_consolidation,2024-05-13,803,805,13723.28,11001.67,,7.02,4,0,0,7.8,,2,Stage 1
5833,revolving,West,auto,2023-06-11,658,640,18990.85,12197.2,35017.67,10.64,16,0,0,19.0,0.348,-18,Stage 1
5834,term,East,personal,2021-03-18,563,541,30577.43,10896.13,,8.89,49,0,0,46.2,,-22,Stage 2
5835,revolving,East,debt_consolidation,2022-12-08,740,722,13608.57,4387.31,10781.63,6.95,2,0,0,25.2,0.407,-18,Stage 1
5836,term,East,home_improvement,2023-12-02,740,729,1919.31,1554.8,,14.24,1,0,0,13.2,,-11,Stage 1
5837,revolving,South,debt_consolidation,2024-04-20,561,523,18830.91,15446.28,38327.02,9.13,52,1,0,8.5,0.403,-38,Stage 2
5838,term,South,debt_consolidation,2023-01-27,637,623,23834.16,14581.78,,7.87,19,1,1,23.5,,-14,Stage 2
5839,term,East,home_improvement,2024-05-03,706,694,24469.94,21279.46,,5.76,4,0,0,8.1,,-12,Stage 1
5840,term,North,debt_consolidation,2022-08-13,711,695,6304.85,3801.13,,7.44,1,0,0,29.1,,-16,Stage 1
5841,term,East,debt_consolidation,2022-01-23,679,656,32196.3,6013.36,,3.0,12,0,0,35.8,,-23,Stage 1
5842,term,North,home_improvement,2023-07-16,681,670,56380.04,28841.41,,9.01,7,0,0,17.8,,-11,Stage 1
5843,term,South,auto,2022-09-29,623,612,24141.35,17336.13,,11.2,31,0,1,27.5,,-11,Stage 2
5844,term,North,home_improvement,2021-05-21,536,505,10542.2,2951.02,,13.31,81,1,0,44.0,,-31,Stage 2
5845,revolving,South,auto,2023-11-17,802,800,17246.16,11006.14,25122.87,7.75,4,0,0,13.7,0.438,-2,Stage 1
5846,term,North,auto,2024-08-31,621,584,20798.39,18787.7,,10.44,34,0,0,4.1,,-37,Stage 2
5847,term,South,auto,2024-09-06,690,689,22393.44,21291.05,,7.96,9,0,0,3.9,,-1,Stage 1
5848,revolving,South,home_improvement,2022-03-24,670,654,15494.26,6099.59,10583.86,3.63,8,0,0,33.8,0.576,-16,Stage 1
5849,term,East,home_improvement,2021-10-20,733,733,5352.6,535.26,,3.0,1,0,0,39.0,,0,Stage 1
5850,term,West,auto,2024-06-13,686,679,22044.68,18707.07,,8.67,8,0,0,6.7,,-7,Stage 1
5851,term,West,home_improvement,2022-12-16,689,685,7926.97,2708.35,,3.0,6,0,0,24.9,,-4,Stage 1
5852,revolving,South,auto,2022-04-02,521,500,10459.43,3338.88,8237.33,8.23,87,0,0,33.5,0.405,-21,Stage 2
5853,revolving,East,home_improvement,2023-06-11,629,584,6724.6,4829.49,9770.82,7.72,22,0,1,19.0,0.494,-45,Stage 2
5854,revolving,West,personal,2023-04-19,724,717,4880.72,3677.84,6768.94,3.72,4,0,0,20.8,0.543,-7,Stage 1
5855,term,West,home_improvement,2022-10-16,719,721,10132.75,3478.99,,3.0,3,0,0,26.9,,2,Stage 1
5856,revolving,East,home_improvement,2022-10-26,622,600,16585.18,11764.08,29568.5,6.79,21,0,0,26.6,0.398,-22,Stage 1
5857,term,East,home_improvement,2023-02-04,585,560,8732.98,5423.43,,13.4,38,0,0,23.2,,-25,Stage 2
5858,term,West,auto,2023-12-27,687,673,6468.37,5224.4,,9.74,2,0,0,12.4,,-14,Stage 1
5859,term,West,auto,2021-06-25,505,465,13312.95,5596.75,,6.76,124,0,1,42.9,,-40,Stage 3
5860,term,North,personal,2022-05-25,611,576,2366.87,783.28,,6.54,27,0,0,31.7,,-35,Stage 2
5861,term,North,personal,2024-01-20,785,779,1000.0,655.03,,9.99,0,0,0,11.6,,-6,Stage 1
5862,term,South,debt_consolidation,2022-12-06,766,751,25134.87,7640.03,,9.21,2,0,0,25.2,,-15,Stage 1
5863,term,West,personal,2024-04-04,709,704,4003.32,3479.65,,10.96,3,0,0,9.1,,-5,Stage 1
5864,term,East,auto,2022-08-25,698,691,14273.35,9481.4,,14.23,4,0,0,28.7,,-7,Stage 1
5865,revolving,East,personal,2023-04-18,562,531,25353.11,11522.09,29301.68,12.26,46,1,0,20.8,0.393,-31,Stage 2
5866,term,West,personal,2023-09-29,635,591,14505.79,9214.16,,12.19,16,0,0,15.3,,-44,Stage 2
5867,revolving,South,home_improvement,2021-02-20,662,641,7029.69,702.97,1980.64,8.58,13,0,0,47.0,0.355,-21,Stage 1
5868,term,East,personal,2022-11-17,636,604,13572.79,6322.42,,3.0,19,0,0,25.9,,-32,Stage 2
5869,revolving,West,debt_consolidation,2021-09-23,658,630,7796.6,779.66,1803.13,3.0,14,0,0,39.9,0.432,-28,Stage 1
5870,term,West,home_improvement,2024-01-16,757,755,9765.43,7444.55,,10.34,1,0,0,11.7,,-2,Stage 1
5871,term,South,auto,2022-08-29,647,637,3079.46,1293.03,,7.2,14,0,0,28.5,,-10,Stage 1
5872,term,West,debt_consolidation,2023-12-12,659,655,1000.0,771.58,,13.81,17,0,1,12.9,,-4,Stage 1
5873,term,East,auto,2024-04-17,724,718,9201.87,7116.87,,13.27,1,0,0,8.6,,-6,Stage 1
5874,revolving,North,debt_consolidation,2024-07-25,594,582,4537.37,4221.99,6609.9,9.24,34,0,0,5.3,0.639,-12,Stage 2
5875,term,South,home_improvement,2024-06-16,629,594,18669.65,15249.29,,7.43,19,0,0,6.6,,-35,Stage 2
5876,term,West,debt_consolidation,2022-08-08,635,605,13078.39,4294.69,,6.14,14,0,0,29.2,,-30,Stage 2
5877,revolving,South,debt_consolidation,2021-12-05,683,668,9794.1,1702.08,4468.84,13.72,9,0,0,37.4,0.381,-15,Stage 1
5878,term,West,personal,2024-01-01,659,648,38833.65,25366.27,,9.38,16,0,0,12.2,,-11,Stage 1
5879,term,North,auto,2022-01-09,661,649,16352.99,2748.54,,6.77,12,0,0,36.3,,-12,Stage 1
5880,term,South,home_improvement,2022-08-03,640,627,14873.15,8654.62,,8.61,16,0,0,29.4,,-13,Stage 1
5881,term,West,debt_consolidation,2022-06-01,615,593,31329.77,5363.89,,8.17,24,0,0,31.5,,-22,Stage 1
5882,term,North,auto,2024-06-15,716,707,5881.41,4751.4,,14.29,0,0,0,6.7,,-9,Stage 1
5883,term,East,auto,2021-05-01,659,658,8536.19,2177.47,,9.52,17,0,0,44.7,,-1,Stage 1
5884,revolving,West,personal,2024-12-07,717,712,5246.99,5166.49,10829.87,9.05,4,0,0,0.8,0.477,-5,Stage 1
5885,term,North,auto,2023-04-17,613,591,12886.18,6603.55,,4.89,26,0,1,20.8,,-22,Stage 1
5886,term,North,home_improvement,2022-07-24,640,620,46353.23,6767.09,,10.39,14,0,0,29.7,,-20,Stage 1
5887,term,South,personal,2021-02-12,666,642,8618.62,2142.9,,9.13,19,0,0,47.3,,-24,Stage 1
5888,revolving,West,debt_consolidation,2024-05-05,672,664,11801.58,10198.25,19506.82,10.59,9,1,0,8.0,0.523,-8,Stage 2
5889,revolving,East,home_improvement,2021-03-13,725,705,3962.09,1867.52,3907.74,9.16,4,0,0,46.3,0.478,-20,Stage 1
5890,term,West,home_improvement,2021-04-01,654,618,25487.93,2548.79,,7.96,14,0,0,45.7,,-36,Stage 2
5891,revolving,North,home_improvement,2022-05-06,724,733,35321.08,5141.51,10190.6,9.15,4,0,0,32.4,0.505,9,Stage 1
5892,term,East,personal,2023-01-19,702,705,8769.82,5715.27,,6.68,2,0,1,23.8,,3,Stage 1
5893,term,North,auto,2023-09-25,673,662,55936.25,31966.57,,9.46,8,0,0,15.5,,-11,Stage 1
5894,term,South,home_improvement,2022-01-18,622,603,2169.93,626.86,,12.87,18,0,0,36.0,,-19,Stage 1
5895,term,West,auto,2023-03-16,725,714,10937.98,7277.33,,11.65,5,0,0,21.9,,-11,Stage 1
5896,term,North,auto,2024-03-23,624,597,8586.66,6814.1,,8.12,21,0,0,9.5,,-27,Stage 1
5897,revolving,North,home_improvement,2021-06-19,678,645,13657.04,1365.7,3715.69,8.37,6,0,1,43.1,0.368,-33,Stage 2
5898,term,West,auto,2024-07-19,676,650,22539.03,20460.93,,10.76,9,0,0,5.5,,-26,Stage 1
5899,revolving,East,personal,2023-07-07,667,641,33877.71,19682.93,31277.31,10.12,10,0,0,18.1,0.629,-26,Stage 1
5900,term,North,personal,2024-02-08,656,639,7510.36,5384.61,,9.0,15,0,1,10.9,,-17,Stage 1
5901,term,West,debt_consolidation,2021-05-31,630,626,16676.27,1667.63,,7.33,19,1,0,43.7,,-4,Stage 2
5902,term,South,auto,2022-03-07,582,539,15078.01,6021.41,,6.34,37,0,0,34.4,,-43,Stage 2
5903,term,South,auto,2022-03-27,764,766,24674.83,2769.64,,6.3,3,0,0,33.7,,2,Stage 1
5904,term,West,debt_consolidation,2022-10-05,650,638,9559.49,3479.74,,8.52,15,0,0,27.3,,-12,Stage 1
5905,term,North,personal,2023-02-19,672,639,7146.5,4599.1,,10.01,17,0,0,22.7,,-33,Stage 2
5906,term,West,debt_consolidation,2021-01-23,671,640,8019.35,801.93,,3.84,16,0,0,48.0,,-31,Stage 2
5907,term,West,debt_consolidation,2022-01-02,745,741,20491.3,12601.89,,11.19,2,0,0,36.5,,-4,Stage 1
5908,revolving,North,debt_consolidation,2022-10-13,795,798,2880.07,1096.09,2750.27,5.8,2,0,0,27.0,0.399,3,Stage 1
5909,term,East,auto,2023-03-31,689,688,8288.12,4627.04,,6.95,8,0,0,21.4,,-1,Stage 1
5910,term,East,auto,2021-08-27,670,659,12003.14,1200.31,,8.24,12,0,1,40.8,,-11,Stage 1
5911,term,South,auto,2022-03-10,612,576,16325.54,4854.16,,10.15,30,0,0,34.3,,-36,Stage 2
5912,revolving,East,auto,2022-12-05,593,567,15834.69,4144.82,12020.5,13.52,40,0,0,25.3,0.345,-26,Stage 2
5913,revolving,West,home_improvement,2024-02-25,573,537,5457.69,4507.77,7447.99,7.6,41,0,0,10.4,0.605,-36,Stage 2
5914,term,North,debt_consolidation,2023-07-31,632,590,3870.0,2826.2,,12.24,25,0,0,17.3,,-42,Stage 2
5915,term,South,debt_consolidation,2022-06-25,554,530,17473.21,9138.74,,7.79,53,0,1,30.7,,-24,Stage 2
5916,term,East,auto,2022-09-25,744,744,7638.61,3445.18,,12.99,0,0,0,27.6,,0,Stage 1
5917,revolving,West,personal,2021-07-17,705,692,11809.31,1180.93,3195.57,8.79,0,0,0,42.1,0.37,-13,Stage 1
5918,term,South,home_improvement,2022-04-27,664,664,6109.7,3792.8,,4.54,11,0,0,32.7,,0,Stage 1
5919,term,North,home_improvement,2024-04-17,746,727,6012.68,4545.09,,6.86,0,0,0,8.6,,-19,Stage 1
5920,term,East,personal,2023-05-19,615,602,19012.58,13271.31,,9.03,36,0,0,19.8,,-13,Stage 2
5921,term,West,auto,2022-06-07,630,601,14157.84,9613.33,,8.37,15,0,0,31.3,,-29,Stage 1
5922,revolving,North,home_improvement,2022-10-13,563,537,10482.83,2402.87,4829.88,5.95,36,0,0,27.0,0.498,-26,Stage 2
5923,term,West,home_improvement,2023-08-17,726,727,12631.13,9502.88,,5.04,2,0,0,16.8,,1,Stage 1
5924,term,West,debt_consolidation,2022-03-13,631,601,8625.66,1774.13,,11.4,19,0,1,34.2,,-30,Stage 2
5925,term,West,debt_consolidation,2023-05-07,680,659,13219.72,10365.23,,3.0,6,0,0,20.2,,-21,Stage 1
5926,revolving,North,auto,2021-11-10,740,737,10187.92,1480.54,3859.46,10.51,2,0,0,38.3,0.384,-3,Stage 1
5927,revolving,South,auto,2021-01-19,762,748,34312.91,8914.16,15554.33,5.7,2,0,0,48.1,0.573,-14,Stage 1
5928,term,West,debt_consolidation,2024-03-29,678,669,8232.14,7164.87,,14.69,8,0,0,9.3,,-9,Stage 1
5929,term,South,debt_consolidation,2023-03-29,703,692,6553.49,4969.22,,3.0,1,0,0,21.5,,-11,Stage 1
5930,revolving,South,debt_consolidation,2021-05-02,625,606,26888.77,2688.88,5249.39,3.0,17,0,0,44.7,0.512,-19,Stage 1
5931,term,East,personal,2021-03-13,781,772,10676.96,1067.7,,7.72,3,0,0,46.3,,-9,Stage 1
5932,term,East,home_improvement,2023-12-15,670,646,28394.74,18773.36,,12.05,11,0,0,12.8,,-24,Stage 1
5933,term,South,auto,2022-04-05,684,656,19343.21,9083.19,,15.53,7,0,0,33.4,,-28,Stage 1
5934,revolving,East,auto,2021-06-18,655,640,5889.33,3350.49,6150.26,11.96,14,0,0,43.1,0.545,-15,Stage 1
5935,term,East,personal,2022-08-05,751,734,13547.89,7658.08,,9.43,0,0,0,29.3,,-17,Stage 1
5936,revolving,South,debt_consolidation,2024-03-18,691,674,4501.67,3558.32,8574.7,6.08,1,0,0,9.6,0.415,-17,Stage 1
5937,term,North,home_improvement,2022-09-21,725,724,32598.82,17573.86,,6.71,1,1,0,27.8,,-1,Stage 2
5938,term,East,debt_consolidation,2021-01-26,701,708,6503.68,2562.57,,7.02,5,0,0,47.9,,7,Stage 1
5939,term,East,auto,2024-06-25,666,653,1000.0,911.34,,7.78,8,0,0,6.3,,-13,Stage 1
5940,term,North,personal,2022-12-22,735,728,5230.23,1857.89,,8.24,0,0,0,24.7,,-7,Stage 1
5941,term,North,home_improvement,2024-06-04,700,674,37317.8,33046.69,,9.6,5,0,0,7.0,,-26,Stage 1
5942,term,North,home_improvement,2023-10-31,622,595,16900.37,13840.65,,7.25,22,0,1,14.3,,-27,Stage 1
5943,term,South,home_improvement,2024-01-24,620,593,13494.72,10110.75,,9.48,27,0,0,11.4,,-27,Stage 1
5944,revolving,North,home_improvement,2021-05-01,688,678,2499.24,249.92,482.46,10.13,10,0,0,44.7,0.518,-10,Stage 1
5945,revolving,South,personal,2021-05-06,734,723,39234.53,7749.32,22257.36,5.71,2,0,0,44.5,0.348,-11,Stage 1
5946,term,West,auto,2022-07-03,778,797,29735.35,11496.71,,5.25,0,0,0,30.4,,19,Stage 1
5947,term,West,home_improvement,2023-12-29,573,549,5184.55,4217.37,,12.29,53,1,0,12.3,,-24,Stage 2
5948,term,North,home_improvement,2021-10-24,681,674,2306.73,230.67,,9.37,10,0,0,38.8,,-7,Stage 1
5949,term,North,auto,2022-11-17,709,703,21766.69,13640.92,,8.55,5,0,0,25.9,,-6,Stage 1
5950,revolving,West,debt_consolidation,2023-08-31,697,675,25253.37,16332.89,37294.5,4.72,7,0,0,16.3,0.438,-22,Stage 1
5951,term,South,home_improvement,2023-12-05,740,728,17468.19,12985.03,,11.31,0,0,0,13.1,,-12,Stage 1
5952,term,South,home_improvement,2022-09-27,719,705,29441.26,19076.0,,8.99,5,0,0,27.6,,-14,Stage 1
5953,revolving,North,debt_consolidation,2022-01-17,620,609,15501.73,5471.33,13491.46,13.49,25,0,0,36.0,0.406,-11,Stage 1
5954,term,North,auto,2023-11-17,619,606,7635.16,5509.3,,9.58,26,0,0,13.7,,-13,Stage 1
5955,term,North,auto,2022-12-06,698,689,31136.93,22771.12,,8.22,6,1,0,25.2,,-9,Stage 2
5956,term,West,home_improvement,2022-05-12,739,734,7358.74,1200.15,,7.15,0,0,0,32.2,,-5,Stage 1
5957,term,East,auto,2023-05-02,688,681,12757.99,6408.05,,13.74,5,0,0,20.3,,-7,Stage 1
5958,term,North,debt_consolidation,2024-03-05,585,543,17142.23,14532.97,,11.97,50,0,1,10.1,,-42,Stage 2
5959,revolving,South,personal,2022-12-08,617,595,11951.14,7461.09,14087.12,9.66,34,1,0,25.2,0.53,-22,Stage 2
5960,revolving,East,debt_consolidation,2023-12-09,721,697,33522.35,26435.33,56017.6,11.83,0,0,0,13.0,0.472,-24,Stage 1
5961,term,South,debt_consolidation,2021-05-01,659,639,27713.38,2771.34,,10.01,10,0,0,44.7,,-20,Stage 1
5962,revolving,East,personal,2024-05-25,687,682,7709.05,6118.01,13579.26,3.57,7,0,1,7.4,0.451,-5,Stage 1
5963,term,West,debt_consolidation,2022-09-18,743,727,33374.54,20849.03,,11.82,1,0,0,27.9,,-16,Stage 1
5964,revolving,East,home_improvement,2022-06-10,607,596,2348.74,1606.64,4263.96,11.1,35,0,0,31.2,0.377,-11,Stage 2
5965,term,South,home_improvement,2023-12-03,655,644,2223.19,1495.56,,5.72,14,0,0,13.2,,-11,Stage 1
5966,revolving,East,auto,2023-01-22,648,629,64391.42,35816.85,61245.37,10.76,13,0,1,23.7,0.585,-19,Stage 1
5967,revolving,West,auto,2021-04-06,701,689,27696.0,2769.6,6841.78,6.49,7,0,0,45.5,0.405,-12,Stage 1
5968,term,South,debt_consolidation,2021-01-27,726,708,4842.71,484.27,,7.72,1,0,0,47.8,,-18,Stage 1
5969,revolving,North,home_improvement,2023-04-16,591,553,10590.8,4273.54,9427.85,9.45,46,0,0,20.9,0.453,-38,Stage 2
5970,revolving,East,home_improvement,2024-06-19,679,655,10596.97,9342.51,16426.57,9.3,17,1,0,6.5,0.569,-24,Stage 2
5971,revolving,South,personal,2022-05-02,732,718,24562.46,12650.36,24185.66,8.75,1,0,0,32.5,0.523,-14,Stage 1
5972,term,East,auto,2021-08-28,568,542,20474.88,2047.49,,4.13,52,1,1,40.7,,-26,Stage 2
5973,revolving,West,home_improvement,2024-08-20,676,651,31968.52,29462.51,72943.59,9.14,7,0,1,4.5,0.404,-25,Stage 1
5974,revolving,South,debt_consolidation,2021-03-08,607,578,7126.41,3162.69,5319.05,14.02,33,0,0,46.5,0.595,-29,Stage 2
5975,term,North,home_improvement,2024-07-28,641,629,25803.34,22492.88,,9.81,15,0,0,5.2,,-12,Stage 1
5976,revolving,North,auto,2024-04-30,529,480,6436.03,5125.18,15136.66,8.46,74,0,0,8.2,0.339,-49,Stage 2
5977,term,East,debt_consolidation,2024-02-17,763,746,17336.63,14745.86,,11.07,0,0,0,10.6,,-17,Stage 1
5978,term,West,auto,2024-03-21,658,638,17401.58,15657.93,,9.45,16,0,0,9.5,,-20,Stage 1
5979,term,West,home_improvement,2024-11-16,631,610,11934.06,11707.27,,7.74,23,0,1,1.5,,-21,Stage 1
5980,term,East,home_improvement,2021-08-19,699,687,6393.3,2121.82,,11.74,4,0,0,41.0,,-12,Stage 1
5981,term,South,home_improvement,2021-12-17,617,606,18750.42,6794.73,,9.79,39,0,0,37.0,,-11,Stage 2
5982,term,South,auto,2023-01-31,611,578,25377.09,8930.72,,10.22,38,0,1,23.4,,-33,Stage 2
5983,revolving,East,debt_consolidation,2024-04-09,770,754,51844.84,42499.07,84919.41,8.4,0,0,0,8.9,0.5,-16,Stage 1
5984,term,South,home_improvement,2023-05-13,788,768,12401.36,5558.63,,8.7,3,0,0,20.0,,-20,Stage 1
5985,term,South,home_improvement,2024-03-01,644,622,10872.0,9347.09,,11.39,12,0,0,10.2,,-22,Stage 1
5986,term,South,home_improvement,2021-12-23,744,741,32384.03,3238.4,,7.48,1,0,0,36.8,,-3,Stage 1
5987,term,East,personal,2023-12-02,701,693,31003.48,26161.25,,15.96,3,0,0,13.2,,-8,Stage 1
5988,revolving,North,personal,2024-08-21,595,567,3266.74,2884.56,7739.87,7.23,35,0,0,4.4,0.373,-28,Stage 2
5989,term,West,debt_consolidation,2023-10-27,624,598,26065.13,19508.9,,7.17,21,0,0,14.4,,-26,Stage 1
5990,revolving,North,auto,2021-11-25,773,772,23794.25,2765.81,4749.23,12.11,1,0,0,37.8,0.582,-1,Stage 1
5991,term,South,home_improvement,2024-04-08,594,570,11511.33,8544.53,,8.93,37,0,1,8.9,,-24,Stage 2
5992,term,East,home_improvement,2023-06-30,816,809,15537.25,8106.5,,10.8,2,0,0,18.4,,-7,Stage 1
5993,term,West,auto,2021-12-04,645,631,3542.96,1660.21,,13.55,20,1,0,37.5,,-14,Stage 2
5994,term,South,auto,2023-12-29,774,778,25406.97,17834.64,,10.22,1,0,0,12.3,,4,Stage 1
5995,term,West,debt_consolidation,2023-06-01,661,628,21970.82,14701.29,,10.01,9,0,0,19.3,,-33,Stage 2
5996,term,West,auto,2022-06-23,727,714,34074.07,9831.58,,7.35,3,1,0,30.8,,-13,Stage 2
5997,term,North,home_improvement,2023-01-07,763,748,7109.95,5092.38,,6.45,2,0,0,24.2,,-15,Stage 1
5998,revolving,South,debt_consolidation,2022-03-19,763,758,8196.48,5366.16,11548.71,4.39,0,0,0,34.0,0.465,-5,Stage 1
5999,term,West,personal,2023-07-13,644,618,12058.29,5865.75,,6.86,21,0,1,17.9,,-26,Stage 1
6000,term,North,debt_consolidation,2023-07-09,628,608,2783.26,1330.39,,7.58,17,0,0,18.1,,-20,Stage 1
6001,term,East,debt_consolidation,2021-02-20,675,648,9775.17,3821.45,,6.77,8,0,0,47.0,,-27,Stage 1
6002,term,West,debt_consolidation,2021-05-29,601,580,31663.77,3166.38,,8.24,38,0,0,43.8,,-21,Stage 2
6003,revolving,South,auto,2024-01-21,694,704,18376.87,13849.14,27941.65,7.58,7,0,0,11.5,0.496,10,Stage 1
6004,term,East,home_improvement,2022-01-03,630,611,2915.53,640.85,,11.53,23,0,0,36.5,,-19,Stage 1
6005,term,West,auto,2022-08-03,744,750,7454.25,2046.11,,5.07,2,0,0,29.4,,6,Stage 1
6006,revolving,West,home_improvement,2022-10-18,645,623,6990.61,2249.42,6674.81,11.97,29,0,0,26.9,0.337,-22,Stage 1
6007,term,South,auto,2021-03-17,575,536,39119.0,12449.02,,11.05,43,0,1,46.2,,-39,Stage 2
6008,term,West,debt_consolidation,2024-01-15,764,757,20330.21,14099.44,,6.23,0,0,0,11.7,,-7,Stage 1
6009,term,South,home_improvement,2021-08-15,691,683,31705.81,3170.58,,5.18,7,0,0,41.2,,-8,Stage 1
6010,term,South,auto,2024-10-18,681,666,2005.5,1936.75,,10.68,6,1,0,2.5,,-15,Stage 2
6011,revolving,South,debt_consolidation,2023-08-17,745,735,12651.19,7850.55,20582.6,10.68,2,0,0,16.8,0.381,-10,Stage 1
6012,revolving,South,personal,2022-08-15,732,731,6942.2,1934.07,3994.28,6.62,2,0,0,29.0,0.484,-1,Stage 1
6013,revolving,West,auto,2021-01-24,634,612,8090.29,809.03,1832.29,5.03,18,0,0,47.9,0.442,-22,Stage 1
6014,term,East,auto,2021-01-28,653,618,10291.85,2359.69,,7.8,9,0,0,47.8,,-35,Stage 2
6015,term,East,personal,2021-05-01,613,595,11182.25,3357.92,,3.0,29,0,0,44.7,,-18,Stage 1
6016,revolving,North,auto,2023-05-03,592,568,9808.42,3939.85,10857.24,10.64,49,0,0,20.3,0.363,-24,Stage 2
6017,term,South,personal,2022-09-16,714,715,3755.61,948.98,,7.1,5,0,0,27.9,,1,Stage 1
6018,term,West,home_improvement,2023-06-09,703,695,39701.5,28158.57,,9.59,0,0,0,19.1,,-8,Stage 1
6019,term,West,personal,2024-09-30,725,710,14440.11,13265.41,,14.38,1,0,0,3.1,,-15,Stage 1
6020,term,North,debt_consolidation,2021-01-31,756,754,48199.68,11268.47,,7.82,0,0,0,47.7,,-2,Stage 1
6021,term,East,personal,2024-06-04,726,716,30203.41,24055.94,,11.03,4,0,0,7.0,,-10,Stage 1
6022,revolving,West,home_improvement,2023-05-20,731,725,8316.56,4029.26,10603.0,8.23,2,0,0,19.7,0.38,-6,Stage 1
6023,revolving,North,personal,2024-06-27,555,534,30087.78,25142.01,42038.47,7.67,59,0,0,6.3,0.598,-21,Stage 2
6024,term,East,personal,2021-02-19,661,640,4346.23,2105.96,,13.58,15,0,0,47.1,,-21,Stage 1
6025,term,West,home_improvement,2022-12-27,737,727,8393.85,6063.71,,7.33,0,0,0,24.5,,-10,Stage 1
6026,term,South,auto,2022-01-24,609,561,10689.62,1068.96,,10.64,25,0,0,35.8,,-48,Stage 2
6027,revolving,North,auto,2023-08-02,685,687,13440.02,9026.97,16626.34,9.95,7,0,0,17.3,0.543,2,Stage 1
6028,term,West,debt_consolidation,2024-08-04,711,700,8788.84,7526.61,,10.26,3,0,0,5.0,,-11,Stage 1
6029,revolving,North,debt_consolidation,2023-10-12,706,688,12113.9,7817.91,13966.55,10.88,8,0,0,14.9,0.56,-18,Stage 1
6030,term,North,personal,2022-04-20,702,700,16745.23,7539.95,,10.55,2,0,0,32.9,,-2,Stage 1
6031,term,North,auto,2023-01-26,715,718,12591.0,8060.18,,7.31,4,0,0,23.5,,3,Stage 1
6032,term,South,auto,2022-08-26,690,661,11017.23,1976.08,,7.71,11,0,0,28.6,,-29,Stage 1
6033,revolving,East,personal,2023-07-15,592,560,27268.32,20821.47,58104.22,9.83,37,0,0,17.9,0.358,-32,Stage 2
6034,term,East,home_improvement,2023-10-27,710,702,29700.33,20678.99,,3.44,2,0,0,14.4,,-8,Stage 1
6035,term,West,auto,2023-03-04,697,673,19092.29,12021.92,,10.1,6,0,0,22.3,,-24,Stage 1
6036,term,South,debt_consolidation,2022-02-16,593,561,6312.31,631.23,,7.27,39,0,0,35.0,,-32,Stage 2
6037,revolving,East,personal,2022-10-24,762,745,4403.86,903.01,2555.28,12.13,3,0,0,26.7,0.353,-17,Stage 1
6038,revolving,West,home_improvement,2024-09-09,712,702,13217.86,12159.79,34692.66,3.12,3,0,0,3.8,0.351,-10,Stage 1
6039,term,West,debt_consolidation,2024-11-23,597,561,7606.79,7495.61,,10.39,33,0,0,1.3,,-36,Stage 2
6040,revolving,North,auto,2024-07-29,630,633,16881.21,14299.28,41590.62,9.81,20,1,0,5.2,0.344,3,Stage 2
6041,term,South,home_improvement,2021-07-10,646,644,5401.32,1132.47,,9.46,27,0,0,42.4,,-2,Stage 1
6042,term,East,debt_consolidation,2023-02-25,646,616,30139.74,17335.6,,12.96,19,0,0,22.5,,-30,Stage 2
6043,term,South,personal,2022-08-08,697,667,40965.78,19161.22,,9.05,5,0,0,29.2,,-30,Stage 2
6044,term,South,home_improvement,2023-08-17,621,584,13673.04,9979.0,,9.76,26,0,0,16.8,,-37,Stage 2
6045,revolving,East,home_improvement,2022-05-15,747,736,10671.22,6570.31,10812.27,5.34,1,0,0,32.1,0.608,-11,Stage 1
6046,revolving,East,personal,2022-08-03,742,737,44049.33,9609.24,21233.44,9.39,0,0,0,29.4,0.453,-5,Stage 1
6047,term,South,auto,2023-03-27,717,694,22125.99,14930.83,,8.23,5,0,0,21.5,,-23,Stage 1
6048,term,West,auto,2024-12-28,682,664,38072.76,37338.33,,8.18,6,0,0,0.1,,-18,Stage 1
6049,revolving,South,home_improvement,2023-12-23,736,726,13205.9,10834.06,21756.64,4.21,1,0,0,12.5,0.498,-10,Stage 1
6050,revolving,East,home_improvement,2024-08-23,663,634,6460.28,6169.66,15128.44,14.19,11,0,0,4.4,0.408,-29,Stage 1
6051,term,South,home_improvement,2023-02-19,636,629,13743.0,7348.94,,6.13,13,0,0,22.7,,-7,Stage 1
6052,revolving,East,debt_consolidation,2023-08-01,751,749,27340.65,20834.8,49004.57,8.12,2,0,0,17.3,0.425,-2,Stage 1
6053,term,West,home_improvement,2024-02-24,699,691,21773.16,17956.37,,4.54,3,0,0,10.4,,-8,Stage 1
6054,term,South,auto,2021-09-22,638,642,11713.71,4925.39,,4.65,19,0,0,39.9,,4,Stage 1
6055,revolving,West,personal,2021-01-07,654,625,4629.88,462.99,982.15,4.71,14,0,0,48.5,0.471,-29,Stage 1
6056,term,South,personal,2024-12-07,635,623,10871.38,10580.9,,13.65,20,0,0,0.8,,-12,Stage 1
6057,term,South,personal,2024-05-14,801,819,4704.92,4294.21,,4.18,2,0,0,7.7,,18,Stage 1
6058,term,East,home_improvement,2024-04-17,680,680,43761.42,39011.19,,7.28,4,0,0,8.6,,0,Stage 1
6059,revolving,North,home_improvement,2022-11-26,689,682,1342.12,644.27,1427.97,7.8,8,0,1,25.6,0.451,-7,Stage 1
6060,revolving,East,personal,2023-09-19,723,696,7109.3,5456.13,9169.38,6.79,1,0,0,15.7,0.595,-27,Stage 1
6061,term,South,debt_consolidation,2023-07-07,607,586,10674.56,5431.26,,6.39,24,0,0,18.1,,-21,Stage 1
6062,term,North,debt_consolidation,2024-06-05,745,733,20876.02,17489.07,,7.71,2,1,0,7.0,,-12,Stage 2
6063,term,North,debt_consolidation,2023-01-18,643,625,16344.97,6457.12,,5.29,23,0,0,23.8,,-18,Stage 1
6064,term,West,debt_consolidation,2021-05-26,789,799,2304.85,230.48,,11.79,6,0,0,43.9,,10,Stage 1
6065,term,South,auto,2024-08-12,661,647,7959.7,7566.78,,13.67,19,0,0,4.7,,-14,Stage 1
6066,revolving,East,personal,2021-08-29,742,724,9631.45,963.14,2323.11,12.75,1,0,0,40.7,0.415,-18,Stage 1
6067,term,North,auto,2023-05-07,530,481,9701.06,4171.85,,3.22,76,0,0,20.2,,-49,Stage 2
6068,term,North,home_improvement,2021-10-14,609,577,15620.01,9330.24,,3.02,24,0,1,39.2,,-32,Stage 2
6069,term,East,debt_consolidation,2023-08-10,662,644,33015.63,27008.93,,4.29,11,0,0,17.0,,-18,Stage 1
6070,term,East,debt_consolidation,2021-01-26,558,541,3469.31,1266.26,,10.62,54,0,1,47.9,,-17,Stage 2
6071,revolving,North,personal,2022-03-28,716,709,15098.09,1509.81,4275.74,7.43,0,0,0,33.7,0.353,-7,Stage 1
6072,term,East,debt_consolidation,2021-04-16,698,684,4547.74,454.77,,16.19,4,0,0,45.2,,-14,Stage 1
6073,term,West,personal,2021-08-28,620,595,25114.08,5873.01,,9.07,23,0,0,40.7,,-25,Stage 1
6074,term,North,home_improvement,2024-12-12,679,662,18509.14,17991.31,,12.2,11,0,0,0.7,,-17,Stage 1
6075,term,West,debt_consolidation,2021-11-28,728,728,2405.61,240.56,,12.26,5,0,0,37.7,,0,Stage 1
6076,term,South,debt_consolidation,2023-07-01,553,511,23868.76,19064.45,,6.0,66,1,1,18.3,,-42,Stage 2
6077,term,West,auto,2023-12-02,603,589,14740.52,9168.35,,6.48,29,0,0,13.2,,-14,Stage 1
6078,term,East,personal,2022-10-07,659,649,2734.64,699.6,,13.63,17,0,0,27.2,,-10,Stage 1
6079,term,North,personal,2021-02-04,681,664,12138.04,1540.06,,3.87,5,0,1,47.6,,-17,Stage 1
6080,term,West,debt_consolidation,2023-05-26,676,688,18414.98,14284.05,,8.52,5,0,0,19.5,,12,Stage 1
6081,term,East,auto,2024-10-02,733,736,69912.95,64531.84,,11.09,2,0,0,3.0,,3,Stage 1
6082,revolving,East,debt_consolidation,2022-01-19,708,695,5188.83,3054.69,6027.36,10.43,3,0,0,35.9,0.507,-13,Stage 1
6083,term,West,personal,2023-03-22,721,719,2029.46,1271.51,,7.81,1,0,0,21.7,,-2,Stage 1
6084,term,North,personal,2024-08-04,596,567,7946.63,7514.42,,7.68,41,0,0,5.0,,-29,Stage 2
6085,term,West,debt_consolidation,2023-01-18,688,667,16355.27,8048.45,,5.22,4,0,0,23.8,,-21,Stage 1
6086,term,South,home_improvement,2023-08-17,661,639,16422.3,11612.58,,6.24,20,0,0,16.8,,-22,Stage 1
6087,revolving,West,debt_consolidation,2023-11-23,767,764,13474.46,8548.7,16123.19,13.89,1,0,0,13.5,0.53,-3,Stage 1
6088,term,West,auto,2021-04-05,690,660,13089.59,1308.96,,9.61,3,0,0,45.6,,-30,Stage 2
6089,revolving,North,personal,2023-10-17,639,605,11556.13,7590.68,11778.38,7.16,25,0,0,14.7,0.644,-34,Stage 2
6090,term,West,personal,2021-07-24,731,727,10785.86,4726.86,,10.85,1,0,0,41.9,,-4,Stage 1
6091,term,East,debt_consolidation,2023-04-14,713,699,34447.83,15472.03,,7.62,3,0,0,20.9,,-14,Stage 1
6092,revolving,North,home_improvement,2021-01-30,630,628,5950.17,595.02,1630.81,5.72,19,1,0,47.7,0.365,-2,Stage 2
6093,term,East,personal,2021-09-23,659,648,8703.64,870.36,,7.25,18,1,0,39.9,,-11,Stage 2
6094,term,North,debt_consolidation,2021-01-23,660,647,3409.62,1535.27,,4.76,15,0,0,48.0,,-13,Stage 1
6095,term,South,home_improvement,2022-09-01,753,753,17104.17,4372.76,,13.78,1,0,0,28.4,,0,Stage 1
6096,revolving,South,debt_consolidation,2021-02-08,692,677,26732.53,2673.25,6261.84,10.88,6,0,0,47.4,0.427,-15,Stage 1
6097,term,South,debt_consolidation,2021-06-22,723,721,13871.24,5644.86,,10.86,3,0,0,43.0,,-2,Stage 1
6098,revolving,West,debt_consolidation,2023-01-30,650,631,35712.04,24195.4,37113.12,7.38,16,0,1,23.4,0.652,-19,Stage 1
6099,term,South,personal,2024-12-07,700,691,12058.93,11726.42,,8.82,7,0,0,0.8,,-9,Stage 1
6100,revolving,North,home_improvement,2022-02-18,758,751,3283.61,1840.82,4716.71,7.51,0,0,0,34.9,0.39,-7,Stage 1
6101,term,South,auto,2022-11-23,658,652,19569.88,14333.77,,4.76,10,0,0,25.7,,-6,Stage 1
6102,revolving,North,auto,2022-09-07,686,664,1994.52,1138.3,2899.48,11.7,6,0,0,28.2,0.393,-22,Stage 1
6103,term,East,personal,2021-07-28,598,551,6608.16,1326.96,,11.38,37,0,0,41.8,,-47,Stage 2
6104,revolving,West,personal,2021-01-22,634,608,11074.2,1107.42,2662.42,10.19,19,0,0,48.0,0.416,-26,Stage 1
6105,term,East,debt_consolidation,2021-01-05,659,657,6174.85,617.48,,9.08,11,0,0,48.6,,-2,Stage 1
6106,term,East,debt_consolidation,2022-10-13,616,601,56365.39,14047.45,,6.34,20,0,0,27.0,,-15,Stage 1
6107,term,South,home_improvement,2021-08-02,759,767,13566.07,1356.61,,10.0,4,0,0,41.6,,8,Stage 1
6108,term,South,debt_consolidation,2023-07-09,629,609,13156.39,6710.81,,6.08,24,0,0,18.1,,-20,Stage 1
6109,term,South,home_improvement,2023-06-26,727,720,18705.46,14705.38,,6.49,2,0,0,18.5,,-7,Stage 1
6110,revolving,East,debt_consolidation,2024-03-08,691,671,5896.16,5274.02,13274.4,6.1,6,0,0,10.0,0.397,-20,Stage 1
6111,revolving,West,debt_consolidation,2022-11-03,681,661,20447.73,10033.63,26442.38,7.04,8,0,0,26.3,0.379,-20,Stage 1
6112,term,West,auto,2022-10-29,769,766,23781.68,14157.06,,6.75,1,0,0,26.5,,-3,Stage 1
6113,revolving,East,personal,2023-03-11,544,511,19037.11,7996.79,15135.99,11.19,62,1,0,22.1,0.528,-33,Stage 2
6114,term,West,home_improvement,2021-11-13,668,651,58439.42,5843.94,,5.96,13,0,0,38.2,,-17,Stage 1
6115,term,East,auto,2023-03-04,615,595,8135.04,4627.34,,8.96,27,0,1,22.3,,-20,Stage 1
6116,revolving,East,debt_consolidation,2022-07-30,562,527,11981.97,3861.4,10736.37,10.82,54,0,0,29.5,0.36,-35,Stage 2
6117,term,West,auto,2024-03-25,608,588,3294.14,2840.58,,12.64,28,0,0,9.4,,-20,Stage 1
6118,revolving,North,home_improvement,2024-12-18,681,679,10888.41,10653.59,31265.44,10.15,5,0,0,0.5,0.341,-2,Stage 1
6119,term,North,personal,2021-04-01,636,636,12651.6,1265.16,,3.29,22,0,0,45.7,,0,Stage 1
6120,term,South,auto,2023-12-02,733,718,17352.8,13381.79,,8.31,1,0,0,13.2,,-15,Stage 1
6121,term,West,home_improvement,2023-01-31,667,663,12861.43,6106.94,,11.14,8,0,0,23.4,,-4,Stage 1
6122,term,South,debt_consolidation,2024-08-11,660,650,5894.42,5593.7,,6.05,14,0,0,4.8,,-10,Stage 1
6123,term,East,auto,2023-02-09,660,655,18782.93,7633.54,,12.99,12,0,0,23.1,,-5,Stage 1
6124,revolving,North,personal,2024-09-22,674,678,16778.87,15587.0,25143.76,12.92,7,0,0,3.4,0.62,4,Stage 1
6125,revolving,West,home_improvement,2021-01-01,654,651,11220.35,5209.73,15236.0,10.51,13,0,0,48.7,0.342,-3,Stage 1
6126,revolving,West,personal,2021-04-19,628,594,8558.35,1178.64,1884.45,11.87,31,0,0,45.1,0.625,-34,Stage 2
6127,term,West,debt_consolidation,2023-07-17,739,733,6572.85,3992.93,,12.63,0,0,0,17.8,,-6,Stage 1
6128,term,North,personal,2024-02-23,642,614,32028.76,28164.6,,9.19,12,0,0,10.4,,-28,Stage 1
6129,term,South,debt_consolidation,2023-12-24,656,641,22883.83,14408.4,,11.64,14,0,0,12.5,,-15,Stage 1
6130,term,North,debt_consolidation,2021-07-25,705,714,22243.17,2224.32,,5.54,3,0,0,41.9,,9,Stage 1
6131,term,South,auto,2024-12-09,699,694,12605.53,12414.19,,11.18,3,0,0,0.8,,-5,Stage 1
6132,revolving,East,debt_consolidation,2023-04-30,626,605,26141.63,12283.75,24283.09,10.18,28,0,0,20.4,0.506,-21,Stage 1
6133,term,East,personal,2024-06-21,725,709,15345.69,12837.96,,16.48,4,0,0,6.5,,-16,Stage 1
6134,term,South,auto,2022-08-13,712,698,12245.76,7048.08,,7.84,4,0,0,29.1,,-14,Stage 1
6135,term,East,debt_consolidation,2022-09-15,690,688,6427.34,1792.51,,12.83,6,0,0,28.0,,-2,Stage 1
6136,term,East,home_improvement,2024-05-24,654,628,12811.05,11707.81,,11.85,15,0,0,7.4,,-26,Stage 1
6137,term,West,home_improvement,2023-08-23,655,652,1000.0,609.77,,8.68,14,0,0,16.6,,-3,Stage 1
6138,revolving,West,debt_consolidation,2023-08-23,667,659,25506.28,16028.41,26288.88,3.56,12,0,0,16.6,0.61,-8,Stage 1
6139,term,North,auto,2022-10-15,606,570,5661.15,1220.34,,7.8,27,0,0,27.0,,-36,Stage 2
6140,revolving,North,auto,2024-11-04,677,677,7034.3,6724.67,13464.58,8.66,8,0,0,1.9,0.499,0,Stage 1
6141,term,North,auto,2021-03-20,733,712,9487.78,2061.18,,11.86,0,0,0,46.1,,-21,Stage 1
6142,term,West,personal,2022-02-19,732,708,6498.38,1833.01,,9.84,0,0,0,34.9,,-24,Stage 1
6143,term,North,home_improvement,2024-03-18,657,646,17907.38,12792.39,,9.1,13,0,0,9.6,,-11,Stage 1
6144,revolving,North,debt_consolidation,2022-10-01,743,746,28265.0,18345.83,42188.27,11.47,0,0,0,27.4,0.435,3,Stage 1
6145,revolving,West,debt_consolidation,2023-03-02,794,791,29465.05,14047.19,33500.33,11.32,3,0,0,22.4,0.419,-3,Stage 1
6146,term,South,home_improvement,2023-11-28,661,636,10877.32,7271.35,,11.91,11,0,0,13.3,,-25,Stage 1
6147,term,West,personal,2024-03-26,721,710,7431.21,5625.85,,6.45,2,0,0,9.4,,-11,Stage 1
6148,term,South,auto,2021-11-29,544,514,26960.17,2696.02,,11.91,55,0,1,37.6,,-30,Stage 2
6149,term,West,home_improvement,2021-10-15,604,580,4620.84,462.08,,12.91,37,0,0,39.1,,-24,Stage 2
6150,revolving,North,debt_consolidation,2024-02-10,685,664,24383.18,19029.03,45544.4,17.02,10,0,1,10.9,0.418,-21,Stage 1
6151,term,East,personal,2024-01-20,619,584,18498.09,14438.76,,10.49,33,0,0,11.6,,-35,Stage 2
6152,term,East,debt_consolidation,2023-12-09,802,800,17491.44,13875.68,,12.27,6,0,0,13.0,,-2,Stage 1
6153,term,South,auto,2021-06-10,715,695,7649.18,764.92,,10.38,5,0,0,43.4,,-20,Stage 1
6154,term,South,home_improvement,2024-11-26,737,734,22824.2,22429.45,,10.9,1,0,0,1.2,,-3,Stage 1
6155,term,South,auto,2021-11-16,678,674,13505.36,1350.54,,12.28,8,0,0,38.1,,-4,Stage 1
6156,term,East,personal,2023-07-13,619,590,23452.19,14950.72,,4.14,28,0,0,17.9,,-29,Stage 1
6157,revolving,South,home_improvement,2021-12-30,648,638,2923.88,1594.58,3270.83,9.88,14,1,1,36.6,0.488,-10,Stage 2
6158,revolving,West,auto,2022-04-20,695,698,1460.61,302.07,460.25,9.98,6,0,1,32.9,0.656,3,Stage 1
6159,term,West,auto,2023-10-20,641,614,48371.94,32915.54,,7.18,21,0,0,14.6,,-27,Stage 1
6160,revolving,East,auto,2023-02-05,720,714,2704.42,1956.4,3203.63,4.39,1,0,0,23.2,0.611,-6,Stage 1
6161,term,West,personal,2022-08-25,722,713,31672.97,22320.88,,7.61,3,0,0,28.7,,-9,Stage 1
6162,term,South,auto,2021-11-08,680,654,21302.94,11147.11,,9.95,11,0,0,38.3,,-26,Stage 1
6163,term,East,debt_consolidation,2022-08-12,570,541,23018.76,7474.67,,8.36,46,0,0,29.1,,-29,Stage 2
6164,term,South,home_improvement,2024-05-28,782,776,1866.31,1602.44,,9.85,3,0,0,7.3,,-6,Stage 1
6165,term,West,home_improvement,2021-12-09,667,645,19616.54,11045.83,,6.21,10,0,0,37.3,,-22,Stage 1
6166,term,South,auto,2023-06-25,842,846,13137.11,7601.31,,9.46,14,0,0,18.5,,4,Stage 1
6167,term,East,personal,2024-01-23,719,704,4657.36,3669.86,,10.03,2,1,0,11.5,,-15,Stage 2
6168,revolving,South,debt_consolidation,2024-03-02,667,664,8110.14,6216.59,13642.38,5.22,12,0,0,10.2,0.456,-3,Stage 1
6169,term,West,debt_consolidation,2021-06-21,706,674,11469.15,1146.91,,4.89,5,0,0,43.0,,-32,Stage 2
6170,term,North,home_improvement,2022-09-18,558,518,10453.81,7401.53,,11.4,54,0,0,27.9,,-40,Stage 2
6171,term,East,home_improvement,2023-10-30,741,733,40051.21,33687.93,,9.4,0,0,0,14.3,,-8,Stage 1
6172,term,South,debt_consolidation,2022-11-13,834,831,9927.16,3480.95,,5.94,14,0,0,26.0,,-3,Stage 1
6173,term,East,home_improvement,2024-09-06,554,529,28823.22,27581.26,,7.76,54,0,0,3.9,,-25,Stage 2
6174,revolving,South,auto,2024-01-27,662,648,16698.89,12687.9,21181.8,10.42,14,0,0,11.3,0.599,-14,Stage 1
6175,term,North,debt_consolidation,2024-04-07,673,656,2595.69,1990.51,,6.24,12,0,0,9.0,,-17,Stage 1
6176,term,West,home_improvement,2021-11-07,732,725,4286.15,2445.03,,13.63,1,0,0,38.4,,-7,Stage 1
6177,term,South,auto,2023-07-03,806,807,3074.41,1746.28,,10.68,7,0,0,18.3,,1,Stage 1
6178,term,South,auto,2024-09-28,702,680,16555.72,15914.4,,11.49,0,0,0,3.2,,-22,Stage 1
6179,term,North,debt_consolidation,2022-03-06,808,817,19610.85,3341.2,,9.52,6,0,0,34.4,,9,Stage 1
6180,term,East,auto,2023-05-08,690,665,7820.08,3749.31,,10.83,10,0,0,20.1,,-25,Stage 1
6181,term,West,debt_consolidation,2021-10-12,707,697,21722.25,11347.29,,15.35,2,0,0,39.2,,-10,Stage 1
6182,term,South,auto,2024-07-07,699,689,16454.06,13756.37,,7.68,5,0,0,5.9,,-10,Stage 1
6183,term,South,debt_consolidation,2022-05-10,753,743,24166.94,4800.06,,7.84,1,0,0,32.2,,-10,Stage 1
6184,revolving,West,debt_consolidation,2021-12-21,654,630,16842.48,6407.81,10628.5,15.32,15,0,0,36.9,0.603,-24,Stage 1
6185,term,North,debt_consolidation,2021-08-02,729,715,20565.46,11538.94,,12.9,3,0,0,41.6,,-14,Stage 1
6186,revolving,East,debt_consolidation,2023-03-28,606,565,8715.42,6317.57,14527.47,8.48,38,1,0,21.5,0.435,-41,Stage 2
6187,revolving,West,auto,2021-07-19,662,663,13717.45,3432.53,5464.32,6.65,15,0,0,42.1,0.628,1,Stage 1
6188,term,East,debt_consolidation,2024-06-13,641,628,6995.41,6033.03,,7.75,18,0,0,6.7,,-13,Stage 1
6189,term,North,home_improvement,2023-05-03,685,673,40825.25,20004.81,,15.1,8,0,0,20.3,,-12,Stage 1
6190,term,North,auto,2021-05-16,661,637,21055.8,2105.58,,9.27,15,0,0,44.2,,-24,Stage 1
6191,term,West,debt_consolidation,2023-08-06,747,740,16109.21,8135.16,,12.16,1,0,0,17.1,,-7,Stage 1
6192,term,South,auto,2022-09-20,627,600,3107.84,1189.19,,9.72,21,0,1,27.8,,-27,Stage 1
6193,revolving,North,auto,2023-07-06,576,564,28139.32,18240.28,30052.88,9.97,51,1,0,18.2,0.607,-12,Stage 2
6194,revolving,North,auto,2024-12-16,598,554,31892.85,31239.99,73652.61,10.78,32,0,0,0.5,0.424,-44,Stage 2
6195,term,West,auto,2024-09-26,739,718,4738.44,4527.72,,8.64,0,0,0,3.2,,-21,Stage 1
6196,term,West,debt_consolidation,2021-12-08,621,582,12735.3,1305.57,,8.23,26,0,0,37.3,,-39,Stage 2
6197,term,West,auto,2022-01-23,703,699,15006.69,5236.83,,13.75,3,0,0,35.8,,-4,Stage 1
6198,revolving,North,home_improvement,2021-01-04,662,638,5824.62,582.46,1574.4,8.35,9,0,0,48.6,0.37,-24,Stage 1
6199,term,East,auto,2022-11-08,729,726,9292.55,5624.22,,10.58,3,1,0,26.2,,-3,Stage 2
6200,term,North,auto,2022-02-03,666,649,8338.93,2082.05,,12.23,15,0,0,35.4,,-17,Stage 1
6201,revolving,West,home_improvement,2024-12-16,845,850,27067.63,26658.62,61847.77,10.71,13,0,0,0.5,0.431,5,Stage 1
6202,term,South,debt_consolidation,2022-02-15,793,802,37378.58,6935.59,,11.29,5,0,0,35.0,,9,Stage 1
6203,revolving,South,home_improvement,2021-08-01,661,645,11323.81,1132.38,3118.75,4.11,13,0,0,41.6,0.363,-16,Stage 1
6204,term,West,personal,2022-07-14,652,642,18951.53,8540.28,,9.7,11,0,0,30.1,,-10,Stage 1
6205,term,South,home_improvement,2022-07-12,850,847,2552.74,1268.06,,12.86,20,0,0,30.1,,-3,Stage 1
6206,revolving,North,debt_consolidation,2022-07-12,615,569,31085.62,4831.06,8383.69,15.77,36,0,0,30.1,0.576,-46,Stage 2
6207,term,East,home_improvement,2023-12-08,676,665,19516.79,14617.34,,12.5,3,1,0,13.0,,-11,Stage 2
6208,term,North,auto,2024-04-25,681,666,14951.82,13172.5,,9.78,8,0,0,8.4,,-15,Stage 1
6209,term,West,debt_consolidation,2022-05-17,679,656,12376.13,6923.43,,10.77,4,0,0,32.0,,-23,Stage 1
6210,term,North,personal,2022-10-06,575,544,6984.18,4336.3,,11.19,44,0,0,27.3,,-31,Stage 2
6211,term,South,debt_consolidation,2022-06-15,709,680,27088.24,13518.26,,3.0,1,0,0,31.0,,-29,Stage 1
6212,term,North,auto,2023-08-11,621,591,20452.25,16087.13,,5.54,30,0,0,17.0,,-30,Stage 2
6213,term,East,personal,2023-02-26,766,777,24120.9,11172.69,,9.43,1,0,0,22.5,,11,Stage 1
6214,term,South,debt_consolidation,2022-04-20,592,574,14341.08,5136.14,,8.77,37,0,0,32.9,,-18,Stage 2
6215,revolving,East,debt_consolidation,2021-02-11,683,677,29870.21,2987.02,8849.71,7.87,5,0,0,47.3,0.338,-6,Stage 1
6216,revolving,East,auto,2022-08-27,547,511,7458.73,3978.36,6857.33,10.17,50,0,0,28.6,0.58,-36,Stage 2
6217,term,East,home_improvement,2024-07-08,550,524,35106.87,31304.69,,10.51,72,1,0,5.9,,-26,Stage 2
6218,term,North,home_improvement,2021-02-17,629,622,28615.32,2861.53,,4.4,20,0,0,47.1,,-7,Stage 1
6219,term,North,personal,2022-12-29,638,628,16579.65,8919.6,,4.88,21,0,0,24.5,,-10,Stage 1
6220,term,North,auto,2021-08-09,767,771,5832.66,3023.51,,7.76,3,0,0,41.4,,4,Stage 1
6221,revolving,North,auto,2023-07-29,677,638,27754.97,20795.05,60615.75,10.69,9,0,0,17.4,0.343,-39,Stage 2
6222,revolving,South,home_improvement,2021-12-09,757,759,7146.4,1673.89,3290.13,8.38,1,0,0,37.3,0.509,2,Stage 1
6223,term,North,home_improvement,2024-06-15,657,637,10852.01,8792.2,,7.38,18,0,0,6.7,,-20,Stage 1
6224,term,South,personal,2021-06-04,716,696,4025.86,1256.68,,13.29,3,0,0,43.6,,-20,Stage 1
6225,term,East,home_improvement,2023-07-27,636,622,5940.09,3888.87,,11.0,27,0,0,17.5,,-14,Stage 1
6226,term,South,personal,2023-04-21,632,611,15420.15,10857.66,,8.47,27,0,0,20.7,,-21,Stage 1
6227,term,West,debt_consolidation,2023-12-16,570,545,37265.71,28622.85,,14.42,49,0,0,12.7,,-25,Stage 2
6228,revolving,North,personal,2022-01-22,700,682,18354.68,10341.52,31003.26,9.3,4,0,0,35.8,0.334,-18,Stage 1
6229,revolving,West,personal,2023-06-13,695,668,19131.24,13165.68,24321.42,11.87,4,0,0,18.9,0.541,-27,Stage 1
6230,term,South,personal,2024-08-31,726,737,17979.71,17047.11,,6.11,1,0,0,4.1,,11,Stage 1
6231,term,North,debt_consolidation,2021-02-07,692,668,20513.58,8058.72,,4.81,1,0,0,47.5,,-24,Stage 1
6232,revolving,West,home_improvement,2024-09-26,801,797,22095.92,21232.25,40647.18,6.58,2,0,0,3.2,0.522,-4,Stage 1
6233,term,North,personal,2023-05-01,690,685,27296.83,13592.57,,10.61,7,0,1,20.4,,-5,Stage 1
6234,term,South,home_improvement,2022-12-30,739,746,32705.59,17603.01,,8.62,0,0,0,24.4,,7,Stage 1
6235,term,West,personal,2021-08-19,660,645,8678.72,3992.9,,8.49,9,0,0,41.0,,-15,Stage 1
6236,revolving,South,home_improvement,2022-03-28,625,612,26083.3,2608.33,5409.26,9.71,18,0,1,33.7,0.482,-13,Stage 1
6237,term,West,personal,2024-09-27,723,719,37689.29,35181.65,,9.46,2,0,0,3.2,,-4,Stage 1
6238,term,East,home_improvement,2021-09-14,674,649,9700.17,1595.68,,12.69,8,0,0,40.2,,-25,Stage 1
6239,revolving,East,auto,2022-03-10,729,709,6485.23,1902.62,3221.13,7.33,0,0,0,34.3,0.591,-20,Stage 1
6240,revolving,East,debt_consolidation,2021-07-28,701,699,28362.45,7379.33,18224.73,4.73,5,0,0,41.8,0.405,-2,Stage 1
6241,revolving,East,personal,2024-05-09,632,617,35856.61,32213.86,88039.81,13.91,20,0,0,7.9,0.366,-15,Stage 1
6242,term,East,debt_consolidation,2021-05-17,744,765,10625.0,2126.02,,7.6,0,0,0,44.2,,21,Stage 1
6243,term,South,personal,2022-07-19,627,597,32460.61,13587.06,,12.61,22,0,1,29.9,,-30,Stage 2
6244,revolving,East,auto,2023-05-06,717,707,32217.0,15404.56,24818.18,10.21,2,0,0,20.2,0.621,-10,Stage 1
6245,revolving,South,auto,2024-11-18,756,752,11818.84,11392.06,25045.11,13.41,2,0,0,1.5,0.455,-4,Stage 1
6246,term,East,debt_consolidation,2022-12-22,656,624,8093.87,3256.15,,7.13,14,0,0,24.7,,-32,Stage 2
6247,term,North,personal,2023-04-25,749,738,8936.79,5968.75,,11.61,2,0,0,20.6,,-11,Stage 1
6248,revolving,East,home_improvement,2021-02-05,703,696,15676.25,1567.62,4061.37,8.16,3,0,0,47.5,0.386,-7,Stage 1
6249,revolving,North,personal,2024-05-23,731,728,7414.06,6161.63,16295.81,6.99,0,0,0,7.4,0.378,-3,Stage 1
6250,term,South,home_improvement,2021-01-27,629,601,5575.94,2729.86,,14.04,24,0,0,47.8,,-28,Stage 1
6251,term,East,debt_consolidation,2021-01-18,692,677,8318.79,831.88,,6.76,5,0,0,48.1,,-15,Stage 1
6252,term,West,debt_consolidation,2022-09-22,595,588,26471.8,9097.65,,6.63,39,1,0,27.7,,-7,Stage 2
6253,term,South,auto,2024-03-06,782,780,12944.17,9405.46,,5.65,2,0,0,10.0,,-2,Stage 1
6254,term,East,home_improvement,2022-08-02,559,522,7036.93,1370.34,,7.66,47,0,0,29.4,,-37,Stage 2
6255,term,South,personal,2023-06-22,658,661,15971.27,10989.89,,9.48,17,0,0,18.6,,3,Stage 1
6256,term,West,auto,2023-09-02,624,605,17653.06,14579.89,,8.51,21,0,0,16.2,,-19,Stage 1
6257,term,East,debt_consolidation,2023-11-20,720,702,4862.08,3655.52,,10.17,1,0,0,13.6,,-18,Stage 1
6258,term,West,auto,2024-01-02,795,806,1026.76,745.2,,4.26,6,0,0,12.2,,11,Stage 1
6259,revolving,East,personal,2021-05-03,719,699,2627.46,451.28,842.34,8.88,1,0,0,44.6,0.536,-20,Stage 1
6260,term,North,personal,2023-08-15,850,849,9442.29,6760.6,,4.72,29,0,0,16.8,,-1,Stage 1
6261,term,South,debt_consolidation,2023-09-28,597,566,31911.62,22655.09,,7.68,35,0,0,15.4,,-31,Stage 2
6262,revolving,West,auto,2023-09-14,601,567,38238.94,24925.71,54808.13,8.29,36,0,0,15.8,0.455,-34,Stage 2
6263,term,South,home_improvement,2024-06-05,626,596,2233.49,1838.7,,8.91,33,0,0,7.0,,-30,Stage 2
6264,revolving,West,home_improvement,2021-12-04,687,662,19310.04,11871.15,21723.85,10.08,8,0,0,37.5,0.546,-25,Stage 1
6265,revolving,South,home_improvement,2023-09-18,618,596,7044.37,4557.88,11619.01,5.21,24,0,0,15.7,0.392,-22,Stage 1
6266,term,South,personal,2021-09-30,634,601,7948.73,4004.97,,7.65,19,1,0,39.6,,-33,Stage 2
6267,revolving,South,auto,2023-06-21,717,694,10284.42,5100.94,13059.88,15.86,2,0,0,18.7,0.391,-23,Stage 1
6268,term,North,home_improvement,2021-02-08,605,585,8922.87,892.29,,8.77,35,1,0,47.4,,-20,Stage 2
6269,term,East,auto,2022-11-13,612,586,7637.69,4071.89,,8.42,30,0,0,26.0,,-26,Stage 2
6270,term,North,debt_consolidation,2022-03-02,656,638,23907.09,2390.71,,3.23,15,0,0,34.5,,-18,Stage 1
6271,term,South,home_improvement,2021-11-11,661,641,13322.63,1332.26,,9.5,18,0,0,38.2,,-20,Stage 1
6272,revolving,West,auto,2022-09-06,740,755,10333.9,2061.85,5392.53,4.24,2,1,0,28.3,0.382,15,Stage 2
6273,term,South,personal,2023-01-25,625,603,7744.03,3273.49,,3.0,25,0,0,23.6,,-22,Stage 1
6274,term,East,debt_consolidation,2021-06-06,636,613,25933.13,10763.33,,10.32,16,0,0,43.5,,-23,Stage 1
6275,term,North,debt_consolidation,2023-05-22,714,707,6071.51,2796.56,,10.3,3,0,0,19.7,,-7,Stage 1
6276,term,East,debt_consolidation,2023-02-16,728,723,6066.44,4419.64,,4.16,4,0,0,22.8,,-5,Stage 1
6277,term,West,debt_consolidation,2021-09-14,765,771,10947.89,1094.79,,4.78,1,0,0,40.2,,6,Stage 1
6278,term,East,personal,2023-05-05,708,699,27365.2,11416.85,,6.65,4,0,0,20.2,,-9,Stage 1
6279,revolving,North,personal,2022-09-27,687,677,35968.06,7202.19,21207.81,14.83,5,0,0,27.6,0.34,-10,Stage 1
6280,term,West,home_improvement,2022-04-01,714,711,12151.78,2554.95,,9.84,3,0,0,33.5,,-3,Stage 1
6281,revolving,East,personal,2021-02-16,663,657,6488.39,648.84,1294.45,10.73,12,0,0,47.2,0.501,-6,Stage 1
6282,term,North,personal,2024-09-17,663,641,38714.22,34708.09,,12.69,6,0,0,3.5,,-22,Stage 1
6283,revolving,North,debt_consolidation,2021-01-10,573,529,48885.03,4888.5,13810.36,13.57,52,0,1,48.4,0.354,-44,Stage 2
6284,revolving,South,personal,2021-05-24,733,709,17903.23,4327.63,6726.95,9.43,1,0,0,43.9,0.643,-24,Stage 1
6285,term,East,debt_consolidation,2024-12-25,692,684,31934.15,31421.59,,10.37,9,0,0,0.2,,-8,Stage 1
6286,term,West,auto,2024-03-21,726,719,7938.62,6805.93,,9.05,4,0,0,9.5,,-7,Stage 1
6287,revolving,South,auto,2022-05-02,511,460,6625.78,2468.65,7404.71,3.08,89,0,1,32.5,0.333,-51,Stage 2
6288,term,East,auto,2024-03-05,677,662,14379.39,10997.8,,9.87,9,0,0,10.1,,-15,Stage 1
6289,revolving,East,auto,2023-11-16,628,602,13128.45,11168.96,22154.56,7.36,27,0,1,13.7,0.504,-26,Stage 1
6290,term,West,auto,2023-10-28,770,759,40764.36,26803.04,,3.0,4,0,0,14.4,,-11,Stage 1
6291,term,South,auto,2022-08-14,716,688,10114.34,5259.68,,6.66,1,0,0,29.0,,-28,Stage 1
6292,term,South,auto,2023-11-05,694,677,12062.74,9172.52,,7.52,3,0,0,14.1,,-17,Stage 1
6293,revolving,West,debt_consolidation,2024-12-26,654,639,21721.52,21405.6,60090.02,11.75,17,0,0,0.2,0.356,-15,Stage 1
6294,term,South,debt_consolidation,2023-06-18,703,709,20588.61,15696.72,,8.53,6,0,1,18.8,,6,Stage 1
6295,revolving,North,debt_consolidation,2024-11-24,624,588,4559.3,4422.73,8944.4,6.76,29,0,1,1.3,0.494,-36,Stage 2
6296,revolving,West,debt_consolidation,2021-07-26,674,654,26300.38,12117.96,24992.25,5.03,10,0,0,41.8,0.485,-20,Stage 1
6297,term,East,personal,2023-06-29,645,642,7635.67,4474.25,,8.31,20,0,0,18.4,,-3,Stage 1
6298,term,West,personal,2024-05-24,815,828,35558.92,28327.87,,9.43,11,0,0,7.4,,13,Stage 1
6299,revolving,North,home_improvement,2021-09-16,768,773,17027.71,1702.77,4512.15,10.65,0,0,0,40.1,0.377,5,Stage 1
6300,term,West,personal,2024-09-14,743,737,13462.73,12619.97,,11.44,3,0,0,3.6,,-6,Stage 1
6301,revolving,East,debt_consolidation,2022-03-30,590,571,42142.84,7162.44,15586.61,4.7,38,0,0,33.6,0.46,-19,Stage 2
6302,term,East,debt_consolidation,2023-03-10,731,715,5580.58,2885.63,,9.74,3,0,0,22.1,,-16,Stage 1
6303,term,West,auto,2022-01-10,691,668,4245.21,2097.47,,8.48,12,1,0,36.2,,-23,Stage 2
6304,revolving,West,auto,2022-04-09,753,732,31941.16,15653.12,40053.41,8.21,0,0,0,33.3,0.391,-21,Stage 1
6305,term,North,home_improvement,2021-03-16,699,686,27869.33,2786.93,,9.59,2,0,0,46.2,,-13,Stage 1
6306,term,North,personal,2021-08-30,679,671,45160.55,4516.05,,14.11,8,0,0,40.7,,-8,Stage 1
6307,term,East,debt_consolidation,2023-11-07,694,685,29604.5,20224.26,,8.1,5,0,0,14.0,,-9,Stage 1
6308,term,South,personal,2024-07-06,571,559,15802.35,13892.99,,9.3,58,0,1,6.0,,-12,Stage 2
6309,term,South,home_improvement,2021-05-03,633,604,7874.38,787.44,,5.99,20,0,0,44.6,,-29,Stage 1
6310,revolving,South,auto,2024-08-27,702,701,20468.22,19339.34,44849.48,5.67,5,0,0,4.2,0.431,-1,Stage 1
6311,term,South,debt_consolidation,2021-04-21,748,744,9658.44,4226.72,,5.53,0,0,0,45.0,,-4,Stage 1
6312,term,East,auto,2024-07-03,646,637,3322.33,2729.48,,4.2,18,0,0,6.1,,-9,Stage 1
6313,term,South,debt_consolidation,2021-08-22,677,661,6515.78,651.58,,6.98,10,0,0,40.9,,-16,Stage 1
6314,term,South,auto,2023-08-26,583,555,7356.92,4814.68,,14.28,36,0,0,16.5,,-28,Stage 2
6315,term,West,auto,2022-05-12,767,766,18947.43,7161.23,,6.6,0,0,0,32.2,,-1,Stage 1
6316,revolving,South,home_improvement,2023-11-30,746,740,3064.17,2379.91,6761.59,7.97,2,0,0,13.3,0.352,-6,Stage 1
6317,revolving,West,personal,2024-02-20,719,724,3677.82,2876.61,7280.02,4.74,2,0,0,10.5,0.395,5,Stage 1
6318,term,East,auto,2022-12-28,704,671,8664.14,2476.99,,8.33,3,0,0,24.5,,-33,Stage 2
6319,term,West,debt_consolidation,2021-04-02,773,764,6822.53,3297.86,,5.73,4,0,0,45.7,,-9,Stage 1
6320,term,North,personal,2024-10-16,631,603,15870.8,14985.74,,7.96,26,0,0,2.6,,-28,Stage 1
6321,term,West,personal,2024-02-21,625,612,9972.39,6934.88,,7.94,25,0,0,10.5,,-13,Stage 1
6322,term,South,auto,2021-12-03,743,732,10485.88,1048.59,,8.64,0,0,0,37.5,,-11,Stage 1
6323,term,West,auto,2022-05-28,739,732,23732.62,4413.89,,12.32,0,0,0,31.6,,-7,Stage 1
6324,term,West,auto,2022-08-26,608,580,26502.71,9149.57,,14.35,30,0,0,28.6,,-28,Stage 2
6325,term,East,personal,2022-03-04,648,636,7570.58,757.06,,14.32,14,0,0,34.5,,-12,Stage 1
6326,term,East,home_improvement,2024-12-27,781,778,19177.74,18628.34,,9.32,5,0,0,0.2,,-3,Stage 1
6327,revolving,South,auto,2021-01-07,704,701,6072.31,607.23,1393.76,9.52,6,1,0,48.5,0.436,-3,Stage 2
6328,term,North,personal,2021-04-30,727,728,23196.18,2319.62,,9.28,1,0,0,44.7,,1,Stage 1
6329,term,North,personal,2022-01-22,610,605,5318.37,531.84,,11.31,30,0,1,35.8,,-5,Stage 2
6330,term,West,debt_consolidation,2024-10-05,719,718,28078.82,26516.07,,6.93,3,0,1,2.9,,-1,Stage 1
6331,term,North,auto,2022-10-03,594,573,1712.15,908.2,,5.95,50,0,0,27.4,,-21,Stage 2
6332,revolving,East,home_improvement,2024-01-27,561,549,5650.25,4869.04,13393.67,3.0,43,0,0,11.3,0.364,-12,Stage 2
6333,term,South,debt_consolidation,2023-12-03,723,725,8535.6,5911.75,,11.67,1,0,0,13.2,,2,Stage 1
6334,term,South,auto,2021-07-02,766,764,10178.36,4621.07,,9.67,1,0,0,42.6,,-2,Stage 1
6335,term,East,debt_consolidation,2022-11-28,664,644,4522.29,2093.81,,6.54,12,0,0,25.5,,-20,Stage 1
6336,revolving,South,auto,2022-07-19,647,640,7970.47,5299.7,12738.63,13.82,18,0,0,29.9,0.416,-7,Stage 1
6337,term,West,debt_consolidation,2024-06-12,782,777,11071.39,8831.66,,7.02,2,0,0,6.8,,-5,Stage 1
6338,term,South,home_improvement,2022-03-22,668,656,1777.23,378.1,,13.53,7,1,0,33.9,,-12,Stage 2
6339,term,North,debt_consolidation,2021-07-19,676,645,16605.39,8849.66,,6.38,10,0,0,42.1,,-31,Stage 2
6340,term,South,debt_consolidation,2023-08-06,781,778,16844.03,9819.51,,9.54,3,0,0,17.1,,-3,Stage 1
6341,term,South,debt_consolidation,2022-05-28,658,655,27677.72,8257.81,,10.32,13,0,0,31.6,,-3,Stage 1
6342,term,East,auto,2023-09-17,640,609,59795.32,37291.26,,7.41,17,0,0,15.7,,-31,Stage 2
6343,term,East,auto,2021-08-01,728,727,5610.18,561.02,,5.13,1,0,0,41.6,,-1,Stage 1
6344,revolving,North,home_improvement,2024-11-02,637,595,31301.7,29792.12,79239.03,9.09,29,0,0,2.0,0.376,-42,Stage 2
6345,term,East,debt_consolidation,2022-06-30,671,668,3780.42,2233.85,,6.67,11,0,0,30.5,,-3,Stage 1
6346,term,North,personal,2022-05-01,600,567,10457.09,5237.17,,4.25,38,0,0,32.5,,-33,Stage 2
6347,term,West,debt_consolidation,2024-10-16,691,674,17272.26,16663.33,,3.56,5,0,0,2.6,,-17,Stage 1
6348,revolving,North,personal,2021-06-17,684,684,17180.71,1718.07,2827.26,9.56,8,0,1,43.1,0.608,0,Stage 1
6349,term,South,personal,2023-06-09,738,727,26783.37,17572.86,,3.0,2,0,0,19.1,,-11,Stage 1
6350,revolving,North,debt_consolidation,2023-07-20,731,732,9437.61,7555.9,20785.0,8.12,0,0,0,17.7,0.364,1,Stage 1
6351,term,West,personal,2024-11-28,713,710,14211.96,13894.1,,11.27,1,0,0,1.1,,-3,Stage 1
6352,term,South,personal,2023-04-08,703,704,15250.79,9135.86,,4.46,5,0,0,21.1,,1,Stage 1
6353,term,North,debt_consolidation,2021-05-17,675,669,34978.93,3497.89,,4.94,6,0,0,44.2,,-6,Stage 1
6354,term,East,auto,2024-06-10,716,705,12944.87,10444.13,,9.94,3,0,0,6.8,,-11,Stage 1
6355,revolving,East,debt_consolidation,2021-04-25,613,601,9166.42,916.64,1910.06,3.0,31,0,0,44.9,0.48,-12,Stage 2
6356,revolving,East,home_improvement,2024-06-29,539,508,24186.31,20410.56,46528.89,8.78,70,0,0,6.2,0.439,-31,Stage 2
6357,term,North,personal,2024-08-05,749,746,12886.98,11982.96,,7.52,0,0,0,5.0,,-3,Stage 1
6358,term,North,home_improvement,2023-12-09,720,728,27483.96,17454.36,,13.32,5,0,0,13.0,,8,Stage 1
6359,revolving,West,personal,2022-05-31,672,660,27449.98,12437.82,24742.74,13.79,6,0,0,31.5,0.503,-12,Stage 1
6360,term,South,auto,2022-11-19,744,736,2296.6,1180.72,,9.98,2,0,0,25.8,,-8,Stage 1
6361,term,South,personal,2023-10-17,636,632,56123.94,47302.78,,6.88,26,0,0,14.7,,-4,Stage 1
6362,term,South,debt_consolidation,2024-07-19,637,617,4083.5,3563.17,,9.23,18,0,0,5.5,,-20,Stage 1
6363,term,South,personal,2024-12-25,629,596,15105.51,14669.55,,11.61,18,0,0,0.2,,-33,Stage 2
6364,term,North,home_improvement,2023-11-16,714,688,7696.58,6092.28,,11.09,2,0,0,13.7,,-26,Stage 1
6365,term,North,debt_consolidation,2023-12-30,585,556,7244.7,5964.12,,3.0,27,0,0,12.3,,-29,Stage 1
6366,term,West,home_improvement,2021-10-20,633,607,5202.03,2389.23,,4.57,23,0,0,39.0,,-26,Stage 1
6367,term,South,auto,2024-11-30,697,695,25077.17,24645.37,,11.25,3,0,0,1.1,,-2,Stage 1
6368,term,North,home_improvement,2024-06-11,607,577,9735.49,8087.88,,5.13,30,1,0,6.8,,-30,Stage 2
6369,term,North,home_improvement,2021-08-19,640,607,30492.07,3049.21,,9.99,9,0,0,41.0,,-33,Stage 2
6370,revolving,North,home_improvement,2024-07-10,547,514,9467.36,8106.38,16807.37,11.43,56,0,1,5.8,0.482,-33,Stage 2
6371,term,North,debt_consolidation,2023-07-27,716,690,9307.99,6677.77,,10.77,3,0,0,17.5,,-26,Stage 1
6372,term,South,auto,2024-02-19,638,618,5849.7,4423.21,,10.43,16,0,1,10.6,,-20,Stage 1
6373,revolving,South,auto,2022-06-02,614,591,11771.31,3594.16,10184.29,7.51,25,1,1,31.5,0.353,-23,Stage 2
6374,revolving,North,auto,2023-11-14,602,573,1747.82,1270.3,2688.87,4.84,31,0,0,13.8,0.472,-29,Stage 2
6375,term,East,home_improvement,2022-12-07,654,623,29751.36,14473.22,,14.37,22,0,0,25.2,,-31,Stage 2
6376,term,West,debt_consolidation,2022-01-12,585,551,17324.4,4476.33,,3.16,40,0,0,36.2,,-34,Stage 2
6377,revolving,South,debt_consolidation,2022-03-13,796,795,13219.2,7059.15,11393.37,9.34,3,0,0,34.2,0.62,-1,Stage 1
6378,revolving,South,debt_consolidation,2023-05-03,536,489,1929.15,810.81,1361.53,7.29,68,0,1,20.3,0.596,-47,Stage 2
6379,revolving,East,home_improvement,2023-08-28,652,637,6258.24,3858.27,7420.46,12.96,15,0,0,16.4,0.52,-15,Stage 1
6380,revolving,South,auto,2022-05-14,686,677,1264.92,130.92,333.22,9.08,3,0,0,32.1,0.393,-9,Stage 1
6381,term,East,home_improvement,2024-04-12,633,613,4493.58,3856.04,,6.36,19,0,1,8.8,,-20,Stage 1
6382,term,East,debt_consolidation,2022-08-23,692,671,12173.76,5794.81,,7.57,6,0,0,28.7,,-21,Stage 1
6383,term,North,home_improvement,2023-02-17,632,608,18025.09,11105.88,,11.64,13,0,0,22.8,,-24,Stage 1
6384,term,South,personal,2024-08-26,771,783,6171.41,5460.31,,12.19,0,0,0,4.3,,12,Stage 1
6385,term,West,auto,2021-03-11,612,594,5410.65,541.06,,10.93,28,0,0,46.4,,-18,Stage 1
6386,term,East,auto,2021-07-24,538,503,21890.86,8454.04,,9.3,84,0,0,41.9,,-35,Stage 2
6387,term,West,debt_consolidation,2021-12-07,602,584,13779.33,3394.57,,6.07,30,1,0,37.4,,-18,Stage 2
6388,revolving,North,home_improvement,2023-11-22,703,669,23785.98,17005.91,32763.65,6.79,2,0,0,13.5,0.519,-34,Stage 2
6389,term,South,debt_consolidation,2023-12-03,672,681,34295.21,22051.77,,10.36,11,1,0,13.2,,9,Stage 2
6390,term,North,home_improvement,2021-04-28,725,704,16217.73,5105.7,,12.02,5,0,1,44.8,,-21,Stage 1
6391,term,North,personal,2023-06-08,710,702,8447.59,5966.01,,4.53,1,0,0,19.1,,-8,Stage 1
6392,term,West,auto,2021-01-15,641,612,10577.1,4015.78,,3.86,20,0,0,48.2,,-29,Stage 1
6393,revolving,West,auto,2024-09-07,650,620,11547.87,10976.05,25935.16,8.36,15,0,0,3.9,0.423,-30,Stage 2
6394,term,East,home_improvement,2023-06-30,656,648,10356.24,8065.91,,9.67,17,0,1,18.4,,-8,Stage 1
6395,revolving,South,auto,2022-09-19,793,792,17467.37,12366.63,21897.57,9.47,4,0,0,27.8,0.565,-1,Stage 1
6396,term,North,home_improvement,2024-09-22,721,713,13509.95,12852.6,,10.58,2,0,0,3.4,,-8,Stage 1
6397,term,East,debt_consolidation,2022-11-21,793,796,5585.54,3406.94,,7.37,1,0,0,25.7,,3,Stage 1
6398,term,East,personal,2023-02-13,730,728,3897.59,1984.93,,12.68,0,0,0,22.9,,-2,Stage 1
6399,term,North,home_improvement,2024-11-05,676,666,12107.76,11756.67,,13.52,12,0,0,1.9,,-10,Stage 1
6400,revolving,North,personal,2023-07-02,618,604,1000.0,478.23,948.92,10.57,24,1,0,18.3,0.504,-14,Stage 2
6401,term,East,debt_consolidation,2021-04-30,692,660,27947.52,14312.47,,7.44,5,0,0,44.7,,-32,Stage 2
6402,revolving,North,debt_consolidation,2021-01-26,676,653,7428.07,844.57,1763.48,3.0,9,0,0,47.9,0.479,-23,Stage 1
6403,term,North,debt_consolidation,2021-03-05,674,649,38289.98,14264.15,,6.97,7,0,0,46.6,,-25,Stage 1
6404,revolving,West,home_improvement,2022-04-05,667,661,31516.2,20053.78,47254.09,9.38,10,0,0,33.4,0.424,-6,Stage 1
6405,term,South,personal,2021-11-10,556,532,32039.04,10417.85,,10.89,63,0,0,38.3,,-24,Stage 2
6406,revolving,East,personal,2023-03-16,755,757,8650.18,4206.6,9017.52,7.91,1,0,0,21.9,0.466,2,Stage 1
6407,term,North,auto,2024-05-24,676,651,4172.31,3304.59,,8.65,16,0,0,7.4,,-25,Stage 1
6408,term,East,home_improvement,2023-09-13,595,557,17067.25,14181.66,,14.04,37,0,0,15.9,,-38,Stage 2
6409,term,South,auto,2023-01-06,708,680,20176.19,7419.6,,5.68,3,0,0,24.2,,-28,Stage 1
6410,revolving,East,auto,2023-06-08,628,610,3965.72,2979.14,8210.44,3.97,22,0,0,19.1,0.363,-18,Stage 1
6411,term,East,home_improvement,2023-09-09,713,687,57901.6,41639.37,,3.0,0,0,0,16.0,,-26,Stage 1
6412,term,East,auto,2022-08-02,732,732,5666.08,1837.81,,11.84,3,0,0,29.4,,0,Stage 1
6413,revolving,West,auto,2024-10-14,741,727,8505.98,8156.5,23397.54,4.96,1,0,0,2.6,0.349,-14,Stage 1
6414,term,South,auto,2024-02-24,670,649,21311.75,15061.62,,7.91,9,0,0,10.4,,-21,Stage 1
6415,term,South,debt_consolidation,2023-08-30,655,634,19858.15,13131.97,,11.43,19,0,0,16.3,,-21,Stage 1
6416,term,East,home_improvement,2023-05-11,642,610,10204.68,5605.46,,13.61,19,0,0,20.0,,-32,Stage 2
6417,term,East,debt_consolidation,2022-12-08,636,624,9806.14,6439.29,,9.13,16,0,0,25.2,,-12,Stage 1
6418,revolving,South,auto,2024-01-16,678,652,9500.86,7400.59,18548.27,5.96,4,0,1,11.7,0.399,-26,Stage 1
6419,revolving,North,auto,2024-09-28,667,648,27794.02,26911.09,53255.29,10.02,9,0,0,3.2,0.505,-19,Stage 1
6420,term,West,debt_consolidation,2022-01-30,630,619,16464.58,4706.63,,5.79,31,1,0,35.6,,-11,Stage 2
6421,revolving,South,auto,2022-04-29,611,568,7091.55,2488.4,7345.69,8.76,32,0,0,32.6,0.339,-43,Stage 2
6422,term,East,home_improvement,2022-10-28,673,644,12402.34,6548.07,,4.78,5,0,0,26.5,,-29,Stage 1
6423,term,North,personal,2022-04-01,653,629,24511.29,6525.11,,6.46,14,0,1,33.5,,-24,Stage 1
6424,term,North,debt_consolidation,2021-07-29,611,586,8556.68,855.67,,15.73,29,0,0,41.7,,-25,Stage 1
6425,term,North,personal,2022-06-09,729,726,18360.4,11994.7,,12.2,2,0,0,31.2,,-3,Stage 1
6426,term,West,personal,2022-11-07,786,786,8325.0,4946.76,,6.96,2,0,0,26.2,,0,Stage 1
6427,revolving,West,personal,2023-09-29,737,734,4502.97,3604.31,7578.73,7.66,3,1,0,15.3,0.476,-3,Stage 2
6428,revolving,South,debt_consolidation,2023-06-15,636,619,9691.25,6901.14,18469.23,11.15,18,1,1,18.9,0.374,-17,Stage 2
6429,term,South,auto,2023-10-01,676,666,16041.98,12809.49,,7.74,12,0,0,15.3,,-10,Stage 1
6430,term,South,home_improvement,2021-11-03,772,756,57054.02,5705.4,,12.63,4,0,0,38.5,,-16,Stage 1
6431,revolving,South,auto,2024-01-05,609,579,13151.8,11377.88,27286.3,4.27,33,0,1,12.1,0.417,-30,Stage 2
6432,revolving,East,home_improvement,2023-11-12,726,716,11065.57,9148.28,27357.06,8.78,0,0,0,13.9,0.334,-10,Stage 1
6433,revolving,West,auto,2021-03-01,593,568,7908.6,790.86,1255.81,6.58,40,0,0,46.7,0.63,-25,Stage 2
6434,term,North,personal,2022-01-21,781,777,15448.04,1544.8,,9.76,2,0,0,35.9,,-4,Stage 1
6435,revolving,East,personal,2021-02-25,654,633,11957.42,1195.74,3281.97,9.35,16,0,0,46.9,0.364,-21,Stage 1
6436,term,South,home_improvement,2021-06-17,813,811,9883.51,988.35,,9.07,9,0,0,43.1,,-2,Stage 1
6437,term,South,debt_consolidation,2024-12-06,783,782,7306.56,7175.22,,10.27,1,0,0,0.9,,-1,Stage 1
6438,term,East,auto,2022-12-18,673,680,1256.43,702.97,,9.81,18,0,1,24.8,,7,Stage 1
6439,term,North,personal,2023-05-15,636,616,18033.57,8229.78,,5.57,21,0,0,19.9,,-20,Stage 1
6440,term,West,home_improvement,2024-04-29,691,666,9663.08,8813.18,,8.66,6,0,0,8.2,,-25,Stage 1
6441,term,West,auto,2022-04-27,669,662,4118.63,1994.04,,8.67,11,0,0,32.7,,-7,Stage 1
6442,term,North,home_improvement,2024-12-10,655,619,10867.89,10728.56,,8.84,13,0,0,0.7,,-36,Stage 2
6443,revolving,West,debt_consolidation,2021-12-06,580,555,9753.18,4616.38,13517.37,15.59,38,0,1,37.4,0.342,-25,Stage 2
6444,term,South,debt_consolidation,2023-03-07,649,630,1068.24,793.46,,9.08,22,1,0,22.2,,-19,Stage 2
6445,term,South,auto,2023-06-11,613,605,3031.24,2157.86,,13.91,28,0,0,19.0,,-8,Stage 1
6446,term,South,debt_consolidation,2023-02-15,713,705,3281.56,2169.01,,3.14,2,0,0,22.9,,-8,Stage 1
6447,revolving,South,auto,2024-07-06,739,747,41142.68,37411.23,93186.42,7.24,3,0,0,6.0,0.401,8,Stage 1
6448,term,North,auto,2024-10-05,724,715,17174.26,16444.33,,8.24,0,0,0,2.9,,-9,Stage 1
6449,term,West,debt_consolidation,2022-08-24,700,692,7339.13,4285.32,,13.62,4,0,0,28.7,,-8,Stage 1
6450,term,West,home_improvement,2022-03-13,628,600,10196.9,1019.69,,3.0,32,0,0,34.2,,-28,Stage 2
6451,revolving,East,home_improvement,2024-05-30,692,675,12172.37,10016.08,22317.87,11.9,11,0,0,7.2,0.449,-17,Stage 1
6452,revolving,North,auto,2024-12-07,727,725,22373.67,21843.3,35737.48,10.6,3,0,0,0.8,0.611,-2,Stage 1
6453,term,West,personal,2024-10-05,644,636,26988.07,25819.11,,10.61,17,0,1,2.9,,-8,Stage 1
6454,term,West,auto,2023-12-19,687,656,32684.23,23611.24,,8.38,9,0,0,12.6,,-31,Stage 2
6455,revolving,East,home_improvement,2021-06-01,671,676,10524.69,1052.47,1780.89,9.46,7,1,0,43.7,0.591,5,Stage 2
6456,term,South,auto,2023-07-23,779,782,8337.31,6252.41,,8.84,2,0,0,17.6,,3,Stage 1
6457,term,West,home_improvement,2022-06-24,731,720,4377.42,1908.42,,6.96,0,0,0,30.7,,-11,Stage 1
6458,term,South,debt_consolidation,2021-08-13,716,711,34162.85,3940.47,,11.69,3,0,0,41.2,,-5,Stage 1
6459,term,East,auto,2024-09-03,576,542,29804.37,28013.83,,9.24,52,0,0,4.0,,-34,Stage 2
6460,term,West,auto,2022-07-17,690,684,22856.46,6013.86,,6.64,4,0,0,30.0,,-6,Stage 1
6461,term,South,debt_consolidation,2024-07-26,670,661,31051.67,27496.59,,10.23,8,0,1,5.3,,-9,Stage 1
6462,term,North,debt_consolidation,2022-07-12,670,655,8523.93,4386.82,,8.37,11,0,0,30.1,,-15,Stage 1
6463,revolving,South,personal,2022-09-10,586,550,15672.07,8065.81,23363.35,7.65,34,0,0,28.1,0.345,-36,Stage 2
6464,term,South,debt_consolidation,2021-01-24,614,591,30722.24,5229.71,,3.91,25,0,0,47.9,,-23,Stage 1
6465,revolving,South,personal,2022-01-03,675,661,24423.92,7148.4,14921.7,7.43,8,0,0,36.5,0.479,-14,Stage 1
6466,term,South,debt_consolidation,2023-09-26,746,749,26790.78,18155.95,,7.28,0,0,0,15.4,,3,Stage 1
6467,term,North,home_improvement,2021-12-01,644,619,19570.29,5180.23,,9.91,13,0,0,37.6,,-25,Stage 1
6468,term,East,auto,2024-12-27,656,634,16187.14,15976.14,,7.85,17,0,1,0.2,,-22,Stage 1
6469,revolving,South,debt_consolidation,2021-01-03,786,798,8869.09,886.91,1655.18,17.05,1,0,0,48.6,0.536,12,Stage 1
6470,revolving,South,home_improvement,2023-10-05,662,662,27743.12,22671.53,59757.58,4.39,10,0,0,15.1,0.379,0,Stage 1
6471,term,West,debt_consolidation,2024-07-05,672,657,32964.91,30324.51,,5.26,14,0,0,6.0,,-15,Stage 1
6472,revolving,West,auto,2021-09-20,673,670,7534.97,753.5,1780.67,7.38,8,1,0,40.0,0.423,-3,Stage 2
6473,term,North,debt_consolidation,2021-05-01,599,573,12308.68,1875.96,,10.09,33,0,0,44.7,,-26,Stage 2
6474,revolving,North,debt_consolidation,2021-01-21,714,692,7478.56,747.86,1707.21,8.02,5,0,0,48.0,0.438,-22,Stage 1
6475,revolving,North,auto,2023-06-24,640,614,22674.54,16131.17,48117.08,7.16,19,0,0,18.6,0.335,-26,Stage 1
6476,revolving,West,debt_consolidation,2021-05-20,678,656,37436.96,18688.9,48336.82,5.41,8,0,0,44.1,0.387,-22,Stage 1
6477,term,South,auto,2024-08-05,706,691,17274.2,14803.93,,10.29,5,0,0,5.0,,-15,Stage 1
6478,term,West,personal,2021-07-25,796,793,16742.34,2447.74,,17.2,8,0,0,41.9,,-3,Stage 1
6479,term,East,debt_consolidation,2021-02-12,600,596,53783.91,5378.39,,5.82,35,0,0,47.3,,-4,Stage 2
6480,term,North,home_improvement,2023-04-30,731,716,16356.75,6785.97,,10.72,3,0,0,20.4,,-15,Stage 1
6481,term,North,debt_consolidation,2024-02-16,732,714,18861.32,12891.22,,13.71,2,0,0,10.7,,-18,Stage 1
6482,term,North,auto,2023-10-26,641,633,31186.6,26187.36,,9.42,21,0,1,14.4,,-8,Stage 1
6483,term,East,auto,2021-07-26,715,689,14618.45,4593.33,,10.01,4,0,0,41.8,,-26,Stage 1
6484,term,South,home_improvement,2022-09-27,778,779,26841.46,10009.0,,8.76,2,0,0,27.6,,1,Stage 1
6485,term,South,home_improvement,2021-12-11,634,613,21279.52,2127.95,,14.37,20,0,0,37.2,,-21,Stage 1
6486,term,South,auto,2024-03-11,694,677,5996.72,4713.17,,11.39,7,0,0,9.9,,-17,Stage 1
6487,revolving,North,personal,2022-01-07,704,684,1000.0,100.0,150.28,12.41,10,0,0,36.3,0.665,-20,Stage 1
6488,term,South,personal,2024-06-09,712,691,3817.72,3198.08,,8.61,2,0,0,6.9,,-21,Stage 1
6489,term,West,auto,2024-04-02,726,723,14471.73,13121.95,,11.04,2,0,0,9.1,,-3,Stage 1
6490,revolving,North,personal,2022-07-01,689,686,29969.55,11852.84,29012.65,8.78,6,0,0,30.5,0.409,-3,Stage 1
6491,term,East,home_improvement,2024-10-19,710,693,12687.63,11776.62,,11.32,4,1,0,2.5,,-17,Stage 2
6492,term,East,personal,2023-09-11,625,601,12604.86,9874.9,,7.78,23,0,0,15.9,,-24,Stage 1
6493,term,South,home_improvement,2021-12-01,689,664,10393.15,1039.31,,12.51,3,0,0,37.6,,-25,Stage 1
6494,term,North,debt_consolidation,2021-01-11,651,633,8889.93,2283.47,,10.63,13,0,0,48.4,,-18,Stage 1
6495,revolving,West,home_improvement,2024-12-02,606,576,70169.2,68186.22,138636.23,7.63,32,1,0,1.0,0.492,-30,Stage 2
6496,term,West,debt_consolidation,2021-03-16,649,632,16047.02,1604.7,,11.63,19,0,0,46.2,,-17,Stage 1
6497,term,North,home_improvement,2024-08-16,696,682,8710.21,8014.81,,8.05,2,0,0,4.6,,-14,Stage 1
6498,term,South,home_improvement,2023-08-05,706,682,15699.57,8095.85,,5.3,8,0,0,17.2,,-24,Stage 1
6499,term,East,personal,2023-07-02,603,579,16951.76,13304.65,,8.16,36,0,0,18.3,,-24,Stage 2
6500,revolving,East,home_improvement,2024-11-05,623,600,6183.73,5892.75,14351.13,8.19,20,0,0,1.9,0.411,-23,Stage 1
6501,term,West,auto,2022-12-11,723,708,34667.62,15663.56,,5.53,0,0,0,25.1,,-15,Stage 1
6502,term,West,debt_consolidation,2023-05-03,710,708,10255.92,6597.16,,10.5,2,0,0,20.3,,-2,Stage 1
6503,term,West,debt_consolidation,2023-02-15,733,724,34060.74,17921.93,,10.26,0,0,0,22.9,,-9,Stage 1
6504,term,East,home_improvement,2023-06-05,762,762,9118.35,4697.04,,8.95,1,0,0,19.2,,0,Stage 1
6505,term,West,auto,2023-01-06,712,719,7454.24,5227.82,,11.45,5,0,0,24.2,,7,Stage 1
6506,revolving,East,home_improvement,2022-09-26,655,656,41048.83,23723.68,70607.09,7.9,6,0,0,27.6,0.336,1,Stage 1
6507,revolving,East,home_improvement,2023-11-18,686,659,35377.49,26858.47,70922.34,4.54,6,1,0,13.7,0.379,-27,Stage 2
6508,revolving,South,personal,2022-01-31,779,785,10094.56,1253.44,2587.96,7.05,1,0,0,35.5,0.484,6,Stage 1
6509,revolving,South,home_improvement,2022-11-14,845,850,8850.57,2407.02,5709.74,6.5,11,0,0,26.0,0.422,5,Stage 1
6510,term,South,home_improvement,2024-10-31,707,699,21476.93,20204.97,,7.9,5,0,0,2.1,,-8,Stage 1
6511,term,West,personal,2022-02-25,712,713,4858.47,1890.59,,9.31,5,0,0,34.7,,1,Stage 1
6512,revolving,East,personal,2021-12-30,723,721,18657.2,5577.33,14086.09,15.07,2,0,0,36.6,0.396,-2,Stage 1
6513,revolving,West,auto,2024-05-24,681,665,31596.91,25015.92,49722.66,4.39,6,0,0,7.4,0.503,-16,Stage 1
6514,revolving,East,personal,2024-01-30,749,754,10485.07,9175.57,25288.02,11.67,1,0,0,11.2,0.363,5,Stage 1
6515,term,South,debt_consolidation,2021-04-03,740,728,32466.69,3246.67,,5.99,1,1,0,45.6,,-12,Stage 2
6516,term,South,debt_consolidation,2021-09-23,701,691,29152.86,3678.65,,10.38,2,0,0,39.9,,-10,Stage 1
6517,revolving,West,auto,2021-07-25,660,650,19436.05,8333.82,24928.08,7.09,9,0,0,41.9,0.334,-10,Stage 1
6518,revolving,East,home_improvement,2024-01-09,588,569,54530.83,37605.14,111745.79,9.7,40,0,0,11.9,0.337,-19,Stage 2
6519,revolving,West,auto,2021-02-06,723,697,4940.98,2241.8,4179.34,13.9,2,0,0,47.5,0.536,-26,Stage 1
6520,term,North,personal,2023-11-01,692,671,4943.64,4062.9,,4.55,6,0,0,14.2,,-21,Stage 1
6521,term,West,home_improvement,2024-01-19,635,607,32020.37,24230.29,,9.93,15,0,0,11.6,,-28,Stage 1
6522,term,South,auto,2023-01-14,612,586,4849.22,2974.28,,10.06,27,1,0,23.9,,-26,Stage 2
6523,revolving,East,auto,2021-01-19,719,716,12400.09,5153.53,8681.22,12.07,2,0,0,48.1,0.594,-3,Stage 1
6524,term,East,debt_consolidation,2022-01-09,583,558,15557.91,2020.21,,9.22,32,0,0,36.3,,-25,Stage 2
6525,term,West,auto,2021-04-04,697,693,30999.66,12379.02,,19.33,4,0,0,45.6,,-4,Stage 1
6526,revolving,South,home_improvement,2021-02-01,730,740,14556.91,1455.69,2260.07,12.55,1,0,0,47.7,0.644,10,Stage 1
6527,term,North,auto,2021-05-20,712,702,4069.68,406.97,,10.89,1,0,0,44.1,,-10,Stage 1
6528,revolving,West,auto,2023-08-31,656,640,21362.55,15058.03,35508.39,10.11,13,0,0,16.3,0.424,-16,Stage 1
6529,term,East,personal,2023-11-11,605,593,22662.36,14804.55,,10.78,31,1,0,13.9,,-12,Stage 2
6530,revolving,South,auto,2024-03-18,715,695,14144.82,10583.3,29446.14,9.41,2,0,0,9.6,0.359,-20,Stage 1
6531,term,East,home_improvement,2024-05-29,752,752,10808.22,9152.35,,9.43,3,0,0,7.2,,0,Stage 1
6532,revolving,East,debt_consolidation,2023-01-03,645,626,27809.42,10099.59,15769.21,4.45,19,0,0,24.3,0.64,-19,Stage 1
6533,revolving,East,debt_consolidation,2023-01-24,710,684,18520.46,7196.3,16401.14,10.76,4,0,0,23.6,0.439,-26,Stage 1
6534,term,East,debt_consolidation,2024-05-27,774,781,13056.65,10220.94,,10.72,3,0,0,7.3,,7,Stage 1
6535,term,North,debt_consolidation,2021-02-27,700,701,30862.35,8074.35,,10.06,7,0,0,46.8,,1,Stage 1
6536,term,South,personal,2024-12-19,656,647,12955.5,12598.68,,10.14,12,1,0,0.4,,-9,Stage 2
6537,term,West,home_improvement,2024-07-22,742,728,13967.42,12192.83,,11.28,0,0,0,5.4,,-14,Stage 1
6538,revolving,South,personal,2021-05-20,635,636,7371.94,2997.84,6036.4,10.38,19,0,0,44.1,0.497,1,Stage 1
6539,term,South,debt_consolidation,2023-11-13,602,587,29085.65,23779.46,,9.26,39,0,0,13.8,,-15,Stage 2
6540,term,South,personal,2023-06-20,728,727,12598.34,6532.02,,9.99,2,0,0,18.7,,-1,Stage 1
6541,term,West,auto,2022-01-13,655,646,9217.0,3168.81,,12.69,12,0,1,36.1,,-9,Stage 1
6542,revolving,South,home_improvement,2023-07-11,661,650,24077.96,12143.42,35926.28,13.4,10,0,0,18.0,0.338,-11,Stage 1
6543,revolving,West,auto,2022-01-08,642,619,6854.84,1807.78,2965.78,6.05,21,0,1,36.3,0.61,-23,Stage 1
6544,term,West,personal,2023-12-23,651,637,15174.23,12111.06,,7.82,13,0,1,12.5,,-14,Stage 1
6545,term,North,auto,2023-02-17,764,767,14560.39,5571.54,,11.86,2,1,0,22.8,,3,Stage 2
6546,term,East,personal,2024-09-27,779,778,29165.88,26526.84,,10.68,1,0,0,3.2,,-1,Stage 1
6547,term,West,personal,2021-06-16,787,779,13254.05,2086.25,,7.09,2,0,0,43.2,,-8,Stage 1
6548,term,East,home_improvement,2024-03-20,745,741,27289.77,22122.55,,9.19,1,0,0,9.6,,-4,Stage 1
6549,term,South,home_improvement,2022-06-07,707,706,17672.38,2014.36,,11.36,2,0,0,31.3,,-1,Stage 1
6550,term,East,home_improvement,2022-08-07,594,568,11118.72,5647.33,,14.76,35,0,0,29.3,,-26,Stage 2
6551,term,East,debt_consolidation,2022-05-16,668,663,58263.14,15880.93,,16.06,12,0,0,32.0,,-5,Stage 1
6552,term,East,home_improvement,2023-06-15,809,809,14962.75,11896.42,,3.55,8,0,0,18.9,,0,Stage 1
6553,term,South,auto,2023-09-26,653,634,28129.42,15113.36,,11.55,11,0,0,15.4,,-19,Stage 1
6554,term,South,home_improvement,2022-07-14,770,750,11705.34,7232.53,,7.12,2,0,0,30.1,,-20,Stage 1
6555,revolving,West,home_improvement,2024-10-03,683,673,1000.0,959.33,1520.32,12.46,3,0,0,3.0,0.631,-10,Stage 1
6556,revolving,West,home_improvement,2024-07-19,519,462,19403.77,18000.63,32035.68,4.89,70,0,0,5.5,0.562,-57,Stage 2
6557,term,North,personal,2024-12-24,718,709,3179.25,3144.47,,6.95,2,0,0,0.3,,-9,Stage 1
6558,term,South,personal,2023-10-09,755,754,12472.64,7698.69,,8.48,1,0,0,15.0,,-1,Stage 1
6559,revolving,North,home_improvement,2021-08-21,677,662,12871.49,2845.69,5660.63,11.01,3,0,0,41.0,0.503,-15,Stage 1
6560,revolving,South,personal,2022-07-14,753,735,2409.16,1010.63,2658.78,7.89,0,0,0,30.1,0.38,-18,Stage 1
6561,term,East,personal,2024-05-16,579,559,14269.0,11046.8,,6.82,50,1,0,7.7,,-20,Stage 2
6562,term,North,debt_consolidation,2023-07-10,596,586,12128.14,8982.36,,3.87,36,0,0,18.0,,-10,Stage 2
6563,term,North,auto,2023-05-11,692,699,11012.2,8556.86,,7.01,6,0,0,20.0,,7,Stage 1
6564,term,North,personal,2024-05-27,708,697,9226.23,7733.76,,11.03,3,0,0,7.3,,-11,Stage 1
6565,term,South,auto,2023-05-22,761,755,12002.79,7564.2,,13.46,1,0,0,19.7,,-6,Stage 1
6566,term,West,personal,2021-03-22,718,696,19732.82,6993.4,,5.87,3,0,0,46.0,,-22,Stage 1
6567,term,North,home_improvement,2022-09-06,608,588,36904.96,16563.73,,6.15,34,0,0,28.3,,-20,Stage 2
6568,term,West,personal,2022-12-04,692,694,17938.14,11697.71,,6.79,6,1,0,25.3,,2,Stage 2
6569,term,South,personal,2022-06-25,716,705,22741.39,2408.2,,8.65,1,0,0,30.7,,-11,Stage 1
6570,term,North,auto,2023-02-04,567,546,6294.23,2214.75,,9.58,48,0,0,23.2,,-21,Stage 2
6571,term,South,home_improvement,2024-06-28,677,635,41385.63,36108.91,,8.08,8,0,1,6.2,,-42,Stage 2
6572,term,West,debt_consolidation,2023-01-08,659,632,4154.13,2250.7,,4.26,16,0,0,24.1,,-27,Stage 1
6573,term,West,auto,2022-08-29,640,625,25999.55,14402.28,,3.0,30,0,0,28.5,,-15,Stage 2
6574,revolving,North,home_improvement,2024-12-09,709,683,4640.53,4526.96,7935.42,7.52,3,0,0,0.8,0.57,-26,Stage 1
6575,term,West,home_improvement,2024-01-15,611,579,1321.92,1124.06,,10.6,33,1,0,11.7,,-32,Stage 2
6576,revolving,East,auto,2022-09-14,705,687,3045.54,934.68,2481.53,9.02,2,0,0,28.0,0.377,-18,Stage 1
6577,revolving,East,personal,2024-05-25,713,708,49951.72,42915.54,91541.26,14.05,5,0,0,7.4,0.469,-5,Stage 1
6578,term,North,home_improvement,2023-10-19,745,740,10170.01,6992.68,,4.44,1,0,0,14.7,,-5,Stage 1
6579,term,South,debt_consolidation,2021-07-15,612,583,18566.7,1856.67,,9.31,35,0,0,42.2,,-29,Stage 2
6580,term,South,personal,2023-09-22,589,557,11365.28,7012.66,,13.18,38,0,0,15.6,,-32,Stage 2
6581,revolving,South,auto,2024-08-13,696,673,5297.32,4709.66,8198.46,8.1,7,0,0,4.7,0.574,-23,Stage 1
6582,revolving,East,auto,2023-08-04,662,645,22599.16,16316.56,25490.45,5.17,19,0,0,17.2,0.64,-17,Stage 1
6583,revolving,West,auto,2021-02-13,850,850,16505.12,6377.54,18237.68,3.0,22,0,0,47.3,0.35,0,Stage 1
6584,term,East,auto,2022-01-28,707,704,10541.25,4545.45,,8.04,2,0,0,35.6,,-3,Stage 1
6585,term,West,debt_consolidation,2024-01-19,683,686,12075.34,10185.67,,7.46,4,0,0,11.6,,3,Stage 1
6586,term,East,debt_consolidation,2021-06-04,669,658,5940.99,594.1,,7.05,12,0,0,43.6,,-11,Stage 1
6587,term,South,home_improvement,2023-09-05,606,571,25762.09,21065.04,,9.9,35,1,0,16.1,,-35,Stage 2
6588,term,South,debt_consolidation,2021-02-28,713,708,10235.36,1023.54,,14.45,4,0,0,46.8,,-5,Stage 1
6589,term,South,auto,2021-04-20,675,645,17050.68,1705.07,,4.88,9,0,0,45.1,,-30,Stage 2
6590,revolving,North,debt_consolidation,2022-04-24,675,658,6950.24,695.02,1520.01,6.12,6,0,0,32.8,0.457,-17,Stage 1
6591,term,North,personal,2022-09-10,685,672,2995.8,660.36,,8.56,11,0,0,28.1,,-13,Stage 1
6592,term,West,personal,2023-02-23,693,688,16403.07,8986.86,,11.16,5,0,0,22.6,,-5,Stage 1
6593,term,North,home_improvement,2023-12-09,575,554,15768.76,11214.33,,7.85,53,0,1,13.0,,-21,Stage 2
6594,revolving,East,auto,2024-11-01,730,720,14145.52,13772.95,20941.11,10.75,2,0,0,2.0,0.658,-10,Stage 1
6595,revolving,East,debt_consolidation,2023-11-22,629,607,19897.22,16062.64,33715.12,4.68,14,0,0,13.5,0.476,-22,Stage 1
6596,term,West,home_improvement,2022-08-24,671,664,9661.18,5662.25,,9.14,16,0,0,28.7,,-7,Stage 1
6597,term,West,home_improvement,2023-07-29,757,741,9920.31,6348.86,,8.96,2,0,0,17.4,,-16,Stage 1
6598,term,South,debt_consolidation,2023-09-19,786,797,39981.14,26773.02,,13.7,3,0,0,15.7,,11,Stage 1
6599,revolving,North,home_improvement,2022-06-15,577,553,7793.32,4328.59,12961.6,12.4,44,0,0,31.0,0.334,-24,Stage 2
6600,term,South,auto,2023-10-24,681,648,11047.3,8835.66,,9.34,10,0,0,14.5,,-33,Stage 2
6601,term,North,debt_consolidation,2022-01-13,696,686,25818.39,2581.84,,6.15,7,0,0,36.1,,-10,Stage 1
6602,term,North,personal,2022-07-26,589,573,21328.01,11879.47,,3.0,28,0,0,29.7,,-16,Stage 1
6603,term,West,personal,2024-06-19,728,740,12754.04,10947.75,,6.34,1,0,0,6.5,,12,Stage 1
6604,revolving,South,debt_consolidation,2022-08-10,686,667,11415.21,6705.66,12867.16,15.56,9,1,0,29.2,0.521,-19,Stage 2
6605,term,South,home_improvement,2021-12-23,691,683,8795.52,2255.27,,3.56,1,0,0,36.8,,-8,Stage 1
6606,term,North,home_improvement,2022-11-16,624,608,20319.7,8524.33,,6.26,27,0,0,25.9,,-16,Stage 1
6607,term,North,personal,2024-05-05,704,698,17526.42,13369.09,,9.38,6,0,0,8.0,,-6,Stage 1
6608,term,West,personal,2023-05-08,730,720,5711.48,4291.59,,12.8,0,0,0,20.1,,-10,Stage 1
6609,revolving,East,auto,2024-12-13,687,673,20086.56,19602.26,31867.04,5.16,7,0,0,0.6,0.615,-14,Stage 1
6610,term,South,home_improvement,2022-10-21,649,627,20423.16,6928.25,,10.39,20,0,0,26.8,,-22,Stage 1
6611,revolving,South,auto,2024-07-20,653,637,14445.78,13298.05,24899.23,6.64,14,0,0,5.5,0.534,-16,Stage 1
6612,revolving,West,personal,2021-02-04,693,686,12885.53,1781.92,2974.55,5.34,4,0,0,47.6,0.599,-7,Stage 1
6613,term,West,personal,2023-10-04,682,659,46073.66,29174.32,,7.21,7,0,0,15.2,,-23,Stage 1
6614,term,South,personal,2022-04-06,734,731,12644.54,2420.16,,8.86,1,0,0,33.4,,-3,Stage 1
6615,term,South,personal,2022-12-19,651,637,10678.26,5376.59,,5.19,9,0,0,24.8,,-14,Stage 1
6616,revolving,North,auto,2024-06-30,606,582,18381.56,15666.82,26719.95,12.35,32,0,0,6.2,0.586,-24,Stage 2
6617,term,East,personal,2022-05-27,701,682,8997.71,3056.6,,13.35,4,0,0,31.7,,-19,Stage 1
6618,term,South,debt_consolidation,2023-12-08,651,621,14647.82,12300.93,,6.87,15,0,0,13.0,,-30,Stage 2
6619,term,West,home_improvement,2024-04-23,727,703,19156.28,15029.11,,11.34,2,0,0,8.4,,-24,Stage 1
6620,revolving,North,personal,2022-05-06,680,653,40377.95,20463.3,38666.43,4.42,9,0,0,32.4,0.529,-27,Stage 1
6621,term,North,home_improvement,2021-09-30,719,696,14949.4,1494.94,,8.45,3,0,0,39.6,,-23,Stage 1
6622,term,West,personal,2023-10-10,619,602,20110.35,12253.35,,11.51,27,0,0,15.0,,-17,Stage 1
6623,term,West,auto,2022-06-11,688,649,9960.64,2152.46,,11.15,3,0,0,31.2,,-39,Stage 2
6624,term,North,home_improvement,2024-02-26,638,619,22616.34,16569.63,,9.44,17,0,0,10.3,,-19,Stage 1
6625,revolving,West,auto,2021-07-29,606,569,24088.93,6245.13,17011.35,12.6,23,0,0,41.7,0.367,-37,Stage 2
6626,term,North,personal,2022-09-16,628,613,23351.93,15924.79,,6.79,32,0,0,27.9,,-15,Stage 2
6627,revolving,West,debt_consolidation,2024-03-11,647,644,13632.13,11216.49,27794.67,9.26,16,0,1,9.9,0.404,-3,Stage 1
6628,term,North,debt_consolidation,2021-06-22,754,753,14889.14,4332.18,,9.16,1,0,0,43.0,,-1,Stage 1
6629,term,South,debt_consolidation,2022-03-23,645,634,14535.5,7476.94,,10.26,18,0,0,33.8,,-11,Stage 1
6630,term,South,debt_consolidation,2024-02-17,603,583,5784.06,4752.98,,10.82,32,0,0,10.6,,-20,Stage 2
6631,term,West,debt_consolidation,2021-01-11,687,659,18931.9,1893.19,,5.12,5,0,0,48.4,,-28,Stage 1
6632,term,East,auto,2023-01-31,681,674,5408.85,3984.53,,11.05,9,0,0,23.4,,-7,Stage 1
6633,term,South,debt_consolidation,2024-08-20,650,636,15454.9,14333.68,,5.38,14,0,0,4.5,,-14,Stage 1
6634,term,North,personal,2024-03-23,670,659,13546.93,11512.25,,11.76,10,0,0,9.5,,-11,Stage 1
6635,term,East,auto,2021-11-19,738,732,27715.1,12773.88,,14.25,0,0,0,38.0,,-6,Stage 1
6636,term,North,auto,2023-09-04,720,705,12967.69,7106.9,,7.5,1,0,0,16.2,,-15,Stage 1
6637,revolving,North,debt_consolidation,2022-03-21,715,708,34881.61,3488.16,7245.22,6.18,1,0,0,33.9,0.481,-7,Stage 1
6638,term,South,home_improvement,2021-12-08,608,595,11785.16,1625.06,,13.99,33,1,0,37.3,,-13,Stage 2
6639,term,West,personal,2021-08-09,850,850,5575.26,557.53,,8.8,9,0,0,41.4,,0,Stage 1
6640,term,West,auto,2021-04-20,743,735,2209.23,220.92,,4.96,0,0,0,45.1,,-8,Stage 1
6641,revolving,North,personal,2022-02-14,711,697,36527.9,21952.24,44533.78,6.24,5,0,0,35.1,0.493,-14,Stage 1
6642,revolving,South,home_improvement,2024-12-12,610,588,4860.12,4732.25,11088.16,6.41,31,0,0,0.7,0.427,-22,Stage 2
6643,term,North,auto,2022-05-20,736,736,13817.78,5366.81,,12.61,1,0,0,31.9,,0,Stage 1
6644,revolving,East,personal,2021-02-09,649,632,6466.11,646.61,1539.83,5.96,21,0,0,47.4,0.42,-17,Stage 1
6645,term,North,debt_consolidation,2021-09-20,668,666,23553.91,2355.39,,3.0,9,0,0,40.0,,-2,Stage 1
6646,term,South,auto,2024-02-16,579,546,12170.74,8398.99,,8.85,47,0,1,10.7,,-33,Stage 2
6647,revolving,North,auto,2024-12-08,605,587,1000.0,984.24,2236.75,9.89,36,0,0,0.8,0.44,-18,Stage 2
6648,revolving,South,auto,2022-12-09,706,691,36017.4,20222.86,49131.23,10.72,2,0,0,25.1,0.412,-15,Stage 1
6649,term,West,auto,2023-04-03,740,723,7611.98,5908.96,,3.0,3,0,0,21.3,,-17,Stage 1
6650,revolving,South,debt_consolidation,2022-04-06,721,726,14135.83,5428.98,11911.23,8.45,0,0,0,33.4,0.456,5,Stage 1
6651,term,East,home_improvement,2024-02-16,719,707,13436.08,11169.82,,7.71,3,0,0,10.7,,-12,Stage 1
6652,revolving,South,home_improvement,2021-08-05,676,653,4932.54,2698.88,7556.81,10.26,13,0,0,41.5,0.357,-23,Stage 1
6653,term,East,personal,2021-03-18,655,632,25173.56,6037.37,,3.04,18,0,0,46.2,,-23,Stage 1
6654,term,East,debt_consolidation,2024-12-15,697,693,5042.54,4932.6,,9.45,2,1,0,0.6,,-4,Stage 2
6655,term,North,debt_consolidation,2023-06-11,729,733,36288.32,23978.5,,9.54,1,0,0,19.0,,4,Stage 1
6656,term,East,personal,2024-04-10,680,680,14824.04,12899.72,,12.41,12,0,0,8.9,,0,Stage 1
6657,term,South,debt_consolidation,2022-01-25,752,743,11510.06,6782.2,,10.06,1,0,0,35.7,,-9,Stage 1
6658,term,West,debt_consolidation,2023-11-16,667,649,13471.76,8642.95,,11.09,16,0,0,13.7,,-18,Stage 1
6659,term,South,auto,2024-02-26,621,600,10596.61,9018.25,,5.29,31,0,1,10.3,,-21,Stage 2
6660,term,West,auto,2022-01-09,679,653,17530.53,1753.05,,8.68,10,0,0,36.3,,-26,Stage 1
6661,term,East,auto,2022-10-16,686,674,5237.17,2781.42,,12.91,12,0,0,26.9,,-12,Stage 1
6662,term,North,debt_consolidation,2023-06-23,675,658,38238.98,17900.33,,7.5,10,0,0,18.6,,-17,Stage 1
6663,term,East,debt_consolidation,2023-11-14,756,768,13184.85,7755.14,,11.32,0,0,0,13.8,,12,Stage 1
6664,revolving,East,home_improvement,2023-01-14,728,715,14120.27,6985.52,14174.9,6.09,1,0,0,23.9,0.493,-13,Stage 1
6665,revolving,West,auto,2022-02-27,594,567,10191.31,2906.78,8218.03,8.3,33,0,0,34.6,0.354,-27,Stage 2
6666,revolving,South,personal,2024-04-15,772,787,18311.2,15570.01,27413.81,4.13,2,0,0,8.7,0.568,15,Stage 1
6667,term,North,debt_consolidation,2023-05-03,515,471,18874.0,8164.94,,8.72,77,1,0,20.3,,-44,Stage 2
6668,revolving,North,auto,2023-04-11,809,813,19925.3,13299.16,29865.19,6.46,4,0,0,21.0,0.445,4,Stage 1
6669,term,North,home_improvement,2024-07-13,662,652,5363.3,4692.25,,12.42,12,0,0,5.7,,-10,Stage 1
6670,term,North,auto,2023-08-31,668,647,3939.77,2496.83,,15.08,12,0,1,16.3,,-21,Stage 1
6671,term,South,home_improvement,2022-09-21,676,669,27159.05,5359.88,,3.8,4,1,0,27.8,,-7,Stage 2
6672,revolving,North,home_improvement,2022-07-24,703,689,32405.34,14575.19,33160.38,5.27,3,0,0,29.7,0.44,-14,Stage 1
6673,term,West,debt_consolidation,2024-07-17,679,664,5896.39,5391.47,,11.75,7,0,0,5.6,,-15,Stage 1
6674,term,West,home_improvement,2024-09-14,671,637,7712.45,7226.64,,6.68,10,0,0,3.6,,-34,Stage 2
6675,term,North,home_improvement,2024-08-11,758,755,3654.07,3235.84,,8.73,0,0,0,4.8,,-3,Stage 1
6676,revolving,North,personal,2021-05-02,713,695,16845.03,5841.34,15781.13,13.52,3,0,0,44.7,0.37,-18,Stage 1
6677,term,South,home_improvement,2021-06-08,622,591,9762.97,1328.39,,13.6,33,0,0,43.4,,-31,Stage 2
6678,term,South,personal,2024-04-16,724,723,4778.46,4326.25,,5.07,3,0,0,8.7,,-1,Stage 1
6679,term,North,personal,2024-09-13,711,705,2597.31,2385.97,,14.78,5,0,0,3.7,,-6,Stage 1
6680,term,South,auto,2021-11-03,647,617,7845.3,1824.39,,11.0,23,0,0,38.5,,-30,Stage 2
6681,term,East,auto,2024-01-18,727,705,11493.25,8909.97,,12.0,0,0,0,11.6,,-22,Stage 1
6682,term,North,debt_consolidation,2023-01-21,670,635,3571.99,2346.17,,6.98,7,0,0,23.7,,-35,Stage 2
6683,revolving,South,debt_consolidation,2023-11-28,666,662,5717.77,3876.58,8436.33,6.67,8,0,0,13.3,0.46,-4,Stage 1
6684,term,West,debt_consolidation,2022-08-14,665,617,34669.72,6412.47,,3.76,6,0,0,29.0,,-48,Stage 2
6685,term,North,home_improvement,2021-12-12,534,503,3806.62,1516.83,,5.25,79,0,1,37.2,,-31,Stage 2
6686,term,North,auto,2024-06-29,648,616,8531.24,6957.86,,11.04,19,0,0,6.2,,-32,Stage 2
6687,term,West,home_improvement,2021-05-29,722,723,8260.52,3857.0,,10.37,2,0,0,43.8,,1,Stage 1
6688,term,West,auto,2023-11-06,678,672,23189.87,18104.24,,11.35,4,0,0,14.1,,-6,Stage 1
6689,term,South,home_improvement,2024-10-22,602,569,1330.46,1281.05,,9.7,37,0,0,2.4,,-33,Stage 2
6690,term,West,debt_consolidation,2023-04-15,737,724,21943.5,11103.48,,8.92,1,0,0,20.9,,-13,Stage 1
6691,revolving,East,auto,2023-02-20,662,644,50285.14,36827.49,83409.17,6.88,18,0,0,22.7,0.442,-18,Stage 1
6692,term,North,auto,2021-04-28,606,575,13723.19,1372.32,,8.14,22,0,0,44.8,,-31,Stage 2
6693,term,East,personal,2022-12-05,812,824,22952.86,6364.98,,11.68,7,0,0,25.3,,12,Stage 1
6694,revolving,South,auto,2021-11-13,616,593,27813.74,2781.37,7345.52,11.44,31,0,1,38.2,0.379,-23,Stage 2
6695,term,West,auto,2021-10-15,732,734,12969.57,1296.96,,9.75,1,0,0,39.1,,2,Stage 1
6696,revolving,North,home_improvement,2023-06-27,633,610,7312.15,3703.58,7684.85,6.18,20,0,0,18.5,0.482,-23,Stage 1
6697,term,West,debt_consolidation,2024-10-06,688,689,12039.97,11506.78,,7.54,6,0,0,2.9,,1,Stage 1
6698,term,West,personal,2021-10-24,625,587,19177.67,9270.46,,4.94,23,0,0,38.8,,-38,Stage 2
6699,revolving,South,home_improvement,2024-05-02,605,576,8223.6,7474.65,19607.73,7.92,37,0,1,8.1,0.381,-29,Stage 2
6700,term,South,auto,2024-11-16,711,707,1000.0,974.55,,3.98,5,0,0,1.5,,-4,Stage 1
6701,term,South,home_improvement,2022-03-19,704,684,5767.43,576.74,,7.98,4,0,0,34.0,,-20,Stage 1
6702,revolving,South,debt_consolidation,2024-07-28,748,731,15185.6,13494.99,25074.01,6.99,3,0,0,5.2,0.538,-17,Stage 1
6703,term,North,personal,2023-06-20,677,644,14665.31,10038.67,,8.96,9,0,0,18.7,,-33,Stage 2
6704,term,East,home_improvement,2021-10-28,813,819,5446.21,3313.32,,6.66,5,0,0,38.7,,6,Stage 1
6705,term,East,auto,2023-06-17,696,693,8520.12,5075.18,,11.19,6,0,0,18.8,,-3,Stage 1
6706,revolving,North,home_improvement,2022-03-02,714,700,2549.06,254.91,658.98,4.07,6,1,1,34.5,0.387,-14,Stage 2
6707,revolving,West,auto,2021-09-07,598,578,11046.79,1104.68,1829.25,4.21,35,0,1,40.4,0.604,-20,Stage 2
6708,term,North,personal,2022-11-17,643,642,8907.42,4079.01,,8.19,14,0,0,25.9,,-1,Stage 1
6709,term,East,personal,2023-01-22,711,710,9885.91,3674.37,,9.79,5,0,0,23.7,,-1,Stage 1
6710,revolving,East,home_improvement,2023-09-25,674,667,48308.38,39053.76,114794.59,7.76,12,0,0,15.5,0.34,-7,Stage 1
6711,term,North,personal,2022-02-10,691,673,13797.0,1379.7,,8.02,5,0,0,35.2,,-18,Stage 1
6712,term,South,debt_consolidation,2023-03-12,631,606,3895.66,2115.14,,9.28,23,0,0,22.0,,-25,Stage 1
6713,revolving,West,home_improvement,2021-09-01,687,677,16487.96,4623.23,13818.01,10.49,3,0,0,40.6,0.335,-10,Stage 1
6714,revolving,North,auto,2022-01-02,687,673,10021.77,3648.33,7604.0,7.72,7,0,0,36.5,0.48,-14,Stage 1
6715,revolving,East,home_improvement,2021-04-30,609,589,6730.52,673.05,1106.1,9.57,41,1,1,44.7,0.608,-20,Stage 2
6716,term,South,auto,2023-04-30,718,682,11847.1,4918.32,,11.95,1,0,0,20.4,,-36,Stage 2
6717,term,West,personal,2022-03-09,577,543,31254.14,3125.41,,4.89,40,0,0,34.3,,-34,Stage 2
6718,term,East,auto,2021-07-02,691,689,2563.66,256.37,,12.79,5,0,0,42.6,,-2,Stage 1
6719,term,West,auto,2023-01-29,785,766,1227.99,630.25,,12.57,2,0,0,23.4,,-19,Stage 1
6720,term,South,auto,2024-02-16,720,703,7039.82,5839.53,,6.49,2,0,0,10.7,,-17,Stage 1
6721,revolving,East,auto,2021-01-31,720,708,10783.91,1078.39,2650.1,10.56,2,0,0,47.7,0.407,-12,Stage 1
6722,term,South,debt_consolidation,2023-09-04,626,586,9559.82,7561.85,,4.4,20,0,1,16.2,,-40,Stage 2
6723,revolving,North,auto,2024-03-18,786,791,9204.49,6560.13,13094.46,9.9,2,0,0,9.6,0.501,5,Stage 1
6724,term,North,home_improvement,2022-06-12,762,762,7216.35,994.44,,13.09,2,0,0,31.1,,0,Stage 1
6725,term,West,debt_consolidation,2024-07-20,629,588,24430.08,21426.07,,5.86,18,0,0,5.5,,-41,Stage 2
6726,term,South,auto,2023-05-14,651,629,14879.41,9359.55,,6.72,9,1,0,19.9,,-22,Stage 2
6727,term,South,auto,2024-11-09,755,748,27755.76,26428.7,,10.08,0,0,0,1.8,,-7,Stage 1
6728,term,West,auto,2021-04-12,787,793,1493.29,149.33,,7.96,1,0,0,45.3,,6,Stage 1
6729,revolving,West,debt_consolidation,2024-01-01,604,586,8907.96,5861.96,12169.02,9.57,26,0,1,12.2,0.482,-18,Stage 1
6730,revolving,West,auto,2022-09-15,619,604,13944.19,7212.56,16776.93,16.33,21,0,0,28.0,0.43,-15,Stage 1
6731,term,North,auto,2023-03-16,671,666,3986.94,1624.26,,7.76,10,1,0,21.9,,-5,Stage 2
6732,term,West,auto,2022-02-12,549,519,9601.2,6200.05,,4.3,56,1,1,35.1,,-30,Stage 2
6733,revolving,North,personal,2024-10-02,681,681,17529.04,16800.98,49950.35,7.02,10,0,0,3.0,0.336,0,Stage 1
6734,term,West,home_improvement,2024-10-22,751,751,33122.1,31104.64,,9.56,0,0,0,2.4,,0,Stage 1
6735,term,South,auto,2023-04-10,593,566,32560.38,15046.97,,5.16,41,1,0,21.1,,-27,Stage 2
6736,term,South,home_improvement,2023-02-28,687,690,29681.72,17044.67,,6.95,7,1,0,22.4,,3,Stage 2
6737,revolving,West,personal,2022-09-10,645,618,36146.24,22438.88,63612.22,12.55,19,0,0,28.1,0.353,-27,Stage 1
6738,term,West,personal,2022-07-03,778,777,1000.0,664.51,,13.9,3,0,0,30.4,,-1,Stage 1
6739,term,North,auto,2021-10-18,645,628,2262.49,796.56,,7.82,13,0,0,39.0,,-17,Stage 1
6740,revolving,East,home_improvement,2022-02-26,771,774,8640.72,1824.51,4294.41,7.9,1,0,0,34.7,0.425,3,Stage 1
6741,term,North,debt_consolidation,2021-06-30,644,620,4424.28,1052.23,,5.32,22,0,1,42.7,,-24,Stage 1
6742,term,South,auto,2022-10-17,726,711,15271.03,4086.33,,9.76,3,0,0,26.9,,-15,Stage 1
6743,term,West,debt_consolidation,2021-04-24,695,694,45359.66,20473.02,,16.17,3,0,0,44.9,,-1,Stage 1
6744,revolving,South,personal,2024-06-15,671,643,1829.73,1653.41,4943.25,7.89,7,0,1,6.7,0.334,-28,Stage 1
6745,term,East,personal,2024-01-23,632,623,7490.85,5371.06,,8.0,19,1,0,11.5,,-9,Stage 2
6746,revolving,North,home_improvement,2021-09-17,699,686,11006.45,1100.64,3101.71,10.49,5,0,0,40.1,0.355,-13,Stage 1
6747,term,South,debt_consolidation,2024-02-05,653,637,2540.39,2007.25,,7.64,19,0,0,11.0,,-16,Stage 1
6748,term,North,debt_consolidation,2021-09-01,638,613,20777.65,2077.76,,7.7,18,0,0,40.6,,-25,Stage 1
6749,revolving,West,auto,2022-02-27,768,763,12392.05,7706.77,14724.17,13.15,1,0,0,34.6,0.523,-5,Stage 1
6750,term,South,home_improvement,2021-12-01,712,712,8206.86,4535.47,,5.12,2,0,0,37.6,,0,Stage 1
6751,term,East,home_improvement,2023-11-13,718,704,16722.67,14287.67,,5.75,5,0,0,13.8,,-14,Stage 1
6752,term,North,debt_consolidation,2021-09-28,656,620,22775.66,2657.71,,10.93,18,0,0,39.7,,-36,Stage 2
6753,term,North,personal,2024-03-09,668,652,14288.63,12542.09,,8.55,5,0,0,9.9,,-16,Stage 1
6754,term,East,home_improvement,2022-03-30,665,641,14707.65,1470.76,,5.77,7,0,0,33.6,,-24,Stage 1
6755,term,South,personal,2024-11-08,700,679,12113.93,11653.36,,9.87,2,0,0,1.8,,-21,Stage 1
6756,term,South,auto,2022-08-17,718,702,15348.83,9380.92,,8.0,4,0,0,28.9,,-16,Stage 1
6757,revolving,North,home_improvement,2024-11-01,678,684,26421.74,25170.17,50156.48,9.51,7,0,0,2.0,0.502,6,Stage 1
6758,term,East,home_improvement,2023-10-07,632,609,46651.98,29662.07,,8.15,24,0,1,15.1,,-23,Stage 1
6759,revolving,North,auto,2023-05-06,725,711,58324.04,24451.55,40404.49,4.56,0,0,0,20.2,0.605,-14,Stage 1
6760,term,North,home_improvement,2024-12-16,682,676,14763.4,14570.34,,12.18,7,1,0,0.5,,-6,Stage 2
6761,term,West,debt_consolidation,2024-03-25,593,572,14896.16,12737.78,,14.08,36,0,0,9.4,,-21,Stage 2
6762,term,South,debt_consolidation,2024-09-20,551,531,27924.33,26814.08,,6.24,41,0,0,3.4,,-20,Stage 2
6763,term,South,auto,2021-05-12,697,699,5380.69,538.07,,13.83,6,1,0,44.3,,2,Stage 2
6764,term,West,personal,2023-02-07,630,633,39009.14,12315.94,,8.68,22,0,0,23.1,,3,Stage 1
6765,revolving,South,personal,2022-05-16,705,686,14006.24,7744.28,15845.51,3.0,3,0,0,32.0,0.489,-19,Stage 1
6766,revolving,South,home_improvement,2024-03-09,633,622,3686.41,2663.22,7470.93,10.28,24,0,0,9.9,0.356,-11,Stage 1
6767,revolving,South,personal,2021-05-15,687,666,2130.49,213.05,405.63,3.0,6,0,0,44.2,0.525,-21,Stage 1
6768,term,East,personal,2023-02-06,657,637,7130.04,4971.97,,7.53,11,0,0,23.2,,-20,Stage 1
6769,revolving,West,auto,2023-03-23,785,789,8755.66,4337.56,10303.69,11.12,1,0,0,21.7,0.421,4,Stage 1
6770,term,North,personal,2024-12-01,737,731,14693.29,14504.49,,10.43,1,0,0,1.0,,-6,Stage 1
6771,term,East,personal,2023-02-09,760,759,29579.13,17531.74,,6.84,2,0,0,23.1,,-1,Stage 1
6772,revolving,North,personal,2021-04-04,681,665,17462.5,1746.25,4400.79,10.88,10,0,0,45.6,0.397,-16,Stage 1
6773,term,West,debt_consolidation,2024-06-18,729,712,23461.43,19034.48,,11.7,6,0,0,6.6,,-17,Stage 1
6774,term,West,debt_consolidation,2021-06-14,685,679,19732.86,1973.29,,7.19,5,0,0,43.2,,-6,Stage 1
6775,term,West,auto,2021-11-21,768,753,3490.42,1567.21,,7.98,1,0,0,37.9,,-15,Stage 1
6776,term,South,home_improvement,2024-05-26,675,674,11421.14,9271.46,,9.6,7,0,0,7.3,,-1,Stage 1
6777,revolving,East,auto,2023-07-29,596,570,4513.82,2820.76,7176.4,5.53,41,0,0,17.4,0.393,-26,Stage 2
6778,term,West,home_improvement,2022-09-12,560,539,12394.35,5875.43,,6.57,50,0,1,28.1,,-21,Stage 2
6779,revolving,North,home_improvement,2021-08-19,780,798,10685.18,4391.52,8746.0,12.0,3,0,0,41.0,0.502,18,Stage 1
6780,term,South,personal,2022-08-05,708,699,9748.54,2674.94,,15.89,6,0,0,29.3,,-9,Stage 1
6781,term,South,personal,2023-01-03,712,691,28801.65,15758.51,,10.82,3,0,0,24.3,,-21,Stage 1
6782,term,East,auto,2024-04-17,769,778,16463.03,14236.52,,9.79,1,1,0,8.6,,9,Stage 2
6783,term,East,auto,2024-01-09,580,549,35953.82,30422.58,,14.49,49,0,1,11.9,,-31,Stage 2
6784,term,East,auto,2024-10-09,658,628,9112.59,8535.81,,6.22,13,0,0,2.8,,-30,Stage 2
6785,revolving,South,debt_consolidation,2022-11-02,665,658,6307.76,2647.77,6908.68,9.25,12,0,0,26.4,0.383,-7,Stage 1
6786,revolving,West,debt_consolidation,2024-03-30,724,721,4478.51,3257.05,9202.56,11.49,1,0,0,9.2,0.354,-3,Stage 1
6787,revolving,North,debt_consolidation,2024-12-21,638,619,24480.41,23885.15,68482.27,6.51,28,0,0,0.4,0.349,-19,Stage 1
6788,revolving,West,debt_consolidation,2022-02-07,607,574,8156.03,2252.18,5136.7,4.08,29,0,0,35.3,0.438,-33,Stage 2
6789,revolving,North,debt_consolidation,2023-11-22,607,595,12076.72,9309.11,20188.82,11.47,38,0,0,13.5,0.461,-12,Stage 2
6790,term,West,personal,2021-05-01,748,753,33428.86,3342.89,,11.86,4,0,0,44.7,,5,Stage 1
6791,revolving,East,home_improvement,2022-12-28,635,614,24016.69,14383.56,30985.22,11.53,21,0,0,24.5,0.464,-21,Stage 1
6792,term,North,debt_consolidation,2022-01-20,646,643,3673.41,1642.15,,11.58,14,0,0,35.9,,-3,Stage 1
6793,term,South,auto,2024-12-19,718,718,19358.65,18853.4,,9.27,3,0,0,0.4,,0,Stage 1
6794,term,North,home_improvement,2022-04-21,638,611,14673.67,7110.26,,9.43,19,0,0,32.9,,-27,Stage 1
6795,term,South,debt_consolidation,2022-07-14,577,544,34510.65,21138.59,,9.69,41,0,0,30.1,,-33,Stage 2
6796,term,West,debt_consolidation,2024-04-05,585,561,9357.51,8203.0,,12.32,32,0,0,9.0,,-24,Stage 2
6797,revolving,East,personal,2022-01-24,676,659,13770.88,3456.63,7552.67,9.84,13,0,0,35.8,0.458,-17,Stage 1
6798,term,North,personal,2024-09-18,709,700,32232.97,29298.69,,9.26,6,0,0,3.5,,-9,Stage 1
6799,term,South,personal,2023-03-01,667,640,12196.61,8200.16,,10.0,14,0,0,22.4,,-27,Stage 1
6800,term,West,debt_consolidation,2023-01-23,705,687,14362.57,6893.1,,10.34,3,0,0,23.6,,-18,Stage 1
6801,term,East,personal,2022-12-05,583,556,15062.49,11013.36,,5.82,49,0,0,25.3,,-27,Stage 2
6802,term,East,debt_consolidation,2021-02-22,587,562,30802.3,3272.79,,13.17,26,0,0,47.0,,-25,Stage 1
6803,term,East,home_improvement,2022-07-21,815,820,6142.11,3867.78,,7.01,6,0,0,29.8,,5,Stage 1
6804,term,West,home_improvement,2023-04-01,753,735,34909.62,12804.32,,9.21,0,0,0,21.4,,-18,Stage 1
6805,term,West,debt_consolidation,2023-11-11,726,719,14623.12,10867.02,,6.18,1,0,0,13.9,,-7,Stage 1
6806,revolving,West,auto,2023-11-09,640,630,59339.37,48059.17,138720.16,8.39,15,0,0,14.0,0.346,-10,Stage 1
6807,revolving,East,debt_consolidation,2023-05-12,665,644,40017.86,19871.07,40411.04,10.61,11,0,0,20.0,0.492,-21,Stage 1
6808,term,North,home_improvement,2021-11-18,679,657,15203.04,7100.5,,9.94,11,0,0,38.0,,-22,Stage 1
6809,term,South,home_improvement,2023-04-07,758,749,12552.64,9817.24,,7.39,0,0,0,21.2,,-9,Stage 1
6810,term,West,debt_consolidation,2022-03-09,704,689,7955.26,3143.74,,6.94,2,0,0,34.3,,-15,Stage 1
6811,revolving,North,debt_consolidation,2023-12-19,711,712,10624.16,7627.17,13687.51,9.78,6,0,0,12.6,0.557,1,Stage 1
6812,term,South,debt_consolidation,2024-03-20,669,640,3799.1,3223.66,,12.24,11,1,0,9.6,,-29,Stage 2
6813,term,East,home_improvement,2021-02-27,727,708,1016.09,135.76,,13.3,3,0,0,46.8,,-19,Stage 1
6814,revolving,North,auto,2023-10-15,698,665,36555.04,27967.9,57697.73,15.04,4,0,0,14.8,0.485,-33,Stage 2
6815,term,East,debt_consolidation,2023-01-21,682,679,17573.55,6038.57,,6.89,6,0,0,23.7,,-3,Stage 1
6816,term,South,home_improvement,2024-08-09,635,617,20546.65,19066.13,,6.69,19,1,0,4.8,,-18,Stage 2
6817,term,West,debt_consolidation,2021-07-01,673,645,12121.34,5641.96,,8.65,14,0,0,42.7,,-28,Stage 1
6818,revolving,East,home_improvement,2022-08-30,615,589,8888.19,4467.23,12652.03,8.48,29,0,0,28.5,0.353,-26,Stage 1
6819,revolving,North,debt_consolidation,2024-01-07,677,666,19042.78,15268.85,38819.17,4.71,10,0,0,12.0,0.393,-11,Stage 1
6820,revolving,West,home_improvement,2023-08-19,685,677,4957.84,3152.46,6970.69,11.52,12,0,0,16.7,0.452,-8,Stage 1
6821,term,North,debt_consolidation,2021-04-15,535,511,42859.9,4285.99,,6.67,83,0,1,45.2,,-24,Stage 2
6822,term,South,personal,2024-07-08,666,633,16215.57,13645.94,,7.06,12,0,0,5.9,,-33,Stage 2
6823,revolving,South,debt_consolidation,2022-08-30,609,595,16096.52,5589.43,13389.1,10.29,36,0,0,28.5,0.417,-14,Stage 2
6824,revolving,West,home_improvement,2024-05-31,709,681,23287.26,18312.19,30863.58,5.42,2,0,0,7.2,0.593,-28,Stage 1
6825,term,North,debt_consolidation,2023-09-17,718,718,28124.15,18419.48,,8.24,3,0,0,15.7,,0,Stage 1
6826,revolving,North,auto,2022-04-29,654,644,9990.51,6628.86,18831.87,11.22,15,0,0,32.6,0.352,-10,Stage 1
6827,term,North,debt_consolidation,2021-05-09,712,725,3862.37,1608.97,,9.15,1,0,0,44.4,,13,Stage 1
6828,term,North,debt_consolidation,2021-11-15,715,701,9374.59,3273.36,,11.24,3,0,0,38.1,,-14,Stage 1
6829,term,South,debt_consolidation,2022-12-08,666,642,4549.62,2656.27,,11.95,15,1,0,25.2,,-24,Stage 2
6830,term,North,auto,2022-05-24,772,772,12250.14,5989.03,,8.75,3,0,0,31.8,,0,Stage 1
6831,revolving,South,auto,2021-01-20,636,617,6754.33,675.43,1126.03,3.0,19,0,0,48.1,0.6,-19,Stage 1
6832,term,North,auto,2023-01-22,768,787,18751.22,11785.78,,12.69,2,0,0,23.7,,19,Stage 1
6833,term,North,personal,2021-08-23,666,635,3975.79,1248.6,,8.86,7,0,0,40.9,,-31,Stage 2
6834,revolving,East,auto,2022-08-29,629,600,38973.4,7589.61,12369.47,11.37,37,0,0,28.5,0.614,-29,Stage 2
6835,revolving,East,personal,2022-07-08,658,630,17084.92,2160.5,3915.51,13.1,17,0,0,30.3,0.552,-28,Stage 1
6836,term,North,debt_consolidation,2024-10-05,614,595,17987.67,17457.21,,3.52,20,0,0,2.9,,-19,Stage 1
6837,term,South,personal,2022-03-29,727,714,14307.63,4945.7,,8.99,0,0,0,33.6,,-13,Stage 1
6838,term,North,debt_consolidation,2022-08-09,583,560,26913.21,12845.4,,13.63,46,0,0,29.2,,-23,Stage 2
6839,term,East,personal,2023-09-11,763,766,13584.41,9292.16,,8.38,2,0,0,15.9,,3,Stage 1
6840,revolving,North,auto,2022-02-27,623,606,11258.86,1125.89,2998.15,11.93,22,0,0,34.6,0.376,-17,Stage 1
6841,revolving,East,auto,2024-04-28,730,721,14489.32,11571.46,19896.99,5.71,1,0,0,8.3,0.582,-9,Stage 1
6842,term,North,personal,2024-02-23,681,673,12999.91,9047.84,,10.44,8,0,0,10.4,,-8,Stage 1
6843,term,West,personal,2021-01-06,696,685,7755.0,1353.93,,5.25,3,0,0,48.5,,-11,Stage 1
6844,term,North,auto,2022-04-03,644,620,34356.91,19407.17,,11.7,23,0,0,33.5,,-24,Stage 1
6845,revolving,South,debt_consolidation,2022-07-08,701,684,15634.63,4692.4,7073.17,7.64,2,0,0,30.3,0.663,-17,Stage 1
6846,term,East,debt_consolidation,2022-06-06,688,672,11635.68,3891.04,,13.29,10,0,1,31.3,,-16,Stage 1
6847,term,West,debt_consolidation,2024-01-18,592,580,5234.53,3588.0,,13.4,38,0,0,11.6,,-12,Stage 2
6848,term,East,debt_consolidation,2023-04-26,622,600,1370.72,597.05,,7.19,27,0,1,20.5,,-22,Stage 1
6849,term,East,home_improvement,2024-02-09,647,629,22299.02,17928.62,,14.04,27,0,0,10.9,,-18,Stage 1
6850,term,South,debt_consolidation,2022-07-05,634,612,9716.49,1763.99,,7.24,20,0,0,30.4,,-22,Stage 1
6851,term,North,home_improvement,2024-11-21,755,740,8487.03,8296.75,,11.04,0,0,0,1.4,,-15,Stage 1
6852,revolving,South,home_improvement,2021-01-11,680,649,24761.78,7875.42,12404.11,8.9,10,0,0,48.4,0.635,-31,Stage 2
6853,revolving,North,auto,2022-05-12,633,615,1000.0,381.1,1047.37,7.73,16,0,1,32.2,0.364,-18,Stage 1
6854,revolving,West,auto,2023-11-06,650,622,1557.0,971.86,2245.92,11.4,20,0,0,14.1,0.433,-28,Stage 1
6855,term,South,personal,2023-11-23,649,635,8860.99,6536.93,,7.46,12,0,0,13.5,,-14,Stage 1
6856,term,South,debt_consolidation,2023-01-15,662,645,13864.59,7468.8,,7.3,17,0,0,23.9,,-17,Stage 1
6857,term,East,debt_consolidation,2022-05-04,615,602,7348.4,4695.98,,9.02,16,0,0,32.4,,-13,Stage 1
6858,term,South,auto,2024-04-26,631,618,12424.89,11163.38,,11.73,28,0,0,8.3,,-13,Stage 1
6859,revolving,North,auto,2023-01-06,725,723,8763.92,4708.3,11669.62,9.71,2,0,0,24.2,0.403,-2,Stage 1
6860,term,South,auto,2022-04-03,691,669,15653.16,5338.75,,7.92,11,0,1,33.5,,-22,Stage 1
6861,term,South,personal,2023-12-11,670,633,6160.33,5211.52,,7.46,11,0,1,12.9,,-37,Stage 2
6862,revolving,West,debt_consolidation,2024-07-18,680,678,17847.83,16680.54,32750.56,8.37,5,0,1,5.6,0.509,-2,Stage 1
6863,revolving,North,personal,2022-04-09,677,663,3020.31,795.36,1715.68,10.64,11,0,0,33.3,0.464,-14,Stage 1
6864,term,East,home_improvement,2021-02-12,667,649,8484.19,848.42,,5.78,14,0,0,47.3,,-18,Stage 1
6865,term,North,home_improvement,2022-06-23,711,698,21589.59,5224.59,,7.02,2,0,0,30.8,,-13,Stage 1
6866,term,West,debt_consolidation,2022-07-22,706,700,39118.79,10878.76,,11.37,3,0,0,29.8,,-6,Stage 1
6867,term,North,auto,2021-05-01,585,569,30662.73,9174.32,,6.52,34,0,0,44.7,,-16,Stage 2
6868,term,North,auto,2022-09-17,672,651,5055.8,1770.37,,7.27,10,1,0,27.9,,-21,Stage 2
6869,term,South,personal,2021-11-12,589,546,13320.69,2413.39,,8.91,49,0,0,38.2,,-43,Stage 2
6870,revolving,South,home_improvement,2023-10-19,718,726,21579.18,18355.13,40718.27,6.56,2,0,0,14.7,0.451,8,Stage 1
6871,term,North,home_improvement,2024-02-13,726,721,14429.31,11562.77,,7.62,3,0,0,10.8,,-5,Stage 1
6872,term,North,debt_consolidation,2022-09-13,643,628,5406.28,1783.98,,9.4,24,0,1,28.0,,-15,Stage 1
6873,term,East,home_improvement,2022-03-30,672,630,4262.7,426.27,,11.15,11,1,0,33.6,,-42,Stage 2
6874,term,West,auto,2022-11-18,553,524,4974.94,3363.93,,6.71,69,1,1,25.8,,-29,Stage 2
6875,revolving,South,auto,2022-09-16,738,711,36003.41,21625.86,58855.98,6.54,2,0,0,27.9,0.367,-27,Stage 1
6876,term,South,auto,2022-09-04,722,710,17662.51,5056.0,,12.42,0,0,0,28.3,,-12,Stage 1
6877,term,South,debt_consolidation,2023-08-17,749,750,13351.57,10702.6,,7.06,1,0,0,16.8,,1,Stage 1
6878,term,South,personal,2022-10-09,769,769,25377.25,18129.04,,6.75,1,0,0,27.2,,0,Stage 1
6879,revolving,North,home_improvement,2023-02-02,606,588,14278.62,8779.26,17458.82,3.01,42,0,0,23.3,0.503,-18,Stage 2
6880,term,North,debt_consolidation,2024-09-22,733,720,15363.55,14520.7,,12.32,0,0,0,3.4,,-13,Stage 1
6881,revolving,East,personal,2021-08-28,768,756,11657.52,2329.6,5174.09,13.12,2,0,0,40.7,0.45,-12,Stage 1
6882,term,South,debt_consolidation,2023-01-04,590,560,2165.63,1377.62,,8.94,31,0,0,24.3,,-30,Stage 2
6883,term,South,home_improvement,2024-11-10,669,652,6066.85,5959.88,,9.59,12,0,0,1.7,,-17,Stage 1
6884,term,North,auto,2024-03-14,658,634,8970.73,6492.62,,9.0,16,0,0,9.8,,-24,Stage 1
6885,revolving,East,personal,2022-01-12,731,722,21962.39,2196.24,5625.06,5.71,2,0,0,36.2,0.39,-9,Stage 1
6886,revolving,North,personal,2021-01-04,536,502,24592.26,2459.23,6679.99,10.86,62,0,0,48.6,0.368,-34,Stage 2
6887,term,South,debt_consolidation,2023-03-05,788,790,2485.99,859.04,,13.1,1,0,0,22.3,,2,Stage 1
6888,term,South,debt_consolidation,2023-04-26,673,679,7359.77,3377.75,,8.99,18,0,0,20.5,,6,Stage 1
6889,term,West,auto,2024-09-13,734,717,12031.4,11077.39,,11.14,2,0,0,3.7,,-17,Stage 1
6890,term,West,debt_consolidation,2021-07-16,676,668,4164.63,566.52,,6.37,10,1,0,42.2,,-8,Stage 2
6891,term,West,home_improvement,2022-01-24,709,698,20921.68,12503.93,,6.1,2,0,0,35.8,,-11,Stage 1
6892,revolving,East,home_improvement,2021-09-18,540,525,27345.39,2734.54,7419.98,10.4,75,0,0,40.0,0.369,-15,Stage 2
6893,revolving,North,home_improvement,2022-08-26,656,629,68091.66,39647.33,90194.82,13.58,12,0,0,28.6,0.44,-27,Stage 1
6894,term,South,home_improvement,2021-04-04,730,720,11469.87,1146.99,,7.18,0,0,0,45.6,,-10,Stage 1
6895,term,South,auto,2024-07-04,697,681,11952.7,10225.64,,8.45,8,0,0,6.0,,-16,Stage 1
6896,revolving,East,auto,2021-05-16,581,532,31413.61,3141.36,7429.68,10.58,32,0,0,44.2,0.423,-49,Stage 2
6897,revolving,South,auto,2022-06-09,683,669,28674.52,17473.92,42426.81,7.66,6,0,0,31.2,0.412,-14,Stage 1
6898,term,South,debt_consolidation,2022-05-13,630,610,19786.2,7800.61,,10.46,14,0,0,32.1,,-20,Stage 1
6899,term,North,auto,2024-04-16,625,597,8128.44,6426.4,,6.15,28,0,0,8.7,,-28,Stage 1
6900,term,West,personal,2021-04-22,588,540,7615.65,4094.97,,10.31,35,0,0,45.0,,-48,Stage 2
6901,term,West,personal,2024-07-11,717,716,10608.26,9482.97,,8.3,6,0,0,5.8,,-1,Stage 1
6902,term,East,personal,2024-12-08,746,757,13948.56,13719.67,,4.21,1,0,0,0.8,,11,Stage 1
6903,term,West,debt_consolidation,2022-01-04,807,822,17452.8,1745.28,,5.91,5,0,0,36.4,,15,Stage 1
6904,term,West,debt_consolidation,2023-07-25,591,565,18915.68,12150.1,,9.98,40,0,0,17.5,,-26,Stage 2
6905,term,East,auto,2024-11-02,726,716,14806.02,14173.19,,13.07,1,0,0,2.0,,-10,Stage 1
6906,term,East,home_improvement,2023-02-07,729,733,9175.74,6703.49,,5.07,3,0,0,23.1,,4,Stage 1
6907,term,West,personal,2022-08-09,645,638,2246.33,1368.71,,12.05,20,1,0,29.2,,-7,Stage 2
6908,revolving,North,debt_consolidation,2024-11-07,624,604,21119.95,20152.48,32935.94,10.25,28,0,0,1.8,0.612,-20,Stage 1
6909,revolving,East,personal,2022-11-04,614,591,14044.37,6695.17,17799.87,11.88,31,0,0,26.3,0.376,-23,Stage 2
6910,term,South,auto,2022-05-26,648,635,13069.84,7585.47,,8.54,20,0,0,31.7,,-13,Stage 1
6911,term,East,debt_consolidation,2022-12-14,692,681,10669.58,7981.17,,10.89,8,0,1,25.0,,-11,Stage 1
6912,revolving,South,home_improvement,2023-03-31,761,770,54080.43,34238.89,64341.53,14.55,3,0,0,21.4,0.532,9,Stage 1
6913,term,East,home_improvement,2022-01-12,746,746,32610.26,13039.67,,9.57,0,0,0,36.2,,0,Stage 1
6914,term,East,debt_consolidation,2022-06-29,583,562,22009.16,10139.79,,6.07,50,1,1,30.6,,-21,Stage 2
6915,term,West,home_improvement,2021-03-14,632,617,18202.68,9408.68,,13.35,23,0,1,46.3,,-15,Stage 1
6916,term,West,auto,2023-09-01,757,752,14625.69,7875.83,,10.59,0,0,0,16.3,,-5,Stage 1
6917,term,West,home_improvement,2022-05-19,636,633,5937.31,2502.07,,9.73,18,0,0,31.9,,-3,Stage 1
6918,revolving,North,personal,2024-10-07,676,660,9621.2,8938.09,15539.76,14.37,8,1,0,2.9,0.575,-16,Stage 2
6919,term,West,personal,2023-03-16,577,547,30083.09,20874.02,,13.22,42,0,0,21.9,,-30,Stage 2
6920,term,West,personal,2022-12-11,749,741,13670.44,10103.49,,10.44,1,0,0,25.1,,-8,Stage 1
6921,revolving,East,debt_consolidation,2021-11-21,565,553,33162.97,3316.3,6732.44,6.29,46,0,0,37.9,0.493,-12,Stage 2
6922,term,East,debt_consolidation,2022-01-23,581,536,14694.81,1469.48,,7.9,46,0,0,35.8,,-45,Stage 2
6923,term,North,debt_consolidation,2023-04-08,743,730,1689.92,927.52,,9.57,1,0,0,21.1,,-13,Stage 1
6924,term,South,debt_consolidation,2021-08-28,795,803,21292.88,9689.99,,8.92,7,0,0,40.7,,8,Stage 1
6925,term,East,debt_consolidation,2023-09-03,662,648,14220.84,8704.84,,7.58,11,0,0,16.2,,-14,Stage 1
6926,term,East,auto,2024-01-03,677,664,57193.79,37163.59,,8.42,6,0,0,12.1,,-13,Stage 1
6927,term,South,debt_consolidation,2021-01-31,734,731,11526.14,1152.61,,12.15,0,0,0,47.7,,-3,Stage 1
6928,term,North,home_improvement,2022-04-24,697,696,10512.65,3483.27,,9.62,2,0,0,32.8,,-1,Stage 1
6929,term,East,auto,2023-11-04,657,641,10281.92,6361.81,,7.59,11,0,0,14.1,,-16,Stage 1
6930,term,West,debt_consolidation,2022-12-18,650,633,8458.66,3179.97,,10.97,13,0,0,24.8,,-17,Stage 1
6931,term,North,home_improvement,2024-09-01,585,571,29817.66,27714.72,,10.68,31,0,0,4.1,,-14,Stage 2
6932,term,South,auto,2021-03-09,693,682,84518.31,13246.8,,8.89,2,0,0,46.5,,-11,Stage 1
6933,term,South,personal,2023-10-03,674,666,15701.66,11348.34,,5.67,15,0,0,15.2,,-8,Stage 1
6934,term,West,auto,2022-06-22,653,609,22037.26,14618.24,,8.64,9,0,0,30.8,,-44,Stage 2
6935,revolving,West,debt_consolidation,2021-10-18,619,592,11031.92,1113.15,3315.56,8.97,24,0,0,39.0,0.336,-27,Stage 1
6936,term,West,auto,2023-09-02,625,596,44079.14,28899.44,,11.64,21,0,0,16.2,,-29,Stage 1
6937,term,North,auto,2021-01-24,717,700,19193.59,1919.36,,6.85,2,0,0,47.9,,-17,Stage 1
6938,revolving,South,personal,2022-02-19,732,721,10806.41,4524.24,8023.25,8.17,0,0,0,34.9,0.564,-11,Stage 1
6939,term,West,auto,2023-05-01,660,639,28880.73,22411.49,,13.61,13,0,0,20.4,,-21,Stage 1
6940,term,West,auto,2023-08-20,654,645,14394.63,9354.53,,8.29,16,0,0,16.7,,-9,Stage 1
6941,revolving,South,personal,2022-11-12,628,599,2255.64,703.65,1802.41,8.91,28,0,0,26.0,0.39,-29,Stage 1
6942,revolving,East,debt_consolidation,2023-11-26,736,738,5328.75,3419.27,9143.28,14.48,1,1,0,13.4,0.374,2,Stage 2
6943,term,North,home_improvement,2021-04-11,681,674,4173.89,417.39,,6.32,9,0,0,45.4,,-7,Stage 1
6944,term,East,auto,2022-06-30,702,680,31800.33,11238.89,,12.95,5,0,0,30.5,,-22,Stage 1
6945,term,West,personal,2021-02-08,701,675,7975.77,797.58,,7.85,6,0,0,47.4,,-26,Stage 1
6946,revolving,North,auto,2021-07-30,661,641,4568.15,2203.6,6282.81,9.65,19,0,1,41.7,0.351,-20,Stage 1
6947,term,East,debt_consolidation,2023-01-12,610,597,18743.79,12503.28,,9.88,34,1,0,24.0,,-13,Stage 2
6948,term,South,debt_consolidation,2022-08-15,620,600,17466.61,2554.38,,8.3,24,0,1,29.0,,-20,Stage 1
6949,revolving,West,personal,2023-01-20,747,759,29310.19,16600.64,28027.71,6.18,1,0,0,23.7,0.592,12,Stage 1
6950,term,North,home_improvement,2021-06-21,636,601,34923.48,7830.17,,7.02,20,0,0,43.0,,-35,Stage 2
6951,revolving,North,home_improvement,2023-04-18,655,624,11635.56,8841.37,22607.64,8.39,12,0,0,20.8,0.391,-31,Stage 2
6952,term,North,auto,2022-03-18,611,576,40304.45,14314.29,,6.65,30,0,0,34.0,,-35,Stage 2
6953,term,North,personal,2023-12-19,607,590,30818.38,21794.48,,8.98,38,0,0,12.6,,-17,Stage 2
6954,term,West,home_improvement,2024-12-04,633,619,2185.26,2131.05,,6.72,17,0,0,0.9,,-14,Stage 1
6955,revolving,West,debt_consolidation,2022-06-18,781,785,21110.94,9714.48,15568.76,6.3,2,0,0,30.9,0.624,4,Stage 1
6956,term,South,home_improvement,2021-12-31,719,712,7059.31,705.93,,4.25,2,0,0,36.6,,-7,Stage 1
6957,term,South,personal,2022-01-02,648,644,6418.77,1914.43,,14.05,18,0,0,36.5,,-4,Stage 1
6958,term,South,debt_consolidation,2024-09-29,744,737,38810.58,36410.72,,8.7,0,0,0,3.1,,-7,Stage 1
6959,revolving,East,auto,2021-10-23,670,665,29718.61,2971.86,4753.32,6.98,6,0,0,38.9,0.625,-5,Stage 1
6960,revolving,South,debt_consolidation,2024-09-26,761,780,32016.52,30727.84,74867.76,6.06,2,0,0,3.2,0.41,19,Stage 1
6961,term,West,home_improvement,2022-08-29,812,808,13858.67,4621.97,,7.36,10,0,0,28.5,,-4,Stage 1
6962,term,East,home_improvement,2023-01-26,741,730,3049.31,1809.66,,3.41,1,0,0,23.5,,-11,Stage 1
6963,revolving,West,home_improvement,2022-06-07,685,652,3295.99,2206.23,6250.11,7.2,8,0,0,31.3,0.353,-33,Stage 2
6964,term,East,auto,2021-09-22,721,719,6125.42,612.54,,11.13,1,0,1,39.9,,-2,Stage 1
6965,term,South,home_improvement,2023-11-28,680,662,31357.97,19322.16,,7.06,7,0,0,13.3,,-18,Stage 1
6966,term,South,personal,2024-02-29,569,539,10262.18,8005.06,,10.85,45,1,1,10.2,,-30,Stage 2
6967,revolving,South,auto,2022-01-17,640,640,38439.31,14553.79,33506.97,11.75,32,0,0,36.0,0.434,0,Stage 2
6968,term,East,debt_consolidation,2024-06-02,622,606,8168.69,6780.88,,10.93,23,0,0,7.1,,-16,Stage 1
6969,term,West,home_improvement,2024-03-12,639,610,44884.1,32481.55,,9.1,18,0,0,9.8,,-29,Stage 1
6970,term,North,personal,2022-03-07,787,783,27664.49,12167.82,,12.53,5,0,0,34.4,,-4,Stage 1
6971,term,West,personal,2022-01-24,747,734,6651.95,1603.26,,12.37,2,0,0,35.8,,-13,Stage 1
6972,term,South,auto,2021-02-23,706,699,15086.73,4598.41,,6.88,3,1,0,46.9,,-7,Stage 2
6973,term,East,personal,2021-01-24,728,721,29444.78,2944.48,,6.4,0,0,0,47.9,,-7,Stage 1
6974,term,East,auto,2022-01-30,566,549,15833.04,1583.3,,7.68,48,0,0,35.6,,-17,Stage 2
6975,term,South,auto,2022-09-25,723,717,10387.0,6290.28,,8.07,2,0,0,27.6,,-6,Stage 1
6976,term,East,auto,2021-04-29,736,726,9986.06,998.61,,12.52,0,0,0,44.8,,-10,Stage 1
6977,revolving,South,debt_consolidation,2023-09-10,545,515,8127.18,6365.92,14497.89,11.4,68,0,1,16.0,0.439,-30,Stage 2
6978,revolving,West,debt_consolidation,2024-04-23,725,706,7847.3,6558.39,18929.56,9.41,7,0,0,8.4,0.346,-19,Stage 1
6979,revolving,East,personal,2021-07-11,594,564,12566.95,1256.69,3539.8,9.51,36,0,1,42.3,0.355,-30,Stage 2
6980,term,North,debt_consolidation,2022-05-02,561,531,5720.37,3739.61,,5.73,34,0,1,32.5,,-30,Stage 2
6981,term,East,auto,2022-09-25,759,770,9580.69,2999.76,,12.3,0,0,0,27.6,,11,Stage 1
6982,term,South,auto,2022-12-22,619,605,22442.61,12947.64,,9.54,29,0,0,24.7,,-14,Stage 1
6983,revolving,North,debt_consolidation,2022-01-19,637,619,6501.59,1539.87,4444.84,5.86,16,0,0,35.9,0.346,-18,Stage 1
6984,revolving,South,personal,2023-03-23,739,737,4994.63,2906.99,7471.05,3.95,2,0,0,21.7,0.389,-2,Stage 1
6985,revolving,East,auto,2021-12-12,661,655,4861.8,486.18,1055.64,5.19,18,0,0,37.2,0.461,-6,Stage 1
6986,term,North,debt_consolidation,2022-04-18,669,652,10162.1,1835.69,,9.22,10,0,0,33.0,,-17,Stage 1
6987,term,North,home_improvement,2022-11-07,667,660,5418.38,3991.65,,3.0,13,1,0,26.2,,-7,Stage 2
6988,term,East,personal,2021-01-03,700,684,12088.72,4488.25,,5.49,5,0,0,48.6,,-16,Stage 1
6989,term,North,personal,2023-12-10,666,653,18527.23,14984.95,,10.44,9,0,0,12.9,,-13,Stage 1
6990,term,West,personal,2023-07-14,686,683,7725.88,4922.54,,7.69,8,0,0,17.9,,-3,Stage 1
6991,revolving,North,home_improvement,2023-05-26,649,640,3305.39,2270.61,5032.03,3.67,24,0,0,19.5,0.451,-9,Stage 1
6992,term,North,auto,2023-09-11,701,672,37401.09,30029.98,,7.11,6,0,0,15.9,,-29,Stage 1
6993,term,West,personal,2024-05-19,698,688,11735.58,10699.31,,8.71,2,0,0,7.6,,-10,Stage 1
6994,term,South,debt_consolidation,2023-08-31,793,801,13548.08,9630.58,,11.82,2,0,0,16.3,,8,Stage 1
6995,revolving,South,personal,2024-07-30,657,635,23361.18,21204.96,43954.55,10.36,13,1,0,5.2,0.482,-22,Stage 2
6996,term,West,debt_consolidation,2022-01-14,668,661,4847.12,738.07,,10.26,11,0,0,36.1,,-7,Stage 1
6997,term,North,personal,2024-09-11,694,671,8150.03,7759.8,,11.16,5,0,0,3.7,,-23,Stage 1
6998,revolving,East,debt_consolidation,2024-08-14,737,721,13632.32,12503.23,26107.72,3.98,0,0,0,4.7,0.479,-16,Stage 1
6999,term,West,debt_consolidation,2021-05-18,614,562,18204.1,5103.47,,12.73,33,0,1,44.1,,-52,Stage 2
7000,term,East,debt_consolidation,2021-05-05,686,668,12590.09,1593.1,,12.74,4,0,0,44.6,,-18,Stage 1
7001,term,South,home_improvement,2023-07-23,529,473,14889.95,7985.11,,7.16,66,0,0,17.6,,-56,Stage 2
7002,term,West,home_improvement,2024-11-16,663,658,12626.92,12303.07,,3.0,17,1,0,1.5,,-5,Stage 2
7003,revolving,East,home_improvement,2024-11-26,744,757,11812.27,11388.84,17792.78,12.99,1,0,0,1.2,0.64,13,Stage 1
7004,revolving,North,auto,2022-04-25,636,606,1033.64,103.36,272.13,3.0,23,1,0,32.7,0.38,-30,Stage 2
7005,term,West,debt_consolidation,2024-11-25,690,675,19716.66,19365.41,,10.14,7,0,0,1.2,,-15,Stage 1
7006,term,East,auto,2022-07-24,648,630,3461.59,1372.18,,7.65,15,1,1,29.7,,-18,Stage 2
7007,term,West,home_improvement,2024-10-17,628,598,43333.42,40231.88,,7.2,20,0,0,2.5,,-30,Stage 2
7008,term,West,debt_consolidation,2021-03-07,738,735,9316.46,931.65,,7.7,0,0,0,46.5,,-3,Stage 1
7009,term,South,auto,2024-12-22,617,592,10831.29,10533.76,,9.4,32,0,0,0.3,,-25,Stage 2
7010,term,South,home_improvement,2023-05-02,697,671,15200.81,7167.35,,3.0,6,0,1,20.3,,-26,Stage 1
7011,term,North,auto,2022-03-08,698,690,32237.79,7436.81,,8.43,4,0,0,34.3,,-8,Stage 1
7012,revolving,South,auto,2024-02-03,628,611,14247.39,10585.43,30711.15,4.72,17,0,0,11.1,0.345,-17,Stage 1
7013,term,South,home_improvement,2024-01-18,689,655,2807.37,2312.28,,7.49,11,0,1,11.6,,-34,Stage 2
7014,term,South,debt_consolidation,2022-08-24,623,600,12172.79,7379.15,,9.49,22,0,0,28.7,,-23,Stage 1
7015,term,East,personal,2023-05-06,711,696,5611.16,3182.51,,11.63,3,0,1,20.2,,-15,Stage 1
7016,revolving,West,personal,2021-01-06,601,578,5788.45,2498.28,6050.33,6.79,32,1,1,48.5,0.413,-23,Stage 2
7017,term,South,auto,2021-06-07,659,655,6139.58,2119.55,,14.37,15,0,0,43.5,,-4,Stage 1
7018,term,East,auto,2024-11-03,664,659,18265.28,17469.05,,6.32,26,0,0,2.0,,-5,Stage 1
7019,term,West,auto,2021-11-26,746,750,19342.3,10666.17,,6.4,1,0,0,37.7,,4,Stage 1
7020,revolving,South,debt_consolidation,2024-02-01,688,676,22451.22,16790.65,35087.67,12.09,10,0,0,11.2,0.479,-12,Stage 1
7021,term,South,auto,2021-08-11,737,727,8272.31,1212.66,,8.26,3,1,0,41.3,,-10,Stage 2
7022,revolving,West,auto,2022-02-06,713,682,14652.7,8051.11,16370.42,9.54,5,0,0,35.3,0.492,-31,Stage 2
7023,revolving,East,auto,2022-06-29,712,709,20482.39,7972.38,16656.17,7.53,2,0,0,30.6,0.479,-3,Stage 1
7024,revolving,East,home_improvement,2022-05-24,660,652,39165.93,8975.8,23895.2,7.88,13,1,0,31.8,0.376,-8,Stage 2
7025,term,North,personal,2021-07-03,741,718,3053.37,305.34,,10.05,0,0,0,42.6,,-23,Stage 1
7026,term,West,personal,2023-07-04,658,645,14777.4,7313.23,,12.81,18,0,0,18.2,,-13,Stage 1
7027,term,North,home_improvement,2024-01-16,576,558,5409.41,3575.61,,9.42,50,0,0,11.7,,-18,Stage 2
7028,revolving,East,debt_consolidation,2022-08-04,667,642,17774.67,8757.36,20170.44,10.29,14,1,0,29.4,0.434,-25,Stage 2
7029,term,South,debt_consolidation,2024-11-04,707,704,3798.86,3687.23,,11.94,5,0,0,1.9,,-3,Stage 1
7030,term,North,debt_consolidation,2022-06-22,583,544,15092.73,6672.64,,7.6,47,0,0,30.8,,-39,Stage 2
7031,term,East,home_improvement,2024-12-07,626,599,8570.21,8405.55,,6.06,21,0,0,0.8,,-27,Stage 1
7032,term,East,personal,2022-06-02,606,570,2820.9,1602.73,,5.93,28,0,0,31.5,,-36,Stage 2
7033,term,South,personal,2023-02-07,727,727,9344.22,3973.91,,6.34,1,0,0,23.1,,0,Stage 1
7034,term,West,auto,2021-10-22,780,787,11946.85,1194.68,,5.87,0,0,0,38.9,,7,Stage 1
7035,term,East,personal,2023-10-12,667,645,34375.85,24379.81,,12.3,8,0,0,14.9,,-22,Stage 1
7036,revolving,North,debt_consolidation,2021-09-17,711,688,14200.6,7890.18,21657.24,3.35,2,1,0,40.1,0.364,-23,Stage 2
7037,term,South,debt_consolidation,2024-11-08,710,726,8712.37,8246.82,,10.77,6,0,0,1.8,,16,Stage 1
7038,term,West,auto,2023-04-06,773,771,5609.44,3600.7,,5.32,2,0,0,21.2,,-2,Stage 1
7039,term,West,auto,2024-08-20,640,619,34273.24,32070.53,,14.37,26,0,0,4.5,,-21,Stage 1
7040,term,West,personal,2021-11-12,666,641,10816.65,3559.35,,10.21,12,0,1,38.2,,-25,Stage 1
7041,revolving,East,auto,2023-01-16,659,632,28544.67,15470.6,34340.47,6.37,14,0,0,23.9,0.451,-27,Stage 1
7042,term,West,auto,2022-12-20,684,675,10719.62,6476.13,,7.38,9,0,0,24.8,,-9,Stage 1
7043,term,East,home_improvement,2024-01-06,830,839,9971.95,7722.55,,8.75,6,0,0,12.0,,9,Stage 1
7044,term,South,personal,2022-11-11,681,661,11772.22,3004.31,,10.91,5,0,0,26.1,,-20,Stage 1
7045,revolving,South,debt_consolidation,2023-05-04,628,615,23014.75,12486.61,31977.45,10.01,21,0,0,20.3,0.39,-13,Stage 1
7046,term,West,home_improvement,2024-11-03,610,584,10590.01,10247.42,,8.96,29,0,0,2.0,,-26,Stage 1
7047,revolving,South,debt_consolidation,2022-04-06,755,757,16967.97,11223.11,33254.01,6.88,0,1,0,33.4,0.337,2,Stage 2
7048,term,North,auto,2023-12-16,628,610,44926.42,32211.45,,8.13,28,0,0,12.7,,-18,Stage 1
7049,term,North,auto,2023-03-18,719,708,7561.52,4588.48,,13.03,6,0,0,21.8,,-11,Stage 1
7050,term,East,debt_consolidation,2024-01-10,639,626,11015.96,8481.23,,15.38,13,0,0,11.9,,-13,Stage 1
7051,revolving,West,home_improvement,2024-04-14,603,589,26498.33,20146.62,41589.7,12.31,34,0,0,8.7,0.484,-14,Stage 2
7052,term,East,home_improvement,2023-03-04,716,716,23584.44,13616.78,,6.13,3,0,0,22.3,,0,Stage 1
7053,revolving,South,home_improvement,2023-07-19,642,608,11332.11,8761.72,16976.78,13.3,13,0,0,17.7,0.516,-34,Stage 2
7054,term,West,auto,2024-11-07,705,704,29463.61,28338.63,,8.01,3,0,0,1.8,,-1,Stage 1
7055,term,East,personal,2021-05-29,709,703,10124.14,1012.41,,9.01,4,0,0,43.8,,-6,Stage 1
7056,term,West,auto,2023-02-07,712,708,15534.6,9782.75,,5.21,4,0,0,23.1,,-4,Stage 1
7057,revolving,West,debt_consolidation,2024-07-28,663,625,22706.0,20925.81,45337.49,9.34,16,0,0,5.2,0.462,-38,Stage 2
7058,term,East,home_improvement,2021-12-11,721,697,43317.48,15143.14,,6.64,0,0,0,37.2,,-24,Stage 1
7059,revolving,West,personal,2024-12-03,624,599,35530.63,34894.71,75951.68,13.13,25,0,0,1.0,0.459,-25,Stage 1
7060,revolving,South,home_improvement,2023-09-01,532,479,10789.64,8389.4,24437.46,16.63,71,0,0,16.3,0.343,-53,Stage 2
7061,revolving,North,auto,2023-07-11,722,730,25539.46,15103.53,26312.97,9.0,4,0,0,18.0,0.574,8,Stage 1
7062,term,North,personal,2021-01-30,689,667,30315.97,3031.6,,10.43,6,1,0,47.7,,-22,Stage 2
7063,term,West,personal,2022-12-31,643,611,6021.96,2733.73,,8.08,26,0,0,24.4,,-32,Stage 2
7064,revolving,North,auto,2024-12-16,591,560,19328.55,18940.71,54160.64,9.36,34,0,1,0.5,0.35,-31,Stage 2
7065,term,West,home_improvement,2023-09-09,557,524,8051.56,5286.65,,7.23,57,0,1,16.0,,-33,Stage 2
7066,term,East,home_improvement,2021-08-19,683,671,17349.82,2918.71,,9.93,7,0,0,41.0,,-12,Stage 1
7067,term,South,home_improvement,2024-10-14,778,754,28545.86,27096.82,,10.21,3,0,0,2.6,,-24,Stage 1
7068,term,North,auto,2024-03-31,671,642,1817.71,1641.06,,9.9,6,0,0,9.2,,-29,Stage 1
7069,term,East,debt_consolidation,2022-12-30,658,634,37896.29,18620.77,,11.24,9,0,0,24.4,,-24,Stage 1
7070,term,South,debt_consolidation,2024-06-05,678,669,36590.67,33645.94,,7.91,8,0,0,7.0,,-9,Stage 1
7071,term,North,home_improvement,2024-05-29,810,810,26165.85,22204.16,,17.07,12,0,0,7.2,,0,Stage 1
7072,term,North,personal,2023-01-16,725,718,9207.73,4828.51,,7.04,5,0,0,23.9,,-7,Stage 1
7073,term,South,debt_consolidation,2024-01-02,623,612,34163.84,22903.19,,7.01,27,0,0,12.2,,-11,Stage 1
7074,term,East,home_improvement,2022-02-03,681,665,23029.98,8156.36,,3.0,8,0,0,35.4,,-16,Stage 1
7075,term,East,debt_consolidation,2021-04-05,699,691,43771.52,4377.15,,11.28,3,0,0,45.6,,-8,Stage 1
7076,term,North,home_improvement,2022-04-20,616,592,11266.24,4161.95,,3.0,19,0,1,32.9,,-24,Stage 1
7077,term,South,debt_consolidation,2024-01-24,725,729,3373.37,2256.23,,7.97,4,0,0,11.4,,4,Stage 1
7078,term,East,debt_consolidation,2023-02-14,630,615,13510.26,9444.03,,6.74,19,0,0,22.9,,-15,Stage 1
7079,term,South,personal,2024-02-22,589,534,18333.32,13058.42,,4.68,44,0,0,10.5,,-55,Stage 2
7080,revolving,South,personal,2023-03-11,684,674,16944.2,7379.14,15417.98,9.19,5,0,0,22.1,0.479,-10,Stage 1
7081,term,North,debt_consolidation,2023-08-02,675,679,7707.82,5731.69,,14.3,11,0,0,17.3,,4,Stage 1
7082,revolving,South,home_improvement,2023-10-20,679,676,12667.47,7120.52,15948.62,11.19,9,1,0,14.6,0.446,-3,Stage 2
7083,term,South,personal,2022-09-13,634,608,12249.97,7021.76,,6.71,17,0,0,28.0,,-26,Stage 1
7084,term,West,auto,2023-05-10,642,630,13729.7,8236.98,,14.97,23,0,1,20.1,,-12,Stage 1
7085,term,South,personal,2023-08-22,747,732,24698.84,14657.48,,6.8,0,0,0,16.6,,-15,Stage 1
7086,term,East,debt_consolidation,2023-12-08,706,693,1513.98,1315.62,,12.28,7,1,0,13.0,,-13,Stage 2
7087,term,North,debt_consolidation,2023-03-24,622,592,14910.35,9437.49,,3.79,18,0,0,21.6,,-30,Stage 2
7088,term,North,auto,2021-04-05,562,533,16509.08,1650.91,,8.3,51,1,1,45.6,,-29,Stage 2
7089,term,South,personal,2021-02-02,625,624,4544.52,454.45,,5.43,26,1,0,47.6,,-1,Stage 2
7090,term,South,debt_consolidation,2024-02-16,689,659,20619.98,15062.18,,15.23,4,0,0,10.7,,-30,Stage 2
7091,term,East,auto,2024-06-28,642,629,16673.05,14506.02,,6.92,20,1,0,6.2,,-13,Stage 2
7092,revolving,West,auto,2024-08-19,637,609,33754.89,29228.59,61414.53,5.94,11,0,0,4.5,0.476,-28,Stage 1
7093,term,North,home_improvement,2021-05-02,644,616,5999.03,599.9,,10.4,15,1,1,44.7,,-28,Stage 2
7094,term,West,personal,2021-08-06,675,664,4323.18,432.32,,8.25,13,0,0,41.5,,-11,Stage 1
7095,term,East,personal,2023-12-13,727,719,41374.65,31365.35,,15.44,1,0,0,12.8,,-8,Stage 1
7096,term,North,personal,2024-02-24,679,667,8901.47,7119.48,,9.93,14,0,0,10.4,,-12,Stage 1
7097,revolving,East,debt_consolidation,2024-03-28,683,668,28902.99,23567.7,60399.47,9.2,7,0,0,9.3,0.39,-15,Stage 1
7098,term,South,auto,2023-03-06,666,648,13557.05,4755.95,,11.16,8,0,0,22.2,,-18,Stage 1
7099,term,East,home_improvement,2021-06-25,650,632,14225.68,1422.57,,8.33,18,0,0,42.9,,-18,Stage 1
7100,revolving,South,personal,2021-10-19,733,724,8504.1,4827.53,10153.99,9.71,2,0,0,39.0,0.475,-9,Stage 1
7101,term,West,home_improvement,2024-03-28,724,713,11792.83,9248.64,,6.49,4,0,0,9.3,,-11,Stage 1
7102,term,North,home_improvement,2022-05-06,802,804,4695.14,2659.28,,7.13,4,0,0,32.4,,2,Stage 1
7103,revolving,North,auto,2023-01-31,716,701,5949.33,3396.23,9669.85,6.26,5,0,0,23.4,0.351,-15,Stage 1
7104,term,West,personal,2024-10-12,650,646,17055.29,16509.74,,10.17,12,0,0,2.7,,-4,Stage 1
7105,term,South,home_improvement,2022-09-26,625,587,18223.61,11627.4,,7.0,29,0,1,27.6,,-38,Stage 2
7106,term,North,personal,2024-06-14,737,715,17538.8,14587.63,,11.34,1,0,0,6.7,,-22,Stage 1
7107,term,East,personal,2024-12-22,631,625,27576.96,27098.99,,6.4,24,0,0,0.3,,-6,Stage 1
7108,term,South,personal,2021-05-05,728,727,22007.74,11260.48,,6.1,4,0,0,44.6,,-1,Stage 1
7109,revolving,North,home_improvement,2024-08-31,634,601,4663.37,4195.44,10367.13,9.72,22,0,0,4.1,0.405,-33,Stage 2
7110,term,East,auto,2024-07-26,700,695,2846.08,2693.32,,9.42,4,0,0,5.3,,-5,Stage 1
7111,revolving,East,auto,2022-08-27,616,585,23328.9,5894.32,11295.57,11.57,27,0,1,28.6,0.522,-31,Stage 2
7112,revolving,North,home_improvement,2023-07-27,726,721,4765.88,3004.5,7738.1,5.45,0,0,0,17.5,0.388,-5,Stage 1
7113,term,West,debt_consolidation,2024-02-03,605,580,16125.0,11275.12,,4.38,29,0,0,11.1,,-25,Stage 1
7114,term,West,personal,2023-12-02,696,688,6900.93,5480.52,,12.65,2,0,0,13.2,,-8,Stage 1
7115,term,North,personal,2024-11-21,668,653,7703.53,7562.43,,4.94,11,0,0,1.4,,-15,Stage 1
7116,revolving,East,auto,2022-05-06,686,664,13117.54,8301.11,24056.44,11.49,4,0,0,32.4,0.345,-22,Stage 1
7117,revolving,West,home_improvement,2022-07-19,656,633,6649.72,1878.79,4611.88,3.0,11,0,0,29.9,0.407,-23,Stage 1
7118,term,West,home_improvement,2021-06-17,654,637,9785.11,978.51,,10.7,15,0,0,43.1,,-17,Stage 1
7119,term,West,debt_consolidation,2023-01-29,689,661,13685.77,5986.27,,8.97,6,0,0,23.4,,-28,Stage 1
7120,term,South,debt_consolidation,2024-04-12,619,590,25992.64,20907.32,,10.21,23,0,0,8.8,,-29,Stage 1
7121,revolving,West,auto,2024-10-27,619,594,27541.68,26928.65,77751.71,11.3,18,0,0,2.2,0.346,-25,Stage 1
7122,term,North,debt_consolidation,2024-03-19,658,640,26192.99,21856.88,,11.84,10,0,0,9.6,,-18,Stage 1
7123,term,North,debt_consolidation,2021-09-06,656,632,7933.66,793.37,,10.4,12,0,1,40.4,,-24,Stage 1
7124,revolving,South,home_improvement,2021-06-29,619,604,5857.49,620.93,1531.54,11.5,31,0,0,42.7,0.405,-15,Stage 2
7125,term,South,home_improvement,2024-02-18,735,712,8336.4,6986.97,,12.37,2,1,0,10.6,,-23,Stage 2
7126,term,North,debt_consolidation,2021-01-28,659,642,6909.43,2804.46,,12.82,15,0,0,47.8,,-17,Stage 1
7127,term,South,auto,2021-04-27,666,655,27836.94,5562.24,,10.56,12,1,0,44.8,,-11,Stage 2
7128,term,West,debt_consolidation,2022-12-04,600,605,15611.31,10545.18,,6.16,43,0,0,25.3,,5,Stage 2
7129,term,East,auto,2022-10-19,804,792,23928.15,5203.93,,8.25,3,0,0,26.8,,-12,Stage 1
7130,revolving,East,debt_consolidation,2023-04-12,825,810,4202.6,1836.74,3588.25,8.7,13,0,0,21.0,0.512,-15,Stage 1
7131,term,East,home_improvement,2021-09-19,633,622,27530.91,6065.46,,6.96,27,0,1,40.0,,-11,Stage 1
7132,term,North,home_improvement,2022-09-18,753,752,5528.11,936.27,,5.56,1,0,0,27.9,,-1,Stage 1
7133,term,South,auto,2023-02-24,674,662,12417.36,8769.19,,11.78,12,0,0,22.6,,-12,Stage 1
7134,term,East,debt_consolidation,2023-11-28,776,754,18097.74,14900.93,,9.9,1,0,0,13.3,,-22,Stage 1
7135,term,West,debt_consolidation,2021-07-16,700,685,22731.99,10082.35,,6.99,5,0,0,42.2,,-15,Stage 1
7136,revolving,West,auto,2022-11-15,685,673,16500.23,11028.87,19063.27,9.11,6,0,0,25.9,0.579,-12,Stage 1
7137,revolving,West,debt_consolidation,2023-05-24,530,481,15777.5,9636.76,15447.53,9.9,72,0,0,19.6,0.624,-49,Stage 2
7138,term,South,personal,2024-12-04,627,590,5554.31,5412.88,,5.54,31,0,0,0.9,,-37,Stage 2
7139,term,East,home_improvement,2021-11-29,681,660,7485.07,1050.05,,6.61,9,0,0,37.6,,-21,Stage 1
7140,term,West,home_improvement,2022-12-21,691,669,10173.7,5541.16,,8.06,5,0,0,24.7,,-22,Stage 1
7141,revolving,South,auto,2024-03-27,607,589,19947.09,17976.93,46307.11,8.54,26,0,0,9.3,0.388,-18,Stage 1
7142,term,West,debt_consolidation,2024-03-29,636,610,7537.69,6359.42,,4.21,14,0,0,9.3,,-26,Stage 1
7143,revolving,East,auto,2024-09-19,713,692,23141.65,21900.61,35915.98,11.24,1,0,0,3.5,0.61,-21,Stage 1
7144,term,East,personal,2024-10-31,597,592,18856.26,18285.82,,9.09,34,0,1,2.1,,-5,Stage 2
7145,revolving,East,debt_consolidation,2021-03-20,688,680,15864.53,2809.4,5043.82,8.26,6,0,0,46.1,0.557,-8,Stage 1
7146,revolving,East,personal,2021-07-16,754,753,8094.16,809.42,1272.16,6.86,0,0,0,42.2,0.636,-1,Stage 1
7147,revolving,East,auto,2024-02-18,703,682,14121.87,10397.39,25332.82,5.96,5,0,0,10.6,0.41,-21,Stage 1
7148,term,West,home_improvement,2021-08-14,700,677,2521.49,1090.21,,9.05,8,0,0,41.2,,-23,Stage 1
7149,term,East,personal,2022-08-18,558,524,12102.75,4299.1,,9.47,59,0,0,28.9,,-34,Stage 2
7150,term,West,debt_consolidation,2024-12-04,630,622,1028.73,1011.8,,14.91,21,0,0,0.9,,-8,Stage 1
7151,revolving,East,auto,2023-07-02,803,793,13935.85,10179.49,17068.26,15.18,10,0,0,18.3,0.596,-10,Stage 1
7152,term,West,auto,2023-01-05,644,605,15692.45,4304.09,,7.4,21,0,1,24.2,,-39,Stage 2
7153,revolving,East,auto,2024-09-24,755,734,11733.89,11297.95,30166.1,6.12,0,0,0,3.3,0.375,-21,Stage 1
7154,revolving,West,home_improvement,2023-07-08,643,605,5400.1,2755.37,6640.28,5.2,15,0,0,18.1,0.415,-38,Stage 2
7155,term,East,auto,2022-06-21,663,639,26849.68,11969.51,,9.26,13,0,0,30.8,,-24,Stage 1
7156,revolving,South,auto,2021-08-08,710,711,14474.09,1447.41,3974.67,5.26,2,1,0,41.4,0.364,1,Stage 2
7157,term,West,home_improvement,2021-10-20,686,652,11687.6,5338.71,,4.86,3,1,0,39.0,,-34,Stage 2
7158,term,South,auto,2024-05-12,702,689,9545.25,7317.79,,6.8,7,0,0,7.8,,-13,Stage 1
7159,term,West,auto,2021-07-21,630,602,2998.36,299.84,,7.17,22,0,0,42.0,,-28,Stage 1
7160,term,West,personal,2021-02-01,611,585,7447.65,744.76,,6.78,30,0,0,47.7,,-26,Stage 2
7161,revolving,West,auto,2024-01-18,626,598,14345.33,10143.7,23814.87,4.15,27,0,1,11.6,0.426,-28,Stage 1
7162,term,North,home_improvement,2024-05-10,648,607,23018.66,18544.77,,8.73,19,0,0,7.9,,-41,Stage 2
7163,term,East,personal,2024-08-09,666,644,8069.64,7413.53,,8.67,19,0,0,4.8,,-22,Stage 1
7164,term,South,auto,2022-12-17,742,745,27793.82,7987.56,,13.01,0,0,0,24.9,,3,Stage 1
7165,revolving,South,home_improvement,2023-01-23,685,673,13842.58,4436.63,7224.63,5.27,8,0,0,23.6,0.614,-12,Stage 1
7166,term,West,debt_consolidation,2023-10-14,709,695,40869.68,31499.03,,10.58,4,0,0,14.8,,-14,Stage 1
7167,revolving,South,auto,2021-04-25,688,681,23883.46,7645.24,16170.0,14.35,8,1,0,44.9,0.473,-7,Stage 2
7168,term,South,debt_consolidation,2022-12-23,613,587,38833.44,12802.07,,4.63,24,0,0,24.7,,-26,Stage 1
7169,term,South,personal,2024-05-30,681,659,15500.72,13702.24,,5.73,11,0,0,7.2,,-22,Stage 1
7170,term,South,home_improvement,2021-07-01,687,665,8004.21,800.42,,5.23,10,0,0,42.7,,-22,Stage 1
7171,term,North,personal,2023-02-10,725,714,11115.31,5170.24,,10.34,2,0,0,23.0,,-11,Stage 1
7172,revolving,West,debt_consolidation,2022-04-14,615,606,9538.59,953.86,1769.81,10.22,30,0,1,33.1,0.539,-9,Stage 2
7173,term,South,debt_consolidation,2022-03-02,557,515,13189.12,1318.91,,11.86,55,0,0,34.5,,-42,Stage 2
7174,revolving,North,debt_consolidation,2023-04-14,690,666,9879.73,4331.58,10156.55,9.24,6,0,0,20.9,0.426,-24,Stage 1
7175,term,North,home_improvement,2023-12-20,701,698,32469.28,27738.87,,14.4,4,0,0,12.6,,-3,Stage 1
7176,term,West,debt_consolidation,2022-04-30,669,654,29969.68,10474.38,,10.62,10,0,0,32.6,,-15,Stage 1
7177,revolving,East,debt_consolidation,2021-01-11,681,681,6699.94,826.2,1249.71,12.78,11,0,0,48.4,0.661,0,Stage 1
7178,revolving,East,home_improvement,2024-11-09,732,739,17994.58,17179.48,31542.7,9.47,2,0,0,1.8,0.545,7,Stage 1
7179,term,East,debt_consolidation,2024-12-04,652,642,32302.05,31770.64,,7.84,14,0,0,0.9,,-10,Stage 1
7180,term,South,auto,2021-02-11,663,654,6678.56,667.86,,8.47,19,0,0,47.3,,-9,Stage 1
7181,term,West,debt_consolidation,2021-05-03,684,671,4748.08,474.81,,13.12,6,0,0,44.6,,-13,Stage 1
7182,term,East,home_improvement,2022-12-02,606,563,10062.0,5945.51,,11.38,26,0,0,25.4,,-43,Stage 2
7183,revolving,South,debt_consolidation,2021-09-09,670,645,3662.62,507.3,1020.41,11.2,9,0,0,40.3,0.497,-25,Stage 1
7184,revolving,West,home_improvement,2023-08-31,676,653,32087.99,19501.37,30045.62,11.98,12,0,0,16.3,0.649,-23,Stage 1
7185,term,South,debt_consolidation,2022-08-27,778,787,16104.75,5621.59,,9.79,5,0,0,28.6,,9,Stage 1
7186,revolving,East,auto,2021-08-01,662,662,2234.5,692.45,1837.36,17.45,11,0,0,41.6,0.377,0,Stage 1
7187,term,East,home_improvement,2021-09-25,692,679,15268.77,5866.16,,8.33,4,0,0,39.8,,-13,Stage 1
7188,term,North,home_improvement,2023-10-03,735,730,32635.76,24616.82,,9.33,3,0,0,15.2,,-5,Stage 1
7189,term,North,home_improvement,2022-12-08,629,601,12431.87,8966.5,,7.65,19,0,0,25.2,,-28,Stage 1
7190,term,West,home_improvement,2022-06-24,762,756,12632.71,3789.79,,10.5,5,0,0,30.7,,-6,Stage 1
7191,term,South,debt_consolidation,2022-12-07,785,780,20188.3,7753.7,,3.72,4,0,0,25.2,,-5,Stage 1
7192,term,South,debt_consolidation,2023-10-08,678,680,22054.54,18435.09,,3.0,9,0,0,15.0,,2,Stage 1
7193,term,East,auto,2022-09-11,647,643,11044.69,1901.47,,7.06,13,0,0,28.1,,-4,Stage 1
7194,term,East,auto,2024-03-04,777,762,29109.17,21540.43,,10.75,1,0,0,10.1,,-15,Stage 1
7195,revolving,West,debt_consolidation,2022-05-13,727,720,6201.37,1370.31,3034.87,12.08,2,0,0,32.1,0.452,-7,Stage 1
7196,term,North,personal,2023-10-18,684,667,9258.39,5623.73,,5.22,10,0,1,14.7,,-17,Stage 1
7197,term,East,home_improvement,2023-02-21,765,724,8680.98,3222.02,,4.0,1,0,0,22.7,,-41,Stage 2
7198,revolving,South,debt_consolidation,2021-05-06,759,768,19487.07,5720.99,10271.61,6.83,0,0,0,44.5,0.557,9,Stage 1
7199,revolving,East,auto,2024-10-14,659,666,35166.96,33347.07,67254.19,6.78,11,1,0,2.6,0.496,7,Stage 2
7200,revolving,North,home_improvement,2023-04-21,694,691,27213.2,14366.34,41786.15,9.65,6,0,1,20.7,0.344,-3,Stage 1
7201,term,South,auto,2023-09-10,714,700,7237.79,4041.26,,9.38,3,0,0,16.0,,-14,Stage 1
7202,term,North,personal,2024-09-03,681,679,54529.33,49209.48,,13.4,10,0,1,4.0,,-2,Stage 1
7203,term,West,home_improvement,2021-01-12,596,575,5106.01,510.6,,7.76,34,0,1,48.3,,-21,Stage 2
7204,term,West,personal,2024-08-10,623,620,5346.53,4812.59,,5.01,23,0,0,4.8,,-3,Stage 1
7205,revolving,North,personal,2022-05-31,598,576,5558.04,2689.55,5749.32,9.92,50,0,0,31.5,0.468,-22,Stage 2
7206,term,South,personal,2024-11-15,709,698,8063.68,7756.73,,6.1,1,0,0,1.6,,-11,Stage 1
7207,term,North,debt_consolidation,2021-11-12,608,583,23846.09,6496.1,,6.15,21,0,1,38.2,,-25,Stage 1
7208,term,East,auto,2023-10-29,691,675,23523.94,19442.09,,14.1,8,0,0,14.3,,-16,Stage 1
7209,term,East,home_improvement,2024-02-22,789,794,5490.38,3989.31,,11.79,4,0,0,10.5,,5,Stage 1
7210,revolving,North,debt_consolidation,2024-10-27,765,776,6312.9,5986.63,14182.62,7.72,1,0,0,2.2,0.422,11,Stage 1
7211,term,East,auto,2021-11-10,569,529,20185.82,4830.29,,14.47,45,0,1,38.3,,-40,Stage 2
7212,term,North,debt_consolidation,2024-04-23,603,586,7159.21,5486.84,,11.49,29,0,0,8.4,,-17,Stage 1
7213,term,East,auto,2022-07-01,633,642,5716.38,1439.45,,10.16,20,0,1,30.5,,9,Stage 1
7214,term,North,home_improvement,2021-02-08,609,575,30728.82,3072.88,,6.97,36,0,0,47.4,,-34,Stage 2
7215,term,East,home_improvement,2024-01-13,580,561,1000.0,701.94,,3.0,41,0,0,11.8,,-19,Stage 2
7216,term,South,home_improvement,2023-11-11,679,663,19460.27,12085.83,,6.43,9,0,0,13.9,,-16,Stage 1
7217,term,South,home_improvement,2021-09-10,722,698,19397.09,2358.19,,7.53,2,0,0,40.3,,-24,Stage 1
7218,revolving,East,auto,2021-10-30,737,713,18606.18,1860.62,5222.68,5.41,0,0,0,38.6,0.356,-24,Stage 1
7219,revolving,North,debt_consolidation,2023-09-06,651,639,9228.29,5749.95,13168.42,9.37,12,0,0,16.1,0.437,-12,Stage 1
7220,revolving,East,home_improvement,2021-09-15,663,633,7874.63,1149.82,3254.01,3.0,12,0,0,40.1,0.353,-30,Stage 2
7221,revolving,West,home_improvement,2023-09-27,701,697,29803.58,21100.03,49132.31,12.99,4,0,0,15.4,0.429,-4,Stage 1
7222,term,West,home_improvement,2022-06-26,673,658,34960.16,21090.94,,7.63,6,0,0,30.7,,-15,Stage 1
7223,term,North,personal,2022-10-02,728,739,8738.3,6265.43,,11.22,5,0,0,27.4,,11,Stage 1
7224,term,East,home_improvement,2022-07-06,705,684,6826.5,3848.74,,11.18,3,0,0,30.3,,-21,Stage 1
7225,revolving,East,home_improvement,2022-04-06,657,629,1000.0,537.66,1103.23,5.3,15,0,0,33.4,0.487,-28,Stage 1
7226,revolving,South,auto,2021-08-12,568,550,27809.64,11154.32,33292.22,3.78,51,1,0,41.3,0.335,-18,Stage 2
7227,revolving,North,personal,2021-04-02,769,763,18566.19,4089.91,7448.41,7.08,3,0,0,45.7,0.549,-6,Stage 1
7228,term,West,auto,2021-10-07,638,627,21866.16,5289.77,,10.13,19,0,0,39.4,,-11,Stage 1
7229,revolving,West,debt_consolidation,2024-04-08,701,702,19696.46,15010.92,44531.99,9.41,6,0,0,8.9,0.337,1,Stage 1
7230,term,North,personal,2021-09-05,565,550,11158.54,3304.79,,12.5,60,0,0,40.5,,-15,Stage 2
7231,term,West,auto,2024-10-16,679,651,16884.39,16248.77,,10.18,3,0,0,2.6,,-28,Stage 1
7232,term,North,auto,2024-10-04,686,669,17430.06,15890.45,,10.4,10,0,0,3.0,,-17,Stage 1
7233,term,West,debt_consolidation,2023-05-16,688,657,32484.72,13151.06,,6.57,7,0,0,19.9,,-31,Stage 2
7234,term,West,debt_consolidation,2024-12-29,850,850,32228.02,31413.75,,8.24,11,0,0,0.1,,0,Stage 1
7235,term,North,home_improvement,2024-11-30,642,621,4077.74,4002.35,,8.32,20,0,0,1.1,,-21,Stage 1
7236,term,North,home_improvement,2021-03-19,729,697,1460.7,241.59,,10.85,1,0,0,46.1,,-32,Stage 2
7237,term,West,personal,2022-04-03,711,712,2533.47,1380.01,,11.26,7,0,0,33.5,,1,Stage 1
7238,revolving,West,personal,2022-08-09,639,628,9812.86,5440.25,13042.04,8.3,24,0,0,29.2,0.417,-11,Stage 1
7239,term,South,debt_consolidation,2024-11-16,728,710,34169.61,32938.63,,8.4,0,0,0,1.5,,-18,Stage 1
7240,term,East,personal,2023-11-04,670,652,18634.93,12919.88,,10.05,5,0,0,14.1,,-18,Stage 1
7241,revolving,North,home_improvement,2021-02-14,732,730,22990.59,2299.06,6663.38,14.8,2,0,0,47.2,0.345,-2,Stage 1
7242,revolving,North,debt_consolidation,2021-02-07,797,809,11698.37,1169.84,2873.78,3.78,8,0,0,47.5,0.407,12,Stage 1
7243,term,East,auto,2022-02-20,689,669,2992.62,939.66,,6.23,9,0,0,34.9,,-20,Stage 1
7244,term,South,debt_consolidation,2021-09-02,663,656,33633.02,3363.3,,6.35,16,1,0,40.6,,-7,Stage 2
7245,term,West,personal,2023-12-22,743,734,36355.09,24000.17,,5.05,0,0,0,12.5,,-9,Stage 1
7246,term,West,home_improvement,2022-05-08,763,763,9543.92,1774.93,,6.61,1,0,0,32.3,,0,Stage 1
7247,term,South,home_improvement,2021-11-19,627,608,4913.38,2671.33,,10.13,23,0,0,38.0,,-19,Stage 1
7248,revolving,South,auto,2024-06-29,652,615,11003.13,9675.32,18955.67,11.84,11,0,0,6.2,0.51,-37,Stage 2
7249,term,East,auto,2022-04-13,720,703,28215.55,7404.65,,9.69,1,0,0,33.1,,-17,Stage 1
7250,revolving,East,debt_consolidation,2023-12-21,672,644,16170.04,13778.78,22264.92,9.63,6,0,0,12.6,0.619,-28,Stage 1
7251,revolving,West,home_improvement,2024-02-17,622,591,11974.93,8380.69,16475.22,6.24,21,0,0,10.6,0.509,-31,Stage 2
7252,revolving,South,auto,2021-03-28,712,705,26274.45,9036.83,21679.06,3.0,5,0,0,45.8,0.417,-7,Stage 1
7253,term,South,auto,2021-03-21,720,703,14960.25,7997.74,,10.12,3,0,0,46.1,,-17,Stage 1
7254,revolving,West,debt_consolidation,2021-08-16,659,645,7227.2,1792.74,4255.76,13.0,16,0,0,41.1,0.421,-14,Stage 1
7255,term,West,debt_consolidation,2022-04-28,683,657,16445.94,9743.92,,11.88,4,0,0,32.6,,-26,Stage 1
7256,term,West,home_improvement,2022-09-15,645,622,1711.83,536.53,,8.72,19,0,0,28.0,,-23,Stage 1
7257,term,West,personal,2024-08-26,614,605,48624.49,43044.03,,9.23,30,0,1,4.3,,-9,Stage 2
7258,term,West,personal,2023-08-06,650,623,22711.97,15437.56,,13.21,15,1,0,17.1,,-27,Stage 2
7259,revolving,East,home_improvement,2022-04-30,684,677,2095.36,209.54,363.99,6.91,5,0,0,32.6,0.576,-7,Stage 1
7260,term,West,personal,2023-04-20,591,550,9549.0,5532.25,,7.64,37,0,0,20.7,,-41,Stage 2
7261,term,South,home_improvement,2021-01-25,654,644,18361.35,1836.13,,3.6,15,0,0,47.9,,-10,Stage 1
7262,term,North,home_improvement,2024-05-10,685,662,18921.71,15107.03,,10.4,11,1,0,7.9,,-23,Stage 2
7263,term,East,auto,2024-06-02,751,739,22163.45,20045.66,,7.5,1,0,0,7.1,,-12,Stage 1
7264,term,South,personal,2023-02-18,661,654,11396.11,7792.25,,8.1,12,0,0,22.8,,-7,Stage 1
7265,revolving,North,home_improvement,2023-07-20,605,556,44651.54,23656.53,56657.83,11.05,27,1,0,17.7,0.418,-49,Stage 2
7266,term,East,personal,2023-03-06,667,649,48313.49,36527.92,,6.74,14,0,0,22.2,,-18,Stage 1
7267,term,West,personal,2023-01-23,646,636,27842.15,17795.38,,10.49,21,0,0,23.6,,-10,Stage 1
7268,term,East,debt_consolidation,2024-04-21,713,684,16351.54,13293.22,,10.65,8,0,0,8.5,,-29,Stage 1
7269,term,West,personal,2024-01-06,659,640,4861.6,3546.93,,7.92,17,0,0,12.0,,-19,Stage 1
7270,term,West,home_improvement,2022-03-02,517,468,15406.02,3062.99,,11.52,75,1,0,34.5,,-49,Stage 2
7271,term,West,auto,2023-12-27,850,850,54060.3,35029.26,,8.69,19,0,0,12.4,,0,Stage 1
7272,revolving,North,personal,2022-10-22,688,675,17223.98,11408.9,17507.18,11.15,6,0,0,26.7,0.652,-13,Stage 1
7273,term,East,home_improvement,2022-11-16,685,676,15573.38,8362.41,,7.15,2,0,0,25.9,,-9,Stage 1
7274,term,West,debt_consolidation,2022-07-01,587,564,13387.15,7506.82,,10.76,39,0,0,30.5,,-23,Stage 2
7275,term,South,personal,2024-01-06,592,577,7869.81,5375.4,,7.94,46,0,0,12.0,,-15,Stage 2
7276,revolving,East,auto,2023-07-05,674,656,7257.09,5405.86,15378.91,10.01,14,0,0,18.2,0.352,-18,Stage 1
7277,term,South,personal,2021-02-24,700,682,25041.48,2504.15,,10.06,4,1,0,46.9,,-18,Stage 2
7278,term,North,home_improvement,2024-06-24,722,717,21807.02,17650.94,,7.8,1,0,0,6.4,,-5,Stage 1
7279,revolving,North,personal,2021-11-10,694,692,3880.48,1209.19,2515.18,7.72,6,0,0,38.3,0.481,-2,Stage 1
7280,term,East,personal,2024-09-05,608,577,37748.47,34873.22,,8.36,30,1,0,3.9,,-31,Stage 2
7281,term,North,debt_consolidation,2021-08-08,529,497,22592.01,5412.83,,9.22,78,1,0,41.4,,-32,Stage 2
7282,term,North,personal,2024-10-26,673,662,52478.23,50031.62,,10.72,8,0,0,2.2,,-11,Stage 1
7283,term,East,auto,2024-05-24,647,628,7908.65,6799.81,,9.71,11,1,0,7.4,,-19,Stage 2
7284,term,South,personal,2021-02-18,604,583,26386.61,2638.66,,3.0,33,0,0,47.1,,-21,Stage 2
7285,term,West,debt_consolidation,2022-04-08,729,728,5848.05,3863.15,,11.57,1,0,0,33.3,,-1,Stage 1
7286,term,East,home_improvement,2021-04-28,585,560,1718.05,224.71,,10.21,30,0,0,44.8,,-25,Stage 2
7287,term,East,personal,2021-03-23,717,707,26588.03,2658.8,,12.53,2,0,0,46.0,,-10,Stage 1
7288,term,West,personal,2024-07-10,595,568,5694.12,5341.55,,11.55,44,0,0,5.8,,-27,Stage 2
7289,revolving,South,debt_consolidation,2022-05-11,688,684,19468.64,11842.64,32888.18,7.73,6,0,0,32.2,0.36,-4,Stage 1
7290,revolving,West,debt_consolidation,2022-09-26,736,732,17302.08,8932.15,23046.13,5.5,1,0,0,27.6,0.388,-4,Stage 1
7291,revolving,West,debt_consolidation,2023-04-17,659,653,10586.18,6873.92,10392.25,14.42,12,0,0,20.8,0.661,-6,Stage 1
7292,term,South,personal,2022-08-25,781,781,5803.17,1077.04,,12.85,1,0,0,28.7,,0,Stage 1
7293,term,South,auto,2023-02-09,795,802,25016.76,19107.66,,11.24,3,0,0,23.1,,7,Stage 1
7294,term,West,debt_consolidation,2022-11-04,694,687,13413.54,4121.79,,6.61,5,0,0,26.3,,-7,Stage 1
7295,term,West,home_improvement,2021-06-25,712,696,1000.0,524.98,,5.09,4,1,0,42.9,,-16,Stage 2
7296,revolving,East,personal,2023-03-16,743,712,15303.87,6325.49,9851.13,7.7,0,0,0,21.9,0.642,-31,Stage 2
7297,term,South,home_improvement,2024-01-18,712,685,3009.99,2354.14,,11.58,2,0,0,11.6,,-27,Stage 1
7298,term,North,home_improvement,2022-10-01,706,703,10133.74,3785.8,,3.0,3,0,0,27.4,,-3,Stage 1
7299,term,South,auto,2024-10-14,648,634,14876.56,14344.67,,6.82,8,0,0,2.6,,-14,Stage 1
7300,term,West,home_improvement,2024-08-02,578,550,1000.0,868.44,,17.03,52,0,0,5.1,,-28,Stage 2
7301,term,West,debt_consolidation,2021-10-24,596,572,7680.77,1793.83,,7.93,41,0,0,38.8,,-24,Stage 2
7302,term,West,debt_consolidation,2024-07-07,822,819,11346.19,10609.72,,9.11,8,0,0,5.9,,-3,Stage 1
7303,term,West,personal,2022-04-20,699,679,23257.63,3382.09,,8.92,5,0,0,32.9,,-20,Stage 1
7304,revolving,North,auto,2022-06-20,665,645,29328.2,6864.39,16223.73,14.17,9,0,0,30.9,0.423,-20,Stage 1
7305,term,South,auto,2023-11-27,755,758,18150.07,12007.22,,8.03,0,0,0,13.4,,3,Stage 1
7306,revolving,North,home_improvement,2024-04-19,635,625,33076.33,27563.18,66939.54,3.61,19,0,0,8.6,0.412,-10,Stage 1
7307,revolving,North,auto,2021-01-25,714,707,21914.95,11044.79,29202.95,12.09,2,0,0,47.9,0.378,-7,Stage 1
7308,term,West,home_improvement,2021-12-15,684,671,2632.42,263.24,,5.79,4,0,0,37.1,,-13,Stage 1
7309,revolving,North,home_improvement,2022-09-29,707,695,24935.24,9376.12,24097.66,4.52,3,0,0,27.5,0.389,-12,Stage 1
7310,term,West,auto,2021-08-15,659,637,3856.59,385.66,,13.58,11,0,0,41.2,,-22,Stage 1
7311,revolving,West,personal,2024-10-03,622,580,28121.9,26913.85,57853.57,11.23,29,0,0,3.0,0.465,-42,Stage 2
7312,term,West,home_improvement,2021-02-07,630,617,26356.45,2635.64,,7.9,12,0,0,47.5,,-13,Stage 1
7313,term,North,debt_consolidation,2024-11-07,632,618,16591.8,15711.71,,12.46,22,0,0,1.8,,-14,Stage 1
7314,term,West,debt_consolidation,2022-07-24,679,667,13429.64,1479.78,,11.93,7,0,0,29.7,,-12,Stage 1
7315,term,North,auto,2021-08-24,586,565,12636.34,4146.11,,6.95,30,0,0,40.9,,-21,Stage 2
7316,revolving,South,auto,2024-04-19,605,598,23062.47,18493.42,47924.97,9.57,41,0,1,8.6,0.386,-7,Stage 2
7317,term,West,home_improvement,2021-04-24,688,669,8741.39,1576.83,,8.68,4,0,1,44.9,,-19,Stage 1
7318,term,East,home_improvement,2021-11-02,672,659,9375.6,937.56,,7.01,15,0,1,38.5,,-13,Stage 1
7319,term,East,debt_consolidation,2021-05-12,691,665,13533.31,3137.87,,9.13,4,0,0,44.3,,-26,Stage 1
7320,revolving,East,home_improvement,2021-12-14,677,679,6549.18,2447.93,4430.21,11.3,10,1,0,37.1,0.553,2,Stage 2
7321,term,East,debt_consolidation,2024-04-18,831,837,12655.16,11516.16,,6.2,9,0,0,8.6,,6,Stage 1
7322,term,East,home_improvement,2022-02-19,687,653,30853.05,12465.15,,11.47,4,0,0,34.9,,-34,Stage 2
7323,term,North,personal,2023-09-10,657,635,4813.53,3572.48,,3.43,13,0,1,16.0,,-22,Stage 1
7324,revolving,South,personal,2023-01-02,686,685,1013.99,703.67,1972.59,9.66,6,0,0,24.3,0.357,-1,Stage 1
7325,term,North,debt_consolidation,2022-10-16,741,742,6413.63,4567.46,,6.79,1,0,0,26.9,,1,Stage 1
7326,term,West,personal,2022-01-20,677,678,22522.81,14183.94,,13.73,10,0,0,35.9,,1,Stage 1
7327,term,South,personal,2022-05-27,721,711,16245.85,7204.46,,4.16,2,0,0,31.7,,-10,Stage 1
7328,revolving,South,auto,2023-12-03,703,700,3698.35,2844.86,8063.18,8.28,5,0,0,13.2,0.353,-3,Stage 1
7329,term,South,home_improvement,2024-02-16,662,649,19198.93,15954.7,,6.5,10,0,0,10.7,,-13,Stage 1
7330,term,South,auto,2021-03-02,686,675,16686.3,1668.63,,7.3,5,0,0,46.7,,-11,Stage 1
7331,term,East,debt_consolidation,2022-07-07,775,763,29912.05,4113.81,,5.59,1,0,0,30.3,,-12,Stage 1
7332,revolving,West,auto,2021-07-07,694,650,22083.35,7136.24,15453.15,9.52,5,0,0,42.5,0.462,-44,Stage 2
7333,revolving,South,debt_consolidation,2022-03-29,620,597,28117.38,3940.35,6983.07,9.68,25,0,0,33.6,0.564,-23,Stage 1
7334,term,South,personal,2023-04-27,660,622,5753.53,4478.04,,3.81,17,0,0,20.5,,-38,Stage 2
7335,term,East,auto,2021-07-06,553,527,3877.33,387.73,,10.87,51,0,0,42.5,,-26,Stage 2
7336,term,North,personal,2023-07-27,688,670,8166.08,5828.74,,4.24,5,0,0,17.5,,-18,Stage 1
7337,term,North,home_improvement,2021-06-13,758,745,8431.28,2208.6,,9.09,0,0,0,43.3,,-13,Stage 1
7338,term,North,personal,2024-12-18,599,565,11258.91,11046.12,,14.29,26,0,0,0.5,,-34,Stage 2
7339,term,West,home_improvement,2021-04-12,688,675,4665.18,1373.31,,6.42,6,0,0,45.3,,-13,Stage 1
7340,term,North,personal,2024-07-14,739,742,7076.89,5948.33,,8.1,2,0,0,5.7,,3,Stage 1
7341,revolving,South,auto,2024-03-22,745,736,43364.04,38848.29,79872.26,6.63,2,0,0,9.5,0.486,-9,Stage 1
7342,term,East,auto,2024-12-23,756,744,15916.5,15735.02,,6.99,2,0,0,0.3,,-12,Stage 1
7343,term,East,personal,2022-11-22,567,530,14130.04,7687.48,,9.93,53,0,1,25.7,,-37,Stage 2
7344,term,North,debt_consolidation,2024-12-21,710,715,19021.62,18768.79,,13.84,2,0,0,0.4,,5,Stage 1
7345,term,East,debt_consolidation,2022-08-01,589,562,4383.55,1146.76,,8.89,32,0,0,29.5,,-27,Stage 2
7346,term,South,home_improvement,2022-09-03,620,570,3135.38,1827.81,,12.58,29,0,0,28.4,,-50,Stage 2
7347,term,North,home_improvement,2022-06-20,729,717,13828.96,7134.13,,6.82,6,0,0,30.9,,-12,Stage 1
7348,term,South,personal,2024-09-18,689,661,2655.84,2514.93,,12.33,0,0,0,3.5,,-28,Stage 1
7349,revolving,West,auto,2023-01-31,723,708,5640.77,1951.82,2956.56,13.99,3,0,0,23.4,0.66,-15,Stage 1
7350,revolving,South,home_improvement,2023-06-15,624,590,1411.74,706.92,1918.78,12.66,22,0,0,18.9,0.368,-34,Stage 2
7351,term,South,personal,2023-08-29,768,784,25876.94,17071.32,,11.19,4,0,0,16.4,,16,Stage 1
7352,term,South,home_improvement,2021-05-04,721,715,16581.82,9154.84,,10.9,3,0,0,44.6,,-6,Stage 1
7353,term,South,auto,2024-08-18,733,736,8093.61,7485.75,,6.72,1,0,0,4.5,,3,Stage 1
7354,term,West,home_improvement,2022-10-30,615,610,50594.38,24426.83,,4.57,37,0,0,26.5,,-5,Stage 2
7355,term,North,personal,2021-12-15,750,747,27747.74,6732.64,,10.99,0,0,0,37.1,,-3,Stage 1
7356,revolving,South,home_improvement,2021-09-06,661,669,15114.02,5986.78,9772.07,6.64,13,0,0,40.4,0.613,8,Stage 1
7357,revolving,North,debt_consolidation,2024-07-18,643,608,32143.97,28087.87,70905.23,6.88,11,0,0,5.6,0.396,-35,Stage 2
7358,revolving,East,home_improvement,2024-12-23,717,721,11990.62,11824.9,19667.64,4.54,4,0,0,0.3,0.601,4,Stage 1
7359,term,South,auto,2022-12-08,714,706,16058.86,8181.43,,7.28,1,0,0,25.2,,-8,Stage 1
7360,revolving,South,auto,2022-12-14,629,616,14525.18,8112.39,22278.3,12.26,20,0,1,25.0,0.364,-13,Stage 1
7361,revolving,East,auto,2023-10-04,803,803,10534.2,7813.38,20448.09,11.87,3,0,0,15.2,0.382,0,Stage 1
7362,term,North,auto,2021-09-04,788,794,11069.89,3215.93,,5.04,3,0,0,40.5,,6,Stage 1
7363,term,West,personal,2022-04-26,716,710,49971.99,19036.52,,6.1,3,1,0,32.7,,-6,Stage 2
7364,revolving,South,home_improvement,2021-04-08,705,693,19700.26,6344.16,17901.87,3.6,4,0,0,45.5,0.354,-12,Stage 1
7365,term,East,home_improvement,2021-11-25,699,688,33815.04,14717.98,,10.1,1,0,0,37.8,,-11,Stage 1
7366,term,East,home_improvement,2024-12-19,587,577,5063.05,4991.59,,9.56,49,0,0,0.4,,-10,Stage 2
7367,term,South,home_improvement,2024-12-18,686,665,9696.46,9470.46,,9.82,6,0,0,0.5,,-21,Stage 1
7368,term,North,personal,2023-10-26,685,686,4860.48,3800.39,,7.67,7,0,0,14.4,,1,Stage 1
7369,term,North,auto,2022-04-04,645,618,27609.83,17903.18,,10.97,18,0,1,33.4,,-27,Stage 1
7370,revolving,South,home_improvement,2023-03-07,661,650,29707.21,17358.72,34614.16,8.13,13,0,0,22.2,0.501,-11,Stage 1
7371,term,East,home_improvement,2022-08-16,537,503,18954.23,8030.75,,11.87,86,0,1,29.0,,-34,Stage 2
7372,term,South,auto,2022-05-13,614,597,62811.05,6281.1,,5.71,32,0,0,32.1,,-17,Stage 2
7373,term,West,debt_consolidation,2021-03-28,735,731,29142.59,2914.26,,11.61,4,0,0,45.8,,-4,Stage 1
7374,term,West,debt_consolidation,2022-02-06,783,787,14643.84,8374.79,,10.3,2,0,0,35.3,,4,Stage 1
7375,term,North,auto,2024-08-09,623,607,13976.05,12691.88,,10.98,29,1,1,4.8,,-16,Stage 2
7376,term,West,home_improvement,2024-07-28,690,678,19562.56,17005.2,,8.03,7,0,1,5.2,,-12,Stage 1
7377,term,East,auto,2021-07-16,745,751,30320.27,3032.03,,14.26,1,0,0,42.2,,6,Stage 1
7378,term,West,home_improvement,2023-02-03,648,634,20837.17,9932.14,,6.86,17,0,1,23.3,,-14,Stage 1
7379,term,South,home_improvement,2024-01-12,720,728,9301.33,6227.56,,15.84,0,0,0,11.8,,8,Stage 1
7380,term,East,debt_consolidation,2021-01-27,677,660,9235.59,923.56,,10.34,8,0,0,47.8,,-17,Stage 1
7381,term,North,debt_consolidation,2021-05-15,751,738,17425.46,3849.05,,12.44,1,0,0,44.2,,-13,Stage 1
7382,term,North,home_improvement,2024-01-19,603,583,8274.81,6381.66,,13.36,37,0,0,11.6,,-20,Stage 2
7383,revolving,West,home_improvement,2021-07-25,613,575,36248.0,19639.63,41309.91,11.34,32,0,0,41.9,0.475,-38,Stage 2
7384,term,North,home_improvement,2023-11-17,696,694,17610.96,15151.24,,14.63,9,0,0,13.7,,-2,Stage 1
7385,term,South,debt_consolidation,2024-11-02,685,667,3950.22,3775.85,,11.84,4,0,0,2.0,,-18,Stage 1
7386,term,East,home_improvement,2024-12-09,676,670,13161.53,12969.7,,11.2,11,0,0,0.8,,-6,Stage 1
7387,term,South,auto,2024-06-04,714,707,14669.38,12784.69,,10.41,5,0,0,7.0,,-7,Stage 1
7388,revolving,South,personal,2022-08-26,624,601,29652.67,9494.95,17399.1,10.15,27,0,0,28.6,0.546,-23,Stage 1
7389,term,South,personal,2023-12-28,597,574,13464.71,10539.19,,12.36,48,0,1,12.3,,-23,Stage 2
7390,term,South,home_improvement,2021-12-28,649,616,55565.24,8128.73,,6.49,15,0,0,36.7,,-33,Stage 2
7391,term,East,auto,2024-07-07,656,634,21997.25,19580.27,,8.55,16,0,0,5.9,,-22,Stage 1
7392,term,East,home_improvement,2022-10-20,662,653,3868.94,2770.58,,10.53,10,0,0,26.8,,-9,Stage 1
7393,revolving,South,auto,2023-12-23,756,738,10785.99,7164.06,18697.33,6.82,2,0,0,12.5,0.383,-18,Stage 1
7394,term,South,debt_consolidation,2023-08-30,726,723,8814.81,5112.95,,11.9,2,0,0,16.3,,-3,Stage 1
7395,term,North,debt_consolidation,2023-09-07,711,709,14727.73,9469.18,,8.37,2,0,0,16.1,,-2,Stage 1
7396,term,North,home_improvement,2023-07-30,693,673,45159.71,29551.57,,5.17,8,0,0,17.4,,-20,Stage 1
7397,term,East,debt_consolidation,2023-06-27,653,648,6998.23,5454.78,,7.19,16,0,0,18.5,,-5,Stage 1
7398,revolving,North,home_improvement,2024-11-16,628,614,2333.08,2249.16,5178.33,11.88,22,0,0,1.5,0.434,-14,Stage 1
7399,term,East,personal,2021-09-03,608,597,11458.85,6814.14,,5.87,24,0,0,40.5,,-11,Stage 1
7400,term,East,auto,2021-10-05,638,621,8273.83,2714.36,,6.12,23,1,0,39.5,,-17,Stage 2
7401,term,West,auto,2021-12-13,677,658,19050.53,4504.61,,10.56,10,0,1,37.2,,-19,Stage 1
7402,term,East,personal,2022-01-07,610,598,1389.33,154.78,,5.05,30,0,0,36.3,,-12,Stage 2
7403,term,North,personal,2023-03-20,690,677,31902.93,19881.95,,10.7,3,0,0,21.8,,-13,Stage 1
7404,term,West,personal,2023-04-29,668,661,17331.45,9506.72,,3.0,7,1,0,20.4,,-7,Stage 2
7405,term,North,personal,2021-05-03,656,633,17497.69,8690.95,,10.43,13,0,0,44.6,,-23,Stage 1
7406,term,East,debt_consolidation,2023-12-17,749,738,14090.23,9752.4,,8.72,0,0,0,12.7,,-11,Stage 1
7407,term,East,auto,2021-06-09,532,490,3240.11,1274.94,,13.9,69,0,0,43.4,,-42,Stage 2
7408,revolving,South,auto,2024-02-25,656,652,14546.55,13023.07,27913.74,3.15,21,0,0,10.4,0.467,-4,Stage 1
7409,term,East,personal,2023-01-07,538,511,9042.39,4029.75,,7.06,66,0,1,24.2,,-27,Stage 2
7410,term,West,home_improvement,2024-08-27,694,666,2112.91,2012.36,,10.55,8,0,0,4.2,,-28,Stage 1
7411,term,East,home_improvement,2022-06-02,725,713,7787.6,3125.34,,8.86,0,0,0,31.5,,-12,Stage 1
7412,term,South,home_improvement,2023-07-24,598,574,26370.36,13787.93,,7.5,36,0,0,17.6,,-24,Stage 2
7413,term,East,home_improvement,2024-07-12,606,596,24129.1,21722.06,,3.69,29,0,0,5.8,,-10,Stage 1
7414,revolving,East,debt_consolidation,2023-01-16,578,547,22670.63,10168.73,16149.62,10.26,49,0,1,23.9,0.63,-31,Stage 2
7415,term,East,auto,2021-10-15,683,679,19974.18,1997.42,,15.79,4,0,0,39.1,,-4,Stage 1
7416,term,South,auto,2022-02-24,659,658,19901.62,2855.74,,6.79,11,0,0,34.7,,-1,Stage 1
7417,term,North,auto,2021-05-20,663,634,27489.04,2748.9,,9.23,10,0,1,44.1,,-29,Stage 1
7418,term,East,home_improvement,2022-12-08,657,640,9939.97,5503.7,,10.05,13,0,0,25.2,,-17,Stage 1
7419,term,West,personal,2022-11-29,621,592,22038.85,6310.22,,7.8,25,0,1,25.5,,-29,Stage 1
7420,revolving,South,home_improvement,2023-09-14,747,756,24030.77,18308.37,35836.3,8.87,0,0,0,15.8,0.511,9,Stage 1
7421,term,West,auto,2022-04-20,696,689,36503.65,10905.67,,5.89,4,0,0,32.9,,-7,Stage 1
7422,term,East,home_improvement,2022-01-24,608,579,29984.04,2998.4,,4.84,32,1,0,35.8,,-29,Stage 2
7423,term,South,personal,2022-05-26,637,607,36826.27,19860.91,,13.51,14,0,0,31.7,,-30,Stage 2
7424,term,East,personal,2022-06-22,627,599,18389.81,7616.37,,8.63,31,0,0,30.8,,-28,Stage 2
7425,term,West,home_improvement,2021-08-01,764,751,35789.82,3578.98,,10.65,0,0,0,41.6,,-13,Stage 1
7426,term,South,auto,2023-06-16,722,707,11764.16,7406.11,,10.32,2,0,0,18.8,,-15,Stage 1
7427,term,North,debt_consolidation,2024-07-12,672,650,3820.09,3374.44,,6.14,11,0,0,5.8,,-22,Stage 1
7428,term,North,auto,2024-09-28,782,786,26920.85,25267.9,,5.08,2,0,0,3.2,,4,Stage 1
7429,term,North,debt_consolidation,2023-11-28,767,756,13012.01,9681.71,,7.15,0,0,0,13.3,,-11,Stage 1
7430,term,East,auto,2021-08-21,666,654,8745.78,874.58,,9.67,12,1,1,41.0,,-12,Stage 2
7431,term,South,home_improvement,2021-09-17,655,630,25779.11,2577.91,,6.52,12,0,0,40.1,,-25,Stage 1
7432,term,West,debt_consolidation,2021-11-04,658,628,15796.97,1776.38,,7.6,9,0,0,38.5,,-30,Stage 2
7433,term,West,auto,2022-02-07,622,597,7347.04,1662.99,,3.0,28,0,0,35.3,,-25,Stage 1
7434,term,East,home_improvement,2023-09-24,784,777,7798.78,6507.46,,8.88,4,0,0,15.5,,-7,Stage 1
7435,term,East,auto,2024-07-08,619,585,11824.44,10044.74,,9.23,19,0,0,5.9,,-34,Stage 2
7436,revolving,West,personal,2023-01-20,732,718,20019.94,10504.68,23735.48,8.99,1,1,0,23.7,0.443,-14,Stage 2
7437,term,South,personal,2024-02-04,721,727,9730.58,6506.56,,5.97,1,0,0,11.1,,6,Stage 1
7438,term,East,auto,2024-06-24,661,640,10936.4,9517.53,,6.04,17,0,0,6.4,,-21,Stage 1
7439,term,South,home_improvement,2021-10-31,788,790,26914.72,2691.47,,5.72,1,0,0,38.6,,2,Stage 1
7440,term,West,auto,2021-12-09,586,552,19177.28,1917.73,,7.73,43,0,0,37.3,,-34,Stage 2
7441,term,South,home_improvement,2023-11-28,675,667,4450.88,3637.01,,6.86,11,0,0,13.3,,-8,Stage 1
7442,term,North,debt_consolidation,2023-05-05,650,618,7816.1,4489.26,,13.23,10,0,0,20.2,,-32,Stage 2
7443,term,West,personal,2023-12-06,737,741,8532.63,5235.98,,14.42,3,0,0,13.1,,4,Stage 1
7444,term,North,debt_consolidation,2024-05-28,701,698,11620.84,10351.0,,11.71,5,0,0,7.3,,-3,Stage 1
7445,term,West,home_improvement,2021-09-13,576,546,16653.76,1665.38,,9.3,41,1,0,40.2,,-30,Stage 2
7446,revolving,North,auto,2021-05-17,754,765,17929.66,1792.97,4972.36,8.05,2,0,0,44.2,0.361,11,Stage 1
7447,term,South,personal,2024-06-08,709,706,13949.46,11446.54,,6.48,2,0,0,6.9,,-3,Stage 1
7448,term,West,home_improvement,2023-03-29,617,617,25568.22,18456.33,,9.2,25,0,0,21.5,,0,Stage 1
7449,term,West,home_improvement,2023-08-31,659,649,10279.84,8152.62,,8.51,15,0,0,16.3,,-10,Stage 1
7450,term,North,personal,2021-02-07,602,566,12105.98,1210.6,,5.9,31,0,1,47.5,,-36,Stage 2
7451,term,South,auto,2024-03-24,669,646,8560.48,6733.26,,6.63,10,0,0,9.4,,-23,Stage 1
7452,term,West,personal,2021-04-15,689,685,25251.87,2525.19,,3.16,6,0,0,45.2,,-4,Stage 1
7453,term,East,auto,2021-09-12,659,626,5606.66,560.67,,5.95,16,0,0,40.2,,-33,Stage 2
7454,term,North,auto,2024-11-28,652,633,10671.51,10514.63,,10.2,17,0,0,1.1,,-19,Stage 1
7455,revolving,West,home_improvement,2022-05-03,583,525,31169.09,3116.91,9071.98,12.1,49,0,0,32.5,0.344,-58,Stage 2
7456,revolving,South,auto,2022-04-03,700,697,12764.7,3786.51,8244.88,10.58,5,0,0,33.5,0.459,-3,Stage 1
7457,term,South,auto,2022-06-12,564,533,1162.44,695.92,,7.49,46,0,0,31.1,,-31,Stage 2
7458,term,South,personal,2022-08-14,681,662,5032.07,2295.08,,4.01,16,0,0,29.0,,-19,Stage 1
7459,term,South,personal,2022-06-09,572,542,22211.35,4723.92,,5.41,35,0,1,31.2,,-30,Stage 2
7460,term,North,auto,2022-01-05,683,661,21379.55,12164.56,,10.32,8,0,0,36.4,,-22,Stage 1
7461,term,West,home_improvement,2021-04-12,679,653,44986.81,4498.68,,10.22,10,1,0,45.3,,-26,Stage 2
7462,term,North,personal,2023-07-05,704,693,3652.47,2677.9,,7.05,8,0,0,18.2,,-11,Stage 1
7463,revolving,North,debt_consolidation,2022-10-26,731,719,30925.5,22658.27,52172.67,7.78,1,0,0,26.6,0.434,-12,Stage 1
7464,term,South,home_improvement,2022-11-21,742,726,35909.51,13834.7,,14.78,0,0,0,25.7,,-16,Stage 1
7465,term,East,personal,2022-08-22,583,574,9358.0,4288.98,,3.71,45,0,1,28.8,,-9,Stage 2
7466,term,South,personal,2022-08-23,676,660,9142.26,5030.16,,9.03,13,0,0,28.7,,-16,Stage 1
7467,revolving,East,debt_consolidation,2022-06-25,800,797,15827.7,5649.17,12580.26,5.36,4,0,0,30.7,0.449,-3,Stage 1
7468,term,North,auto,2022-01-24,687,673,25900.69,12024.58,,5.54,4,0,0,35.8,,-14,Stage 1
7469,term,South,personal,2021-12-29,630,608,3864.72,2430.66,,10.25,18,0,0,36.6,,-22,Stage 1
7470,term,South,debt_consolidation,2023-07-20,675,657,20569.64,13611.03,,14.09,6,0,0,17.7,,-18,Stage 1
7471,revolving,North,debt_consolidation,2022-09-04,656,624,3587.11,1613.42,2634.78,10.85,18,0,0,28.3,0.612,-32,Stage 2
7472,term,South,personal,2024-02-13,609,598,23729.96,20046.43,,13.69,26,1,1,10.8,,-11,Stage 2
7473,revolving,West,home_improvement,2022-12-23,732,716,11801.67,6537.76,10294.29,3.2,2,0,0,24.7,0.635,-16,Stage 1
7474,term,East,personal,2021-12-09,715,721,4653.76,465.38,,10.47,3,0,0,37.3,,6,Stage 1
7475,term,East,debt_consolidation,2024-01-03,599,562,11269.33,7344.17,,11.72,34,0,1,12.1,,-37,Stage 2
7476,term,East,personal,2021-05-15,674,668,2611.76,261.18,,8.27,15,0,0,44.2,,-6,Stage 1
7477,term,South,home_improvement,2023-07-29,646,637,7501.96,5181.74,,11.49,18,0,0,17.4,,-9,Stage 1
7478,term,West,auto,2023-09-05,583,556,17117.26,12218.87,,16.74,48,0,1,16.1,,-27,Stage 2
7479,revolving,South,auto,2022-01-15,595,551,41234.91,23489.8,51795.69,9.45,36,0,0,36.1,0.454,-44,Stage 2
7480,term,East,personal,2024-02-23,604,580,10647.63,9272.86,,7.82,30,0,1,10.4,,-24,Stage 2
7481,term,South,personal,2021-02-07,676,674,17973.38,1797.34,,12.41,10,0,0,47.5,,-2,Stage 1
7482,term,East,debt_consolidation,2023-02-20,652,620,18621.6,6458.19,,12.33,14,0,0,22.7,,-32,Stage 2
7483,term,North,home_improvement,2021-11-06,622,596,6741.97,1170.16,,8.19,38,0,0,38.4,,-26,Stage 2
7484,term,East,debt_consolidation,2021-04-16,656,629,16428.45,5738.71,,7.34,14,0,0,45.2,,-27,Stage 1
7485,term,North,debt_consolidation,2022-07-10,724,720,1000.0,317.04,,12.32,2,0,0,30.2,,-4,Stage 1
7486,term,North,auto,2024-06-02,701,705,1382.54,1168.17,,7.69,4,0,0,7.1,,4,Stage 1
7487,term,North,debt_consolidation,2024-06-19,740,733,7473.75,6139.81,,8.84,2,0,0,6.5,,-7,Stage 1
7488,revolving,East,debt_consolidation,2022-02-01,666,642,4236.25,1367.9,2527.44,9.91,7,0,0,35.5,0.541,-24,Stage 1
7489,term,West,auto,2021-06-02,776,793,19756.16,7972.3,,8.44,1,0,0,43.6,,17,Stage 1
7490,revolving,East,auto,2022-06-20,700,690,21994.64,9838.41,22284.45,9.06,3,0,0,30.9,0.441,-10,Stage 1
7491,term,South,home_improvement,2023-09-23,650,631,2038.21,1517.02,,6.52,10,0,0,15.5,,-19,Stage 1
7492,term,South,home_improvement,2023-08-24,685,669,9293.33,7307.79,,10.69,6,0,0,16.5,,-16,Stage 1
7493,term,West,home_improvement,2024-11-26,605,569,4487.02,4427.24,,7.78,30,0,0,1.2,,-36,Stage 2
7494,term,West,personal,2024-03-15,661,651,35643.73,30276.02,,13.6,15,0,1,9.7,,-10,Stage 1
7495,revolving,West,auto,2024-04-29,705,703,8182.66,7018.88,12862.11,9.35,4,0,1,8.2,0.546,-2,Stage 1
7496,term,North,personal,2023-06-12,716,703,7344.54,3361.73,,12.09,4,0,0,19.0,,-13,Stage 1
7497,term,West,personal,2022-08-06,655,644,6086.93,3253.14,,10.89,9,0,0,29.3,,-11,Stage 1
7498,revolving,West,home_improvement,2021-07-20,844,830,8579.66,857.97,1382.66,12.36,13,0,0,42.0,0.621,-14,Stage 1
7499,term,West,auto,2021-01-12,669,650,41831.05,4183.1,,7.66,16,0,1,48.3,,-19,Stage 1
7500,term,East,personal,2023-12-12,579,544,4515.39,3421.6,,5.45,41,0,0,12.9,,-35,Stage 2
7501,term,South,debt_consolidation,2023-02-07,752,749,4360.98,2282.71,,6.31,1,0,0,23.1,,-3,Stage 1
7502,revolving,South,debt_consolidation,2024-08-18,716,695,1997.04,1820.57,3251.97,6.08,2,0,0,4.5,0.56,-21,Stage 1
7503,term,West,auto,2024-08-16,693,663,39729.83,35907.38,,6.55,7,0,0,4.6,,-30,Stage 2
7504,term,South,personal,2023-07-09,652,631,6613.71,4205.94,,5.48,14,1,0,18.1,,-21,Stage 2
7505,term,East,home_improvement,2022-06-05,703,690,8506.14,3427.82,,8.65,4,0,0,31.4,,-13,Stage 1
7506,revolving,South,personal,2024-03-09,777,787,16285.91,12058.96,33989.44,11.24,0,0,0,9.9,0.355,10,Stage 1
7507,term,North,debt_consolidation,2021-04-10,692,684,1236.48,123.65,,5.12,4,0,0,45.4,,-8,Stage 1
7508,term,East,debt_consolidation,2024-03-06,591,571,12475.21,10261.68,,6.98,36,0,0,10.0,,-20,Stage 2
7509,term,South,home_improvement,2023-05-21,472,410,10562.09,6125.17,,12.07,117,0,1,19.7,,-62,Stage 3
7510,revolving,South,auto,2022-01-01,703,702,18687.78,8169.17,15976.9,4.36,0,0,0,36.5,0.511,-1,Stage 1
7511,revolving,East,personal,2022-10-19,620,607,11102.54,8109.28,20804.22,9.0,25,0,0,26.8,0.39,-13,Stage 1
7512,revolving,South,debt_consolidation,2021-06-10,674,663,19285.62,1928.56,4389.31,10.77,14,0,0,43.4,0.439,-11,Stage 1
7513,term,South,personal,2023-01-31,631,583,25198.14,10448.97,,15.26,22,0,0,23.4,,-48,Stage 2
7514,term,West,home_improvement,2021-06-24,627,606,6333.73,3455.42,,3.0,34,0,0,42.9,,-21,Stage 2
7515,term,North,home_improvement,2024-01-17,634,607,31453.25,27061.32,,5.05,24,0,0,11.7,,-27,Stage 1
7516,revolving,East,auto,2024-11-23,639,615,16278.2,15728.43,34505.45,9.88,16,0,0,1.3,0.456,-24,Stage 1
7517,term,West,home_improvement,2022-06-29,726,710,1858.61,464.52,,7.88,1,1,0,30.6,,-16,Stage 2
7518,term,South,auto,2022-04-22,714,707,39105.63,19118.66,,3.0,0,0,0,32.8,,-7,Stage 1
7519,revolving,East,personal,2021-10-10,607,570,11451.78,5700.08,11020.89,7.66,36,0,1,39.3,0.517,-37,Stage 2
7520,term,East,debt_consolidation,2023-08-15,615,593,23878.25,18663.95,,6.28,27,0,1,16.8,,-22,Stage 1
7521,term,North,debt_consolidation,2022-03-28,702,703,19046.66,2306.73,,4.05,4,0,0,33.7,,1,Stage 1
7522,term,North,auto,2021-03-23,743,731,4002.36,400.24,,7.86,0,0,0,46.0,,-12,Stage 1
7523,term,East,debt_consolidation,2024-05-21,742,731,6937.21,5794.69,,5.02,0,0,0,7.5,,-11,Stage 1
7524,revolving,North,auto,2023-03-27,619,583,11055.93,7263.55,17830.57,6.4,34,0,0,21.5,0.407,-36,Stage 2
7525,term,North,auto,2022-06-04,739,740,23821.88,2382.19,,12.9,0,0,0,31.4,,1,Stage 1
7526,term,South,personal,2021-05-14,573,535,14462.47,4035.22,,14.59,52,0,0,44.3,,-38,Stage 2
7527,term,North,personal,2022-03-23,667,644,11126.11,2122.58,,6.29,11,0,0,33.8,,-23,Stage 1
7528,term,North,home_improvement,2021-04-28,709,706,14320.67,1432.07,,9.35,2,0,0,44.8,,-3,Stage 1
7529,term,West,auto,2024-06-20,555,528,1000.0,840.01,,10.87,61,0,0,6.5,,-27,Stage 2
7530,term,South,personal,2023-01-19,805,790,10467.06,3418.7,,6.46,6,0,0,23.8,,-15,Stage 1
7531,term,South,auto,2024-03-19,759,760,10876.44,9317.69,,6.09,3,0,0,9.6,,1,Stage 1
7532,term,East,auto,2022-10-08,718,706,10395.84,5625.97,,10.91,2,0,0,27.2,,-12,Stage 1
7533,term,North,auto,2022-01-14,622,598,37145.67,5577.25,,8.31,30,0,0,36.1,,-24,Stage 2
7534,term,West,personal,2022-08-31,675,674,57007.09,24904.39,,8.35,11,0,0,28.5,,-1,Stage 1
7535,revolving,West,auto,2023-08-24,727,727,3800.44,2941.81,7427.87,5.49,3,0,0,16.5,0.396,0,Stage 1
7536,revolving,South,auto,2022-06-09,612,600,6777.63,1474.57,2716.87,5.93,31,0,0,31.2,0.543,-12,Stage 2
7537,revolving,North,home_improvement,2024-02-15,669,643,30571.92,25059.94,46109.53,9.19,9,0,1,10.7,0.543,-26,Stage 1
7538,term,West,auto,2022-07-30,734,741,18658.58,3239.8,,7.69,2,0,0,29.5,,7,Stage 1
7539,term,East,home_improvement,2023-07-26,590,555,21610.2,12272.24,,9.28,39,0,0,17.5,,-35,Stage 2
7540,term,North,auto,2022-10-24,699,680,8998.17,4990.22,,11.82,5,0,0,26.7,,-19,Stage 1
7541,term,North,home_improvement,2024-09-02,574,544,13283.01,12225.85,,9.45,50,0,0,4.0,,-30,Stage 2
7542,term,North,personal,2023-05-26,623,606,17136.66,7498.91,,7.05,29,0,1,19.5,,-17,Stage 1
7543,term,West,personal,2021-01-12,649,643,55918.23,5591.82,,11.72,23,0,0,48.3,,-6,Stage 1
7544,revolving,South,debt_consolidation,2024-01-19,710,699,20586.22,14591.35,34913.5,8.9,4,0,0,11.6,0.418,-11,Stage 1
7545,term,South,auto,2022-01-23,637,634,27448.09,2744.81,,12.93,21,0,0,35.8,,-3,Stage 1
7546,term,East,debt_consolidation,2021-03-24,687,694,11602.96,1160.3,,6.87,3,0,0,46.0,,7,Stage 1
7547,revolving,West,debt_consolidation,2023-09-03,638,606,21654.48,17855.31,48913.65,8.65,13,0,0,16.2,0.365,-32,Stage 2
7548,term,North,home_improvement,2022-01-31,648,642,25153.87,11633.01,,7.98,15,0,0,35.5,,-6,Stage 1
7549,revolving,East,personal,2022-06-29,755,751,18248.4,9557.21,28091.84,9.31,4,0,0,30.6,0.34,-4,Stage 1
7550,revolving,East,auto,2022-10-23,610,596,2727.98,1230.76,2533.6,9.69,30,0,0,26.7,0.486,-14,Stage 2
7551,revolving,South,auto,2022-10-02,725,705,5779.26,3051.2,8330.38,8.98,2,1,0,27.4,0.366,-20,Stage 2
7552,term,North,home_improvement,2021-04-10,679,676,12167.84,1216.78,,11.42,7,0,1,45.4,,-3,Stage 1
7553,term,North,debt_consolidation,2022-04-02,645,620,16621.51,1662.15,,10.23,26,0,1,33.5,,-25,Stage 1
7554,term,West,home_improvement,2023-05-24,606,592,20559.65,10570.81,,16.33,39,0,0,19.6,,-14,Stage 2
7555,term,West,debt_consolidation,2021-11-24,611,587,4306.18,2661.86,,16.81,31,1,0,37.8,,-24,Stage 2
7556,term,West,auto,2022-12-25,635,613,10148.72,2921.32,,6.89,18,1,0,24.6,,-22,Stage 2
7557,term,East,home_improvement,2021-03-15,670,654,16263.14,5965.11,,7.42,13,0,0,46.3,,-16,Stage 1
7558,term,North,debt_consolidation,2024-01-25,716,713,19798.56,15947.53,,5.14,2,0,0,11.4,,-3,Stage 1
7559,term,South,home_improvement,2021-04-02,661,644,16237.47,7830.84,,13.84,10,0,0,45.7,,-17,Stage 1
7560,revolving,East,personal,2021-11-26,666,655,6981.72,3428.44,5487.57,7.68,18,0,0,37.7,0.625,-11,Stage 1
7561,revolving,East,home_improvement,2021-06-24,674,658,4317.38,431.74,1261.08,9.76,10,0,1,42.9,0.342,-16,Stage 1
7562,term,South,auto,2021-11-11,708,685,14143.28,2314.07,,5.38,4,0,0,38.2,,-23,Stage 1
7563,term,South,home_improvement,2022-05-12,718,711,49017.04,25878.42,,9.36,2,0,0,32.2,,-7,Stage 1
7564,revolving,West,auto,2024-07-16,596,574,9135.16,8427.8,18839.56,3.7,35,0,0,5.6,0.447,-22,Stage 2
7565,term,South,auto,2022-03-04,663,632,17204.34,1720.43,,12.58,10,0,0,34.5,,-31,Stage 2
7566,revolving,South,home_improvement,2021-02-04,753,745,5083.23,2059.08,3628.5,14.5,0,0,0,47.6,0.567,-8,Stage 1
7567,revolving,South,home_improvement,2021-04-29,601,583,10736.46,2583.41,6907.61,11.1,31,0,0,44.8,0.374,-18,Stage 2
7568,term,South,home_improvement,2024-10-26,684,671,24215.63,23248.52,,6.15,2,0,0,2.2,,-13,Stage 1
7569,revolving,West,personal,2023-07-14,669,657,7984.5,6342.3,15968.09,10.66,11,0,0,17.9,0.397,-12,Stage 1
7570,term,East,personal,2024-08-25,645,621,11410.23,10514.81,,9.59,19,0,0,4.3,,-24,Stage 1
7571,term,North,debt_consolidation,2024-10-12,775,766,5337.47,4967.2,,13.17,0,0,0,2.7,,-9,Stage 1
7572,term,North,home_improvement,2024-10-31,682,671,25690.75,24330.42,,11.54,6,0,0,2.1,,-11,Stage 1
7573,term,East,debt_consolidation,2023-04-08,770,737,17929.1,12691.71,,5.78,0,0,0,21.1,,-33,Stage 2
7574,revolving,North,debt_consolidation,2024-02-03,680,670,12686.48,9142.68,25429.55,12.49,12,0,0,11.1,0.36,-10,Stage 1
7575,term,North,auto,2022-01-25,707,706,4993.49,2228.47,,8.76,7,0,0,35.7,,-1,Stage 1
7576,term,East,debt_consolidation,2021-06-25,645,633,5801.03,580.1,,12.95,14,0,0,42.9,,-12,Stage 1
7577,term,North,home_improvement,2021-04-16,646,627,3908.36,390.84,,4.3,14,0,0,45.2,,-19,Stage 1
7578,revolving,North,personal,2022-08-15,704,703,10171.34,2267.15,4177.86,10.58,1,0,0,29.0,0.543,-1,Stage 1
7579,revolving,East,debt_consolidation,2024-04-01,705,704,3872.56,2816.19,8112.67,8.12,4,0,0,9.2,0.347,-1,Stage 1
7580,revolving,North,debt_consolidation,2023-07-03,715,690,12511.94,9785.91,18865.6,9.29,4,0,0,18.3,0.519,-25,Stage 1
7581,term,South,personal,2024-07-14,702,686,21805.98,19927.94,,6.96,8,0,0,5.7,,-16,Stage 1
7582,term,East,debt_consolidation,2024-07-26,599,574,11219.51,9887.2,,10.5,35,0,0,5.3,,-25,Stage 2
7583,term,West,home_improvement,2024-08-19,631,611,6354.87,5757.42,,6.19,22,1,0,4.5,,-20,Stage 2
7584,term,North,debt_consolidation,2023-08-13,730,727,15097.83,8291.38,,4.3,2,0,0,16.9,,-3,Stage 1
7585,term,West,auto,2023-08-11,562,537,2108.84,1678.43,,6.75,61,1,0,17.0,,-25,Stage 2
7586,term,North,debt_consolidation,2023-05-11,697,686,5760.54,3479.86,,6.78,6,0,0,20.0,,-11,Stage 1
7587,term,South,auto,2021-05-07,673,664,13361.61,3261.93,,8.06,3,0,0,44.5,,-9,Stage 1
7588,revolving,East,personal,2024-06-23,730,720,5165.19,4786.28,9306.17,11.14,0,0,0,6.4,0.514,-10,Stage 1
7589,term,West,personal,2023-04-04,704,706,14240.01,6694.96,,6.2,6,0,0,21.3,,2,Stage 1
7590,term,East,debt_consolidation,2021-08-22,640,638,12241.34,2521.71,,11.37,19,0,0,40.9,,-2,Stage 1
7591,term,West,debt_consolidation,2022-10-29,637,629,37691.86,26342.29,,10.74,21,0,0,26.5,,-8,Stage 1
7592,revolving,North,personal,2023-07-20,648,636,10045.01,8238.69,14712.95,12.02,14,0,0,17.7,0.56,-12,Stage 1
7593,revolving,South,auto,2021-05-17,714,707,35765.15,19221.49,34152.76,7.9,1,0,0,44.2,0.563,-7,Stage 1
7594,revolving,West,personal,2022-07-10,541,507,12592.04,5794.2,15973.18,13.68,62,1,1,30.2,0.363,-34,Stage 2
7595,term,West,personal,2023-01-29,689,682,4542.29,1548.71,,8.11,9,0,0,23.4,,-7,Stage 1
7596,revolving,South,auto,2024-03-18,627,608,9558.86,8172.09,18420.75,11.69,29,0,0,9.6,0.444,-19,Stage 1
7597,term,South,personal,2021-02-25,691,689,23396.19,9511.02,,14.02,12,0,0,46.9,,-2,Stage 1
7598,term,South,debt_consolidation,2021-12-22,700,683,20512.19,4166.16,,12.62,2,1,0,36.9,,-17,Stage 2
7599,revolving,South,debt_consolidation,2024-07-04,580,563,17167.52,15151.48,36553.02,8.65,47,0,0,6.0,0.415,-17,Stage 2
7600,term,South,personal,2023-07-12,666,653,42161.44,23854.73,,5.67,10,0,0,18.0,,-13,Stage 1
7601,term,East,debt_consolidation,2023-03-24,689,681,20834.87,12980.85,,6.13,6,0,0,21.6,,-8,Stage 1
7602,term,North,home_improvement,2023-12-23,685,668,7122.76,5808.37,,6.03,9,0,0,12.5,,-17,Stage 1
7603,term,North,personal,2023-12-23,672,656,3630.72,2496.74,,6.94,5,1,0,12.5,,-16,Stage 2
7604,revolving,West,home_improvement,2023-03-17,606,589,18366.05,10384.85,27116.65,8.9,38,0,0,21.9,0.383,-17,Stage 2
7605,term,South,personal,2023-11-19,615,606,22333.33,14234.08,,10.93,29,0,1,13.6,,-9,Stage 1
7606,term,East,personal,2022-08-23,597,552,5589.73,3868.62,,11.34,33,1,1,28.7,,-45,Stage 2
7607,term,East,home_improvement,2022-07-22,713,702,20582.63,13159.6,,11.88,3,0,0,29.8,,-11,Stage 1
7608,term,West,personal,2024-08-16,673,643,19160.25,17599.94,,11.7,6,0,0,4.6,,-30,Stage 2
7609,term,South,debt_consolidation,2022-12-06,676,658,8170.11,4753.59,,8.63,8,0,0,25.2,,-18,Stage 1
7610,term,North,home_improvement,2022-09-04,577,556,21181.6,14606.09,,10.95,44,0,1,28.3,,-21,Stage 2
7611,term,South,personal,2024-05-23,677,669,11053.37,9786.31,,8.2,8,0,0,7.4,,-8,Stage 1
7612,term,East,debt_consolidation,2021-05-21,718,722,10220.06,1393.89,,9.91,5,0,0,44.0,,4,Stage 1
7613,revolving,South,home_improvement,2022-07-15,569,542,40168.31,11023.22,19576.79,8.32,49,0,1,30.0,0.563,-27,Stage 2
7614,term,North,home_improvement,2022-05-14,647,611,7488.88,3911.16,,8.93,12,0,0,32.1,,-36,Stage 2
7615,term,North,debt_consolidation,2022-09-19,585,559,9408.05,2564.7,,7.97,47,1,0,27.8,,-26,Stage 2
7616,term,West,personal,2022-05-17,654,647,8135.04,1097.53,,3.66,17,1,0,32.0,,-7,Stage 2
7617,term,East,personal,2023-01-11,625,613,31818.69,20218.54,,8.19,22,0,1,24.0,,-12,Stage 1
7618,revolving,South,home_improvement,2023-02-03,702,697,11391.88,6603.06,19485.11,10.81,5,0,0,23.3,0.339,-5,Stage 1
7619,revolving,South,auto,2024-04-29,690,674,33701.81,25568.75,69486.08,11.85,4,0,0,8.2,0.368,-16,Stage 1
7620,term,West,personal,2022-11-06,757,766,16980.44,7111.33,,10.47,0,0,0,26.2,,9,Stage 1
7621,revolving,West,personal,2021-02-18,676,662,4837.01,624.37,1290.26,6.13,10,0,0,47.1,0.484,-14,Stage 1
7622,term,West,debt_consolidation,2024-10-18,700,674,12533.68,11803.02,,7.49,4,0,0,2.5,,-26,Stage 1
7623,term,East,auto,2022-09-19,646,621,27965.32,14034.55,,4.19,26,0,0,27.8,,-25,Stage 1
7624,term,South,auto,2022-11-11,613,593,13714.29,3049.69,,11.04,26,0,1,26.1,,-20,Stage 1
7625,term,West,home_improvement,2021-10-04,730,711,2134.93,1239.3,,6.32,0,0,0,39.5,,-19,Stage 1
7626,term,East,debt_consolidation,2021-02-16,754,743,6738.92,2685.77,,10.12,1,1,0,47.2,,-11,Stage 2
7627,revolving,South,debt_consolidation,2023-07-15,722,704,31927.05,17402.65,49039.18,10.35,4,0,0,17.9,0.355,-18,Stage 1
7628,term,North,personal,2021-08-04,687,677,12198.43,1219.84,,6.33,6,0,1,41.5,,-10,Stage 1
7629,revolving,West,home_improvement,2021-08-18,621,592,9099.78,1365.96,2579.46,9.81,25,0,0,41.1,0.53,-29,Stage 1
7630,revolving,East,personal,2021-11-19,748,749,16766.74,6649.57,17068.02,14.43,1,0,0,38.0,0.39,1,Stage 1
7631,term,South,auto,2024-12-15,714,704,27108.08,26452.41,,7.95,5,0,0,0.6,,-10,Stage 1
7632,term,South,debt_consolidation,2021-08-13,801,781,19546.68,8579.6,,12.25,4,0,0,41.2,,-20,Stage 1
7633,term,West,home_improvement,2024-08-03,610,585,16867.41,15613.2,,9.8,33,0,1,5.0,,-25,Stage 2
7634,revolving,West,personal,2021-02-15,731,714,23468.3,2346.83,6107.66,9.92,2,0,0,47.2,0.384,-17,Stage 1
7635,term,South,personal,2023-11-04,712,707,5132.94,3398.59,,8.73,1,0,0,14.1,,-5,Stage 1
7636,term,East,auto,2022-09-25,659,637,7213.34,3056.72,,11.8,13,1,0,27.6,,-22,Stage 2
7637,term,North,debt_consolidation,2022-01-10,761,767,41241.19,21163.32,,8.53,1,0,0,36.2,,6,Stage 1
7638,term,South,auto,2022-12-04,704,705,12286.34,3940.88,,10.8,3,0,0,25.3,,1,Stage 1
7639,term,East,personal,2023-09-14,623,593,4619.39,3783.04,,11.8,32,0,0,15.8,,-30,Stage 2
7640,term,West,debt_consolidation,2021-11-29,672,666,5352.16,687.79,,12.05,21,0,0,37.6,,-6,Stage 1
7641,term,South,debt_consolidation,2021-06-15,623,592,22815.66,2281.57,,10.69,26,0,0,43.2,,-31,Stage 2
7642,term,West,auto,2022-05-22,651,631,10768.54,5350.71,,11.28,23,0,0,31.8,,-20,Stage 1
7643,term,North,debt_consolidation,2021-04-27,722,711,13341.23,1334.12,,9.09,5,0,0,44.8,,-11,Stage 1
7644,term,West,auto,2023-08-01,739,727,13533.58,11068.24,,7.73,1,0,0,17.3,,-12,Stage 1
7645,term,North,debt_consolidation,2022-09-28,693,684,7952.91,1672.53,,9.99,4,0,0,27.5,,-9,Stage 1
7646,term,West,debt_consolidation,2024-08-20,634,625,19165.08,17657.76,,10.02,21,0,0,4.5,,-9,Stage 1
7647,term,West,home_improvement,2022-04-02,702,695,29186.25,3009.23,,10.0,3,0,0,33.5,,-7,Stage 1
7648,term,North,debt_consolidation,2023-05-19,723,713,1000.0,676.31,,12.34,2,1,0,19.8,,-10,Stage 2
7649,term,West,personal,2024-07-18,561,517,14309.99,12387.18,,9.1,58,0,0,5.6,,-44,Stage 2
7650,term,East,home_improvement,2021-08-04,686,647,31717.34,3578.83,,4.94,1,0,0,41.5,,-39,Stage 2
7651,term,West,auto,2021-04-23,668,648,2398.56,352.25,,3.0,15,0,0,45.0,,-20,Stage 1
7652,term,South,personal,2023-11-06,737,713,11719.27,6801.28,,9.56,1,0,0,14.1,,-24,Stage 1
7653,term,West,auto,2021-08-04,703,680,12071.86,1207.19,,12.08,4,0,0,41.5,,-23,Stage 1
7654,revolving,East,auto,2022-03-03,709,700,30634.35,17329.36,45671.87,8.37,2,0,0,34.5,0.379,-9,Stage 1
7655,revolving,South,personal,2024-03-04,651,621,4454.8,3126.57,6276.87,14.64,12,0,0,10.1,0.498,-30,Stage 2
7656,revolving,East,auto,2023-12-03,680,658,40163.55,29912.79,71935.45,9.49,3,0,0,13.2,0.416,-22,Stage 1
7657,revolving,South,home_improvement,2023-02-03,736,731,25450.44,11985.96,25148.12,16.21,1,0,0,23.3,0.477,-5,Stage 1
7658,term,West,personal,2021-10-11,676,663,2682.86,1380.24,,8.74,8,0,0,39.3,,-13,Stage 1
7659,term,East,auto,2023-04-14,690,673,51261.35,19339.26,,13.75,9,0,0,20.9,,-17,Stage 1
7660,term,West,auto,2024-01-27,587,544,20997.9,16350.9,,7.78,46,1,0,11.3,,-43,Stage 2
7661,term,South,debt_consolidation,2023-12-20,675,655,9299.95,7049.05,,12.22,9,0,0,12.6,,-20,Stage 1
7662,term,East,debt_consolidation,2021-08-18,559,529,4185.94,1437.28,,10.8,59,0,0,41.1,,-30,Stage 2
7663,revolving,North,auto,2022-01-20,649,630,24492.44,8898.64,17173.83,10.08,12,0,0,35.9,0.518,-19,Stage 1
7664,term,East,personal,2021-06-08,683,679,27043.56,2704.36,,10.06,6,1,0,43.4,,-4,Stage 2
7665,term,West,home_improvement,2023-04-04,726,712,7217.53,5396.42,,13.29,2,0,0,21.3,,-14,Stage 1
7666,term,North,auto,2022-04-16,620,583,2887.28,1402.5,,8.52,22,0,0,33.0,,-37,Stage 2
7667,term,North,auto,2021-07-27,702,687,26936.69,7955.94,,9.38,3,0,0,41.8,,-15,Stage 1
7668,term,South,auto,2021-06-23,768,761,13391.05,4754.43,,17.25,3,0,0,42.9,,-7,Stage 1
7669,revolving,North,debt_consolidation,2024-01-10,641,622,10344.69,8587.54,21517.82,10.68,18,0,0,11.9,0.399,-19,Stage 1
7670,term,North,personal,2023-11-08,587,573,28011.42,16255.68,,12.76,32,0,1,14.0,,-14,Stage 2
7671,revolving,South,auto,2023-10-14,697,673,11723.6,7145.93,16013.35,8.32,5,0,0,14.8,0.446,-24,Stage 1
7672,term,East,debt_consolidation,2022-12-09,608,587,9377.1,5992.38,,7.45,24,0,0,25.1,,-21,Stage 1
7673,revolving,West,auto,2024-08-07,630,613,12958.24,11185.57,32723.81,11.37,28,0,0,4.9,0.342,-17,Stage 1
7674,term,East,auto,2024-10-15,735,725,1000.0,953.5,,9.72,4,0,0,2.6,,-10,Stage 1
7675,term,North,personal,2024-07-26,792,793,13266.54,12451.39,,8.46,7,0,0,5.3,,1,Stage 1
7676,term,West,debt_consolidation,2023-09-02,619,596,35289.81,22742.35,,3.99,16,0,0,16.2,,-23,Stage 1
7677,revolving,East,home_improvement,2022-02-01,635,615,14713.6,3944.61,6481.05,3.69,22,0,0,35.5,0.609,-20,Stage 1
7678,revolving,West,personal,2023-09-01,653,656,10864.26,7478.61,21140.14,3.23,15,0,0,16.3,0.354,3,Stage 1
7679,term,North,home_improvement,2023-02-05,647,633,28486.79,19473.85,,10.07,14,0,0,23.2,,-14,Stage 1
7680,term,East,debt_consolidation,2024-03-11,795,786,18357.9,13790.57,,5.83,2,0,0,9.9,,-9,Stage 1
7681,revolving,West,debt_consolidation,2022-11-08,648,630,24563.86,11467.49,19194.42,3.82,26,1,0,26.2,0.597,-18,Stage 2
7682,term,West,home_improvement,2022-06-01,656,663,12392.88,2077.74,,6.4,19,0,0,31.5,,7,Stage 1
7683,term,East,debt_consolidation,2024-06-28,776,772,4918.19,4493.89,,3.29,1,0,0,6.2,,-4,Stage 1
7684,term,East,personal,2022-10-24,714,673,15003.34,3194.38,,7.18,4,0,0,26.7,,-41,Stage 2
7685,term,North,auto,2024-06-14,739,725,30296.6,25532.25,,7.03,1,0,0,6.7,,-14,Stage 1
7686,revolving,South,home_improvement,2024-03-01,625,601,26232.96,20938.96,54013.17,10.52,18,0,1,10.2,0.388,-24,Stage 1
7687,revolving,West,auto,2021-11-02,648,627,2431.82,243.18,704.91,9.49,16,0,0,38.5,0.345,-21,Stage 1
7688,term,East,home_improvement,2021-12-24,617,609,22202.52,4272.5,,7.56,30,0,1,36.8,,-8,Stage 2
7689,term,East,auto,2024-08-01,728,724,16858.45,15270.37,,10.98,1,0,0,5.1,,-4,Stage 1
7690,revolving,East,auto,2024-08-09,753,743,12038.83,10552.36,24989.91,5.28,1,0,0,4.8,0.422,-10,Stage 1
7691,term,West,personal,2024-04-01,644,628,3917.13,3316.4,,7.57,18,0,0,9.2,,-16,Stage 1
7692,revolving,North,auto,2022-02-23,658,638,24177.52,15341.72,33456.77,6.64,8,0,0,34.8,0.459,-20,Stage 1
7693,term,South,home_improvement,2022-10-04,660,640,9481.61,2785.32,,8.83,11,0,0,27.3,,-20,Stage 1
7694,term,West,auto,2022-05-22,587,574,3849.57,1890.26,,3.0,47,0,0,31.8,,-13,Stage 2
7695,revolving,North,debt_consolidation,2024-10-17,639,635,12972.0,12242.77,21218.92,15.85,21,0,0,2.5,0.577,-4,Stage 1
7696,term,West,auto,2021-11-08,726,723,3228.92,322.89,,10.06,2,0,0,38.3,,-3,Stage 1
7697,term,West,auto,2022-12-05,627,599,13191.48,8128.34,,10.16,32,0,0,25.3,,-28,Stage 2
7698,term,East,debt_consolidation,2021-09-02,685,687,6758.97,675.9,,3.0,13,1,0,40.6,,2,Stage 2
7699,term,North,debt_consolidation,2022-04-22,601,580,31398.21,17378.21,,9.66,30,0,0,32.8,,-21,Stage 2
7700,term,East,home_improvement,2022-09-07,671,657,12442.5,7177.34,,8.33,11,0,0,28.2,,-14,Stage 1
7701,revolving,East,debt_consolidation,2022-03-12,646,620,19554.67,5379.26,14522.28,12.35,15,0,0,34.2,0.37,-26,Stage 1
7702,revolving,North,debt_consolidation,2021-09-07,606,580,30281.06,4994.22,10555.5,8.13,25,1,0,40.4,0.473,-26,Stage 2
7703,term,East,home_improvement,2023-11-12,727,741,15626.51,9637.07,,7.94,2,0,0,13.9,,14,Stage 1
7704,term,East,home_improvement,2022-04-22,730,703,20140.49,10388.5,,8.83,0,1,0,32.8,,-27,Stage 2
7705,term,South,auto,2022-05-26,621,627,63745.94,6374.59,,13.15,34,0,1,31.7,,6,Stage 2
7706,term,North,personal,2024-09-21,667,667,22807.17,21128.91,,4.28,9,0,0,3.4,,0,Stage 1
7707,term,North,home_improvement,2023-02-13,682,682,20157.12,9718.84,,3.78,5,0,0,22.9,,0,Stage 1
7708,revolving,East,debt_consolidation,2024-09-27,571,546,4362.68,4219.27,8607.86,3.0,50,0,0,3.2,0.49,-25,Stage 2
7709,term,East,auto,2024-09-23,596,565,14226.07,12806.98,,12.24,36,0,0,3.3,,-31,Stage 2
7710,revolving,North,debt_consolidation,2023-07-13,757,747,52173.07,36318.13,92474.94,11.89,1,0,0,17.9,0.393,-10,Stage 1
7711,term,North,home_improvement,2023-12-02,616,580,19587.0,14496.18,,5.38,31,0,0,13.2,,-36,Stage 2
7712,term,West,personal,2021-03-15,755,747,16440.29,8169.59,,4.73,2,0,0,46.3,,-8,Stage 1
7713,term,North,auto,2023-03-20,599,571,11957.98,6890.5,,11.88,40,0,0,21.8,,-28,Stage 2
7714,term,West,home_improvement,2023-04-11,719,714,7145.88,5371.56,,4.66,1,0,0,21.0,,-5,Stage 1
7715,term,East,home_improvement,2023-11-12,661,631,6142.84,3644.93,,8.14,11,0,0,13.9,,-30,Stage 2
7716,revolving,South,debt_consolidation,2021-08-08,669,643,14221.08,1422.11,3134.94,7.35,15,0,0,41.4,0.454,-26,Stage 1
7717,term,South,personal,2021-03-20,791,778,19463.23,1946.32,,18.76,3,0,0,46.1,,-13,Stage 1
7718,revolving,West,home_improvement,2021-08-23,604,582,6583.84,988.74,1854.73,8.51,26,1,0,40.9,0.533,-22,Stage 2
7719,term,East,debt_consolidation,2021-06-06,715,712,6367.99,636.8,,12.82,4,0,0,43.5,,-3,Stage 1
7720,revolving,East,auto,2021-11-23,713,716,2844.65,1395.02,2462.91,10.38,3,0,0,37.8,0.566,3,Stage 1
7721,term,East,debt_consolidation,2024-02-12,850,850,19849.96,17203.05,,7.58,17,0,0,10.8,,0,Stage 1
7722,revolving,North,auto,2022-10-04,615,589,17120.81,12266.89,29088.8,7.26,22,0,0,27.3,0.422,-26,Stage 1
7723,term,East,debt_consolidation,2022-09-13,642,613,22334.34,9803.95,,9.23,7,0,0,28.0,,-29,Stage 1
7724,revolving,North,personal,2023-09-12,728,711,3418.59,2127.76,4633.72,9.26,1,0,0,15.9,0.459,-17,Stage 1
7725,revolving,West,debt_consolidation,2024-07-22,667,655,5996.51,5460.02,11745.26,7.48,11,0,0,5.4,0.465,-12,Stage 1
7726,term,South,personal,2024-11-05,652,660,1000.0,980.1,,10.67,15,1,0,1.9,,8,Stage 2
7727,term,West,personal,2023-11-10,737,724,5428.39,4570.85,,9.11,0,1,0,13.9,,-13,Stage 2
7728,term,East,auto,2024-05-17,664,630,6275.85,5647.23,,6.9,13,0,0,7.6,,-34,Stage 2
7729,revolving,East,debt_consolidation,2022-08-29,626,623,23860.66,10940.6,29302.94,7.92,18,0,0,28.5,0.373,-3,Stage 1
7730,term,West,debt_consolidation,2023-05-14,723,697,25409.58,15983.82,,10.53,7,1,0,19.9,,-26,Stage 2
7731,term,North,debt_consolidation,2023-01-19,702,687,9843.81,6865.74,,5.82,6,0,0,23.8,,-15,Stage 1
7732,term,North,personal,2024-03-29,661,644,56757.88,42947.2,,5.82,16,0,0,9.3,,-17,Stage 1
7733,term,North,home_improvement,2023-07-04,658,650,28147.92,16373.41,,5.16,12,0,0,18.2,,-8,Stage 1
7734,revolving,South,debt_consolidation,2023-06-18,625,617,12345.99,7878.77,17347.17,7.92,22,0,1,18.8,0.454,-8,Stage 1
7735,term,South,debt_consolidation,2023-09-25,723,711,10607.98,6579.54,,8.25,2,0,0,15.5,,-12,Stage 1
7736,term,East,home_improvement,2023-05-10,658,659,11989.58,4925.67,,5.67,11,1,0,20.1,,1,Stage 2
7737,revolving,West,auto,2022-07-27,633,610,1000.0,669.11,1620.34,9.0,23,0,0,29.6,0.413,-23,Stage 1
7738,term,West,debt_consolidation,2021-02-07,602,563,5868.34,586.83,,9.02,35,0,0,47.5,,-39,Stage 2
7739,term,East,home_improvement,2021-04-28,703,691,39359.5,3935.95,,11.79,7,0,0,44.8,,-12,Stage 1
7740,term,North,debt_consolidation,2022-01-25,649,627,12672.94,6916.33,,11.69,14,0,0,35.7,,-22,Stage 1
7741,term,South,personal,2022-11-11,559,523,13665.77,3691.58,,3.0,65,0,1,26.1,,-36,Stage 2
7742,term,West,home_improvement,2022-01-12,607,592,19834.27,2180.19,,9.86,43,0,0,36.2,,-15,Stage 2
7743,revolving,East,personal,2023-04-29,665,633,20374.18,14481.11,26703.26,3.09,10,0,0,20.4,0.542,-32,Stage 2
7744,term,North,home_improvement,2022-01-11,667,656,34180.74,3418.07,,10.71,8,0,1,36.2,,-11,Stage 1
7745,term,North,auto,2022-08-18,665,649,32507.96,20515.42,,10.65,12,0,0,28.9,,-16,Stage 1
7746,term,South,personal,2023-01-17,657,628,13377.72,9248.45,,5.99,14,0,0,23.8,,-29,Stage 1
7747,term,South,debt_consolidation,2023-12-02,591,566,34104.76,28189.28,,10.01,39,0,0,13.2,,-25,Stage 2
7748,revolving,East,home_improvement,2022-04-03,627,620,18659.27,3640.36,9750.95,5.9,21,0,0,33.5,0.373,-7,Stage 1
7749,term,East,debt_consolidation,2024-02-28,751,752,11118.06,9933.64,,8.6,0,0,0,10.3,,1,Stage 1
7750,term,North,auto,2023-11-18,742,730,23957.93,17342.86,,9.24,1,0,0,13.7,,-12,Stage 1
7751,term,North,home_improvement,2023-01-11,714,712,25933.14,14327.38,,8.21,2,0,0,24.0,,-2,Stage 1
7752,term,West,auto,2022-09-21,709,685,17916.23,11206.09,,11.23,6,0,0,27.8,,-24,Stage 1
7753,term,North,home_improvement,2021-11-22,734,731,18322.21,10255.5,,6.65,1,0,0,37.9,,-3,Stage 1
7754,term,East,personal,2022-09-11,612,605,43018.24,22358.27,,10.5,23,1,0,28.1,,-7,Stage 2
7755,term,South,debt_consolidation,2021-11-21,681,654,17544.42,6491.68,,5.31,14,0,0,37.9,,-27,Stage 1
7756,revolving,East,personal,2024-03-29,612,598,11104.18,8071.91,23702.8,3.0,32,0,0,9.3,0.341,-14,Stage 2
7757,term,West,personal,2022-05-31,613,579,6807.88,3819.67,,3.86,20,0,0,31.5,,-34,Stage 2
7758,revolving,West,personal,2023-01-16,702,690,12195.07,6413.23,18977.13,6.03,5,1,0,23.9,0.338,-12,Stage 2
7759,revolving,South,personal,2024-07-01,736,713,6498.38,5708.9,14297.62,10.96,2,0,0,6.1,0.399,-23,Stage 1
7760,term,East,home_improvement,2021-09-05,668,663,9575.73,1903.61,,10.64,12,0,0,40.5,,-5,Stage 1
7761,term,West,debt_consolidation,2024-10-08,778,765,7244.75,6650.12,,8.34,0,0,0,2.8,,-13,Stage 1
7762,term,East,home_improvement,2022-02-02,692,676,14036.4,5409.54,,3.0,5,0,0,35.5,,-16,Stage 1
7763,term,West,home_improvement,2022-08-05,633,624,18769.82,12297.36,,14.47,18,0,0,29.3,,-9,Stage 1
7764,revolving,South,home_improvement,2021-07-22,614,596,14400.31,7375.81,17505.33,4.43,20,1,0,42.0,0.421,-18,Stage 2
7765,term,West,personal,2024-08-18,741,743,19413.22,17035.51,,10.07,0,0,0,4.5,,2,Stage 1
7766,term,East,auto,2024-03-17,687,683,5630.82,4464.08,,7.77,3,0,0,9.7,,-4,Stage 1
7767,term,East,personal,2021-08-09,720,715,6490.99,2694.08,,10.21,2,0,0,41.4,,-5,Stage 1
7768,term,West,home_improvement,2023-05-17,520,503,4869.69,2253.22,,12.96,79,0,0,19.8,,-17,Stage 2
7769,term,North,personal,2021-09-20,694,687,16358.64,1635.86,,9.56,2,0,0,40.0,,-7,Stage 1
7770,revolving,South,debt_consolidation,2021-10-23,649,629,30683.44,9808.54,21800.45,11.13,12,0,0,38.9,0.45,-20,Stage 1
7771,term,South,debt_consolidation,2024-08-31,596,567,5298.18,4856.64,,18.22,39,0,0,4.1,,-29,Stage 2
7772,revolving,West,personal,2023-10-17,676,657,19102.08,12702.17,27264.24,12.05,7,0,0,14.7,0.466,-19,Stage 1
7773,term,West,personal,2021-10-19,745,738,17127.64,7359.72,,4.11,0,0,0,39.0,,-7,Stage 1
7774,term,North,auto,2022-11-15,815,828,40558.23,16431.97,,3.0,6,0,0,25.9,,13,Stage 1
7775,term,South,personal,2023-05-26,694,668,29345.55,16676.86,,10.6,4,0,0,19.5,,-26,Stage 1
7776,term,North,personal,2023-11-21,637,597,16090.09,12257.73,,7.61,18,0,0,13.6,,-40,Stage 2
7777,term,South,auto,2023-12-04,633,594,64129.23,45528.85,,11.39,22,0,0,13.1,,-39,Stage 2
7778,revolving,West,personal,2022-07-09,737,720,14392.63,7489.08,19062.61,3.0,1,1,0,30.2,0.393,-17,Stage 2
7779,revolving,South,personal,2024-03-03,620,598,17163.84,13452.49,27901.71,12.5,31,0,0,10.1,0.482,-22,Stage 2
7780,term,South,personal,2021-12-15,717,721,32329.99,6449.39,,8.69,2,0,0,37.1,,4,Stage 1
7781,term,South,personal,2021-08-07,697,685,15517.71,1551.77,,15.27,3,1,0,41.4,,-12,Stage 2
7782,term,North,personal,2023-10-20,690,679,16959.1,13921.04,,8.99,11,0,0,14.6,,-11,Stage 1
7783,revolving,North,home_improvement,2022-03-26,585,563,9036.39,5531.63,15111.93,10.61,52,0,0,33.7,0.366,-22,Stage 2
7784,term,South,personal,2022-05-19,658,648,11610.67,5762.44,,7.87,8,0,0,31.9,,-10,Stage 1
7785,revolving,East,auto,2021-03-27,592,579,55783.43,14587.64,22995.69,7.63,36,0,1,45.9,0.634,-13,Stage 2
7786,term,North,personal,2024-06-28,644,620,15039.21,12290.45,,9.88,14,0,0,6.2,,-24,Stage 1
7787,term,West,home_improvement,2024-07-12,735,723,14529.47,12017.89,,8.07,1,0,0,5.8,,-12,Stage 1
7788,revolving,West,auto,2022-06-07,753,743,11627.24,2746.06,8187.3,7.23,3,0,0,31.3,0.335,-10,Stage 1
7789,term,South,auto,2024-01-09,692,694,3941.61,3338.67,,10.11,10,1,0,11.9,,2,Stage 2
7790,term,West,personal,2022-04-06,645,634,10711.87,3063.33,,7.27,21,0,0,33.4,,-11,Stage 1
7791,term,North,debt_consolidation,2023-10-11,775,774,2054.71,1210.85,,10.21,1,0,0,14.9,,-1,Stage 1
7792,term,East,home_improvement,2022-09-22,644,647,4510.36,2100.06,,4.29,18,0,0,27.7,,3,Stage 1
7793,term,East,debt_consolidation,2021-09-09,611,584,15896.53,2481.02,,9.03,33,0,0,40.3,,-27,Stage 2
7794,term,East,personal,2021-01-18,721,702,30860.42,3086.04,,8.43,2,0,1,48.1,,-19,Stage 1
7795,revolving,West,home_improvement,2024-07-03,707,682,15176.82,13033.2,28037.17,3.0,2,0,0,6.1,0.465,-25,Stage 1
7796,term,South,debt_consolidation,2024-06-22,647,633,22560.16,19283.61,,5.32,18,0,0,6.4,,-14,Stage 1
7797,revolving,West,home_improvement,2024-03-22,686,659,7150.25,5782.24,9140.46,3.0,5,0,0,9.5,0.633,-27,Stage 1
7798,term,South,personal,2022-05-15,706,701,5001.28,2268.66,,9.31,3,1,0,32.1,,-5,Stage 2
7799,term,East,home_improvement,2022-04-03,692,676,5528.77,2285.06,,6.61,5,0,0,33.5,,-16,Stage 1
7800,term,North,personal,2021-04-25,707,689,9311.54,2384.68,,8.03,4,0,0,44.9,,-18,Stage 1
7801,term,West,debt_consolidation,2023-01-23,649,638,4428.85,1752.18,,12.99,15,0,0,23.6,,-11,Stage 1
7802,term,North,home_improvement,2023-02-08,711,694,6968.32,3849.44,,9.0,8,0,0,23.1,,-17,Stage 1
7803,revolving,East,auto,2022-03-23,681,659,11087.72,6547.7,18831.03,9.88,10,1,0,33.8,0.348,-22,Stage 2
7804,term,South,personal,2021-12-19,651,632,10962.43,4605.66,,7.55,14,0,0,37.0,,-19,Stage 1
7805,term,North,home_improvement,2022-09-17,665,642,8282.04,5100.4,,6.8,14,0,0,27.9,,-23,Stage 1
7806,term,West,auto,2022-06-25,674,666,18562.55,11897.28,,4.69,12,0,0,30.7,,-8,Stage 1
7807,revolving,North,auto,2021-11-18,593,581,40560.0,15521.29,26935.27,11.16,44,1,1,38.0,0.576,-12,Stage 2
7808,revolving,North,auto,2021-08-14,641,644,31006.91,17241.26,38386.16,13.63,23,0,0,41.2,0.449,3,Stage 1
7809,term,West,auto,2021-12-27,683,664,9576.02,3582.47,,12.51,9,0,0,36.7,,-19,Stage 1
7810,term,South,personal,2023-04-14,598,566,13673.85,10754.04,,5.44,44,0,0,20.9,,-32,Stage 2
7811,term,West,home_improvement,2021-04-22,642,608,10578.89,1057.89,,12.77,13,1,0,45.0,,-34,Stage 2
7812,term,East,auto,2021-07-31,823,831,27746.21,8092.29,,8.52,10,0,0,41.7,,8,Stage 1
7813,term,South,home_improvement,2024-06-10,612,601,17321.46,16131.11,,13.41,33,0,0,6.8,,-11,Stage 2
7814,term,North,home_improvement,2023-08-06,656,625,16757.45,9211.05,,10.16,15,1,0,17.1,,-31,Stage 2
7815,term,West,debt_consolidation,2021-06-08,629,593,11091.8,5390.7,,9.94,23,0,0,43.4,,-36,Stage 2
7816,term,East,home_improvement,2022-07-26,672,685,27173.71,12455.82,,10.02,6,0,0,29.7,,13,Stage 1
7817,term,West,personal,2024-09-09,631,597,8386.2,8058.27,,3.92,29,0,0,3.8,,-34,Stage 2
7818,revolving,South,personal,2024-01-22,665,641,3828.01,2635.06,7425.51,5.21,12,0,0,11.5,0.355,-24,Stage 1
7819,revolving,East,auto,2024-06-25,636,593,14325.95,12944.27,31936.54,7.12,20,1,0,6.3,0.405,-43,Stage 2
7820,term,North,home_improvement,2022-11-01,743,709,18786.77,6723.44,,7.91,2,0,0,26.4,,-34,Stage 2
7821,term,South,personal,2024-03-10,684,668,22476.93,19437.06,,9.35,11,0,0,9.9,,-16,Stage 1
7822,term,East,personal,2023-06-30,619,609,16431.93,7648.2,,7.61,25,0,0,18.4,,-10,Stage 1
7823,term,South,personal,2023-10-20,730,722,15452.84,9493.78,,7.48,1,0,0,14.6,,-8,Stage 1
7824,revolving,North,auto,2022-02-08,622,578,7820.57,4745.87,9861.53,12.72,25,0,0,35.3,0.481,-44,Stage 2
7825,term,East,personal,2022-02-08,586,558,18704.31,10818.85,,13.05,42,0,1,35.3,,-28,Stage 2
7826,revolving,West,home_improvement,2022-08-24,679,647,9874.77,6267.29,9671.26,10.82,16,0,0,28.7,0.648,-32,Stage 2
7827,revolving,West,personal,2024-12-08,794,784,12819.41,12559.69,34054.95,6.83,4,0,0,0.8,0.369,-10,Stage 1
7828,term,North,personal,2024-06-10,570,541,32238.71,25885.89,,10.26,40,0,0,6.8,,-29,Stage 2
7829,term,East,auto,2021-07-12,600,573,20706.9,2070.69,,12.84,37,0,0,42.3,,-27,Stage 2
7830,term,North,home_improvement,2024-01-28,725,719,11515.48,9548.47,,8.26,2,0,0,11.3,,-6,Stage 1
7831,term,North,personal,2024-02-11,641,631,6088.57,4807.11,,13.03,18,0,0,10.8,,-10,Stage 1
7832,term,South,home_improvement,2024-07-28,716,706,4979.91,4604.94,,14.81,3,0,0,5.2,,-10,Stage 1
7833,term,West,home_improvement,2023-09-27,629,600,22215.68,12318.69,,11.93,19,0,0,15.4,,-29,Stage 1
7834,revolving,North,personal,2022-06-07,688,680,10791.86,1317.75,2363.67,10.86,10,0,0,31.3,0.558,-8,Stage 1
7835,term,South,auto,2021-12-16,784,766,16355.49,1635.55,,10.04,3,0,0,37.1,,-18,Stage 1
7836,term,North,home_improvement,2021-11-12,608,584,3781.2,378.12,,10.9,28,0,0,38.2,,-24,Stage 1
7837,term,North,debt_consolidation,2023-08-01,741,747,19640.58,15509.49,,10.26,3,0,0,17.3,,6,Stage 1
7838,term,North,personal,2023-07-02,720,704,1947.11,909.68,,5.33,2,0,0,18.3,,-16,Stage 1
7839,term,West,home_improvement,2022-10-14,590,557,9243.49,3662.09,,12.99,49,0,0,27.0,,-33,Stage 2
7840,revolving,East,home_improvement,2022-09-27,713,721,18523.76,10570.2,27462.97,9.26,1,0,0,27.6,0.385,8,Stage 1
7841,term,West,home_improvement,2023-10-08,684,672,10952.71,7671.88,,16.31,8,0,0,15.0,,-12,Stage 1
7842,term,South,personal,2024-12-30,685,672,13149.7,12995.58,,17.3,10,0,0,0.1,,-13,Stage 1
7843,term,East,debt_consolidation,2022-08-16,700,691,13103.86,7255.15,,8.25,3,0,0,29.0,,-9,Stage 1
7844,term,South,home_improvement,2022-03-20,658,631,26844.54,5741.17,,9.61,11,0,0,33.9,,-27,Stage 1
7845,revolving,North,home_improvement,2022-09-13,684,681,9282.95,5224.68,12671.73,7.71,5,0,1,28.0,0.412,-3,Stage 1
7846,term,East,auto,2024-05-16,694,697,11147.98,9722.37,,6.14,8,0,0,7.7,,3,Stage 1
7847,revolving,South,personal,2023-01-26,724,712,2115.2,930.55,1888.76,8.83,3,0,0,23.5,0.493,-12,Stage 1
7848,term,North,personal,2024-07-23,588,565,2017.86,1839.2,,9.1,40,1,0,5.4,,-23,Stage 2
7849,term,South,home_improvement,2022-05-12,757,762,6258.73,4124.45,,5.09,0,0,0,32.2,,5,Stage 1
7850,term,South,auto,2023-02-12,610,596,2403.3,1205.85,,5.64,31,0,1,23.0,,-14,Stage 2
7851,term,West,home_improvement,2024-08-13,725,728,38928.8,33811.58,,3.0,1,0,0,4.7,,3,Stage 1
7852,term,North,home_improvement,2022-01-09,684,655,24011.93,2401.19,,5.49,5,1,0,36.3,,-29,Stage 2
7853,revolving,West,personal,2021-07-03,603,585,48425.1,12685.87,37410.05,11.54,27,1,0,42.6,0.339,-18,Stage 2
7854,term,East,auto,2021-02-01,711,716,18142.17,6385.76,,13.33,2,0,0,47.7,,5,Stage 1
7855,term,North,home_improvement,2021-10-10,623,606,6814.72,3410.58,,3.09,23,0,0,39.3,,-17,Stage 1
7856,term,West,personal,2023-04-16,744,753,11739.76,7655.15,,4.98,1,0,0,20.9,,9,Stage 1
7857,term,West,home_improvement,2023-05-23,637,616,12871.74,9658.88,,12.68,21,0,0,19.6,,-21,Stage 1
7858,term,East,home_improvement,2024-12-26,590,567,25996.62,25399.54,,6.44,40,0,0,0.2,,-23,Stage 2
7859,term,South,auto,2022-11-17,772,769,15588.3,3689.41,,7.62,1,0,0,25.9,,-3,Stage 1
7860,term,South,auto,2022-04-07,690,682,6973.74,4348.13,,6.94,5,0,0,33.3,,-8,Stage 1
7861,term,South,auto,2023-05-21,732,732,11151.26,7348.31,,11.75,2,0,0,19.7,,0,Stage 1
7862,term,East,home_improvement,2023-09-11,628,594,13213.13,6945.92,,14.02,20,0,0,15.9,,-34,Stage 2
7863,term,West,debt_consolidation,2022-01-03,566,537,9075.5,5627.45,,9.22,57,0,0,36.5,,-29,Stage 2
7864,term,North,auto,2022-10-20,780,779,8926.68,6284.13,,7.68,2,0,0,26.8,,-1,Stage 1
7865,term,East,debt_consolidation,2024-06-29,679,659,15101.26,13480.54,,8.34,8,0,0,6.2,,-20,Stage 1
7866,revolving,South,debt_consolidation,2021-06-15,709,701,7075.17,1899.74,3702.82,11.68,0,0,0,43.2,0.513,-8,Stage 1
7867,term,South,debt_consolidation,2023-09-27,719,701,6516.38,3947.72,,10.58,3,0,0,15.4,,-18,Stage 1
7868,term,North,personal,2022-08-25,659,633,15074.81,7329.25,,8.25,11,0,0,28.7,,-26,Stage 1
7869,term,East,home_improvement,2024-10-26,693,673,8347.23,8019.72,,8.87,6,0,0,2.2,,-20,Stage 1
7870,term,South,auto,2024-02-01,775,760,20529.38,15403.61,,6.85,4,0,0,11.2,,-15,Stage 1
7871,revolving,East,home_improvement,2022-08-17,678,656,12168.86,3636.49,9340.88,6.99,7,0,0,28.9,0.389,-22,Stage 1
7872,term,West,home_improvement,2021-05-06,736,747,16237.11,1623.71,,4.8,1,0,0,44.5,,11,Stage 1
7873,revolving,East,personal,2021-02-07,560,518,22308.5,3338.45,7269.34,12.44,59,1,0,47.5,0.459,-42,Stage 2
7874,revolving,West,personal,2021-12-14,747,732,8272.14,2400.51,5837.97,3.0,1,0,0,37.1,0.411,-15,Stage 1
7875,term,North,personal,2024-05-21,588,562,23519.92,21476.61,,9.84,45,0,1,7.5,,-26,Stage 2
7876,term,West,home_improvement,2024-09-04,740,723,34420.12,32005.85,,8.92,1,0,0,4.0,,-17,Stage 1
7877,term,West,debt_consolidation,2023-01-07,703,682,29425.22,20638.62,,8.72,2,0,0,24.2,,-21,Stage 1
7878,term,North,home_improvement,2023-01-04,674,646,10884.81,5035.93,,7.16,10,0,0,24.3,,-28,Stage 1
7879,term,South,personal,2022-03-02,674,659,14245.0,2890.68,,8.12,8,0,0,34.5,,-15,Stage 1
7880,term,North,home_improvement,2024-06-24,664,645,24830.37,20528.35,,14.28,18,0,0,6.4,,-19,Stage 1
7881,term,East,personal,2022-10-10,630,613,11793.43,7941.93,,9.22,20,0,0,27.1,,-17,Stage 1
7882,term,North,personal,2021-10-13,667,652,26485.12,7718.62,,9.48,6,1,0,39.2,,-15,Stage 2
7883,term,East,auto,2024-06-08,812,826,38164.31,32901.4,,9.58,2,0,0,6.9,,14,Stage 1
7884,revolving,South,debt_consolidation,2021-11-16,758,748,6320.41,800.21,1719.97,6.9,0,0,0,38.1,0.465,-10,Stage 1
7885,term,East,personal,2022-05-27,627,593,1000.0,100.0,,7.3,24,0,1,31.7,,-34,Stage 2
7886,revolving,North,auto,2021-08-13,696,675,8265.7,4578.5,6947.35,10.58,6,0,1,41.2,0.659,-21,Stage 1
7887,term,North,debt_consolidation,2022-05-21,685,689,18576.18,3364.72,,6.48,3,0,0,31.9,,4,Stage 1
7888,term,South,personal,2024-02-05,671,635,6734.18,5826.58,,8.71,9,0,1,11.0,,-36,Stage 2
7889,term,North,debt_consolidation,2023-01-12,619,607,11816.82,6464.55,,12.48,29,0,0,24.0,,-12,Stage 1
7890,term,South,debt_consolidation,2024-09-16,706,706,9453.73,8887.27,,6.99,5,0,0,3.6,,0,Stage 1
7891,term,South,home_improvement,2023-10-26,730,724,4703.2,2949.71,,8.67,1,0,0,14.4,,-6,Stage 1
7892,term,North,auto,2022-04-13,629,598,6563.24,1189.68,,8.17,32,1,0,33.1,,-31,Stage 2
7893,revolving,West,debt_consolidation,2023-07-27,797,803,19399.29,10182.13,22218.19,10.51,3,0,0,17.5,0.458,6,Stage 1
7894,term,East,home_improvement,2023-02-04,771,760,67698.68,24839.31,,9.44,3,0,0,23.2,,-11,Stage 1
7895,term,West,debt_consolidation,2021-06-12,712,697,17033.52,4348.15,,6.95,6,0,0,43.3,,-15,Stage 1
7896,revolving,South,home_improvement,2022-10-15,606,584,10562.23,4679.78,7030.2,7.4,33,0,1,27.0,0.666,-22,Stage 2
7897,revolving,East,personal,2023-06-20,704,687,34396.95,26676.5,73901.86,7.08,5,0,0,18.7,0.361,-17,Stage 1
7898,term,West,personal,2023-03-19,696,672,1000.0,601.22,,6.84,6,0,0,21.8,,-24,Stage 1
7899,term,North,home_improvement,2021-03-23,710,697,12553.2,1255.32,,3.74,7,0,0,46.0,,-13,Stage 1
7900,revolving,West,personal,2022-04-26,775,778,9252.45,925.24,2560.13,9.54,3,0,0,32.7,0.361,3,Stage 1
7901,term,East,personal,2022-05-31,669,664,9314.94,4482.21,,6.99,9,0,0,31.5,,-5,Stage 1
7902,term,East,personal,2021-07-06,802,810,13738.63,1373.86,,10.45,11,0,0,42.5,,8,Stage 1
7903,term,East,debt_consolidation,2021-05-26,704,708,9574.71,957.47,,9.25,3,0,0,43.9,,4,Stage 1
7904,revolving,East,home_improvement,2023-10-03,662,647,30998.53,21415.92,45855.91,7.87,6,0,0,15.2,0.467,-15,Stage 1
7905,term,West,auto,2021-06-01,823,825,12159.22,5770.12,,7.62,5,0,0,43.7,,2,Stage 1
7906,revolving,North,auto,2024-10-18,729,738,23695.84,22056.86,61415.27,5.04,0,0,0,2.5,0.359,9,Stage 1
7907,term,North,home_improvement,2021-04-03,652,630,19720.29,8857.86,,9.39,15,0,0,45.6,,-22,Stage 1
7908,revolving,East,debt_consolidation,2023-11-21,685,680,31695.31,18821.74,41646.63,8.75,5,0,0,13.6,0.452,-5,Stage 1
7909,term,North,personal,2022-06-24,718,721,7721.69,2422.41,,7.13,0,0,0,30.7,,3,Stage 1
7910,term,West,personal,2022-10-11,670,630,10488.27,3771.16,,3.05,9,0,0,27.1,,-40,Stage 2
7911,revolving,North,debt_consolidation,2022-08-25,688,675,27207.64,12463.27,24337.34,8.38,5,0,0,28.7,0.512,-13,Stage 1
7912,term,South,auto,2021-02-18,630,598,6321.18,1619.53,,8.61,22,1,0,47.1,,-32,Stage 2
7913,term,North,home_improvement,2024-07-05,578,538,14532.05,12805.75,,12.31,50,0,0,6.0,,-40,Stage 2
7914,term,East,home_improvement,2022-06-25,686,664,15186.63,2848.42,,9.11,6,0,0,30.7,,-22,Stage 1
7915,term,North,debt_consolidation,2024-12-04,688,656,12090.67,11825.85,,12.57,8,0,0,0.9,,-32,Stage 2
7916,term,North,personal,2021-06-05,711,708,12545.82,6312.27,,7.11,3,0,0,43.5,,-3,Stage 1
7917,term,North,personal,2023-02-14,645,623,8909.97,4384.64,,8.2,11,0,0,22.9,,-22,Stage 1
7918,term,North,personal,2022-06-30,599,584,3306.63,2170.82,,5.98,30,0,0,30.5,,-15,Stage 2
7919,term,South,home_improvement,2024-06-14,622,602,1719.15,1590.14,,8.2,27,0,0,6.7,,-20,Stage 1
7920,term,West,auto,2022-10-12,743,736,17286.36,6776.55,,11.48,0,0,0,27.1,,-7,Stage 1
7921,term,East,home_improvement,2024-10-23,640,611,25600.21,24918.26,,11.57,15,1,1,2.3,,-29,Stage 2
7922,revolving,East,debt_consolidation,2023-09-28,653,631,2520.4,1598.28,4554.8,9.67,13,1,0,15.4,0.351,-22,Stage 2
7923,term,North,home_improvement,2023-12-17,661,648,19355.04,13275.11,,4.96,15,0,0,12.7,,-13,Stage 1
7924,term,West,debt_consolidation,2021-06-24,642,619,3313.6,1588.34,,4.78,11,0,0,42.9,,-23,Stage 1
7925,revolving,North,home_improvement,2024-05-22,638,612,4993.6,4223.45,8897.29,8.25,17,0,0,7.5,0.475,-26,Stage 1
7926,term,South,auto,2021-01-27,627,605,63469.78,6346.98,,6.96,24,1,0,47.8,,-22,Stage 2
7927,revolving,West,debt_consolidation,2024-02-17,764,772,19600.51,16251.86,30461.06,10.99,1,0,0,10.6,0.534,8,Stage 1
7928,revolving,West,personal,2021-05-27,720,712,14184.15,4538.61,10219.22,10.42,2,1,0,43.8,0.444,-8,Stage 2
7929,revolving,West,personal,2023-05-18,754,760,15146.52,9485.94,20698.74,10.03,0,0,0,19.8,0.458,6,Stage 1
7930,term,West,home_improvement,2021-09-22,766,741,6091.73,609.17,,7.28,3,0,0,39.9,,-25,Stage 1
7931,revolving,North,home_improvement,2024-11-27,539,507,25416.28,24728.95,38155.19,9.44,75,0,1,1.2,0.648,-32,Stage 2
7932,revolving,South,auto,2021-09-15,700,687,21862.4,5273.07,11652.29,10.0,6,0,0,40.1,0.453,-13,Stage 1
7933,term,West,auto,2024-04-27,644,615,13709.8,11084.47,,7.97,23,0,0,8.3,,-29,Stage 1
7934,term,East,personal,2023-04-07,747,743,17374.48,8637.22,,8.28,0,0,0,21.2,,-4,Stage 1
7935,term,East,home_improvement,2023-01-13,635,622,3073.93,2327.05,,9.91,14,0,0,24.0,,-13,Stage 1
7936,term,South,debt_consolidation,2022-12-11,616,594,26147.34,12811.7,,5.72,26,0,0,25.1,,-22,Stage 1
7937,term,East,auto,2024-06-16,593,554,11252.84,10354.23,,7.26,33,0,0,6.6,,-39,Stage 2
7938,term,North,debt_consolidation,2024-09-12,661,648,17008.82,16091.71,,7.03,9,0,0,3.7,,-13,Stage 1
7939,term,North,debt_consolidation,2023-12-30,734,738,9710.43,6490.82,,11.95,2,0,0,12.3,,4,Stage 1
7940,term,South,auto,2023-11-15,695,684,6777.45,4572.22,,7.4,7,0,0,13.8,,-11,Stage 1
7941,term,West,home_improvement,2024-03-25,607,582,12605.25,10293.88,,9.08,26,0,0,9.4,,-25,Stage 1
7942,term,East,debt_consolidation,2021-08-07,809,805,24990.49,5725.76,,10.94,4,0,0,41.4,,-4,Stage 1
7943,revolving,East,home_improvement,2022-07-15,718,712,7658.46,4016.93,11893.09,6.72,3,0,0,30.0,0.338,-6,Stage 1
7944,term,South,debt_consolidation,2024-11-03,726,714,8527.61,8217.82,,11.63,2,0,0,2.0,,-12,Stage 1
7945,term,South,home_improvement,2023-06-11,757,790,20776.12,15588.05,,11.88,0,0,0,19.0,,33,Stage 1
7946,term,East,home_improvement,2024-05-02,581,564,36764.54,30430.08,,3.0,45,1,0,8.1,,-17,Stage 2
7947,term,West,home_improvement,2023-11-30,625,605,17664.5,13183.01,,10.07,23,0,0,13.3,,-20,Stage 1
7948,revolving,South,home_improvement,2022-08-20,729,725,3041.68,678.33,1282.76,12.1,1,0,0,28.8,0.529,-4,Stage 1
7949,revolving,North,auto,2021-12-09,631,608,22555.41,9672.08,24380.45,7.85,27,0,1,37.3,0.397,-23,Stage 1
7950,term,East,debt_consolidation,2022-05-18,663,651,41855.35,4185.53,,10.62,9,0,0,32.0,,-12,Stage 1
7951,revolving,South,home_improvement,2022-03-26,675,665,11669.26,1166.93,2608.76,5.03,8,0,1,33.7,0.447,-10,Stage 1
7952,term,South,personal,2021-12-02,603,570,32875.97,6848.38,,4.25,34,0,0,37.5,,-33,Stage 2
7953,term,South,debt_consolidation,2021-01-04,658,638,10953.26,1095.33,,7.73,9,0,0,48.6,,-20,Stage 1
7954,term,East,debt_consolidation,2023-01-29,734,730,14119.25,4464.23,,6.07,1,0,0,23.4,,-4,Stage 1
7955,revolving,North,home_improvement,2022-06-01,723,718,31284.72,15306.55,38267.04,10.07,2,0,0,31.5,0.4,-5,Stage 1
7956,term,North,debt_consolidation,2024-06-03,746,737,9892.32,9142.82,,9.97,2,0,0,7.1,,-9,Stage 1
7957,term,East,personal,2024-03-19,740,729,37320.09,31809.01,,14.29,0,0,0,9.6,,-11,Stage 1
7958,revolving,South,personal,2021-08-26,704,698,7219.86,3794.44,6714.84,11.39,6,1,0,40.8,0.565,-6,Stage 2
7959,term,East,personal,2021-04-13,699,692,26007.65,2600.76,,7.21,8,1,0,45.3,,-7,Stage 2
7960,term,East,debt_consolidation,2024-04-13,695,678,11195.48,9658.19,,9.14,3,0,0,8.8,,-17,Stage 1
7961,revolving,South,debt_consolidation,2023-10-07,642,601,27086.82,21921.89,49259.17,9.65,19,0,0,15.1,0.445,-41,Stage 2
7962,term,East,home_improvement,2023-11-24,618,601,37273.3,22439.51,,10.58,28,0,1,13.5,,-17,Stage 1
7963,term,West,debt_consolidation,2022-06-02,638,626,15351.61,10293.14,,3.0,13,0,0,31.5,,-12,Stage 1
7964,term,North,debt_consolidation,2022-03-16,660,649,7611.24,761.12,,7.64,10,0,0,34.1,,-11,Stage 1
7965,term,West,home_improvement,2024-08-01,640,637,6869.16,6056.68,,12.13,16,0,0,5.1,,-3,Stage 1
7966,term,West,personal,2021-08-13,704,700,6561.74,937.31,,10.18,3,0,0,41.2,,-4,Stage 1
7967,term,West,home_improvement,2022-07-19,692,681,12619.88,4004.45,,9.12,2,0,0,29.9,,-11,Stage 1
7968,term,East,auto,2024-07-04,698,676,2906.42,2400.72,,7.44,6,0,1,6.0,,-22,Stage 1
7969,term,South,debt_consolidation,2023-12-19,701,688,6973.91,5924.66,,8.61,2,0,0,12.6,,-13,Stage 1
7970,revolving,East,debt_consolidation,2021-09-03,751,744,12166.59,1216.66,2849.2,9.12,1,0,0,40.5,0.427,-7,Stage 1
7971,revolving,North,auto,2024-05-22,679,666,29145.95,24992.4,55537.2,6.27,4,0,0,7.5,0.45,-13,Stage 1
7972,term,East,auto,2023-07-17,740,721,21232.07,11079.1,,9.8,2,0,0,17.8,,-19,Stage 1
7973,term,East,auto,2023-08-11,710,705,45767.78,31146.74,,9.21,4,0,0,17.0,,-5,Stage 1
7974,revolving,East,home_improvement,2023-03-30,747,735,7328.63,4465.13,7531.57,7.75,1,0,0,21.4,0.593,-12,Stage 1
7975,term,East,personal,2021-08-04,776,777,12428.67,1242.87,,7.74,4,0,0,41.5,,1,Stage 1
7976,term,West,home_improvement,2024-11-27,714,699,4286.27,4156.45,,5.26,1,0,0,1.2,,-15,Stage 1
7977,revolving,South,auto,2021-10-10,686,671,9781.3,4234.59,9058.76,12.33,8,0,0,39.3,0.467,-15,Stage 1
7978,revolving,North,home_improvement,2022-07-27,685,662,3830.46,1632.23,3533.3,10.49,7,0,0,29.6,0.462,-23,Stage 1
7979,revolving,North,debt_consolidation,2024-05-23,651,624,18815.69,15431.09,28547.57,9.86,15,0,0,7.4,0.541,-27,Stage 1
7980,revolving,North,home_improvement,2022-01-17,649,635,14192.66,6654.03,15188.0,10.61,10,0,0,36.0,0.438,-14,Stage 1
7981,term,East,auto,2023-12-05,734,736,9122.72,6195.72,,3.0,3,0,0,13.1,,2,Stage 1
7982,term,North,debt_consolidation,2021-06-21,622,599,14779.57,1477.96,,14.09,28,0,0,43.0,,-23,Stage 1
7983,term,West,personal,2024-05-29,776,786,16234.95,13203.56,,3.0,4,0,0,7.2,,10,Stage 1
7984,term,South,home_improvement,2024-11-09,670,664,10970.68,10742.94,,11.67,12,0,0,1.8,,-6,Stage 1
7985,term,East,home_improvement,2024-01-24,850,850,16654.09,13420.67,,9.28,14,0,0,11.4,,0,Stage 1
7986,revolving,East,auto,2021-02-13,638,608,22186.61,2218.66,6214.16,5.81,21,0,0,47.3,0.357,-30,Stage 2
7987,revolving,West,personal,2021-08-16,695,685,6903.29,690.33,1071.94,9.31,7,0,0,41.1,0.644,-10,Stage 1
7988,term,North,debt_consolidation,2022-07-28,658,644,33924.63,7845.47,,10.46,20,0,0,29.6,,-14,Stage 1
7989,revolving,East,auto,2021-11-13,632,616,14047.29,1404.73,2382.09,7.49,18,0,1,38.2,0.59,-16,Stage 1
7990,revolving,East,auto,2023-01-01,743,733,4547.13,1503.47,2467.76,12.6,0,0,0,24.4,0.609,-10,Stage 1
7991,term,West,home_improvement,2024-09-20,613,582,33887.88,31045.39,,4.47,33,0,0,3.4,,-31,Stage 2
7992,term,West,personal,2022-08-24,639,602,3429.72,1305.98,,5.81,19,0,0,28.7,,-37,Stage 2
7993,term,North,auto,2022-09-16,715,706,16686.51,6119.51,,5.2,2,0,0,27.9,,-9,Stage 1
7994,term,South,home_improvement,2022-04-12,724,714,6645.42,2298.56,,4.7,1,0,0,33.2,,-10,Stage 1
7995,term,South,debt_consolidation,2021-10-24,596,582,5389.6,2730.07,,9.5,43,0,1,38.8,,-14,Stage 2
7996,term,North,auto,2022-06-29,714,694,11132.52,6202.63,,13.81,2,0,0,30.6,,-20,Stage 1
7997,term,South,debt_consolidation,2022-05-04,687,673,9716.87,5773.22,,11.55,4,0,0,32.4,,-14,Stage 1
7998,term,West,debt_consolidation,2023-10-17,624,591,32974.18,20526.62,,8.08,26,0,1,14.7,,-33,Stage 2
7999,revolving,West,home_improvement,2021-08-03,632,627,27784.97,5779.06,10307.05,13.17,17,0,0,41.6,0.561,-5,Stage 1
8000,term,West,personal,2023-10-23,557,522,3641.44,2704.7,,12.09,52,0,1,14.5,,-35,Stage 2
8001,revolving,South,debt_consolidation,2022-10-23,783,768,30523.61,18228.57,28220.07,6.99,3,0,0,26.7,0.646,-15,Stage 1
8002,term,South,auto,2022-10-16,740,734,2421.43,1592.79,,8.12,0,0,0,26.9,,-6,Stage 1
8003,term,East,personal,2023-03-13,602,579,36145.09,21442.99,,9.87,36,0,0,22.0,,-23,Stage 2
8004,revolving,East,personal,2024-05-15,727,712,22986.97,20103.45,48786.94,6.65,2,0,0,7.7,0.412,-15,Stage 1
8005,term,East,home_improvement,2021-12-07,645,625,16460.98,7865.35,,6.03,18,0,0,37.4,,-20,Stage 1
8006,term,South,auto,2022-12-05,734,716,21973.24,13727.63,,11.21,2,0,0,25.3,,-18,Stage 1
8007,revolving,East,auto,2022-02-11,650,626,1131.02,113.1,305.95,11.91,7,0,1,35.2,0.37,-24,Stage 1
8008,term,West,home_improvement,2023-05-03,658,635,10082.45,6664.38,,5.94,13,0,0,20.3,,-23,Stage 1
8009,term,South,home_improvement,2021-11-02,662,672,12567.72,1256.77,,10.09,11,0,1,38.5,,10,Stage 1
8010,term,North,personal,2023-05-24,640,631,28466.61,13003.63,,10.04,21,0,0,19.6,,-9,Stage 1
8011,revolving,South,debt_consolidation,2022-05-10,763,759,25321.34,7244.36,18519.65,5.69,1,0,0,32.2,0.391,-4,Stage 1
8012,term,East,debt_consolidation,2024-07-08,733,724,15728.06,13157.17,,9.97,0,0,0,5.9,,-9,Stage 1
8013,term,South,debt_consolidation,2022-08-01,686,684,4094.02,661.12,,10.55,6,0,0,29.5,,-2,Stage 1
8014,term,East,debt_consolidation,2024-10-19,741,746,16007.81,15436.24,,10.69,1,0,0,2.5,,5,Stage 1
8015,term,East,auto,2022-06-25,582,551,15009.32,2608.83,,8.12,52,0,0,30.7,,-31,Stage 2
8016,revolving,North,auto,2023-02-07,606,605,25505.28,8197.75,21630.84,9.86,33,0,0,23.1,0.379,-1,Stage 2
8017,term,North,home_improvement,2023-06-15,708,693,12326.53,7583.9,,9.51,2,0,0,18.9,,-15,Stage 1
8018,term,West,home_improvement,2022-03-31,724,712,25906.83,2590.68,,9.21,2,0,0,33.6,,-12,Stage 1
8019,term,East,debt_consolidation,2024-03-13,696,689,13306.9,10400.55,,11.6,4,0,0,9.8,,-7,Stage 1
8020,revolving,South,home_improvement,2024-04-30,567,538,11153.69,8718.9,18169.18,6.07,50,1,1,8.2,0.48,-29,Stage 2
8021,term,North,auto,2024-10-08,616,587,13974.74,13402.69,,6.4,24,0,0,2.8,,-29,Stage 1
8022,revolving,North,debt_consolidation,2021-10-26,704,689,6953.94,3147.23,5350.45,5.75,4,0,0,38.8,0.588,-15,Stage 1
8023,revolving,East,debt_consolidation,2022-03-03,825,823,9983.43,998.34,2269.76,11.91,16,0,0,34.5,0.44,-2,Stage 1
8024,term,South,auto,2022-12-17,753,749,21722.33,8357.95,,8.89,0,0,0,24.9,,-4,Stage 1
8025,term,North,personal,2023-01-27,774,770,13008.17,4539.42,,7.07,1,0,0,23.5,,-4,Stage 1
8026,term,North,debt_consolidation,2021-01-31,700,692,11282.0,5609.5,,12.74,1,0,0,47.7,,-8,Stage 1
8027,revolving,South,home_improvement,2021-11-28,699,689,2255.94,348.78,604.21,8.23,4,0,0,37.7,0.577,-10,Stage 1
8028,term,North,personal,2024-12-05,617,585,9608.05,9427.45,,3.0,28,0,1,0.9,,-32,Stage 2
8029,term,South,auto,2021-02-21,737,725,16042.07,3392.19,,6.99,1,0,0,47.0,,-12,Stage 1
8030,revolving,East,personal,2024-11-08,675,671,11748.27,11174.85,33167.81,9.22,11,0,0,1.8,0.337,-4,Stage 1
8031,term,North,personal,2021-08-31,721,711,27366.11,9113.39,,10.04,5,0,0,40.6,,-10,Stage 1
8032,term,East,debt_consolidation,2023-02-14,681,656,20423.25,12196.94,,6.9,6,0,0,22.9,,-25,Stage 1
8033,term,South,personal,2022-11-17,696,681,36167.38,22297.63,,7.65,8,0,0,25.9,,-15,Stage 1
8034,term,East,home_improvement,2024-12-11,674,658,14481.67,14055.07,,7.45,11,0,0,0.7,,-16,Stage 1
8035,revolving,East,debt_consolidation,2024-11-16,693,702,5418.27,5230.15,14106.78,10.82,3,0,0,1.5,0.371,9,Stage 1
8036,term,East,auto,2024-11-13,740,729,18904.38,18147.2,,12.93,1,0,0,1.6,,-11,Stage 1
8037,term,West,home_improvement,2022-07-27,604,576,5317.91,647.56,,6.71,44,1,0,29.6,,-28,Stage 2
8038,revolving,South,debt_consolidation,2023-05-22,590,565,9834.13,5770.37,16616.61,13.14,33,0,0,19.7,0.347,-25,Stage 2
8039,term,South,personal,2022-12-01,705,700,28063.83,14201.72,,9.45,3,0,0,25.4,,-5,Stage 1
8040,revolving,South,home_improvement,2024-12-02,766,783,7993.33,7837.75,23165.0,8.43,0,0,0,1.0,0.338,17,Stage 1
8041,revolving,South,debt_consolidation,2022-06-03,781,777,5991.74,1390.93,3616.85,8.02,3,0,0,31.4,0.385,-4,Stage 1
8042,term,South,debt_consolidation,2024-04-27,606,579,21066.81,16142.38,,5.99,25,1,0,8.3,,-27,Stage 2
8043,term,North,auto,2022-08-18,655,625,28388.77,7457.61,,6.33,14,0,0,28.9,,-30,Stage 2
8044,revolving,North,debt_consolidation,2024-10-06,591,552,9345.75,8790.04,15082.78,5.88,43,1,0,2.9,0.583,-39,Stage 2
8045,term,North,auto,2021-10-10,646,627,7024.41,2809.96,,5.58,18,1,0,39.3,,-19,Stage 2
8046,term,East,personal,2024-03-26,747,732,10569.97,7919.07,,10.04,1,0,0,9.4,,-15,Stage 1
8047,revolving,East,debt_consolidation,2022-08-22,679,649,12005.76,2817.98,5809.8,15.15,4,0,0,28.8,0.485,-30,Stage 2
8048,term,South,debt_consolidation,2021-05-28,657,632,18305.98,6734.83,,6.6,15,1,0,43.8,,-25,Stage 2
8049,revolving,West,personal,2021-03-11,712,689,4841.24,484.12,1150.1,8.02,1,0,0,46.4,0.421,-23,Stage 1
8050,term,South,debt_consolidation,2024-10-25,632,610,4147.61,3949.28,,11.81,19,0,0,2.3,,-22,Stage 1
8051,term,North,debt_consolidation,2021-08-22,775,760,39689.31,16338.04,,5.84,1,0,0,40.9,,-15,Stage 1
8052,term,South,home_improvement,2022-11-10,680,661,17856.54,10478.95,,4.66,8,0,0,26.1,,-19,Stage 1
8053,revolving,East,auto,2022-09-28,655,642,23609.76,7636.38,15477.46,3.05,14,0,0,27.5,0.493,-13,Stage 1
8054,term,South,debt_consolidation,2022-04-12,715,703,26911.94,2691.19,,9.03,0,0,0,33.2,,-12,Stage 1
8055,revolving,North,debt_consolidation,2022-07-11,736,728,22334.77,6856.57,15960.99,6.95,0,1,0,30.2,0.43,-8,Stage 2
8056,term,South,auto,2023-06-13,775,761,6981.82,3085.41,,4.9,2,0,0,18.9,,-14,Stage 1
8057,term,East,home_improvement,2023-04-16,667,657,17415.42,9816.3,,6.83,17,0,1,20.9,,-10,Stage 1
8058,term,West,auto,2024-08-03,745,741,9971.61,8611.81,,11.44,1,0,0,5.0,,-4,Stage 1
8059,term,North,debt_consolidation,2022-09-10,686,671,1405.19,239.61,,7.55,6,0,0,28.1,,-15,Stage 1
8060,term,South,personal,2024-08-10,643,625,3267.68,3101.68,,11.32,16,0,0,4.8,,-18,Stage 1
8061,term,East,personal,2021-05-14,633,610,13360.83,6944.38,,10.12,14,0,0,44.3,,-23,Stage 1
8062,term,North,home_improvement,2021-01-08,614,595,29420.96,7991.05,,9.24,28,0,0,48.5,,-19,Stage 1
8063,revolving,North,home_improvement,2021-01-28,635,621,8746.93,2202.91,3515.82,8.74,20,1,0,47.8,0.627,-14,Stage 2
8064,term,East,debt_consolidation,2023-02-22,746,736,7024.47,3665.93,,10.79,1,0,0,22.6,,-10,Stage 1
8065,revolving,South,home_improvement,2024-08-26,722,708,5817.12,5320.68,8477.73,9.64,0,0,0,4.3,0.628,-14,Stage 1
8066,term,South,debt_consolidation,2022-06-25,605,575,13279.29,2393.0,,9.35,27,0,0,30.7,,-30,Stage 2
8067,term,South,personal,2022-09-19,575,539,16125.21,6674.46,,3.0,54,0,0,27.8,,-36,Stage 2
8068,term,North,home_improvement,2023-11-24,613,580,7627.52,6033.43,,7.83,38,0,0,13.5,,-33,Stage 2
8069,term,West,debt_consolidation,2021-01-07,633,611,20632.37,6232.96,,4.11,21,0,0,48.5,,-22,Stage 1
8070,term,North,auto,2021-02-09,661,640,23160.66,5782.05,,5.52,23,0,0,47.4,,-21,Stage 1
8071,term,South,home_improvement,2024-09-15,750,744,12049.17,11493.19,,11.78,0,0,0,3.6,,-6,Stage 1
8072,term,North,debt_consolidation,2023-06-28,647,632,24042.26,14231.52,,8.28,18,0,0,18.4,,-15,Stage 1
8073,revolving,West,debt_consolidation,2021-03-03,780,781,8064.48,2482.14,6868.84,13.71,3,0,0,46.7,0.361,1,Stage 1
8074,term,North,auto,2024-01-15,579,564,10094.03,6858.38,,10.92,28,1,1,11.7,,-15,Stage 2
8075,revolving,East,personal,2024-02-14,659,642,29470.67,20202.02,40874.34,6.69,22,0,0,10.7,0.494,-17,Stage 1
8076,term,South,auto,2024-08-13,727,716,14877.65,13633.34,,7.51,4,0,0,4.7,,-11,Stage 1
8077,term,South,debt_consolidation,2022-01-14,730,723,16407.91,1640.79,,10.68,1,0,0,36.1,,-7,Stage 1
8078,term,South,auto,2021-11-18,659,648,3916.54,391.65,,10.38,9,0,0,38.0,,-11,Stage 1
8079,term,North,auto,2023-01-03,740,754,22894.26,11579.95,,11.63,3,0,0,24.3,,14,Stage 1
8080,term,North,debt_consolidation,2024-11-19,728,723,22879.75,22432.73,,3.0,2,0,0,1.4,,-5,Stage 1
8081,term,North,personal,2024-10-12,639,621,20605.49,19401.3,,4.03,21,0,0,2.7,,-18,Stage 1
8082,term,South,auto,2023-04-19,698,696,2470.31,1163.49,,6.93,6,0,0,20.8,,-2,Stage 1
8083,term,North,auto,2022-02-23,722,708,6245.36,3533.57,,10.74,3,0,0,34.8,,-14,Stage 1
8084,term,South,home_improvement,2024-09-21,643,622,10609.22,9573.36,,11.13,21,0,0,3.4,,-21,Stage 1
8085,term,North,home_improvement,2021-01-20,781,783,38983.66,3898.37,,3.0,4,0,0,48.1,,2,Stage 1
8086,term,South,debt_consolidation,2022-02-16,629,599,6071.91,607.19,,6.11,17,0,0,35.0,,-30,Stage 2
8087,revolving,East,debt_consolidation,2022-07-03,688,661,17492.73,6121.71,16315.32,10.42,10,1,0,30.4,0.375,-27,Stage 2
8088,revolving,North,debt_consolidation,2024-07-06,605,586,21689.23,19764.3,32507.1,5.68,34,1,0,6.0,0.608,-19,Stage 2
8089,term,South,home_improvement,2022-08-28,686,662,16163.45,11266.8,,9.6,8,0,0,28.6,,-24,Stage 1
8090,revolving,East,debt_consolidation,2021-12-23,615,601,16936.97,4870.16,12967.57,10.16,30,0,0,36.8,0.376,-14,Stage 2
8091,revolving,East,auto,2021-07-20,662,641,15606.16,7994.14,16425.04,7.3,9,0,0,42.0,0.487,-21,Stage 1
8092,term,West,auto,2024-12-05,584,555,3674.31,3624.05,,9.02,47,0,0,0.9,,-29,Stage 2
8093,term,North,personal,2024-08-04,727,701,1786.87,1613.12,,8.4,1,0,0,5.0,,-26,Stage 1
8094,revolving,South,debt_consolidation,2023-12-08,701,693,10469.87,7696.07,12228.28,10.34,4,0,0,13.0,0.629,-8,Stage 1
8095,term,West,auto,2023-02-04,745,744,14651.68,7798.16,,8.14,2,0,0,23.2,,-1,Stage 1
8096,revolving,North,auto,2024-10-25,659,647,7199.54,6865.18,10446.21,3.36,14,0,0,2.3,0.657,-12,Stage 1
8097,term,East,personal,2021-08-19,748,750,26975.0,9380.35,,10.53,0,0,0,41.0,,2,Stage 1
8098,term,North,auto,2024-01-24,682,650,16333.87,12148.62,,8.77,13,0,0,11.4,,-32,Stage 2
8099,term,South,personal,2021-10-30,686,659,16916.98,5675.2,,10.51,5,0,0,38.6,,-27,Stage 1
8100,term,East,personal,2024-05-26,806,795,13506.67,11568.9,,6.32,9,0,0,7.3,,-11,Stage 1
8101,revolving,West,home_improvement,2022-01-22,650,627,3334.98,1406.75,2744.26,8.06,15,0,0,35.8,0.513,-23,Stage 1
8102,revolving,North,auto,2022-12-16,753,739,20649.15,14237.19,37986.62,7.34,0,0,0,24.9,0.375,-14,Stage 1
8103,term,North,home_improvement,2023-07-14,708,700,17125.08,13234.18,,11.58,1,0,0,17.9,,-8,Stage 1
8104,term,West,auto,2024-01-20,645,625,5971.9,4189.08,,10.88,17,0,0,11.6,,-20,Stage 1
8105,revolving,North,home_improvement,2021-02-27,601,580,7039.04,703.9,1725.05,13.39,37,0,0,46.8,0.408,-21,Stage 2
8106,term,North,personal,2022-03-10,618,600,18268.43,11753.06,,8.53,24,0,0,34.3,,-18,Stage 1
8107,term,North,personal,2022-06-06,747,721,9389.33,1598.95,,5.12,1,0,0,31.3,,-26,Stage 1
8108,term,East,personal,2023-02-07,784,792,6697.94,5143.86,,5.75,6,0,0,23.1,,8,Stage 1
8109,revolving,East,personal,2023-04-09,685,667,6571.41,4805.96,8672.33,11.62,5,0,0,21.1,0.554,-18,Stage 1
8110,revolving,South,auto,2022-04-28,688,683,23342.81,14444.11,36658.34,12.85,7,0,0,32.6,0.394,-5,Stage 1
8111,term,North,debt_consolidation,2022-01-02,726,702,54908.26,19947.23,,4.91,4,0,0,36.5,,-24,Stage 1
8112,term,South,auto,2023-06-08,684,675,11020.6,8240.31,,7.38,8,0,0,19.1,,-9,Stage 1
8113,revolving,East,home_improvement,2024-12-01,745,740,12158.38,11958.84,19372.14,5.54,1,0,0,1.0,0.617,-5,Stage 1
8114,term,North,auto,2024-09-16,697,700,12938.65,12304.35,,14.87,3,0,0,3.6,,3,Stage 1
8115,term,South,auto,2024-06-12,688,676,20629.02,16996.86,,10.04,5,0,0,6.8,,-12,Stage 1
8116,term,North,home_improvement,2023-06-02,638,627,2706.17,2049.37,,6.25,20,0,0,19.3,,-11,Stage 1
8117,revolving,North,personal,2022-02-15,623,584,10869.72,6338.15,12958.36,6.09,24,0,1,35.0,0.489,-39,Stage 2
8118,term,West,home_improvement,2021-07-02,490,450,1947.21,688.36,,13.24,102,1,1,42.6,,-40,Stage 3
8119,term,South,home_improvement,2024-08-03,754,741,7815.61,7155.47,,10.81,0,0,0,5.0,,-13,Stage 1
8120,term,East,debt_consolidation,2024-02-21,671,651,13045.75,10679.04,,8.98,15,0,0,10.5,,-20,Stage 1
8121,term,South,debt_consolidation,2021-06-07,655,636,47498.59,25647.63,,7.6,17,0,1,43.5,,-19,Stage 1
8122,term,South,personal,2024-09-08,562,524,12793.67,11915.14,,7.67,53,1,0,3.8,,-38,Stage 2
8123,term,South,home_improvement,2021-01-13,641,627,6434.97,1683.21,,4.72,19,0,0,48.3,,-14,Stage 1
8124,term,West,home_improvement,2022-07-20,633,621,7361.16,2722.82,,6.76,18,0,0,29.9,,-12,Stage 1
8125,term,North,home_improvement,2023-05-22,632,601,8431.91,6062.42,,7.51,20,0,1,19.7,,-31,Stage 2
8126,term,East,auto,2022-07-09,699,689,20656.8,4921.42,,8.48,6,0,0,30.2,,-10,Stage 1
8127,term,West,debt_consolidation,2022-11-09,687,654,1000.0,359.55,,8.64,6,0,0,26.1,,-33,Stage 2
8128,revolving,East,debt_consolidation,2023-05-13,598,582,12614.35,9668.95,19195.96,11.76,35,0,1,20.0,0.504,-16,Stage 2
8129,revolving,West,personal,2022-09-10,602,578,45675.22,25914.59,50941.6,6.7,23,0,0,28.1,0.509,-24,Stage 1
8130,term,North,debt_consolidation,2021-07-23,602,576,12671.0,3190.42,,13.1,26,0,1,41.9,,-26,Stage 1
8131,revolving,East,debt_consolidation,2023-08-15,788,804,1000.0,767.7,2054.45,8.53,5,0,0,16.8,0.374,16,Stage 1
8132,term,South,personal,2021-10-29,769,769,4287.84,1218.96,,9.97,1,0,0,38.7,,0,Stage 1
8133,revolving,West,home_improvement,2023-12-03,628,634,6576.46,4372.56,11703.94,12.04,25,0,1,13.2,0.374,6,Stage 1
8134,term,East,auto,2023-03-06,561,519,5322.6,4110.33,,10.52,51,0,0,22.2,,-42,Stage 2
8135,term,North,personal,2022-08-20,687,663,28657.11,19287.46,,11.15,4,0,0,28.8,,-24,Stage 1
8136,term,East,debt_consolidation,2022-12-30,682,676,7840.61,2766.48,,7.14,7,1,0,24.4,,-6,Stage 2
8137,term,West,personal,2022-05-21,699,684,9485.74,2841.98,,8.44,5,0,0,31.9,,-15,Stage 1
8138,revolving,North,debt_consolidation,2022-10-01,724,726,8410.72,4868.74,11249.46,11.12,1,1,0,27.4,0.433,2,Stage 2
8139,term,South,home_improvement,2021-07-10,707,686,10902.6,1090.26,,11.19,2,0,0,42.4,,-21,Stage 1
8140,term,West,home_improvement,2023-06-18,613,601,14560.7,8802.11,,9.47,23,0,0,18.8,,-12,Stage 1
8141,term,West,home_improvement,2021-03-01,697,684,7028.32,702.83,,11.1,7,0,0,46.7,,-13,Stage 1
8142,revolving,North,debt_consolidation,2024-11-03,731,723,19433.69,18368.21,32507.01,6.49,3,0,0,2.0,0.565,-8,Stage 1
8143,term,West,personal,2024-12-23,636,603,16826.93,16531.39,,10.96,27,0,0,0.3,,-33,Stage 2
8144,term,East,debt_consolidation,2021-03-03,697,696,35361.89,16331.93,,11.73,8,0,0,46.7,,-1,Stage 1
8145,revolving,South,home_improvement,2021-10-29,646,631,22787.34,2278.73,4329.89,8.98,17,0,0,38.7,0.526,-15,Stage 1
8146,term,East,home_improvement,2022-09-30,799,806,18994.2,10768.16,,9.5,4,0,0,27.5,,7,Stage 1
8147,term,North,home_improvement,2023-09-26,600,561,4380.0,2802.74,,3.0,42,0,0,15.4,,-39,Stage 2
8148,revolving,West,debt_consolidation,2021-06-21,749,741,16888.0,7957.48,18996.29,13.13,3,0,0,43.0,0.419,-8,Stage 1
8149,term,South,auto,2021-03-04,579,550,12455.96,2576.21,,10.02,49,0,0,46.6,,-29,Stage 2
8150,term,North,home_improvement,2023-02-11,787,773,8278.18,5324.27,,10.73,3,0,0,23.0,,-14,Stage 1
8151,term,East,personal,2021-01-16,611,594,7035.46,703.55,,9.98,26,0,0,48.2,,-17,Stage 1
8152,revolving,West,home_improvement,2022-11-22,691,687,10527.56,7270.64,20253.08,10.37,4,0,0,25.7,0.359,-4,Stage 1
8153,term,West,debt_consolidation,2023-04-22,582,540,28898.53,22706.86,,10.15,50,0,1,20.7,,-42,Stage 2
8154,revolving,North,personal,2024-01-30,599,573,20801.54,15675.07,32419.25,13.42,36,0,1,11.2,0.484,-26,Stage 2
8155,revolving,East,debt_consolidation,2024-04-14,733,734,41304.19,34400.82,91227.88,16.42,2,0,0,8.7,0.377,1,Stage 1
8156,term,West,auto,2024-05-01,741,752,10449.8,8769.97,,12.26,1,0,0,8.2,,11,Stage 1
8157,revolving,East,auto,2023-06-18,694,689,13004.04,8485.39,15076.0,12.74,5,0,0,18.8,0.563,-5,Stage 1
8158,term,South,debt_consolidation,2024-07-20,724,705,7373.38,6946.92,,7.65,0,0,0,5.5,,-19,Stage 1
8159,term,West,home_improvement,2023-07-22,742,726,19603.72,14418.49,,8.34,1,0,0,17.6,,-16,Stage 1
8160,revolving,South,personal,2021-06-24,638,620,7870.99,787.1,1623.56,10.09,24,0,0,42.9,0.485,-18,Stage 1
8161,revolving,West,home_improvement,2024-06-11,596,577,4599.55,3832.34,7888.93,10.61,39,0,0,6.8,0.486,-19,Stage 2
8162,term,North,debt_consolidation,2024-05-24,679,664,2661.25,2164.74,,10.12,12,0,0,7.4,,-15,Stage 1
8163,term,West,debt_consolidation,2022-02-21,645,621,36091.57,3609.16,,6.11,22,0,0,34.8,,-24,Stage 1
8164,term,West,home_improvement,2022-03-27,703,699,17512.46,7367.02,,7.74,3,0,0,33.7,,-4,Stage 1
8165,term,East,personal,2023-04-16,712,712,2927.67,1957.82,,7.9,4,0,0,20.9,,0,Stage 1
8166,term,East,personal,2021-10-07,639,616,11390.18,1139.02,,10.39,26,0,0,39.4,,-23,Stage 1
8167,term,South,personal,2021-09-01,722,713,20899.2,2089.92,,8.04,2,0,0,40.6,,-9,Stage 1
8168,term,South,personal,2022-11-06,719,716,24776.22,6873.53,,8.39,2,0,0,26.2,,-3,Stage 1
8169,term,South,personal,2021-05-26,723,710,5146.96,514.7,,8.21,1,0,0,43.9,,-13,Stage 1
8170,term,West,auto,2023-12-27,655,646,9817.08,8429.2,,10.88,11,0,0,12.4,,-9,Stage 1
8171,revolving,West,auto,2021-04-13,726,713,19099.7,6528.61,12077.83,12.6,5,0,0,45.3,0.541,-13,Stage 1
8172,revolving,South,debt_consolidation,2021-11-06,711,710,18078.89,1807.89,3234.38,6.6,6,0,0,38.4,0.559,-1,Stage 1
8173,term,North,auto,2021-04-27,718,701,10480.76,1048.08,,11.29,2,0,0,44.8,,-17,Stage 1
8174,term,North,personal,2023-02-02,780,802,19864.11,10962.37,,6.28,2,0,0,23.3,,22,Stage 1
8175,term,West,personal,2024-09-06,699,686,28790.26,26168.24,,10.95,8,1,1,3.9,,-13,Stage 2
8176,term,North,personal,2024-12-29,643,630,22251.03,21628.77,,5.2,20,0,0,0.1,,-13,Stage 1
8177,term,North,debt_consolidation,2024-10-25,613,602,16116.5,15230.53,,13.14,26,0,0,2.3,,-11,Stage 1
8178,revolving,South,debt_consolidation,2023-01-08,747,740,5276.07,2906.84,5508.2,8.18,0,0,1,24.1,0.528,-7,Stage 1
8179,term,North,home_improvement,2021-07-06,701,692,8402.59,840.26,,9.65,4,0,0,42.5,,-9,Stage 1
8180,term,North,auto,2023-02-24,780,780,13146.79,5974.22,,9.34,0,0,0,22.6,,0,Stage 1
8181,term,West,auto,2022-12-08,558,548,7587.16,2627.11,,13.08,60,0,0,25.2,,-10,Stage 2
8182,term,West,home_improvement,2023-05-26,734,744,12931.85,9617.01,,7.02,2,0,0,19.5,,10,Stage 1
8183,term,West,home_improvement,2023-03-07,664,640,18956.29,9377.49,,8.84,14,0,0,22.2,,-24,Stage 1
8184,revolving,North,auto,2022-04-18,658,630,22390.67,2778.23,7701.39,9.47,15,1,0,33.0,0.361,-28,Stage 2
8185,term,South,personal,2022-07-10,634,619,5797.51,1849.69,,11.92,29,1,0,30.2,,-15,Stage 2
8186,term,East,auto,2022-11-13,733,727,32668.47,22786.85,,6.72,1,0,0,26.0,,-6,Stage 1
8187,term,West,personal,2021-04-04,716,722,9887.46,4731.87,,3.0,0,0,0,45.6,,6,Stage 1
8188,revolving,West,debt_consolidation,2023-01-06,611,591,2793.21,1649.02,4694.69,5.56,33,0,1,24.2,0.351,-20,Stage 2
8189,term,West,auto,2023-03-01,689,676,5033.02,2599.49,,11.17,6,0,0,22.4,,-13,Stage 1
8190,term,South,auto,2021-02-07,722,704,8138.11,813.81,,9.23,0,0,0,47.5,,-18,Stage 1
8191,revolving,East,debt_consolidation,2023-02-21,690,672,31314.62,13598.02,22857.06,8.79,12,0,0,22.7,0.595,-18,Stage 1
8192,term,East,debt_consolidation,2022-04-27,746,733,15400.81,10087.47,,6.46,3,0,0,32.7,,-13,Stage 1
8193,term,West,debt_consolidation,2021-04-21,662,641,36214.52,10572.02,,9.21,9,0,0,45.0,,-21,Stage 1
8194,term,North,debt_consolidation,2022-02-14,544,508,12756.61,1275.66,,10.53,63,0,1,35.1,,-36,Stage 2
8195,term,West,debt_consolidation,2024-04-06,691,674,9443.06,7889.62,,8.64,3,0,0,9.0,,-17,Stage 1
8196,term,West,home_improvement,2022-02-01,690,677,33345.88,20944.09,,12.89,4,0,0,35.5,,-13,Stage 1
8197,term,North,home_improvement,2024-02-25,698,691,12370.14,9106.87,,11.53,3,0,0,10.4,,-7,Stage 1
8198,term,North,debt_consolidation,2021-02-11,746,750,21200.57,2120.06,,8.6,2,0,0,47.3,,4,Stage 1
8199,term,West,debt_consolidation,2021-02-10,562,539,10153.43,4023.1,,11.07,55,0,0,47.4,,-23,Stage 2
8200,term,South,debt_consolidation,2022-02-03,665,634,14084.44,4228.18,,9.21,7,0,0,35.4,,-31,Stage 2
8201,term,South,debt_consolidation,2021-07-01,624,590,15321.16,8110.34,,9.92,28,0,0,42.7,,-34,Stage 2
8202,term,North,personal,2024-04-19,607,579,9978.41,7576.41,,8.31,34,1,0,8.6,,-28,Stage 2
8203,revolving,West,personal,2023-01-14,675,648,21051.48,13636.24,38504.92,9.54,6,0,0,23.9,0.354,-27,Stage 1
8204,term,South,debt_consolidation,2022-12-19,722,717,26177.64,8843.52,,4.54,1,0,0,24.8,,-5,Stage 1
8205,term,West,debt_consolidation,2022-04-09,698,685,27492.56,4501.02,,6.61,6,0,0,33.3,,-13,Stage 1
8206,term,West,auto,2023-12-10,638,619,9763.2,7314.4,,12.54,22,0,0,12.9,,-19,Stage 1
8207,term,West,debt_consolidation,2024-12-02,671,668,9638.65,9510.77,,8.04,11,0,0,1.0,,-3,Stage 1
8208,term,South,debt_consolidation,2024-11-25,735,724,37717.18,36422.02,,5.84,0,0,0,1.2,,-11,Stage 1
8209,term,East,home_improvement,2024-03-15,720,699,11737.39,10111.71,,13.97,6,0,0,9.7,,-21,Stage 1
8210,term,West,personal,2021-10-25,646,625,6296.73,2963.28,,8.11,20,0,0,38.8,,-21,Stage 1
8211,term,South,debt_consolidation,2021-05-25,642,601,1729.08,636.74,,10.61,17,0,0,43.9,,-41,Stage 2
8212,revolving,East,personal,2021-01-16,577,547,8680.04,2055.68,4275.6,7.47,45,1,1,48.2,0.481,-30,Stage 2
8213,term,North,personal,2024-01-14,654,611,14604.98,11547.86,,11.77,23,0,0,11.8,,-43,Stage 2
8214,term,South,auto,2024-05-24,575,547,3091.13,2409.15,,9.01,41,0,0,7.4,,-28,Stage 2
8215,term,East,personal,2023-12-12,804,817,24472.64,17147.35,,3.97,8,0,0,12.9,,13,Stage 1
8216,term,South,personal,2021-04-17,628,612,30457.14,14432.01,,15.22,20,0,0,45.2,,-16,Stage 1
8217,term,East,debt_consolidation,2021-08-07,746,743,12018.97,6266.12,,7.25,0,0,0,41.4,,-3,Stage 1
8218,term,East,home_improvement,2023-07-24,789,794,15522.83,12465.21,,8.05,1,0,0,17.6,,5,Stage 1
8219,term,South,debt_consolidation,2021-12-03,692,671,4953.86,1370.69,,5.37,7,0,0,37.5,,-21,Stage 1
8220,revolving,North,debt_consolidation,2023-07-10,673,637,2647.08,1790.96,4880.62,3.61,5,0,0,18.0,0.367,-36,Stage 2
8221,revolving,West,home_improvement,2022-01-06,600,562,24401.34,2440.13,6825.92,12.29,28,0,0,36.4,0.357,-38,Stage 2
8222,term,East,home_improvement,2023-09-25,649,636,3709.9,2692.94,,9.62,11,0,0,15.5,,-13,Stage 1
8223,term,West,auto,2023-03-21,776,784,7692.26,4569.97,,3.19,1,0,0,21.7,,8,Stage 1
8224,revolving,North,home_improvement,2021-09-11,701,702,5949.21,594.92,942.38,7.87,3,0,0,40.3,0.631,1,Stage 1
8225,term,West,debt_consolidation,2024-11-29,681,653,12643.75,12284.24,,10.13,7,0,0,1.1,,-28,Stage 1
8226,term,West,home_improvement,2022-08-03,758,766,18045.96,4142.74,,10.81,0,0,0,29.4,,8,Stage 1
8227,term,South,home_improvement,2022-09-28,721,699,12449.09,4010.71,,6.34,2,0,0,27.5,,-22,Stage 1
8228,term,South,home_improvement,2023-11-20,671,659,23835.16,17411.33,,7.46,16,0,0,13.6,,-12,Stage 1
8229,term,North,personal,2021-07-04,692,685,4848.69,484.87,,6.97,10,0,0,42.6,,-7,Stage 1
8230,term,South,auto,2024-08-05,633,605,19358.42,17591.34,,7.87,23,0,0,5.0,,-28,Stage 1
8231,term,East,personal,2024-10-14,646,635,3724.99,3540.33,,9.68,19,0,0,2.6,,-11,Stage 1
8232,term,North,personal,2022-04-19,667,629,4959.18,536.12,,11.44,13,0,0,32.9,,-38,Stage 2
8233,revolving,South,auto,2023-09-12,713,693,16190.77,11865.47,23771.95,9.7,5,0,0,15.9,0.499,-20,Stage 1
8234,term,South,personal,2024-11-24,605,572,26878.13,26270.83,,9.8,26,0,0,1.3,,-33,Stage 2
8235,term,North,home_improvement,2023-09-11,684,676,65369.83,50411.33,,8.42,6,0,0,15.9,,-8,Stage 1
8236,term,East,auto,2024-03-02,656,644,44876.91,40153.4,,5.48,17,0,1,10.2,,-12,Stage 1
8237,revolving,North,personal,2022-05-17,625,605,28801.42,6060.95,13987.8,8.56,22,0,0,32.0,0.433,-20,Stage 1
8238,revolving,South,debt_consolidation,2023-05-24,656,640,23667.4,18773.59,39849.36,7.72,15,0,1,19.6,0.471,-16,Stage 1
8239,term,South,personal,2024-01-06,540,519,13838.86,10422.34,,6.94,75,1,1,12.0,,-21,Stage 2
8240,term,North,debt_consolidation,2021-12-16,634,609,18112.9,1811.29,,9.05,19,0,0,37.1,,-25,Stage 1
8241,revolving,East,home_improvement,2021-03-01,614,586,14116.83,1411.68,3745.11,4.31,38,0,0,46.7,0.377,-28,Stage 2
8242,term,East,debt_consolidation,2023-05-29,663,644,33431.26,26542.03,,7.61,10,0,0,19.4,,-19,Stage 1
8243,term,West,personal,2022-04-10,543,500,20204.61,4199.25,,6.93,57,0,0,33.2,,-43,Stage 2
8244,term,East,personal,2021-11-07,691,684,9406.67,940.67,,6.48,5,0,0,38.4,,-7,Stage 1
8245,term,North,personal,2024-01-20,734,714,4975.3,4023.39,,10.74,2,0,0,11.6,,-20,Stage 1
8246,term,East,auto,2023-07-20,672,654,4856.83,3913.59,,9.37,12,0,0,17.7,,-18,Stage 1
8247,term,East,auto,2023-08-23,709,707,4971.86,3649.36,,10.41,3,0,0,16.6,,-2,Stage 1
8248,term,West,personal,2024-08-14,649,627,5499.69,5225.67,,10.28,20,0,0,4.7,,-22,Stage 1
8249,revolving,East,personal,2024-09-10,586,548,2679.19,2511.85,6159.77,6.04,42,0,0,3.8,0.408,-38,Stage 2
8250,revolving,West,home_improvement,2021-10-07,680,669,9106.38,910.64,1740.02,12.28,6,0,0,39.4,0.523,-11,Stage 1
8251,revolving,West,auto,2022-12-12,720,718,14728.17,4323.0,9848.96,7.57,2,0,0,25.0,0.439,-2,Stage 1
8252,revolving,East,auto,2023-08-25,600,579,8133.34,5678.2,15414.51,12.39,30,1,0,16.5,0.368,-21,Stage 2
8253,term,South,auto,2024-02-16,652,639,19927.02,13909.69,,7.85,20,0,0,10.7,,-13,Stage 1
8254,term,North,debt_consolidation,2022-11-26,665,641,27097.57,8271.19,,5.18,15,0,0,25.6,,-24,Stage 1
8255,term,North,personal,2023-06-29,850,850,22251.92,14413.66,,5.85,18,0,0,18.4,,0,Stage 1
8256,revolving,East,home_improvement,2022-07-21,693,690,28642.17,4801.75,8490.44,11.85,7,0,0,29.8,0.566,-3,Stage 1
8257,term,North,home_improvement,2021-09-28,565,528,8931.96,1749.91,,10.63,37,0,0,39.7,,-37,Stage 2
8258,revolving,North,personal,2024-01-30,550,520,4108.64,3018.37,6687.22,6.76,60,0,1,11.2,0.451,-30,Stage 2
8259,term,West,personal,2024-11-12,723,716,26937.34,26482.2,,9.66,2,0,0,1.7,,-7,Stage 1
8260,revolving,South,home_improvement,2024-08-02,829,836,8540.04,7554.61,17314.36,11.92,13,0,0,5.1,0.436,7,Stage 1
8261,term,North,debt_consolidation,2023-09-07,663,650,27684.5,17398.44,,13.89,9,0,0,16.1,,-13,Stage 1
8262,term,South,home_improvement,2023-12-13,659,641,14834.12,11724.25,,9.46,17,0,0,12.8,,-18,Stage 1
8263,revolving,North,debt_consolidation,2023-04-21,705,699,46005.2,20717.68,52735.29,9.97,5,0,0,20.7,0.393,-6,Stage 1
8264,term,South,debt_consolidation,2023-10-01,632,620,3507.18,2708.65,,8.51,29,0,0,15.3,,-12,Stage 1
8265,revolving,South,auto,2021-08-28,527,496,17297.11,2097.52,5672.06,9.04,74,0,1,40.7,0.37,-31,Stage 2
8266,term,North,personal,2024-05-22,742,729,19793.97,16821.29,,10.72,0,0,0,7.5,,-13,Stage 1
8267,term,West,auto,2021-12-27,643,635,16482.34,4811.22,,5.75,20,0,0,36.7,,-8,Stage 1
8268,term,South,debt_consolidation,2024-10-19,743,736,23481.23,22877.54,,10.95,1,0,0,2.5,,-7,Stage 1
8269,term,South,home_improvement,2023-01-04,634,615,7294.99,2098.38,,7.84,15,0,0,24.3,,-19,Stage 1
8270,term,North,auto,2023-05-02,687,669,16505.93,8158.37,,6.79,6,0,0,20.3,,-18,Stage 1
8271,term,South,home_improvement,2023-05-10,731,736,44703.19,35280.19,,6.8,1,0,0,20.1,,5,Stage 1
8272,term,South,debt_consolidation,2022-12-02,744,732,13682.37,7654.41,,14.71,1,0,0,25.4,,-12,Stage 1
8273,term,West,home_improvement,2024-09-12,693,679,3790.32,3556.74,,12.89,4,0,0,3.7,,-14,Stage 1
8274,term,South,auto,2023-04-16,690,702,11749.74,7622.53,,6.41,12,0,1,20.9,,12,Stage 1
8275,term,West,debt_consolidation,2023-04-03,717,689,4566.07,2543.61,,9.81,2,0,0,21.3,,-28,Stage 1
8276,revolving,South,personal,2021-04-07,707,687,14171.31,7523.14,17700.1,9.69,1,0,0,45.5,0.425,-20,Stage 1
8277,term,South,auto,2021-11-23,602,588,25551.91,12237.79,,14.2,44,1,0,37.8,,-14,Stage 2
8278,term,West,auto,2021-03-14,603,579,19704.56,7625.43,,7.68,40,0,0,46.3,,-24,Stage 2
8279,term,West,personal,2023-09-21,553,527,17247.26,13175.77,,3.0,48,0,1,15.6,,-26,Stage 2
8280,term,East,debt_consolidation,2024-07-03,725,703,39128.68,32716.99,,8.64,0,0,0,6.1,,-22,Stage 1
8281,term,South,personal,2024-04-08,656,636,5990.15,5409.55,,8.18,12,0,0,8.9,,-20,Stage 1
8282,revolving,West,auto,2023-09-21,729,720,19421.59,14641.96,37105.66,10.37,0,0,0,15.6,0.395,-9,Stage 1
8283,revolving,South,debt_consolidation,2021-11-29,704,693,12196.27,1219.63,2347.2,11.58,4,0,0,37.6,0.52,-11,Stage 1
8284,term,South,home_improvement,2024-03-26,619,597,50330.72,37811.61,,12.43,27,0,0,9.4,,-22,Stage 1
8285,term,South,auto,2024-12-13,672,635,18253.53,17850.09,,12.34,12,1,0,0.6,,-37,Stage 2
8286,revolving,North,home_improvement,2022-04-03,652,632,35104.24,17422.88,45329.57,10.95,10,0,0,33.5,0.384,-20,Stage 1
8287,term,East,personal,2023-01-04,643,638,3894.42,1707.94,,12.15,16,0,0,24.3,,-5,Stage 1
8288,term,North,debt_consolidation,2023-05-26,734,724,21833.31,10685.11,,4.9,1,0,0,19.5,,-10,Stage 1
8289,term,East,personal,2023-05-08,830,826,10886.63,7228.66,,8.23,14,0,0,20.1,,-4,Stage 1
8290,term,South,home_improvement,2021-04-09,746,734,14264.34,7082.74,,9.02,1,0,0,45.4,,-12,Stage 1
8291,revolving,South,auto,2023-01-02,678,675,9380.22,2585.29,4575.98,10.37,7,0,0,24.3,0.565,-3,Stage 1
8292,term,West,debt_consolidation,2023-07-14,755,725,7519.44,5193.58,,7.11,2,0,0,17.9,,-30,Stage 2
8293,term,East,personal,2021-09-01,782,787,11801.99,1180.2,,6.99,4,0,0,40.6,,5,Stage 1
8294,term,East,home_improvement,2024-05-02,596,574,7500.42,6650.0,,7.94,30,0,0,8.1,,-22,Stage 2
8295,revolving,North,home_improvement,2024-10-30,753,740,17216.44,16236.3,38836.02,10.31,1,0,0,2.1,0.418,-13,Stage 1
8296,revolving,East,auto,2022-10-24,726,747,19847.43,4712.55,9462.26,3.0,0,0,0,26.7,0.498,21,Stage 1
8297,term,South,home_improvement,2023-10-03,751,755,13059.44,8663.27,,8.94,0,0,0,15.2,,4,Stage 1
8298,term,West,debt_consolidation,2022-01-02,728,721,2279.8,227.98,,6.83,3,0,0,36.5,,-7,Stage 1
8299,term,North,home_improvement,2024-03-24,666,661,25088.9,18554.36,,6.42,10,0,1,9.4,,-5,Stage 1
8300,revolving,West,auto,2022-05-14,801,808,29394.01,4199.73,8250.15,10.0,4,0,0,32.1,0.509,7,Stage 1
8301,revolving,East,personal,2021-04-23,700,692,11915.52,1191.55,2232.62,9.43,4,0,0,45.0,0.534,-8,Stage 1
8302,term,East,debt_consolidation,2023-08-03,653,637,40952.59,30244.87,,9.61,19,0,0,17.2,,-16,Stage 1
8303,revolving,North,personal,2023-11-14,710,694,6345.31,5260.52,15099.17,9.51,4,0,0,13.8,0.348,-16,Stage 1
8304,term,East,personal,2021-10-10,738,741,18684.91,1868.49,,13.2,0,0,0,39.3,,3,Stage 1
8305,term,West,home_improvement,2024-08-08,685,670,13118.71,11225.21,,12.53,1,1,0,4.9,,-15,Stage 2
8306,term,South,home_improvement,2024-10-18,703,703,35677.66,34497.78,,4.82,5,0,0,2.5,,0,Stage 1
8307,term,North,auto,2022-02-05,685,682,13844.14,2044.78,,7.54,6,0,0,35.4,,-3,Stage 1
8308,term,East,home_improvement,2022-07-22,640,629,3158.33,1190.35,,7.89,21,0,0,29.8,,-11,Stage 1
8309,term,West,home_improvement,2024-07-13,630,604,3601.25,3297.42,,4.44,18,0,0,5.7,,-26,Stage 1
8310,term,South,personal,2023-12-14,595,560,3171.32,2186.51,,17.17,46,0,0,12.8,,-35,Stage 2
8311,term,East,debt_consolidation,2022-12-15,771,768,22038.31,9340.89,,9.31,2,1,0,24.9,,-3,Stage 2
8312,term,North,home_improvement,2022-02-26,666,649,23584.44,8595.29,,5.44,7,0,0,34.7,,-17,Stage 1
8313,term,East,debt_consolidation,2023-04-29,474,428,6259.31,4937.63,,12.2,97,0,1,20.4,,-46,Stage 3
8314,term,East,home_improvement,2024-06-20,703,701,8177.9,6764.29,,9.4,4,0,0,6.5,,-2,Stage 1
8315,term,East,home_improvement,2024-10-09,702,699,30536.01,29299.39,,6.72,4,0,0,2.8,,-3,Stage 1
8316,term,South,auto,2024-11-12,568,546,23811.44,22864.81,,11.09,57,1,1,1.7,,-22,Stage 2
8317,revolving,South,home_improvement,2024-04-16,630,623,7150.76,5293.92,10664.63,11.75,19,0,0,8.7,0.496,-7,Stage 1
8318,revolving,East,auto,2022-04-20,627,607,31943.71,3194.37,5625.67,11.08,28,0,0,32.9,0.568,-20,Stage 1
8319,revolving,East,personal,2022-02-09,635,603,15714.3,4812.18,14275.5,10.64,23,0,0,35.2,0.337,-32,Stage 2
8320,term,North,debt_consolidation,2021-02-05,752,761,22126.18,9834.31,,6.88,2,0,0,47.5,,9,Stage 1
8321,term,East,home_improvement,2021-12-24,671,660,9668.15,966.81,,4.07,11,1,0,36.8,,-11,Stage 2
8322,term,West,auto,2022-07-12,654,647,15719.86,10866.08,,5.39,17,0,0,30.1,,-7,Stage 1
8323,term,West,personal,2024-09-12,747,746,3849.03,3616.95,,7.57,0,0,0,3.7,,-1,Stage 1
8324,term,North,home_improvement,2023-12-04,709,692,8465.41,5731.81,,3.8,3,0,0,13.1,,-17,Stage 1
8325,term,South,auto,2021-11-16,575,534,4562.46,456.25,,14.41,43,0,0,38.1,,-41,Stage 2
8326,revolving,East,auto,2023-01-08,643,633,12795.68,6151.17,12373.71,6.01,16,0,0,24.1,0.497,-10,Stage 1
8327,term,North,personal,2022-10-20,699,683,10234.24,5718.01,,8.43,4,0,0,26.8,,-16,Stage 1
8328,revolving,South,home_improvement,2022-04-17,623,611,5303.95,3149.09,9427.85,9.41,20,0,0,33.0,0.334,-12,Stage 1
8329,revolving,North,home_improvement,2024-07-16,801,782,9709.21,8620.74,25584.39,12.31,2,0,0,5.6,0.337,-19,Stage 1
8330,term,South,debt_consolidation,2022-06-09,686,679,8117.03,2482.15,,10.47,4,0,0,31.2,,-7,Stage 1
8331,revolving,East,home_improvement,2021-01-25,634,619,26075.33,2607.53,6096.88,9.59,33,0,0,47.9,0.428,-15,Stage 2
8332,term,North,auto,2022-10-02,612,604,3822.39,732.17,,16.01,35,0,0,27.4,,-8,Stage 2
8333,revolving,East,debt_consolidation,2024-03-26,735,724,15433.42,11625.0,22397.94,13.83,0,0,0,9.4,0.519,-11,Stage 1
8334,term,North,debt_consolidation,2023-05-26,641,621,10644.32,8080.25,,10.19,14,0,1,19.5,,-20,Stage 1
8335,revolving,South,home_improvement,2024-04-23,702,706,18788.1,14278.13,37412.36,9.87,4,0,0,8.4,0.382,4,Stage 1
8336,term,North,debt_consolidation,2021-06-23,610,600,13063.39,2524.42,,8.6,31,1,0,42.9,,-10,Stage 2
8337,revolving,West,auto,2024-11-18,684,664,6166.7,6060.96,14173.62,11.18,5,0,0,1.5,0.428,-20,Stage 1
8338,term,West,auto,2021-07-05,641,611,31219.88,3121.99,,7.89,22,0,0,42.5,,-30,Stage 2
8339,term,North,personal,2024-07-28,661,645,24922.66,21749.83,,6.78,12,0,0,5.2,,-16,Stage 1
8340,revolving,West,auto,2023-09-28,632,621,19143.02,15581.72,23422.9,13.18,18,1,0,15.4,0.665,-11,Stage 2
8341,revolving,East,personal,2024-08-11,741,741,23302.51,22051.87,36659.66,6.71,0,0,0,4.8,0.602,0,Stage 1
8342,term,West,debt_consolidation,2022-06-12,650,630,8964.75,896.47,,8.89,18,0,0,31.1,,-20,Stage 1
8343,term,West,personal,2024-04-26,671,677,2220.93,1787.92,,7.84,19,0,0,8.3,,6,Stage 1
8344,term,East,home_improvement,2024-12-06,674,656,36063.49,35514.01,,8.8,12,0,0,0.9,,-18,Stage 1
8345,revolving,East,personal,2023-08-30,776,778,5631.25,3766.59,7483.0,9.61,2,0,0,16.3,0.503,2,Stage 1
8346,revolving,South,home_improvement,2022-11-15,733,714,13718.06,5581.29,13147.79,9.02,2,0,0,25.9,0.425,-19,Stage 1
8347,revolving,East,debt_consolidation,2021-07-05,727,712,16506.18,2817.48,4631.38,6.37,2,0,0,42.5,0.608,-15,Stage 1
8348,term,North,personal,2022-07-29,585,558,14796.95,8606.41,,7.78,37,0,0,29.6,,-27,Stage 2
8349,term,West,auto,2024-08-17,640,625,4753.23,4506.6,,10.96,25,0,0,4.6,,-15,Stage 1
8350,term,South,home_improvement,2021-11-05,751,724,18818.13,1881.81,,9.67,0,0,0,38.4,,-27,Stage 1
8351,revolving,East,debt_consolidation,2024-04-27,609,577,16427.98,13413.35,35037.84,10.19,28,1,0,8.3,0.383,-32,Stage 2
8352,term,West,auto,2024-12-05,685,649,5030.79,4976.55,,11.71,9,0,0,0.9,,-36,Stage 2
8353,revolving,North,home_improvement,2022-06-22,616,576,1942.21,343.33,537.81,10.62,29,0,0,30.8,0.638,-40,Stage 2
8354,term,North,debt_consolidation,2024-11-11,622,615,15334.5,14816.84,,7.2,25,0,1,1.7,,-7,Stage 1
8355,term,South,debt_consolidation,2023-05-08,780,772,27146.82,16774.55,,9.98,1,0,0,20.1,,-8,Stage 1
8356,term,North,auto,2021-07-12,723,736,7853.57,4318.53,,9.9,0,0,0,42.3,,13,Stage 1
8357,term,West,debt_consolidation,2024-04-01,738,718,30841.97,22824.03,,4.24,1,0,0,9.2,,-20,Stage 1
8358,term,East,personal,2021-02-22,727,727,4688.72,1861.52,,3.98,1,0,0,47.0,,0,Stage 1
8359,term,North,debt_consolidation,2022-04-20,671,658,29485.76,7420.85,,10.33,14,0,1,32.9,,-13,Stage 1
8360,term,East,home_improvement,2021-06-23,638,618,12732.84,5833.45,,7.31,22,0,0,42.9,,-20,Stage 1
8361,revolving,West,home_improvement,2024-05-04,655,623,6349.57,5102.93,10092.88,7.62,14,0,0,8.1,0.506,-32,Stage 2
8362,term,West,home_improvement,2024-05-19,668,648,18275.95,15132.73,,9.82,12,0,1,7.6,,-20,Stage 1
8363,term,East,personal,2022-12-01,786,785,24042.91,17048.28,,9.05,2,0,0,25.4,,-1,Stage 1
8364,term,West,auto,2022-01-25,599,570,29601.71,15207.39,,8.83,33,0,1,35.7,,-29,Stage 2
8365,term,South,personal,2024-08-24,646,631,18265.05,16264.48,,13.49,15,0,0,4.3,,-15,Stage 1
8366,revolving,North,personal,2022-04-02,625,598,6127.32,612.73,1733.4,8.25,24,0,0,33.5,0.353,-27,Stage 1
8367,term,South,personal,2024-09-16,743,732,5649.29,5299.32,,9.78,0,0,0,3.6,,-11,Stage 1
8368,revolving,South,debt_consolidation,2024-09-14,791,791,9165.12,8530.85,21888.15,7.23,1,0,0,3.6,0.39,0,Stage 1
8369,term,South,auto,2023-11-19,698,695,5148.12,4057.57,,12.11,5,0,0,13.6,,-3,Stage 1
8370,term,East,debt_consolidation,2021-05-02,703,712,27798.59,2779.86,,10.01,5,0,0,44.7,,9,Stage 1
8371,term,East,personal,2022-02-22,685,664,6604.58,2835.99,,14.28,4,0,0,34.8,,-21,Stage 1
8372,term,West,home_improvement,2021-06-08,706,672,15386.55,7621.23,,9.43,4,0,0,43.4,,-34,Stage 2
8373,term,East,personal,2022-08-21,726,726,6570.28,3776.93,,9.93,2,0,0,28.8,,0,Stage 1
8374,revolving,West,auto,2022-05-31,705,707,15463.49,5898.44,16496.36,8.88,6,0,0,31.5,0.358,2,Stage 1
8375,term,East,home_improvement,2023-10-23,709,686,53400.86,40277.04,,13.72,4,0,0,14.5,,-23,Stage 1
8376,term,West,auto,2024-08-18,726,730,4444.71,4049.8,,10.11,3,0,0,4.5,,4,Stage 1
8377,term,North,personal,2024-01-08,573,550,28217.43,20394.48,,8.75,53,0,1,12.0,,-23,Stage 2
8378,term,West,auto,2022-10-21,680,653,11775.15,6651.23,,6.32,11,0,0,26.8,,-27,Stage 1
8379,term,North,debt_consolidation,2022-11-09,698,659,18167.65,9019.92,,3.0,6,0,0,26.1,,-39,Stage 2
8380,term,West,home_improvement,2021-11-11,704,686,14039.21,1403.92,,9.27,3,0,0,38.2,,-18,Stage 1
8381,term,East,auto,2021-11-24,669,664,5879.19,587.92,,8.09,13,0,0,37.8,,-5,Stage 1
8382,term,East,home_improvement,2021-10-03,689,670,5634.58,563.46,,3.0,4,0,0,39.5,,-19,Stage 1
8383,term,North,home_improvement,2022-12-17,636,616,4228.78,2884.75,,7.77,16,0,0,24.9,,-20,Stage 1
8384,revolving,South,personal,2022-03-28,573,527,39052.59,8615.84,23858.87,5.88,35,0,0,33.7,0.361,-46,Stage 2
8385,term,South,personal,2022-05-01,738,739,5396.88,539.69,,14.0,0,0,0,32.5,,1,Stage 1
8386,term,West,home_improvement,2024-02-05,611,583,16672.99,12055.32,,8.81,25,1,0,11.0,,-28,Stage 2
8387,revolving,East,auto,2022-07-21,670,664,14789.05,9576.3,17278.12,12.71,10,0,0,29.8,0.554,-6,Stage 1
8388,term,South,home_improvement,2021-09-03,635,603,81113.32,8111.33,,10.35,16,0,0,40.5,,-32,Stage 2
8389,term,East,personal,2023-07-24,775,756,79779.87,58340.13,,12.05,2,0,0,17.6,,-19,Stage 1
8390,term,East,auto,2023-06-08,675,668,17397.82,7602.58,,15.9,8,0,0,19.1,,-7,Stage 1
8391,term,East,home_improvement,2021-06-13,661,651,37932.29,7132.08,,11.45,17,0,0,43.3,,-10,Stage 1
8392,term,West,personal,2022-06-11,724,709,6267.56,3735.84,,18.63,0,0,0,31.2,,-15,Stage 1
8393,revolving,North,home_improvement,2021-01-01,809,836,12333.07,1926.25,4135.81,10.87,7,0,0,48.7,0.466,27,Stage 1
8394,revolving,West,home_improvement,2023-05-13,704,695,19534.3,13524.22,23976.56,12.66,2,0,0,20.0,0.564,-9,Stage 1
8395,revolving,South,home_improvement,2021-05-17,657,638,53968.87,5396.89,12816.69,8.0,17,0,0,44.2,0.421,-19,Stage 1
8396,revolving,North,auto,2021-05-31,721,716,9503.22,950.32,2044.69,4.72,1,0,0,43.7,0.465,-5,Stage 1
8397,term,South,personal,2024-04-18,585,562,8359.75,7247.58,,3.0,41,0,1,8.6,,-23,Stage 2
8398,term,North,personal,2023-10-01,682,679,1604.09,969.72,,11.65,7,0,0,15.3,,-3,Stage 1
8399,revolving,North,debt_consolidation,2023-11-08,799,794,18570.47,15176.12,37684.0,7.54,4,0,0,14.0,0.403,-5,Stage 1
8400,revolving,West,home_improvement,2024-06-02,689,677,28672.55,25794.27,63810.21,7.98,4,0,0,7.1,0.404,-12,Stage 1
8401,term,East,home_improvement,2024-02-03,686,671,5631.34,4880.68,,7.94,6,0,0,11.1,,-15,Stage 1
8402,revolving,East,debt_consolidation,2023-09-26,681,668,45614.95,30259.8,85367.26,7.0,9,0,0,15.4,0.354,-13,Stage 1
8403,term,North,home_improvement,2022-11-29,656,654,3960.29,2860.78,,13.97,23,0,0,25.5,,-2,Stage 1
8404,term,West,auto,2023-12-25,698,684,11942.75,8370.29,,6.35,5,0,0,12.4,,-14,Stage 1
8405,term,South,debt_consolidation,2021-11-29,726,716,10566.45,4963.09,,10.47,1,0,0,37.6,,-10,Stage 1
8406,term,South,personal,2022-01-07,660,643,3446.29,552.33,,10.47,7,0,0,36.3,,-17,Stage 1
8407,term,East,home_improvement,2024-05-15,530,494,17673.73,14633.86,,4.55,82,1,1,7.7,,-36,Stage 2
8408,term,East,personal,2024-06-06,707,694,17265.59,15750.95,,10.73,1,0,0,7.0,,-13,Stage 1
8409,term,South,home_improvement,2022-08-04,807,813,3035.68,2063.53,,5.55,9,0,0,29.4,,6,Stage 1
8410,term,South,debt_consolidation,2024-03-11,657,640,19672.47,17574.41,,8.73,11,0,0,9.9,,-17,Stage 1
8411,term,West,personal,2022-11-17,591,567,16719.66,11143.72,,7.85,41,1,0,25.9,,-24,Stage 2
8412,revolving,South,home_improvement,2022-12-10,720,717,33176.64,15873.05,36906.06,9.16,1,0,0,25.1,0.43,-3,Stage 1
8413,term,West,auto,2024-09-16,784,792,19820.58,18332.2,,10.81,5,0,0,3.6,,8,Stage 1
8414,term,East,debt_consolidation,2023-07-17,711,710,57170.16,40646.5,,6.36,4,0,0,17.8,,-1,Stage 1
8415,term,South,home_improvement,2023-01-10,783,792,7709.22,5636.88,,7.25,2,0,0,24.1,,9,Stage 1
8416,term,East,home_improvement,2021-09-28,727,724,6783.84,678.38,,4.12,0,0,0,39.7,,-3,Stage 1
8417,revolving,North,home_improvement,2022-12-12,722,701,1547.07,1032.1,2040.48,5.74,3,0,0,25.0,0.506,-21,Stage 1
8418,term,North,debt_consolidation,2021-11-21,648,622,6696.5,669.65,,11.28,10,0,0,37.9,,-26,Stage 1
8419,revolving,North,home_improvement,2023-09-17,697,680,12491.08,9863.0,16383.39,7.89,8,0,0,15.7,0.602,-17,Stage 1
8420,term,South,home_improvement,2023-03-09,678,661,15781.64,11490.01,,11.73,5,1,0,22.1,,-17,Stage 2
8421,term,East,personal,2023-07-09,676,654,6687.23,3460.05,,6.15,6,0,0,18.1,,-22,Stage 1
8422,term,South,personal,2022-07-01,664,639,16864.45,5242.19,,6.69,13,1,0,30.5,,-25,Stage 2
8423,term,East,debt_consolidation,2023-12-29,693,666,8258.37,7102.81,,12.31,7,0,0,12.3,,-27,Stage 1
8424,term,West,debt_consolidation,2023-06-27,602,573,4754.08,3726.3,,9.69,45,1,0,18.5,,-29,Stage 2
8425,term,South,auto,2021-07-31,728,721,11252.69,4637.41,,4.53,0,0,0,41.7,,-7,Stage 1
8426,term,North,home_improvement,2024-11-06,627,602,15861.97,15219.7,,7.3,22,0,0,1.9,,-25,Stage 1
8427,term,West,personal,2024-12-14,664,644,12615.93,12264.31,,11.58,7,0,0,0.6,,-20,Stage 1
8428,revolving,East,personal,2022-08-20,699,689,46160.5,6667.85,14346.89,8.49,10,0,0,28.8,0.465,-10,Stage 1
8429,term,South,home_improvement,2021-02-17,624,607,4006.23,1116.01,,12.65,24,0,0,47.1,,-17,Stage 1
8430,term,East,home_improvement,2021-08-19,562,534,21418.91,2141.89,,5.12,60,0,1,41.0,,-28,Stage 2
8431,term,East,debt_consolidation,2022-08-02,657,643,18838.57,3818.9,,12.64,17,0,0,29.4,,-14,Stage 1
8432,term,South,auto,2023-08-08,594,575,7329.52,5574.02,,5.45,35,0,0,17.1,,-19,Stage 2
8433,term,South,auto,2024-01-18,722,708,15899.97,12307.77,,9.74,1,0,0,11.6,,-14,Stage 1
8434,revolving,East,debt_consolidation,2023-07-21,610,597,15056.18,7425.45,13532.42,11.84,23,0,1,17.7,0.549,-13,Stage 1
8435,revolving,East,debt_consolidation,2021-02-21,769,761,13367.0,1580.0,2619.03,9.39,4,0,0,47.0,0.603,-8,Stage 1
8436,term,West,personal,2022-02-26,679,661,29877.66,6970.38,,10.72,9,0,0,34.7,,-18,Stage 1
8437,term,North,debt_consolidation,2022-09-03,683,646,2464.83,1140.24,,12.07,9,1,0,28.4,,-37,Stage 2
8438,term,East,auto,2022-03-22,561,525,7135.67,2010.32,,10.42,55,0,0,33.9,,-36,Stage 2
8439,term,North,personal,2023-08-19,688,661,17893.04,9311.36,,8.06,5,0,0,16.7,,-27,Stage 1
8440,term,West,auto,2021-05-11,675,671,40878.23,20214.35,,8.32,12,0,1,44.4,,-4,Stage 1
8441,term,North,home_improvement,2022-08-23,602,585,15667.86,9143.83,,6.46,35,0,0,28.7,,-17,Stage 2
8442,term,North,auto,2022-01-09,685,665,24130.93,6763.06,,5.35,7,0,0,36.3,,-20,Stage 1
8443,term,West,personal,2022-07-05,656,633,31924.11,17622.53,,12.95,14,0,1,30.4,,-23,Stage 1
8444,term,East,auto,2022-06-14,666,635,15957.69,5486.42,,10.84,10,0,0,31.1,,-31,Stage 2
8445,term,North,personal,2024-02-03,681,658,6177.43,5283.31,,13.34,6,0,0,11.1,,-23,Stage 1
8446,term,East,personal,2022-01-22,651,638,7391.86,749.14,,10.83,12,0,0,35.8,,-13,Stage 1
8447,term,East,debt_consolidation,2021-12-02,694,693,13886.14,2557.0,,7.94,5,0,0,37.5,,-1,Stage 1
8448,revolving,South,auto,2023-01-06,674,657,3230.19,1823.11,4479.56,5.5,12,1,0,24.2,0.407,-17,Stage 2
8449,term,East,debt_consolidation,2024-02-15,708,698,14631.11,10728.56,,7.46,3,0,0,10.7,,-10,Stage 1
8450,revolving,East,debt_consolidation,2023-10-22,648,630,9088.47,5548.8,9261.09,11.02,13,0,0,14.6,0.599,-18,Stage 1
8451,term,North,auto,2023-06-15,616,587,56311.01,24995.13,,6.86,35,0,1,18.9,,-29,Stage 2
8452,term,East,personal,2022-06-22,637,619,17952.53,2421.74,,12.95,24,0,0,30.8,,-18,Stage 1
8453,term,East,home_improvement,2024-12-30,766,760,16412.71,15933.18,,7.92,0,0,0,0.1,,-6,Stage 1
8454,term,South,auto,2022-05-11,737,736,14965.54,3221.6,,5.38,4,0,0,32.2,,-1,Stage 1
8455,revolving,South,debt_consolidation,2023-11-02,752,746,6437.35,5266.08,14999.45,8.06,1,0,0,14.2,0.351,-6,Stage 1
8456,term,North,debt_consolidation,2024-08-10,756,736,2186.24,2078.16,,9.69,1,0,0,4.8,,-20,Stage 1
8457,term,North,personal,2022-05-23,652,638,6531.89,2581.75,,14.1,12,0,0,31.8,,-14,Stage 1
8458,term,South,debt_consolidation,2022-11-12,697,686,28581.39,10717.39,,9.34,3,0,0,26.0,,-11,Stage 1
8459,revolving,South,home_improvement,2022-07-19,684,665,9954.73,5029.69,8737.82,7.13,10,0,1,29.9,0.576,-19,Stage 1
8460,term,West,debt_consolidation,2023-02-20,719,709,16733.2,7580.57,,13.25,4,0,0,22.7,,-10,Stage 1
8461,revolving,East,personal,2023-01-30,662,635,25494.89,16635.43,44970.44,12.45,13,0,0,23.4,0.37,-27,Stage 1
8462,revolving,North,auto,2021-05-08,685,660,19232.76,2106.49,5390.02,8.68,5,0,0,44.5,0.391,-25,Stage 1
8463,term,North,personal,2024-01-05,684,666,29153.14,22300.54,,4.14,13,0,0,12.1,,-18,Stage 1
8464,revolving,East,debt_consolidation,2024-07-16,711,703,5913.67,5110.78,12769.03,7.25,5,0,0,5.6,0.4,-8,Stage 1
8465,revolving,East,personal,2021-05-26,719,713,19822.6,1982.26,4260.33,11.18,2,0,0,43.9,0.465,-6,Stage 1
8466,term,North,debt_consolidation,2024-11-27,685,659,3716.46,3635.28,,12.75,7,0,0,1.2,,-26,Stage 1
8467,term,South,personal,2022-05-14,687,673,9013.08,4950.68,,9.43,7,0,0,32.1,,-14,Stage 1
8468,term,South,auto,2023-08-24,693,669,27918.94,16364.33,,8.75,4,0,0,16.5,,-24,Stage 1
8469,term,East,debt_consolidation,2022-07-14,778,777,5124.21,1554.99,,7.46,3,0,0,30.1,,-1,Stage 1
8470,term,North,home_improvement,2024-05-07,576,545,23508.41,21368.44,,11.24,62,0,0,8.0,,-31,Stage 2
8471,term,East,home_improvement,2023-07-13,621,600,9469.47,6173.8,,5.95,21,0,0,17.9,,-21,Stage 1
8472,term,South,home_improvement,2022-02-07,720,703,38333.14,8843.99,,7.36,1,0,0,35.3,,-17,Stage 1
8473,term,West,home_improvement,2023-09-03,696,696,7892.03,4278.9,,13.12,2,0,0,16.2,,0,Stage 1
8474,term,West,debt_consolidation,2024-05-17,695,701,10730.13,8627.43,,11.92,5,0,0,7.6,,6,Stage 1
8475,revolving,South,debt_consolidation,2021-12-08,720,708,4583.88,2665.13,5953.51,13.46,3,0,0,37.3,0.448,-12,Stage 1
8476,revolving,East,auto,2023-12-08,692,671,23872.95,15405.5,42746.71,7.04,6,0,0,13.0,0.36,-21,Stage 1
8477,term,West,personal,2022-06-25,646,616,63945.1,31155.44,,5.25,16,1,0,30.7,,-30,Stage 2
8478,term,South,debt_consolidation,2024-04-14,717,694,65856.86,49794.9,,13.44,2,0,0,8.7,,-23,Stage 1
8479,term,North,home_improvement,2022-05-26,681,676,13865.54,6109.34,,11.21,15,0,0,31.7,,-5,Stage 1
8480,revolving,East,debt_consolidation,2021-01-19,653,629,17063.11,1706.31,3841.63,12.08,14,0,0,48.1,0.444,-24,Stage 1
8481,term,East,home_improvement,2022-05-10,721,698,7476.33,3882.29,,11.26,3,0,0,32.2,,-23,Stage 1
8482,term,West,auto,2021-12-21,719,698,13242.25,3707.29,,14.57,2,0,0,36.9,,-21,Stage 1
8483,revolving,East,personal,2022-07-13,692,666,13077.13,4513.15,7486.66,11.13,5,0,0,30.1,0.603,-26,Stage 1
8484,revolving,West,debt_consolidation,2021-12-11,783,795,9786.67,2535.19,4758.34,9.63,1,0,0,37.2,0.533,12,Stage 1
8485,revolving,West,personal,2023-12-20,759,769,29826.72,22830.68,58952.77,9.97,2,0,0,12.6,0.387,10,Stage 1
8486,revolving,South,home_improvement,2022-11-19,740,731,8456.03,5642.68,8467.69,9.7,1,0,0,25.8,0.666,-9,Stage 1
8487,term,West,home_improvement,2021-08-17,833,835,28507.97,2850.8,,13.74,9,0,0,41.1,,2,Stage 1
8488,term,North,personal,2021-05-27,671,634,10489.67,1200.89,,12.77,10,0,0,43.8,,-37,Stage 2
8489,term,East,auto,2024-08-14,652,619,10945.07,9583.54,,13.77,13,0,0,4.7,,-33,Stage 2
8490,term,West,personal,2024-09-18,731,714,8482.35,7882.44,,3.0,1,0,0,3.5,,-17,Stage 1
8491,revolving,East,personal,2021-11-28,664,653,13361.41,3321.44,8715.55,8.31,12,0,0,37.7,0.381,-11,Stage 1
8492,term,West,debt_consolidation,2022-03-09,680,689,5824.63,3502.92,,6.33,9,0,0,34.3,,9,Stage 1
8493,term,South,debt_consolidation,2022-02-03,620,605,9916.68,6099.55,,14.64,29,0,0,35.4,,-15,Stage 1
8494,revolving,North,home_improvement,2023-04-16,716,704,5665.37,3403.47,8614.02,6.83,2,0,0,20.9,0.395,-12,Stage 1
8495,term,East,debt_consolidation,2024-09-20,591,566,2923.47,2809.19,,10.87,39,0,0,3.4,,-25,Stage 2
8496,revolving,South,auto,2024-05-17,674,659,7120.64,6023.45,17773.18,15.03,10,0,0,7.6,0.339,-15,Stage 1
8497,revolving,East,auto,2024-12-05,679,661,12961.77,12764.96,38226.75,10.07,10,0,0,0.9,0.334,-18,Stage 1
8498,term,South,auto,2022-08-10,653,633,32018.84,10626.44,,7.98,25,0,0,29.2,,-20,Stage 1
8499,term,North,home_improvement,2022-08-22,574,528,11852.69,5825.89,,9.7,48,0,0,28.8,,-46,Stage 2
8500,term,West,auto,2024-07-18,574,537,5119.99,4652.14,,5.01,50,0,0,5.6,,-37,Stage 2
8501,term,South,auto,2024-04-18,635,610,4518.61,3375.81,,4.58,18,0,0,8.6,,-25,Stage 1
8502,term,East,debt_consolidation,2024-12-09,712,690,14023.31,13722.96,,10.74,1,0,0,0.8,,-22,Stage 1
8503,term,East,home_improvement,2023-01-27,697,686,10907.48,7727.27,,3.0,5,0,0,23.5,,-11,Stage 1
8504,revolving,South,personal,2021-12-12,679,669,26820.46,2682.05,6883.96,8.87,6,0,0,37.2,0.39,-10,Stage 1
8505,term,North,auto,2023-11-03,626,617,41656.25,25628.3,,8.66,21,0,0,14.2,,-9,Stage 1
8506,revolving,North,debt_consolidation,2024-11-28,700,683,15450.05,14949.25,44814.14,14.94,6,0,0,1.1,0.334,-17,Stage 1
8507,term,West,personal,2023-01-08,572,524,37075.92,28009.73,,10.64,60,0,0,24.1,,-48,Stage 2
8508,term,West,auto,2022-01-15,536,518,7975.43,797.54,,8.21,76,0,0,36.1,,-18,Stage 2
8509,revolving,East,personal,2022-02-25,665,638,26128.96,3156.58,8186.14,11.88,16,0,0,34.7,0.386,-27,Stage 1
8510,term,East,personal,2024-04-18,647,648,12151.06,10729.95,,9.61,20,0,0,8.6,,1,Stage 1
8511,term,West,home_improvement,2023-10-08,740,748,20732.79,14563.85,,5.78,0,0,0,15.0,,8,Stage 1
8512,term,West,home_improvement,2024-07-30,689,672,3202.34,2895.68,,9.93,9,0,0,5.2,,-17,Stage 1
8513,revolving,West,auto,2022-02-22,779,774,11202.63,6433.92,10572.93,9.51,1,0,0,34.8,0.609,-5,Stage 1
8514,term,South,auto,2021-12-22,647,615,7939.93,793.99,,9.31,10,0,0,36.9,,-32,Stage 2
8515,term,West,home_improvement,2021-01-16,709,675,18130.81,1813.08,,10.4,2,0,0,48.2,,-34,Stage 2
8516,term,South,auto,2021-11-11,664,652,25040.32,13220.17,,12.25,11,0,0,38.2,,-12,Stage 1
8517,revolving,South,auto,2022-06-17,762,756,1156.81,397.69,1186.87,10.15,0,0,0,31.0,0.335,-6,Stage 1
8518,revolving,West,home_improvement,2023-11-06,667,662,26529.93,18895.42,34456.74,5.21,5,0,0,14.1,0.548,-5,Stage 1
8519,term,North,personal,2022-06-29,731,736,8710.79,3434.25,,4.5,1,0,0,30.6,,5,Stage 1
8520,revolving,North,auto,2022-11-25,615,573,14549.06,7101.87,19878.88,7.9,36,1,0,25.6,0.357,-42,Stage 2
8521,term,East,debt_consolidation,2021-03-10,655,637,26228.12,13233.96,,7.7,14,0,1,46.4,,-18,Stage 1
8522,term,West,home_improvement,2022-02-15,674,680,10961.75,2099.13,,10.11,9,0,0,35.0,,6,Stage 1
8523,term,East,auto,2023-12-12,755,740,18436.44,12045.55,,13.02,1,0,0,12.9,,-15,Stage 1
8524,term,West,auto,2023-12-25,548,527,12523.26,8486.37,,13.74,59,0,1,12.4,,-21,Stage 2
8525,term,East,home_improvement,2023-03-23,660,646,4080.1,2807.63,,7.1,21,0,0,21.7,,-14,Stage 1
8526,term,South,debt_consolidation,2023-07-08,658,643,44927.98,30819.22,,3.72,20,1,0,18.1,,-15,Stage 2
8527,term,West,debt_consolidation,2023-04-27,555,523,7260.72,3444.36,,9.2,59,1,1,20.5,,-32,Stage 2
8528,revolving,North,home_improvement,2023-01-10,652,621,8667.01,3864.63,11556.89,12.32,16,0,0,24.1,0.334,-31,Stage 2
8529,term,West,debt_consolidation,2024-07-19,587,543,21318.58,18308.09,,7.71,42,1,1,5.5,,-44,Stage 2
8530,term,East,auto,2022-03-15,540,500,26037.61,2603.76,,9.19,68,0,0,34.1,,-40,Stage 2
8531,revolving,East,debt_consolidation,2022-06-14,664,636,8603.49,988.87,2828.35,8.52,11,0,0,31.1,0.35,-28,Stage 1
8532,term,East,auto,2022-12-31,662,650,4914.86,3424.23,,13.77,10,0,0,24.4,,-12,Stage 1
8533,term,East,personal,2021-09-30,665,669,30264.93,13284.32,,15.93,10,0,0,39.6,,4,Stage 1
8534,revolving,East,debt_consolidation,2022-04-04,695,697,4215.17,421.52,914.03,11.01,6,1,0,33.4,0.461,2,Stage 2
8535,term,East,personal,2023-03-31,627,600,9989.76,4008.98,,11.08,27,0,0,21.4,,-27,Stage 1
8536,term,North,home_improvement,2024-04-11,787,798,10707.68,8737.45,,4.83,6,0,0,8.8,,11,Stage 1
8537,term,East,debt_consolidation,2022-07-22,678,671,26534.38,9086.45,,7.74,8,0,0,29.8,,-7,Stage 1
8538,revolving,North,auto,2023-05-11,757,755,58099.91,42416.69,78535.26,11.66,2,0,0,20.0,0.54,-2,Stage 1
8539,term,West,debt_consolidation,2022-05-12,579,568,9126.54,4540.03,,10.22,52,0,0,32.2,,-11,Stage 2
8540,revolving,South,home_improvement,2023-03-06,629,589,22048.73,13459.52,39452.53,10.54,25,0,0,22.2,0.341,-40,Stage 2
8541,term,North,home_improvement,2023-03-16,721,705,17477.61,11100.23,,3.88,1,0,0,21.9,,-16,Stage 1
8542,term,West,auto,2024-01-01,666,657,14143.69,9781.04,,3.0,9,1,0,12.2,,-9,Stage 2
8543,revolving,South,debt_consolidation,2023-07-23,615,595,5501.55,2688.87,7602.69,14.87,34,1,0,17.6,0.354,-20,Stage 2
8544,term,North,personal,2023-09-19,569,533,27470.66,16816.33,,8.55,51,0,0,15.7,,-36,Stage 2
8545,term,North,home_improvement,2023-04-20,723,700,5534.03,2399.49,,4.0,1,0,0,20.7,,-23,Stage 1
8546,term,West,home_improvement,2024-04-10,719,694,7667.58,6053.75,,8.63,1,0,0,8.9,,-25,Stage 1
8547,revolving,East,auto,2022-09-27,694,680,13711.76,9269.14,26431.12,4.7,9,0,0,27.6,0.351,-14,Stage 1
8548,term,North,debt_consolidation,2022-08-26,650,638,8517.07,3416.55,,5.55,12,0,0,28.6,,-12,Stage 1
8549,term,North,personal,2023-01-06,613,602,4688.03,2658.61,,6.77,28,0,0,24.2,,-11,Stage 1
8550,term,West,debt_consolidation,2024-08-08,676,650,9298.47,8304.98,,4.69,11,0,0,4.9,,-26,Stage 1
8551,revolving,East,debt_consolidation,2024-06-29,601,573,10906.77,9280.92,17513.64,3.0,40,0,1,6.2,0.53,-28,Stage 2
8552,term,South,personal,2024-12-03,634,604,27958.88,27141.23,,11.28,23,0,0,1.0,,-30,Stage 2
8553,term,East,auto,2023-09-18,755,754,21423.57,17266.28,,7.25,1,0,0,15.7,,-1,Stage 1
8554,term,East,home_improvement,2022-01-02,568,544,5668.53,566.85,,11.85,55,0,1,36.5,,-24,Stage 2
8555,term,West,auto,2021-09-13,720,702,41829.7,4182.97,,9.11,2,0,0,40.2,,-18,Stage 1
8556,term,East,auto,2022-03-16,769,753,39168.31,11966.03,,3.54,1,0,0,34.1,,-16,Stage 1
8557,term,West,debt_consolidation,2024-09-20,728,737,12411.64,11638.77,,8.91,1,0,0,3.4,,9,Stage 1
8558,term,South,personal,2022-03-11,703,692,8893.55,1486.66,,13.24,7,1,1,34.2,,-11,Stage 2
8559,revolving,North,home_improvement,2022-11-21,652,634,12931.52,7346.18,11191.16,8.7,18,0,0,25.7,0.656,-18,Stage 1
8560,revolving,North,debt_consolidation,2021-11-04,641,609,7762.16,776.22,1678.81,6.83,22,0,0,38.5,0.462,-32,Stage 2
8561,term,West,home_improvement,2024-01-24,545,510,8815.7,6319.08,,4.67,51,0,0,11.4,,-35,Stage 2
8562,revolving,West,debt_consolidation,2022-02-13,682,660,19445.88,10135.28,18058.19,7.27,5,0,0,35.1,0.561,-22,Stage 1
8563,term,East,personal,2023-04-06,655,631,24563.22,16195.32,,5.51,11,0,0,21.2,,-24,Stage 1
8564,revolving,East,home_improvement,2024-04-06,638,608,9978.99,8659.79,24756.04,7.57,18,0,0,9.0,0.35,-30,Stage 2
8565,term,North,home_improvement,2021-03-28,678,674,23645.02,2364.5,,3.0,3,0,0,45.8,,-4,Stage 1
8566,term,North,auto,2021-01-03,683,661,47178.81,18444.01,,5.35,9,0,0,48.6,,-22,Stage 1
8567,revolving,North,debt_consolidation,2022-01-07,641,630,8604.14,5069.19,13952.39,10.79,18,0,0,36.3,0.363,-11,Stage 1
8568,revolving,West,debt_consolidation,2022-10-04,776,762,11173.32,6367.05,18014.07,9.44,3,0,0,27.3,0.353,-14,Stage 1
8569,term,South,debt_consolidation,2023-11-13,723,728,9631.09,7339.35,,8.0,3,0,0,13.8,,5,Stage 1
8570,term,South,auto,2021-04-08,733,727,8254.63,1264.51,,5.19,0,0,0,45.5,,-6,Stage 1
8571,term,West,auto,2022-11-01,673,664,14466.18,5431.22,,13.93,12,0,0,26.4,,-9,Stage 1
8572,term,East,home_improvement,2021-11-17,710,682,8705.55,3209.55,,15.53,3,0,0,38.0,,-28,Stage 1
8573,term,South,debt_consolidation,2022-06-18,626,610,9379.55,1413.46,,5.28,26,0,1,30.9,,-16,Stage 1
8574,term,East,debt_consolidation,2023-03-31,719,731,7569.36,3331.07,,11.59,1,0,0,21.4,,12,Stage 1
8575,revolving,North,home_improvement,2022-01-02,667,652,9334.17,3242.62,4942.78,5.44,18,0,1,36.5,0.656,-15,Stage 1
8576,term,North,home_improvement,2024-04-22,618,620,13358.59,10251.46,,10.6,29,0,0,8.5,,2,Stage 1
8577,term,East,home_improvement,2022-02-21,678,645,10478.77,1224.53,,3.0,11,0,0,34.8,,-33,Stage 2
8578,term,North,personal,2022-12-30,662,635,11145.28,4275.92,,7.15,16,0,0,24.4,,-27,Stage 1
8579,term,West,personal,2024-05-22,819,827,14720.98,11945.3,,9.57,10,0,0,7.5,,8,Stage 1
8580,term,East,home_improvement,2023-04-28,706,685,7399.19,5161.31,,10.17,3,0,0,20.5,,-21,Stage 1
8581,term,East,auto,2022-11-01,774,793,15457.3,10418.74,,5.94,1,0,0,26.4,,19,Stage 1
8582,revolving,East,auto,2024-05-18,747,730,14864.16,12288.78,33074.81,10.77,1,0,0,7.6,0.372,-17,Stage 1
8583,revolving,South,debt_consolidation,2021-05-13,682,675,16661.01,1666.1,4349.76,8.74,11,0,0,44.3,0.383,-7,Stage 1
8584,term,East,personal,2021-02-22,653,628,28062.65,2806.26,,4.6,12,0,1,47.0,,-25,Stage 1
8585,term,East,personal,2023-01-11,575,527,23099.15,12258.63,,5.61,47,0,0,24.0,,-48,Stage 2
8586,term,East,home_improvement,2022-11-26,627,604,25765.72,17732.09,,13.93,31,1,0,25.6,,-23,Stage 2
8587,revolving,South,home_improvement,2021-01-23,719,706,10018.11,1001.81,2422.06,9.55,3,0,0,48.0,0.414,-13,Stage 1
8588,revolving,North,home_improvement,2024-02-04,661,648,12357.8,8338.55,15097.74,7.69,8,0,0,11.1,0.552,-13,Stage 1
8589,term,South,home_improvement,2022-04-05,702,699,14714.15,2565.08,,4.44,4,0,0,33.4,,-3,Stage 1
8590,term,West,home_improvement,2022-10-12,558,520,31552.84,16214.46,,7.28,60,0,1,27.1,,-38,Stage 2
8591,revolving,East,auto,2022-04-27,707,704,9268.62,1720.34,3509.7,9.59,7,0,0,32.7,0.49,-3,Stage 1
8592,term,West,auto,2021-04-30,745,739,12715.43,4941.59,,10.16,1,0,0,44.7,,-6,Stage 1
8593,term,South,home_improvement,2022-11-04,573,535,9522.58,2072.39,,9.38,51,0,1,26.3,,-38,Stage 2
8594,revolving,North,auto,2021-07-27,702,683,27834.38,2783.44,6972.85,6.95,3,0,0,41.8,0.399,-19,Stage 1
8595,revolving,North,home_improvement,2021-11-14,760,756,23419.29,2412.46,4032.02,3.29,1,0,0,38.1,0.598,-4,Stage 1
8596,term,East,home_improvement,2021-12-04,780,783,12460.48,4003.7,,8.71,2,0,0,37.5,,3,Stage 1
8597,term,North,personal,2021-06-04,649,629,13788.41,1378.84,,8.89,22,1,1,43.6,,-20,Stage 2
8598,term,South,auto,2023-05-18,726,715,23989.5,11635.91,,6.37,1,0,0,19.8,,-11,Stage 1
8599,term,South,auto,2024-03-24,765,754,14962.51,11823.77,,8.36,0,0,0,9.4,,-11,Stage 1
8600,term,North,personal,2022-01-29,704,693,7994.26,799.43,,9.3,0,0,0,35.6,,-11,Stage 1
8601,term,East,auto,2022-05-20,757,755,10181.67,3472.03,,9.98,0,0,0,31.9,,-2,Stage 1
8602,revolving,East,personal,2023-08-29,677,681,18063.69,12906.99,26677.94,11.45,10,0,0,16.4,0.484,4,Stage 1
8603,revolving,South,debt_consolidation,2021-11-09,703,682,9816.18,4752.28,12516.7,3.0,7,0,0,38.3,0.38,-21,Stage 1
8604,term,North,auto,2024-07-06,642,635,50903.81,44656.18,,10.38,19,0,0,6.0,,-7,Stage 1
8605,term,South,home_improvement,2024-03-26,670,661,4291.82,3763.24,,4.13,9,0,0,9.4,,-9,Stage 1
8606,term,South,personal,2021-01-14,706,693,26880.29,2688.03,,5.84,2,0,0,48.3,,-13,Stage 1
8607,term,West,home_improvement,2021-03-18,638,636,30501.42,3050.14,,12.25,22,0,1,46.2,,-2,Stage 1
8608,term,South,home_improvement,2024-09-24,666,648,19170.04,17607.42,,5.28,9,0,0,3.3,,-18,Stage 1
8609,term,East,auto,2022-02-13,725,719,10332.53,1033.25,,11.64,2,0,0,35.1,,-6,Stage 1
8610,revolving,North,personal,2022-01-29,803,801,2700.29,772.53,1913.79,7.21,8,0,0,35.6,0.404,-2,Stage 1
8611,term,North,debt_consolidation,2021-08-08,557,532,7796.63,2364.87,,13.51,52,0,1,41.4,,-25,Stage 2
8612,revolving,West,home_improvement,2023-01-14,798,799,28039.02,20588.55,37843.48,4.89,3,0,0,23.9,0.544,1,Stage 1
8613,revolving,West,home_improvement,2022-03-09,664,638,1860.15,1056.17,2467.08,8.73,10,0,0,34.3,0.428,-26,Stage 1
8614,term,East,debt_consolidation,2023-03-17,737,734,5286.27,3389.29,,3.0,2,0,0,21.9,,-3,Stage 1
8615,term,West,personal,2024-03-09,749,759,22888.83,18417.77,,9.28,2,0,0,9.9,,10,Stage 1
8616,revolving,South,auto,2023-09-15,773,764,4488.31,3691.96,9610.52,4.02,3,0,0,15.8,0.384,-9,Stage 1
8617,revolving,South,home_improvement,2022-10-16,636,624,17610.49,4983.53,13360.45,8.23,13,0,0,26.9,0.373,-12,Stage 1
8618,term,East,auto,2023-03-28,666,643,12330.49,8825.95,,6.36,12,0,0,21.5,,-23,Stage 1
8619,term,North,personal,2023-01-25,676,665,9682.08,5838.41,,14.41,11,0,0,23.6,,-11,Stage 1
8620,term,East,debt_consolidation,2022-11-07,658,646,38890.47,22944.14,,7.63,8,0,0,26.2,,-12,Stage 1
8621,revolving,West,auto,2023-04-12,759,767,3977.05,1580.64,2400.14,14.01,1,0,0,21.0,0.659,8,Stage 1
8622,term,North,personal,2024-01-25,675,651,12720.11,9654.21,,5.98,14,0,0,11.4,,-24,Stage 1
8623,term,North,auto,2021-01-28,582,552,14657.08,5510.96,,3.0,42,0,0,47.8,,-30,Stage 2
8624,revolving,North,auto,2023-09-15,642,617,1128.83,891.34,2481.41,11.28,22,0,0,15.8,0.359,-25,Stage 1
8625,term,West,home_improvement,2024-06-07,585,565,5484.21,4344.5,,5.33,39,0,0,6.9,,-20,Stage 2
8626,term,South,auto,2022-02-20,666,656,6202.62,1941.21,,12.34,18,0,0,34.9,,-10,Stage 1
8627,term,South,home_improvement,2021-01-25,720,712,6740.62,674.06,,8.57,0,0,0,47.9,,-8,Stage 1
8628,revolving,West,personal,2024-11-28,640,619,27870.01,27091.93,76663.45,10.8,12,0,0,1.1,0.353,-21,Stage 1
8629,term,West,personal,2022-11-04,655,646,18896.94,7336.78,,11.68,16,0,0,26.3,,-9,Stage 1
8630,term,East,home_improvement,2022-06-26,663,633,9471.76,6073.79,,15.65,12,0,0,30.7,,-30,Stage 2
8631,term,East,debt_consolidation,2021-06-14,688,676,13936.91,5079.4,,12.19,2,0,0,43.2,,-12,Stage 1
8632,term,South,auto,2021-07-27,710,709,4628.18,646.49,,9.57,2,0,0,41.8,,-1,Stage 1
8633,term,West,personal,2023-08-07,728,706,5308.36,3434.7,,11.6,2,0,0,17.1,,-22,Stage 1
8634,term,East,personal,2023-09-12,815,814,9915.43,7091.85,,11.28,4,0,0,15.9,,-1,Stage 1
8635,term,West,debt_consolidation,2022-09-06,687,669,4086.67,1266.17,,10.51,7,0,0,28.3,,-18,Stage 1
8636,revolving,West,personal,2022-01-08,724,711,2398.85,972.84,2336.43,15.08,1,0,0,36.3,0.416,-13,Stage 1
8637,revolving,South,home_improvement,2022-09-10,584,574,14003.47,6983.29,12188.02,8.32,35,0,0,28.1,0.573,-10,Stage 2
8638,term,South,debt_consolidation,2021-03-10,657,618,6287.84,628.78,,9.46,18,0,0,46.4,,-39,Stage 2
8639,term,West,personal,2024-10-08,663,641,21893.03,21222.81,,7.26,14,0,0,2.8,,-22,Stage 1
8640,term,North,debt_consolidation,2021-04-11,618,600,18987.22,4275.64,,17.3,21,0,0,45.4,,-18,Stage 1
8641,revolving,North,debt_consolidation,2021-01-01,647,636,13411.69,1580.66,3461.89,8.06,16,0,0,48.7,0.457,-11,Stage 1
8642,term,West,personal,2021-12-17,673,668,2330.48,1098.99,,10.06,18,0,0,37.0,,-5,Stage 1
8643,term,South,personal,2021-01-07,649,616,18464.24,1846.42,,6.13,19,0,1,48.5,,-33,Stage 2
8644,term,North,personal,2021-11-14,836,850,8208.41,3270.4,,7.76,8,0,0,38.1,,14,Stage 1
8645,term,South,debt_consolidation,2022-09-15,710,710,17607.7,9541.71,,12.05,2,0,0,28.0,,0,Stage 1
8646,term,North,home_improvement,2022-05-24,800,793,20368.95,13774.84,,8.61,8,0,0,31.8,,-7,Stage 1
8647,term,West,home_improvement,2021-07-05,769,757,7294.38,2248.85,,12.54,1,0,0,42.5,,-12,Stage 1
8648,term,East,auto,2022-12-29,641,609,9067.83,2723.52,,11.47,9,0,0,24.5,,-32,Stage 2
8649,revolving,East,personal,2022-04-07,682,645,8353.25,835.32,2341.87,8.69,7,0,0,33.3,0.357,-37,Stage 2
8650,term,South,home_improvement,2021-12-09,653,654,13933.17,2417.27,,6.34,26,0,0,37.3,,1,Stage 1
8651,term,South,auto,2022-09-27,670,654,47202.59,21547.08,,9.9,14,1,0,27.6,,-16,Stage 2
8652,term,North,auto,2022-12-14,621,580,18295.61,10528.83,,9.9,31,0,0,25.0,,-41,Stage 2
8653,term,West,personal,2023-10-29,653,612,8567.06,6078.24,,9.05,20,0,0,14.3,,-41,Stage 2
8654,term,North,auto,2022-07-30,701,679,4297.34,3008.73,,9.91,7,0,0,29.5,,-22,Stage 1
8655,term,West,home_improvement,2021-05-16,699,682,19945.49,1994.55,,6.89,1,0,0,44.2,,-17,Stage 1
8656,term,West,auto,2022-01-18,695,689,6851.69,3324.2,,10.99,1,0,0,36.0,,-6,Stage 1
8657,term,South,auto,2021-07-05,676,671,28516.17,5992.98,,10.28,9,0,0,42.5,,-5,Stage 1
8658,term,East,home_improvement,2022-10-01,731,726,5157.34,1208.92,,6.71,1,0,0,27.4,,-5,Stage 1
8659,term,East,auto,2023-07-17,664,648,39140.59,32059.5,,7.58,15,1,0,17.8,,-16,Stage 2
8660,revolving,South,auto,2024-10-27,763,762,11974.02,11514.49,29934.4,8.84,2,0,0,2.2,0.385,-1,Stage 1
8661,term,East,debt_consolidation,2023-08-22,569,552,16848.19,12803.81,,7.6,52,0,0,16.6,,-17,Stage 2
8662,term,South,auto,2022-07-15,719,710,8863.48,949.8,,6.67,2,0,0,30.0,,-9,Stage 1
8663,term,North,auto,2024-04-04,709,703,1792.3,1418.93,,12.12,3,0,0,9.1,,-6,Stage 1
8664,term,West,debt_consolidation,2023-06-17,639,607,12509.15,6223.1,,11.68,25,0,1,18.8,,-32,Stage 2
8665,term,East,debt_consolidation,2022-10-01,658,642,25399.66,7946.25,,10.82,10,0,0,27.4,,-16,Stage 1
8666,term,East,debt_consolidation,2021-11-17,707,691,6859.79,3819.21,,5.48,2,0,0,38.0,,-16,Stage 1
8667,revolving,North,personal,2024-03-26,734,730,10078.06,7474.88,21395.31,14.56,1,0,0,9.4,0.349,-4,Stage 1
8668,term,North,personal,2023-05-08,575,543,10241.42,7145.77,,9.95,62,1,0,20.1,,-32,Stage 2
8669,term,East,home_improvement,2023-09-25,717,711,22396.58,14058.99,,8.63,4,0,0,15.5,,-6,Stage 1
8670,revolving,East,auto,2021-10-12,652,626,9183.51,918.35,1896.18,11.49,13,0,0,39.2,0.484,-26,Stage 1
8671,revolving,South,home_improvement,2023-11-18,747,731,11092.27,6661.87,16940.07,8.65,0,0,0,13.7,0.393,-16,Stage 1
8672,term,South,personal,2021-12-17,569,531,25013.23,10211.98,,3.0,52,0,1,37.0,,-38,Stage 2
8673,term,East,auto,2021-03-24,826,823,35672.54,3567.25,,9.79,10,0,0,46.0,,-3,Stage 1
8674,term,South,auto,2022-10-28,626,607,7090.87,3044.54,,12.28,18,0,0,26.5,,-19,Stage 1
8675,term,North,debt_consolidation,2024-10-25,765,769,12379.27,11581.15,,10.15,1,0,0,2.3,,4,Stage 1
8676,term,West,personal,2022-06-25,675,661,22674.94,9850.82,,3.42,7,0,0,30.7,,-14,Stage 1
8677,term,South,auto,2024-11-19,630,610,7145.48,6900.79,,11.56,17,0,0,1.4,,-20,Stage 1
8678,revolving,West,debt_consolidation,2022-04-25,695,683,28492.53,15670.16,24853.13,9.82,11,0,0,32.7,0.631,-12,Stage 1
8679,term,South,auto,2021-08-01,741,745,26949.05,2694.9,,10.02,0,0,0,41.6,,4,Stage 1
8680,term,East,personal,2023-07-19,586,548,3278.18,1559.46,,4.43,45,0,0,17.7,,-38,Stage 2
8681,term,South,home_improvement,2021-12-26,722,715,14708.96,6138.64,,7.34,5,0,0,36.7,,-7,Stage 1
8682,revolving,West,home_improvement,2021-08-02,679,666,31381.12,3138.11,4949.64,5.7,5,0,0,41.6,0.634,-13,Stage 1
8683,term,West,auto,2021-10-31,714,712,10414.16,5973.97,,11.71,3,0,0,38.6,,-2,Stage 1
8684,term,East,debt_consolidation,2024-03-24,680,657,53074.97,39902.6,,10.42,8,0,0,9.4,,-23,Stage 1
8685,term,West,debt_consolidation,2024-11-04,645,641,33028.24,31789.4,,7.11,18,1,0,1.9,,-4,Stage 2
8686,term,East,debt_consolidation,2021-07-19,613,588,6010.16,601.02,,6.75,30,0,0,42.1,,-25,Stage 2
8687,term,East,personal,2021-08-26,720,698,5564.36,2112.28,,8.06,6,0,0,40.8,,-22,Stage 1
8688,term,West,home_improvement,2022-11-02,720,705,5349.62,3789.25,,9.87,2,0,0,26.4,,-15,Stage 1
8689,term,North,home_improvement,2024-04-05,719,716,12360.77,10054.17,,11.67,3,1,0,9.0,,-3,Stage 2
8690,term,West,auto,2024-06-03,705,692,11598.13,9587.56,,6.26,2,0,0,7.1,,-13,Stage 1
8691,term,West,home_improvement,2023-05-29,736,721,5281.82,3275.75,,10.08,0,0,0,19.4,,-15,Stage 1
8692,term,South,debt_consolidation,2021-09-08,764,774,20764.64,4845.72,,7.9,1,0,0,40.4,,10,Stage 1
8693,term,West,personal,2024-07-27,567,543,11334.14,10478.48,,3.0,43,0,0,5.3,,-24,Stage 2
8694,term,South,debt_consolidation,2022-04-21,539,503,30593.86,10485.72,,7.4,63,1,1,32.9,,-36,Stage 2
8695,term,South,debt_consolidation,2022-05-13,783,784,10779.81,1077.98,,10.21,4,0,0,32.1,,1,Stage 1
8696,term,West,home_improvement,2023-09-05,599,582,21117.42,14820.0,,6.55,28,0,0,16.1,,-17,Stage 1
8697,revolving,East,personal,2023-09-24,614,602,32300.64,19879.29,43358.91,10.05,31,0,1,15.5,0.458,-12,Stage 2
8698,term,North,personal,2022-12-02,662,639,8607.98,3037.79,,11.09,14,0,0,25.4,,-23,Stage 1
8699,term,West,debt_consolidation,2024-12-05,580,559,26088.32,25525.97,,12.46,47,0,0,0.9,,-21,Stage 2
8700,term,West,auto,2023-02-23,657,658,4407.62,2746.52,,5.81,12,0,1,22.6,,1,Stage 1
8701,revolving,East,home_improvement,2022-03-05,623,594,18849.11,4284.75,8485.15,12.53,21,0,0,34.4,0.505,-29,Stage 1
8702,revolving,South,auto,2022-06-23,665,652,6830.01,2576.21,7371.31,9.1,11,0,0,30.8,0.349,-13,Stage 1
8703,term,East,debt_consolidation,2023-06-20,696,688,9722.55,4879.09,,4.29,1,0,0,18.7,,-8,Stage 1
8704,term,East,home_improvement,2023-08-26,659,640,10181.81,7615.35,,8.28,13,0,0,16.5,,-19,Stage 1
8705,term,South,auto,2021-07-29,656,629,10044.75,4237.47,,8.11,13,0,0,41.7,,-27,Stage 1
8706,term,West,auto,2022-05-06,695,673,5614.4,2968.38,,7.38,3,0,0,32.4,,-22,Stage 1
8707,revolving,East,auto,2022-04-16,742,733,9713.21,4720.34,7371.82,5.29,2,0,0,33.0,0.64,-9,Stage 1
8708,term,East,home_improvement,2022-07-22,776,766,11863.27,4018.94,,9.72,1,0,0,29.8,,-10,Stage 1
8709,term,West,auto,2022-10-26,666,635,7542.02,3267.92,,8.82,7,0,1,26.6,,-31,Stage 2
8710,revolving,West,personal,2022-07-04,789,776,17375.18,10738.15,20386.8,7.35,6,0,0,30.4,0.527,-13,Stage 1
8711,revolving,North,debt_consolidation,2021-07-17,732,719,37249.52,3724.95,5668.32,6.13,1,0,0,42.1,0.657,-13,Stage 1
8712,term,East,home_improvement,2022-06-05,606,579,12230.05,8139.01,,3.51,26,0,0,31.4,,-27,Stage 1
8713,term,North,personal,2024-09-10,604,573,10053.04,9142.73,,13.64,40,1,0,3.8,,-31,Stage 2
8714,term,South,auto,2022-11-19,645,616,19027.58,13293.28,,8.2,20,0,0,25.8,,-29,Stage 1
8715,revolving,West,debt_consolidation,2022-04-12,766,773,16545.39,9971.07,16787.59,11.38,3,0,0,33.2,0.594,7,Stage 1
8716,revolving,West,auto,2022-08-19,649,619,7941.96,2073.07,3233.55,12.35,19,0,1,28.9,0.641,-30,Stage 2
8717,term,North,personal,2021-05-19,566,536,11462.93,1218.62,,12.12,41,0,0,44.1,,-30,Stage 2
8718,term,East,auto,2023-10-12,666,661,8966.55,6750.76,,11.01,16,0,0,14.9,,-5,Stage 1
8719,revolving,South,home_improvement,2021-08-30,561,532,17184.2,1718.42,3637.17,9.67,59,0,1,40.7,0.472,-29,Stage 2
8720,term,East,personal,2021-11-12,616,615,14687.66,1468.77,,3.9,31,1,0,38.2,,-1,Stage 2
8721,term,East,home_improvement,2022-10-29,644,629,14066.75,7092.97,,13.73,14,0,0,26.5,,-15,Stage 1
8722,revolving,North,debt_consolidation,2023-01-03,688,672,10112.35,6121.36,16709.75,5.58,6,0,0,24.3,0.366,-16,Stage 1
8723,term,East,home_improvement,2021-05-15,741,730,12373.14,1237.31,,13.48,2,0,0,44.2,,-11,Stage 1
8724,term,North,home_improvement,2024-04-26,721,719,22259.8,18032.22,,8.12,1,0,0,8.3,,-2,Stage 1
8725,revolving,West,auto,2022-08-02,609,591,17413.15,9657.56,16255.12,11.96,30,0,0,29.4,0.594,-18,Stage 2
8726,revolving,West,auto,2023-12-29,657,644,12018.31,9064.61,17221.51,11.56,12,0,1,12.3,0.526,-13,Stage 1
8727,term,West,personal,2022-03-15,684,663,19532.22,12149.06,,10.08,4,0,0,34.1,,-21,Stage 1
8728,term,South,debt_consolidation,2021-03-18,664,644,16501.15,6383.02,,10.07,18,0,0,46.2,,-20,Stage 1
8729,term,South,personal,2022-02-04,663,632,12948.12,6208.72,,8.46,12,0,0,35.4,,-31,Stage 2
8730,term,East,debt_consolidation,2022-01-09,576,546,12235.66,5620.76,,9.14,47,1,0,36.3,,-30,Stage 2
8731,term,North,debt_consolidation,2023-11-02,610,589,5515.24,4644.96,,9.12,36,0,0,14.2,,-21,Stage 2
8732,revolving,East,home_improvement,2023-01-28,655,630,13481.95,4221.79,9110.96,9.49,14,0,0,23.5,0.463,-25,Stage 1
8733,term,West,auto,2023-01-19,494,451,22662.66,12211.83,,8.6,101,1,1,23.8,,-43,Stage 3
8734,term,East,debt_consolidation,2023-02-03,718,705,3269.9,991.75,,5.01,2,0,0,23.3,,-13,Stage 1
8735,term,East,auto,2022-02-21,597,574,50970.43,21670.08,,7.75,33,0,0,34.8,,-23,Stage 2
8736,revolving,East,debt_consolidation,2021-07-26,721,700,12360.33,2478.9,6866.32,10.28,2,0,0,41.8,0.361,-21,Stage 1
8737,term,West,auto,2021-12-07,715,699,14949.14,2608.91,,8.6,4,0,0,37.4,,-16,Stage 1
8738,term,North,personal,2022-12-22,647,615,30598.73,20666.77,,9.03,15,0,0,24.7,,-32,Stage 2
8739,term,East,auto,2021-11-07,740,730,16169.27,1616.93,,7.18,0,0,0,38.4,,-10,Stage 1
8740,term,West,home_improvement,2024-08-24,724,718,9740.46,9123.02,,10.72,1,0,0,4.3,,-6,Stage 1
8741,term,South,debt_consolidation,2024-08-09,661,649,12228.73,11417.68,,10.87,14,0,0,4.8,,-12,Stage 1
8742,term,North,home_improvement,2022-09-17,654,642,20910.89,13403.67,,3.0,26,0,0,27.9,,-12,Stage 1
8743,term,West,debt_consolidation,2024-10-31,745,734,6944.44,6611.23,,4.32,1,0,0,2.1,,-11,Stage 1
8744,term,East,home_improvement,2024-09-25,693,690,9866.88,9325.41,,8.46,5,0,0,3.3,,-3,Stage 1
8745,term,West,debt_consolidation,2021-03-24,742,754,8644.16,864.42,,10.51,1,0,0,46.0,,12,Stage 1
8746,term,North,auto,2023-10-24,536,499,7422.33,5375.47,,9.9,72,0,0,14.5,,-37,Stage 2
8747,term,East,debt_consolidation,2023-05-23,685,672,18815.82,14036.2,,8.58,7,1,0,19.6,,-13,Stage 2
8748,term,South,home_improvement,2021-08-24,585,555,24632.15,2463.21,,11.5,41,1,0,40.9,,-30,Stage 2
8749,term,South,home_improvement,2022-01-24,678,659,13362.67,6187.26,,10.82,3,0,0,35.8,,-19,Stage 1
8750,term,South,debt_consolidation,2022-01-28,722,706,7672.46,4439.81,,8.4,2,0,0,35.6,,-16,Stage 1
8751,term,West,debt_consolidation,2023-01-17,784,788,22459.26,13054.93,,8.58,0,0,0,23.8,,4,Stage 1
8752,term,North,personal,2021-01-30,623,612,11120.43,1112.04,,5.07,24,0,0,47.7,,-11,Stage 1
8753,term,South,personal,2023-09-09,648,616,3006.85,2184.65,,9.3,14,0,0,16.0,,-32,Stage 2
8754,term,East,auto,2024-03-17,674,664,7626.39,5916.32,,10.69,11,0,0,9.7,,-10,Stage 1
8755,revolving,East,auto,2022-08-28,621,590,31754.84,8553.04,25590.44,6.84,20,0,0,28.6,0.334,-31,Stage 2
8756,revolving,East,auto,2021-10-10,738,735,3821.2,382.12,1034.35,9.12,0,0,0,39.3,0.369,-3,Stage 1
8757,term,West,auto,2021-08-26,675,663,37615.46,4485.89,,10.01,7,0,0,40.8,,-12,Stage 1
8758,term,North,auto,2023-01-01,687,678,22299.03,15449.87,,11.61,8,0,0,24.4,,-9,Stage 1
8759,term,North,debt_consolidation,2024-09-04,717,710,18907.97,16722.33,,8.08,0,1,0,4.0,,-7,Stage 2
8760,term,South,personal,2024-09-22,675,656,18387.52,16796.26,,6.42,9,1,0,3.4,,-19,Stage 2
8761,term,North,debt_consolidation,2021-01-31,630,607,9228.34,922.83,,7.99,23,0,0,47.7,,-23,Stage 1
8762,term,East,personal,2023-09-05,676,674,31529.14,21150.61,,9.88,6,0,0,16.1,,-2,Stage 1
8763,term,East,personal,2023-07-04,628,607,13507.6,9913.55,,9.71,21,0,0,18.2,,-21,Stage 1
8764,revolving,West,home_improvement,2021-07-26,686,678,1585.38,158.54,443.23,4.39,7,0,0,41.8,0.358,-8,Stage 1
8765,term,East,home_improvement,2023-06-22,739,729,5259.57,3815.85,,7.99,0,0,0,18.6,,-10,Stage 1
8766,revolving,North,personal,2024-06-06,609,584,6769.27,6218.74,14814.02,5.93,31,0,0,7.0,0.42,-25,Stage 2
8767,revolving,East,debt_consolidation,2022-08-06,588,571,22603.93,15604.95,33992.2,9.1,34,0,0,29.3,0.459,-17,Stage 2
8768,term,South,personal,2024-09-27,682,658,4372.07,4226.57,,10.07,5,0,0,3.2,,-24,Stage 1
8769,term,West,auto,2022-04-05,633,612,15052.91,7617.45,,12.06,20,0,0,33.4,,-21,Stage 1
8770,term,West,debt_consolidation,2021-05-16,681,665,19613.75,7243.52,,12.78,7,0,0,44.2,,-16,Stage 1
8771,term,North,debt_consolidation,2023-09-05,699,699,22531.9,12260.82,,10.49,2,0,0,16.1,,0,Stage 1
8772,term,East,personal,2021-10-11,551,536,7978.95,2598.86,,7.76,56,0,0,39.3,,-15,Stage 2
8773,term,East,auto,2023-04-30,721,719,10860.41,8439.68,,7.47,3,0,0,20.4,,-2,Stage 1
8774,term,North,personal,2021-12-17,609,599,19422.84,1942.28,,10.39,21,0,0,37.0,,-10,Stage 1
8775,revolving,North,auto,2021-01-17,678,653,19751.22,1975.12,3731.74,11.3,3,0,0,48.2,0.529,-25,Stage 1
8776,term,South,debt_consolidation,2024-05-23,640,593,6805.64,6108.29,,5.35,14,0,0,7.4,,-47,Stage 2
8777,revolving,North,personal,2024-11-19,646,631,5422.64,5275.72,13061.3,16.16,20,0,0,1.4,0.404,-15,Stage 1
8778,term,East,auto,2024-11-23,781,788,23259.03,22743.08,,10.28,1,0,0,1.3,,7,Stage 1
8779,revolving,South,home_improvement,2022-02-18,699,683,6757.67,732.7,1251.45,11.52,5,0,0,34.9,0.585,-16,Stage 1
8780,term,West,debt_consolidation,2024-06-21,734,721,24255.47,20840.07,,10.39,1,0,0,6.5,,-13,Stage 1
8781,term,East,debt_consolidation,2024-01-24,689,679,8458.36,7132.28,,5.86,9,0,0,11.4,,-10,Stage 1
8782,revolving,West,home_improvement,2021-01-06,717,721,10700.59,1070.06,1654.52,7.68,5,0,0,48.5,0.647,4,Stage 1
8783,term,West,auto,2023-02-19,705,697,22795.28,11598.12,,6.67,9,1,0,22.7,,-8,Stage 2
8784,term,West,debt_consolidation,2021-03-28,695,692,7566.03,756.6,,3.93,7,0,0,45.8,,-3,Stage 1
8785,term,East,auto,2021-07-08,746,749,19700.72,1970.07,,5.33,3,0,0,42.4,,3,Stage 1
8786,term,West,home_improvement,2022-02-24,689,681,4400.75,440.07,,14.28,6,0,0,34.7,,-8,Stage 1
8787,term,East,personal,2023-12-27,817,832,9738.98,8150.82,,8.35,10,0,0,12.4,,15,Stage 1
8788,revolving,West,debt_consolidation,2021-09-05,737,724,6824.01,682.4,1644.21,11.61,1,0,0,40.5,0.415,-13,Stage 1
8789,term,North,debt_consolidation,2023-05-10,611,581,12352.4,9214.73,,7.3,24,0,0,20.1,,-30,Stage 2
8790,term,North,auto,2021-07-26,669,647,17385.54,7536.75,,6.85,14,0,0,41.8,,-22,Stage 1
8791,revolving,East,debt_consolidation,2024-05-13,703,694,39578.04,31351.48,77203.79,13.47,3,0,0,7.8,0.406,-9,Stage 1
8792,term,West,personal,2024-09-04,682,681,15055.51,13492.19,,8.45,11,0,0,4.0,,-1,Stage 1
8793,term,West,home_improvement,2024-01-12,721,719,5449.6,4285.6,,8.33,5,0,0,11.8,,-2,Stage 1
8794,revolving,West,debt_consolidation,2022-02-28,727,693,4571.16,2436.78,4885.08,9.79,3,0,0,34.6,0.499,-34,Stage 2
8795,term,North,home_improvement,2024-01-11,598,602,3307.55,2746.02,,10.9,29,0,0,11.9,,4,Stage 1
8796,term,West,auto,2022-07-03,756,756,12669.14,1302.44,,7.4,1,0,0,30.4,,0,Stage 1
8797,term,West,personal,2022-05-02,650,644,9972.22,6280.95,,3.0,10,0,0,32.5,,-6,Stage 1
8798,term,East,debt_consolidation,2021-05-13,644,629,5623.37,1300.21,,12.47,17,0,0,44.3,,-15,Stage 1
8799,term,West,home_improvement,2021-04-25,644,611,36517.29,3651.73,,10.29,18,0,0,44.9,,-33,Stage 2
8800,term,North,personal,2022-01-12,728,726,7180.67,718.07,,6.35,1,0,0,36.2,,-2,Stage 1
8801,revolving,West,home_improvement,2023-09-04,663,635,9927.79,6136.92,12548.62,8.51,17,0,0,16.2,0.489,-28,Stage 1
8802,term,North,auto,2021-07-30,640,624,11301.95,3203.3,,12.97,15,0,0,41.7,,-16,Stage 1
8803,term,North,personal,2021-05-12,654,641,13849.91,4832.96,,13.74,23,0,1,44.3,,-13,Stage 1
8804,revolving,South,personal,2024-10-29,572,553,2343.19,2216.89,5107.1,8.0,47,0,1,2.1,0.434,-19,Stage 2
8805,term,North,auto,2021-06-03,629,604,6762.32,1310.86,,13.49,28,1,0,43.6,,-25,Stage 2
8806,revolving,South,auto,2023-07-09,605,557,3184.82,2476.33,4398.84,9.0,36,0,0,18.1,0.563,-48,Stage 2
8807,term,South,debt_consolidation,2024-12-17,663,644,11205.87,10875.14,,6.8,19,1,0,0.5,,-19,Stage 2
8808,revolving,West,auto,2023-08-10,719,717,11275.94,6376.11,12961.16,7.42,1,0,0,17.0,0.492,-2,Stage 1
8809,term,South,auto,2023-03-17,713,704,17009.31,8593.42,,14.33,4,0,0,21.9,,-9,Stage 1
8810,term,East,home_improvement,2024-10-21,755,750,13985.88,13427.62,,10.74,0,0,0,2.4,,-5,Stage 1
8811,term,North,personal,2021-05-27,742,732,3079.12,307.91,,6.15,3,0,0,43.8,,-10,Stage 1
8812,term,East,home_improvement,2024-02-25,648,637,11584.84,9810.77,,12.09,19,0,0,10.4,,-11,Stage 1
8813,revolving,South,auto,2024-08-24,681,682,4578.5,4361.92,10912.86,12.21,6,0,0,4.3,0.4,1,Stage 1
8814,term,West,debt_consolidation,2022-12-16,678,662,7906.14,4427.89,,7.75,9,0,0,24.9,,-16,Stage 1
8815,term,North,home_improvement,2024-02-16,550,526,4693.96,3497.56,,10.4,67,0,0,10.7,,-24,Stage 2
8816,revolving,East,home_improvement,2021-08-19,606,592,7196.96,719.7,2141.1,13.25,31,0,0,41.0,0.336,-14,Stage 2
8817,term,West,personal,2022-03-27,669,645,23060.69,11235.07,,5.52,11,0,0,33.7,,-24,Stage 1
8818,term,South,personal,2024-03-14,669,645,5234.67,4645.07,,3.57,7,0,0,9.8,,-24,Stage 1
8819,term,West,personal,2023-06-26,710,711,8657.98,6291.44,,6.98,2,0,0,18.5,,1,Stage 1
8820,term,East,debt_consolidation,2023-12-09,707,689,23548.49,15952.82,,3.72,4,0,0,13.0,,-18,Stage 1
8821,term,West,debt_consolidation,2021-04-17,573,542,2152.36,215.24,,5.26,51,0,1,45.2,,-31,Stage 2
8822,revolving,East,auto,2021-04-03,711,705,29779.41,2977.94,7444.03,12.43,1,0,0,45.6,0.4,-6,Stage 1
8823,term,West,auto,2023-04-09,690,668,5460.78,2046.2,,6.46,5,0,0,21.1,,-22,Stage 1
8824,term,North,personal,2021-05-20,717,706,4167.67,469.22,,8.8,2,0,0,44.1,,-11,Stage 1
8825,revolving,West,home_improvement,2024-08-30,744,742,10857.08,10328.47,30476.19,11.18,0,1,0,4.1,0.339,-2,Stage 2
8826,term,North,personal,2021-01-11,671,637,8103.99,810.4,,12.56,14,0,0,48.4,,-34,Stage 2
8827,term,East,auto,2022-03-24,754,751,13872.28,8101.56,,10.05,1,0,0,33.8,,-3,Stage 1
8828,term,North,home_improvement,2023-07-16,626,591,5746.79,3896.46,,3.0,20,0,0,17.8,,-35,Stage 2
8829,term,West,auto,2022-01-30,623,596,6750.35,675.03,,8.84,37,0,1,35.6,,-27,Stage 2
8830,term,North,debt_consolidation,2022-01-13,705,692,5657.85,2148.33,,11.3,6,0,0,36.1,,-13,Stage 1
8831,term,East,personal,2021-12-27,657,618,17897.3,4698.75,,9.5,15,0,0,36.7,,-39,Stage 2
8832,term,West,personal,2022-11-14,695,679,7299.39,1702.02,,10.64,7,0,0,26.0,,-16,Stage 1
8833,revolving,North,home_improvement,2023-10-14,799,786,7275.82,5059.91,12303.62,6.98,7,0,0,14.8,0.411,-13,Stage 1
8834,term,North,personal,2022-10-04,703,677,8642.21,1823.57,,9.28,3,0,0,27.3,,-26,Stage 1
8835,revolving,South,auto,2022-07-27,692,679,14309.87,7315.59,13194.32,10.98,13,0,0,29.6,0.554,-13,Stage 1
8836,term,North,auto,2023-09-24,627,616,41636.19,33878.39,,13.28,19,0,1,15.5,,-11,Stage 1
8837,term,South,debt_consolidation,2023-07-12,578,557,8704.61,6065.52,,7.09,43,0,1,18.0,,-21,Stage 2
8838,term,East,auto,2022-01-31,675,653,12597.24,1259.72,,7.02,8,0,0,35.5,,-22,Stage 1
8839,revolving,South,home_improvement,2021-07-05,744,726,2272.17,651.55,1927.75,13.75,1,0,0,42.5,0.338,-18,Stage 1
8840,term,East,auto,2024-05-29,660,641,2152.27,1749.59,,7.99,17,0,0,7.2,,-19,Stage 1
8841,term,North,debt_consolidation,2024-08-16,704,700,12847.67,11883.09,,9.67,5,0,0,4.6,,-4,Stage 1
8842,revolving,North,debt_consolidation,2024-04-13,765,766,9540.47,7041.85,10975.23,9.79,3,0,0,8.8,0.642,1,Stage 1
8843,term,South,personal,2022-01-06,764,750,22916.15,10830.22,,8.99,1,0,0,36.4,,-14,Stage 1
8844,revolving,East,home_improvement,2024-05-12,705,689,21193.98,19466.3,45822.08,14.83,3,0,0,7.8,0.425,-16,Stage 1
8845,term,North,auto,2022-08-31,690,669,9069.73,2354.29,,8.31,2,1,0,28.5,,-21,Stage 2
8846,revolving,South,debt_consolidation,2021-10-09,588,533,12772.37,2896.84,6042.65,11.37,41,0,1,39.3,0.479,-55,Stage 2
8847,revolving,South,auto,2024-12-10,642,633,14031.65,13669.99,31276.67,7.75,22,0,0,0.7,0.437,-9,Stage 1
8848,term,South,debt_consolidation,2023-11-23,663,652,6355.4,4519.13,,14.6,12,1,0,13.5,,-11,Stage 2
8849,term,North,personal,2021-03-23,628,621,5174.65,724.78,,6.54,27,0,0,46.0,,-7,Stage 1
8850,term,East,debt_consolidation,2021-05-28,694,695,11960.25,1196.02,,10.86,4,0,0,43.8,,1,Stage 1
8851,revolving,North,personal,2023-08-23,794,796,13890.69,8469.44,13044.28,3.0,6,0,0,16.6,0.649,2,Stage 1
8852,term,West,home_improvement,2023-09-19,771,779,10854.16,7677.63,,8.12,1,1,0,15.7,,8,Stage 2
8853,term,West,auto,2023-08-06,694,679,37308.21,21624.78,,10.67,5,0,1,17.1,,-15,Stage 1
8854,term,North,auto,2022-05-10,726,721,22846.44,13417.44,,4.64,0,0,0,32.2,,-5,Stage 1
8855,term,East,personal,2024-04-08,636,610,24733.94,19511.72,,7.88,24,0,0,8.9,,-26,Stage 1
8856,term,South,home_improvement,2022-12-24,767,764,10169.24,4490.37,,18.61,2,0,0,24.6,,-3,Stage 1
8857,term,West,personal,2022-12-04,586,565,8371.21,2586.49,,5.79,43,0,1,25.3,,-21,Stage 2
8858,term,West,debt_consolidation,2023-10-28,734,733,4270.01,3281.67,,9.82,1,0,0,14.4,,-1,Stage 1
8859,term,North,personal,2024-11-04,709,675,33055.57,32071.42,,4.6,5,0,0,1.9,,-34,Stage 2
8860,term,West,home_improvement,2023-04-06,634,622,9654.42,4817.03,,5.75,15,0,0,21.2,,-12,Stage 1
8861,term,West,debt_consolidation,2022-03-10,667,638,32829.35,17200.66,,10.28,13,0,0,34.3,,-29,Stage 1
8862,revolving,South,auto,2023-11-24,611,582,8353.73,5120.33,13924.05,8.33,32,0,0,13.5,0.368,-29,Stage 2
8863,revolving,South,auto,2022-07-17,614,573,19181.61,5231.74,14279.35,6.56,30,0,1,30.0,0.366,-41,Stage 2
8864,term,East,auto,2021-05-18,584,550,8490.58,849.06,,7.6,43,0,1,44.1,,-34,Stage 2
8865,term,West,home_improvement,2022-01-02,726,731,10023.88,1002.39,,12.33,3,0,0,36.5,,5,Stage 1
8866,term,East,home_improvement,2021-04-16,752,751,32255.8,3225.58,,8.31,1,0,0,45.2,,-1,Stage 1
8867,term,East,home_improvement,2023-03-05,550,519,13677.34,4846.89,,10.73,67,0,1,22.3,,-31,Stage 2
8868,term,South,home_improvement,2023-11-22,790,809,6455.49,5098.41,,3.76,3,0,0,13.5,,19,Stage 1
8869,term,South,home_improvement,2022-09-28,679,657,1747.24,920.42,,7.37,11,0,1,27.5,,-22,Stage 1
8870,term,North,debt_consolidation,2023-09-14,697,687,29801.05,17659.44,,7.72,5,0,0,15.8,,-10,Stage 1
8871,revolving,South,personal,2023-08-16,591,576,25822.21,16276.18,33370.92,6.78,29,0,1,16.8,0.488,-15,Stage 1
8872,term,East,auto,2024-04-06,759,764,23353.43,18886.76,,8.62,3,0,0,9.0,,5,Stage 1
8873,term,West,home_improvement,2023-05-05,692,685,2135.01,1274.24,,8.08,4,0,0,20.2,,-7,Stage 1
8874,term,East,auto,2021-03-19,748,754,16542.72,1654.27,,11.19,0,0,0,46.1,,6,Stage 1
8875,revolving,East,home_improvement,2021-07-28,753,757,16568.8,2904.5,7386.89,12.32,0,0,0,41.8,0.393,4,Stage 1
8876,term,East,auto,2024-12-05,760,762,9241.87,8992.53,,7.13,1,0,0,0.9,,2,Stage 1
8877,term,South,personal,2021-01-08,641,609,6364.15,636.41,,12.6,16,0,0,48.5,,-32,Stage 2
8878,term,East,auto,2023-01-07,667,651,12353.48,8514.81,,6.81,14,0,0,24.2,,-16,Stage 1
8879,term,North,auto,2021-08-15,643,634,10873.91,4126.63,,9.36,20,0,0,41.2,,-9,Stage 1
8880,term,West,home_improvement,2021-06-24,733,718,13230.95,1323.09,,5.01,0,0,0,42.9,,-15,Stage 1
8881,term,South,debt_consolidation,2021-03-22,699,680,18442.86,1844.29,,8.14,7,0,0,46.0,,-19,Stage 1
8882,term,East,debt_consolidation,2023-12-17,744,738,4870.73,4032.49,,13.59,1,0,0,12.7,,-6,Stage 1
8883,term,North,auto,2024-03-04,746,751,3411.35,2732.48,,9.43,0,0,0,10.1,,5,Stage 1
8884,term,West,debt_consolidation,2021-08-26,576,539,9931.39,993.14,,8.23,52,0,0,40.8,,-37,Stage 2
8885,revolving,East,personal,2024-05-25,761,750,47303.3,40127.49,111597.31,3.0,1,0,0,7.4,0.36,-11,Stage 1
8886,term,West,personal,2023-11-16,737,711,5335.32,3153.42,,8.81,1,0,0,13.7,,-26,Stage 1
8887,revolving,South,debt_consolidation,2021-07-06,657,631,11431.45,1579.71,3084.61,9.29,11,0,0,42.5,0.512,-26,Stage 1
8888,term,South,debt_consolidation,2022-09-22,700,696,12127.63,2517.75,,7.58,4,0,0,27.7,,-4,Stage 1
8889,term,North,personal,2024-02-14,672,648,1000.0,711.65,,8.0,10,0,0,10.7,,-24,Stage 1
8890,term,South,debt_consolidation,2023-10-11,716,695,30307.52,20369.07,,8.69,2,0,0,14.9,,-21,Stage 1
8891,term,North,debt_consolidation,2023-03-26,657,636,5964.45,3680.29,,9.09,13,0,0,21.6,,-21,Stage 1
8892,revolving,East,home_improvement,2022-09-06,708,693,11372.9,1745.53,4772.94,8.46,2,0,0,28.3,0.366,-15,Stage 1
8893,revolving,West,home_improvement,2023-06-11,684,678,23470.52,18176.03,30791.57,12.51,3,0,0,19.0,0.59,-6,Stage 1
8894,term,South,debt_consolidation,2024-04-01,654,623,9569.89,7213.56,,5.89,15,0,0,9.2,,-31,Stage 2
8895,term,West,debt_consolidation,2024-12-08,691,662,19956.4,19506.77,,13.64,5,0,0,0.8,,-29,Stage 1
8896,term,West,home_improvement,2021-06-27,842,850,1000.0,100.0,,8.21,16,0,0,42.8,,8,Stage 1
8897,term,East,home_improvement,2023-09-12,638,622,4033.56,2116.69,,10.61,25,0,0,15.9,,-16,Stage 1
8898,term,East,debt_consolidation,2021-10-07,665,636,29502.46,10547.96,,12.2,8,1,0,39.4,,-29,Stage 2
8899,term,South,home_improvement,2023-03-09,639,630,23979.76,18356.25,,9.57,17,0,0,22.1,,-9,Stage 1
8900,revolving,East,personal,2024-05-20,646,607,7034.56,5710.67,10534.39,8.9,11,0,0,7.5,0.542,-39,Stage 2
8901,term,West,auto,2023-12-14,728,729,20711.61,17566.6,,9.44,1,0,0,12.8,,1,Stage 1
8902,revolving,North,personal,2021-03-08,722,724,18008.08,4589.65,7871.59,3.18,2,0,0,46.5,0.583,2,Stage 1
8903,revolving,North,home_improvement,2022-06-28,679,679,7295.3,729.53,1510.44,3.0,5,1,0,30.6,0.483,0,Stage 2
8904,revolving,North,personal,2022-06-04,741,722,5914.29,2710.29,6047.18,11.27,1,0,0,31.4,0.448,-19,Stage 1
8905,term,South,auto,2022-05-14,727,718,25879.08,9679.09,,8.01,4,0,0,32.1,,-9,Stage 1
8906,term,East,home_improvement,2023-08-04,670,639,4085.14,2951.08,,6.44,8,0,0,17.2,,-31,Stage 2
8907,term,East,personal,2024-12-25,587,574,7620.23,7397.53,,9.66,36,0,1,0.2,,-13,Stage 2
8908,term,East,personal,2022-12-28,729,727,7597.37,4725.55,,8.53,2,0,0,24.5,,-2,Stage 1
8909,term,East,auto,2023-12-06,690,677,6302.74,4424.39,,5.12,2,0,0,13.1,,-13,Stage 1
8910,revolving,West,home_improvement,2023-11-25,681,658,8495.58,7189.33,16136.12,11.84,9,0,0,13.4,0.446,-23,Stage 1
8911,revolving,North,debt_consolidation,2021-07-08,652,631,3182.69,1681.0,4942.33,12.39,17,0,0,42.4,0.34,-21,Stage 1
8912,revolving,West,home_improvement,2024-01-18,724,715,41854.89,36728.17,56174.09,9.63,1,0,0,11.6,0.654,-9,Stage 1
8913,revolving,South,auto,2024-09-20,700,700,23013.41,20828.6,34587.75,9.49,7,0,0,3.4,0.602,0,Stage 1
8914,term,North,auto,2023-08-05,665,655,9711.36,7805.56,,8.97,7,0,0,17.2,,-10,Stage 1
8915,term,North,auto,2021-05-16,606,578,4418.6,1136.18,,9.36,32,0,1,44.2,,-28,Stage 2
8916,term,West,auto,2022-06-30,744,730,10109.96,4017.2,,10.05,1,0,0,30.5,,-14,Stage 1
8917,term,South,debt_consolidation,2023-03-04,716,710,6786.65,4076.35,,7.59,2,0,0,22.3,,-6,Stage 1
8918,revolving,South,home_improvement,2024-02-11,695,691,3799.21,3150.34,5844.63,11.41,7,0,0,10.8,0.539,-4,Stage 1
8919,term,North,home_improvement,2024-04-10,520,495,27840.24,21508.26,,9.51,80,0,1,8.9,,-25,Stage 2
8920,term,East,personal,2024-09-24,677,653,15520.9,14063.18,,11.32,12,0,0,3.3,,-24,Stage 1
8921,term,South,debt_consolidation,2022-07-09,665,645,9243.05,2349.68,,12.78,8,0,0,30.2,,-20,Stage 1
8922,term,West,debt_consolidation,2023-06-13,642,629,1921.07,1516.78,,9.11,16,0,0,18.9,,-13,Stage 1
8923,term,South,personal,2023-08-04,725,710,42225.99,25797.2,,10.0,2,0,0,17.2,,-15,Stage 1
8924,revolving,North,personal,2022-06-09,722,716,1934.96,743.67,1353.13,10.93,1,0,0,31.2,0.55,-6,Stage 1
8925,term,East,home_improvement,2021-06-23,706,696,4713.72,471.37,,9.21,3,0,0,42.9,,-10,Stage 1
8926,term,South,home_improvement,2022-09-29,742,729,36144.59,13697.88,,7.97,0,0,0,27.5,,-13,Stage 1
8927,term,North,home_improvement,2024-09-17,618,609,18138.12,17299.43,,9.55,26,0,0,3.5,,-9,Stage 1
8928,term,South,debt_consolidation,2021-07-26,652,633,24117.26,11623.9,,12.9,10,0,0,41.8,,-19,Stage 1
8929,term,East,debt_consolidation,2024-09-28,684,663,23803.13,22836.29,,3.0,5,0,0,3.2,,-21,Stage 1
8930,revolving,West,personal,2023-08-07,642,632,27808.24,20352.14,51153.6,11.24,17,0,0,17.1,0.398,-10,Stage 1
8931,term,North,auto,2021-04-14,723,730,13892.57,1389.26,,9.47,3,0,0,45.3,,7,Stage 1
8932,term,North,auto,2023-11-30,648,630,20277.6,14087.62,,7.43,22,0,0,13.3,,-18,Stage 1
8933,term,East,auto,2023-11-13,757,744,8200.18,5832.88,,11.6,3,0,0,13.8,,-13,Stage 1
8934,term,North,auto,2024-06-29,624,588,22400.91,19191.07,,5.39,25,0,1,6.2,,-36,Stage 2
8935,term,East,auto,2021-10-17,807,808,10145.06,1014.51,,7.8,8,0,0,39.1,,1,Stage 1
8936,term,North,home_improvement,2024-05-10,801,827,30871.63,27780.08,,12.94,6,0,0,7.9,,26,Stage 1
8937,term,East,personal,2024-03-24,674,664,16277.95,12490.03,,3.32,13,0,0,9.4,,-10,Stage 1
8938,revolving,South,auto,2022-07-21,748,735,27748.75,6631.44,12011.68,10.5,1,0,0,29.8,0.552,-13,Stage 1
8939,term,South,auto,2024-02-04,655,635,14138.02,9554.03,,13.32,14,0,0,11.1,,-20,Stage 1
8940,term,South,auto,2024-07-07,740,725,5832.69,4847.56,,12.31,0,0,0,5.9,,-15,Stage 1
8941,term,North,home_improvement,2023-08-22,669,656,17178.06,9154.2,,10.2,13,0,0,16.6,,-13,Stage 1
8942,term,East,auto,2024-05-08,602,561,24965.12,19979.33,,6.12,30,0,1,7.9,,-41,Stage 2
8943,revolving,East,personal,2023-04-18,468,429,2418.23,1766.35,2943.79,11.68,113,1,1,20.8,0.6,-39,Stage 3
8944,revolving,West,home_improvement,2024-05-25,663,646,7054.74,5782.83,16763.66,7.12,11,1,0,7.4,0.345,-17,Stage 2
8945,term,South,home_improvement,2022-02-15,696,699,8107.95,2395.85,,8.53,3,1,0,35.0,,3,Stage 2
8946,revolving,West,debt_consolidation,2023-06-01,759,760,6802.75,4634.95,7808.37,8.84,1,0,0,19.3,0.594,1,Stage 1
8947,revolving,South,debt_consolidation,2024-02-15,682,677,18464.14,15376.1,43553.79,5.31,10,0,0,10.7,0.353,-5,Stage 1
8948,revolving,West,home_improvement,2023-06-05,740,741,18425.2,10470.15,19762.13,12.88,2,0,0,19.2,0.53,1,Stage 1
8949,term,South,auto,2022-02-28,652,636,7311.81,2836.24,,8.72,14,0,0,34.6,,-16,Stage 1
8950,term,East,auto,2024-05-20,659,647,5973.97,5104.28,,8.78,8,0,0,7.5,,-12,Stage 1
8951,term,South,auto,2021-06-04,743,739,17768.06,6076.67,,7.16,3,0,0,43.6,,-4,Stage 1
8952,revolving,North,auto,2024-07-10,532,486,1641.17,1470.43,3329.36,6.87,66,0,0,5.8,0.442,-46,Stage 2
8953,term,South,debt_consolidation,2021-05-31,680,671,4735.21,703.35,,10.85,7,0,0,43.7,,-9,Stage 1
8954,term,South,personal,2021-07-31,656,636,6982.32,1573.87,,10.93,11,0,0,41.7,,-20,Stage 1
8955,term,East,home_improvement,2024-04-30,761,774,10222.77,9029.03,,17.92,1,0,0,8.2,,13,Stage 1
8956,term,North,auto,2023-05-31,648,621,16698.83,12466.35,,8.07,18,0,0,19.4,,-27,Stage 1
8957,term,East,debt_consolidation,2023-01-25,710,686,14781.53,4549.29,,7.73,3,0,0,23.6,,-24,Stage 1
8958,revolving,West,personal,2024-01-27,735,736,4029.53,3439.53,9276.67,12.32,1,0,0,11.3,0.371,1,Stage 1
8959,term,West,home_improvement,2022-06-25,590,539,16645.06,10055.27,,11.52,51,0,0,30.7,,-51,Stage 2
8960,revolving,North,home_improvement,2022-12-02,671,664,4141.58,1138.84,2247.61,8.13,11,1,0,25.4,0.507,-7,Stage 2
8961,term,West,home_improvement,2021-06-21,654,645,40830.82,9692.33,,10.06,13,0,0,43.0,,-9,Stage 1
8962,term,North,auto,2022-01-06,736,725,7815.71,4720.85,,13.68,2,0,0,36.4,,-11,Stage 1
8963,term,South,home_improvement,2024-03-24,720,708,27220.27,22470.24,,5.43,1,0,0,9.4,,-12,Stage 1
8964,term,West,auto,2024-03-09,666,639,6039.89,4587.06,,6.77,13,0,0,9.9,,-27,Stage 1
8965,term,South,personal,2023-07-02,617,586,3773.78,2243.45,,10.29,29,0,1,18.3,,-31,Stage 2
8966,term,East,debt_consolidation,2023-03-13,742,738,12410.83,6427.88,,6.97,2,0,0,22.0,,-4,Stage 1
8967,term,West,debt_consolidation,2021-09-13,675,665,23195.9,2319.59,,7.12,5,0,0,40.2,,-10,Stage 1
8968,revolving,East,debt_consolidation,2023-09-17,582,551,28610.9,20257.43,39863.07,12.68,43,0,1,15.7,0.508,-31,Stage 2
8969,term,East,home_improvement,2022-11-07,588,556,4352.33,2759.82,,10.24,30,1,1,26.2,,-32,Stage 2
8970,term,North,debt_consolidation,2023-05-14,706,697,21588.48,13812.41,,8.84,3,0,0,19.9,,-9,Stage 1
8971,term,East,personal,2022-02-20,603,585,6295.99,814.07,,6.67,40,0,0,34.9,,-18,Stage 2
8972,term,North,auto,2021-11-25,791,792,7740.12,1549.72,,10.1,3,0,0,37.8,,1,Stage 1
8973,term,North,debt_consolidation,2024-11-02,623,605,8236.67,7910.34,,12.52,23,0,1,2.0,,-18,Stage 1
8974,term,North,auto,2023-07-07,679,662,19218.71,12895.29,,5.13,9,0,0,18.1,,-17,Stage 1
8975,term,North,auto,2024-07-13,689,657,11896.07,9886.92,,5.34,3,0,0,5.7,,-32,Stage 2
8976,term,North,debt_consolidation,2024-03-08,636,624,11866.1,9114.21,,11.04,28,0,0,10.0,,-12,Stage 1
8977,term,South,debt_consolidation,2023-08-20,545,489,4152.8,2440.81,,7.32,54,0,1,16.7,,-56,Stage 2
8978,revolving,North,debt_consolidation,2023-04-04,691,668,13916.25,7885.3,16428.86,6.57,8,0,0,21.3,0.48,-23,Stage 1
8979,term,West,home_improvement,2021-09-06,634,615,5631.8,878.25,,6.96,23,1,0,40.4,,-19,Stage 2
8980,term,North,debt_consolidation,2023-01-15,686,665,15571.56,9665.96,,11.27,6,0,0,23.9,,-21,Stage 1
8981,revolving,South,home_improvement,2021-11-04,672,657,23724.01,10574.28,30723.56,11.18,6,0,0,38.5,0.344,-15,Stage 1
8982,term,West,personal,2022-07-27,695,696,7013.03,1878.28,,10.19,6,0,0,29.6,,1,Stage 1
8983,term,West,auto,2024-05-27,773,755,6843.1,6284.97,,7.71,1,0,0,7.3,,-18,Stage 1
8984,term,South,personal,2023-03-09,647,630,25807.0,8986.63,,6.55,19,0,0,22.1,,-17,Stage 1
8985,term,West,debt_consolidation,2023-09-28,651,616,4068.2,2347.72,,7.19,15,1,0,15.4,,-35,Stage 2
8986,term,South,auto,2023-01-31,580,549,13939.1,5482.63,,6.33,39,1,0,23.4,,-31,Stage 2
8987,term,East,debt_consolidation,2021-10-20,668,644,2225.45,222.54,,7.82,10,0,0,39.0,,-24,Stage 1
8988,revolving,East,debt_consolidation,2022-02-14,704,677,2701.8,519.83,1002.34,9.11,5,0,1,35.1,0.519,-27,Stage 1
8989,revolving,North,auto,2021-07-17,650,644,60331.9,6033.19,16190.32,11.22,16,0,0,42.1,0.373,-6,Stage 1
8990,term,North,personal,2021-03-21,704,695,16232.5,1623.25,,9.11,6,0,0,46.1,,-9,Stage 1
8991,term,North,debt_consolidation,2024-11-09,669,666,14132.1,13623.71,,8.49,14,0,0,1.8,,-3,Stage 1
8992,term,North,auto,2021-05-17,601,568,15164.4,6207.97,,14.1,34,0,0,44.2,,-33,Stage 2
8993,term,South,personal,2021-08-01,698,696,4372.8,2237.85,,3.0,7,1,0,41.6,,-2,Stage 2
8994,term,East,home_improvement,2022-09-11,667,655,18398.45,7774.0,,10.93,7,0,0,28.1,,-12,Stage 1
8995,term,South,personal,2023-08-18,687,660,4959.4,3048.63,,10.57,9,0,0,16.7,,-27,Stage 1
8996,term,West,personal,2024-05-15,645,615,2037.86,1606.55,,10.6,11,0,0,7.7,,-30,Stage 2
8997,term,West,auto,2024-03-02,640,609,20179.39,14414.29,,11.79,16,0,0,10.2,,-31,Stage 2
8998,revolving,West,personal,2021-06-15,689,678,7614.11,761.41,1252.19,5.44,4,0,0,43.2,0.608,-11,Stage 1
8999,term,West,home_improvement,2022-03-06,666,652,18310.77,1831.08,,11.86,10,0,0,34.4,,-14,Stage 1
9000,revolving,West,home_improvement,2024-04-18,783,797,6035.53,4568.0,11697.67,10.15,1,0,0,8.6,0.391,14,Stage 1
9001,revolving,East,debt_consolidation,2021-05-01,727,709,8149.98,2358.51,5153.78,7.81,0,0,0,44.7,0.458,-18,Stage 1
9002,term,South,home_improvement,2024-04-12,712,706,10833.05,9162.21,,10.89,6,0,0,8.8,,-6,Stage 1
9003,revolving,West,debt_consolidation,2021-11-27,669,655,10243.69,1024.37,2636.72,9.53,16,0,0,37.7,0.389,-14,Stage 1
9004,term,North,home_improvement,2023-12-28,558,519,11542.2,7306.86,,6.17,58,0,0,12.3,,-39,Stage 2
9005,term,East,personal,2024-03-07,631,617,15229.02,13305.32,,3.0,20,0,1,10.0,,-14,Stage 1
9006,term,North,debt_consolidation,2024-08-24,641,618,8437.74,7453.29,,5.06,19,0,0,4.3,,-23,Stage 1
9007,term,East,home_improvement,2024-09-15,663,647,11035.89,10437.93,,6.86,12,0,0,3.6,,-16,Stage 1
9008,term,East,personal,2024-06-15,677,663,9078.88,7750.36,,10.18,6,0,0,6.7,,-14,Stage 1
9009,term,North,personal,2024-01-05,719,703,1000.0,761.0,,4.68,5,0,0,12.1,,-16,Stage 1
9010,term,North,debt_consolidation,2024-03-20,696,687,33698.29,26135.78,,10.23,3,0,0,9.6,,-9,Stage 1
9011,term,West,auto,2022-09-12,749,749,23985.5,5234.11,,9.94,1,0,0,28.1,,0,Stage 1
9012,term,North,personal,2024-09-01,661,655,3656.51,3386.04,,15.17,11,0,0,4.1,,-6,Stage 1
9013,term,South,personal,2021-02-06,695,679,18320.95,1832.09,,10.08,4,0,0,47.5,,-16,Stage 1
9014,term,East,auto,2023-08-22,700,686,14845.58,9708.58,,3.0,2,0,0,16.6,,-14,Stage 1
9015,term,East,debt_consolidation,2023-04-25,694,669,4376.73,2510.85,,12.44,3,1,0,20.6,,-25,Stage 2
9016,term,West,home_improvement,2024-02-24,756,746,14930.11,10615.64,,6.26,1,0,0,10.4,,-10,Stage 1
9017,term,East,home_improvement,2023-03-08,728,712,63220.37,26998.15,,6.1,2,0,0,22.2,,-16,Stage 1
9018,revolving,North,personal,2021-10-13,600,577,25752.34,8013.51,13657.86,8.42,26,0,0,39.2,0.587,-23,Stage 1
9019,term,East,auto,2024-06-17,673,665,34903.07,30418.81,,10.65,11,0,0,6.6,,-8,Stage 1
9020,term,East,personal,2023-06-06,679,674,21321.74,16108.51,,8.18,3,0,0,19.2,,-5,Stage 1
9021,term,North,debt_consolidation,2021-08-08,809,823,16579.72,9372.45,,9.03,3,0,0,41.4,,14,Stage 1
9022,revolving,North,personal,2023-10-28,660,649,20204.65,14873.85,39908.31,6.26,11,0,0,14.4,0.373,-11,Stage 1
9023,term,East,home_improvement,2021-08-04,621,598,32710.82,4827.71,,5.5,34,0,1,41.5,,-23,Stage 2
9024,term,South,auto,2022-11-12,706,679,20083.58,9208.81,,9.6,3,0,0,26.0,,-27,Stage 1
9025,term,North,debt_consolidation,2021-10-20,709,703,16774.97,1677.5,,4.43,2,0,0,39.0,,-6,Stage 1
9026,term,South,personal,2021-02-12,675,650,10317.0,2200.33,,6.86,11,0,0,47.3,,-25,Stage 1
9027,term,South,home_improvement,2024-08-23,666,647,5379.2,4878.77,,8.01,9,0,0,4.4,,-19,Stage 1
9028,term,West,personal,2024-01-22,736,727,2726.25,2085.86,,9.7,2,0,0,11.5,,-9,Stage 1
9029,revolving,South,home_improvement,2024-07-16,628,597,13791.81,12122.74,29076.92,8.22,19,1,0,5.6,0.417,-31,Stage 2
9030,term,West,auto,2022-11-24,659,633,14035.21,4453.68,,8.05,11,0,1,25.6,,-26,Stage 1
9031,term,South,debt_consolidation,2024-05-23,648,629,36701.16,33126.29,,5.31,15,0,0,7.4,,-19,Stage 1
9032,revolving,West,personal,2023-08-17,745,737,24002.08,16936.91,38713.99,7.76,1,0,0,16.8,0.437,-8,Stage 1
9033,term,North,debt_consolidation,2021-04-24,697,682,24315.18,2431.52,,8.25,2,0,0,44.9,,-15,Stage 1
9034,revolving,East,auto,2024-04-23,616,585,13989.3,12660.9,37620.48,10.25,26,0,0,8.4,0.337,-31,Stage 2
9035,term,East,home_improvement,2023-07-10,622,609,15547.93,10779.46,,6.6,27,1,0,18.0,,-13,Stage 2
9036,revolving,West,auto,2024-02-23,792,776,45516.09,37143.97,65691.16,6.32,3,0,0,10.4,0.565,-16,Stage 1
9037,term,North,auto,2024-02-03,744,758,21372.05,18301.71,,5.36,0,0,0,11.1,,14,Stage 1
9038,revolving,West,debt_consolidation,2021-08-25,730,722,4086.69,408.67,831.06,9.46,0,0,0,40.8,0.492,-8,Stage 1
9039,revolving,West,auto,2022-10-15,680,658,7361.56,4072.04,7483.51,7.95,10,0,0,27.0,0.544,-22,Stage 1
9040,term,North,personal,2021-06-07,770,752,26624.71,2662.47,,8.6,0,0,0,43.5,,-18,Stage 1
9041,term,South,home_improvement,2023-06-27,613,577,11159.5,5342.83,,7.58,33,1,0,18.5,,-36,Stage 2
9042,term,South,auto,2023-08-19,725,718,11109.6,7488.2,,7.7,1,0,0,16.7,,-7,Stage 1
9043,revolving,North,personal,2024-07-21,653,630,4805.87,4494.99,13035.08,7.18,15,0,0,5.5,0.345,-23,Stage 1
9044,term,West,home_improvement,2023-05-03,665,635,7790.95,4734.02,,10.5,12,0,0,20.3,,-30,Stage 2
9045,term,East,debt_consolidation,2024-02-15,723,701,7432.95,6234.16,,9.12,1,0,0,10.7,,-22,Stage 1
9046,term,West,home_improvement,2023-06-05,671,648,19758.66,10610.17,,13.4,11,1,0,19.2,,-23,Stage 2
9047,term,South,debt_consolidation,2021-03-01,653,630,9913.96,1738.4,,8.09,13,0,0,46.7,,-23,Stage 1
9048,term,North,home_improvement,2022-02-05,650,639,17296.06,1729.61,,13.73,17,0,0,35.4,,-11,Stage 1
9049,revolving,North,auto,2023-04-08,560,524,1566.28,784.6,1181.0,8.15,48,0,0,21.1,0.664,-36,Stage 2
9050,term,North,debt_consolidation,2024-04-18,725,741,3305.07,2503.39,,10.53,0,0,0,8.6,,16,Stage 1
9051,revolving,South,debt_consolidation,2024-06-09,619,598,2630.24,2309.61,5605.73,7.17,21,0,0,6.9,0.412,-21,Stage 1
9052,term,West,debt_consolidation,2022-04-21,791,798,17250.59,2658.05,,10.45,4,0,0,32.9,,7,Stage 1
9053,term,North,auto,2022-10-17,662,656,18351.53,5356.14,,3.0,12,0,0,26.9,,-6,Stage 1
9054,term,East,auto,2023-04-25,758,740,2801.56,2158.28,,5.26,1,0,0,20.6,,-18,Stage 1
9055,term,North,home_improvement,2023-07-13,571,536,19298.12,14534.49,,6.06,45,0,0,17.9,,-35,Stage 2
9056,revolving,West,home_improvement,2024-06-22,723,711,12345.49,10378.51,16892.31,15.16,0,0,0,6.4,0.614,-12,Stage 1
9057,revolving,South,auto,2022-09-30,739,743,7041.09,2806.38,5190.23,12.16,2,0,0,27.5,0.541,4,Stage 1
9058,term,East,auto,2022-10-11,758,753,25315.31,16321.73,,9.78,0,0,0,27.1,,-5,Stage 1
9059,term,East,debt_consolidation,2021-08-01,588,562,16407.67,1640.77,,7.75,35,0,1,41.6,,-26,Stage 2
9060,term,North,home_improvement,2023-09-17,637,625,11670.65,6869.93,,7.25,24,1,0,15.7,,-12,Stage 2
9061,revolving,West,home_improvement,2023-03-15,714,712,10097.72,5584.64,9753.2,7.18,2,0,0,21.9,0.573,-2,Stage 1
9062,revolving,North,debt_consolidation,2021-05-08,688,690,12545.47,1254.55,3021.16,11.03,8,0,0,44.5,0.415,2,Stage 1
9063,revolving,East,debt_consolidation,2023-08-10,697,670,3946.39,2838.35,5354.87,9.27,4,0,0,17.0,0.53,-27,Stage 1
9064,term,North,debt_consolidation,2021-08-05,658,634,4490.95,449.09,,11.7,18,0,1,41.5,,-24,Stage 1
9065,term,West,personal,2022-12-12,773,767,15855.42,4177.58,,10.68,2,0,0,25.0,,-6,Stage 1
9066,term,South,personal,2021-01-20,836,834,20626.92,9119.04,,10.24,9,0,0,48.1,,-2,Stage 1
9067,term,East,auto,2023-12-20,686,676,32496.26,22864.92,,6.65,3,0,0,12.6,,-10,Stage 1
9068,term,West,home_improvement,2022-11-06,707,702,30837.1,19765.84,,6.64,1,0,0,26.2,,-5,Stage 1
9069,term,North,debt_consolidation,2022-12-15,683,651,1089.26,720.2,,9.39,4,0,0,24.9,,-32,Stage 2
9070,term,East,debt_consolidation,2023-01-09,757,759,43993.69,27040.89,,10.14,2,0,0,24.1,,2,Stage 1
9071,revolving,North,home_improvement,2024-02-27,729,714,14180.46,10392.89,24333.24,8.42,2,0,0,10.3,0.427,-15,Stage 1
9072,revolving,North,personal,2022-07-11,616,593,3620.67,1021.03,1644.21,5.27,33,0,0,30.2,0.621,-23,Stage 2
9073,term,South,home_improvement,2021-07-16,643,614,5644.34,564.43,,9.67,11,0,0,42.2,,-29,Stage 1
9074,term,North,auto,2023-07-25,619,604,4427.23,3638.69,,11.27,29,0,0,17.5,,-15,Stage 1
9075,term,North,personal,2022-11-09,841,839,6460.45,3909.45,,5.69,14,0,0,26.1,,-2,Stage 1
9076,revolving,West,home_improvement,2022-05-19,718,708,21059.98,7307.38,19154.39,8.12,1,0,0,31.9,0.381,-10,Stage 1
9077,revolving,North,home_improvement,2024-06-24,644,630,7087.24,6139.28,15418.7,6.16,16,0,0,6.4,0.398,-14,Stage 1
9078,revolving,South,auto,2023-01-08,639,622,2281.33,1063.16,2789.08,11.87,20,0,0,24.1,0.381,-17,Stage 1
9079,revolving,North,home_improvement,2023-03-03,728,711,18282.68,10466.47,21350.84,14.99,2,0,0,22.3,0.49,-17,Stage 1
9080,term,North,personal,2024-07-07,734,725,4988.94,4430.73,,12.94,2,0,0,5.9,,-9,Stage 1
9081,term,North,debt_consolidation,2024-10-02,727,718,19775.92,18065.7,,4.25,0,0,0,3.0,,-9,Stage 1
9082,term,East,debt_consolidation,2021-07-16,654,642,58258.62,5825.86,,10.04,14,0,0,42.2,,-12,Stage 1
9083,term,South,debt_consolidation,2024-02-05,698,683,20470.65,15568.25,,10.65,7,0,0,11.0,,-15,Stage 1
9084,revolving,East,personal,2023-02-20,686,669,11012.58,8181.27,23139.51,14.2,4,0,0,22.7,0.354,-17,Stage 1
9085,term,South,home_improvement,2023-01-14,623,598,3414.78,1349.17,,7.26,32,1,0,23.9,,-25,Stage 2
9086,term,South,home_improvement,2024-03-29,624,588,28107.33,21400.6,,8.63,28,0,0,9.3,,-36,Stage 2
9087,term,West,home_improvement,2022-02-26,704,701,10846.17,1084.62,,5.46,6,0,0,34.7,,-3,Stage 1
9088,revolving,East,home_improvement,2024-05-15,691,689,1297.48,1154.73,3252.97,4.95,9,1,0,7.7,0.355,-2,Stage 2
9089,term,South,debt_consolidation,2024-08-29,713,718,8631.03,7823.8,,9.2,5,0,0,4.2,,5,Stage 1
9090,term,South,personal,2022-03-08,727,723,8785.78,3107.58,,13.4,3,0,0,34.3,,-4,Stage 1
9091,term,West,auto,2023-07-15,769,754,24805.24,15022.98,,9.09,2,0,0,17.9,,-15,Stage 1
9092,term,East,personal,2021-08-23,633,592,1926.67,192.67,,9.15,19,0,0,40.9,,-41,Stage 2
9093,term,North,home_improvement,2021-11-23,717,710,10342.58,1034.26,,5.2,4,0,0,37.8,,-7,Stage 1
9094,revolving,West,home_improvement,2023-07-23,724,708,17668.37,12562.01,33189.45,9.44,3,0,0,17.6,0.378,-16,Stage 1
9095,term,South,personal,2022-04-24,661,640,13537.14,2688.67,,7.34,8,0,1,32.8,,-21,Stage 1
9096,revolving,East,personal,2022-03-04,687,671,44874.01,22674.66,54905.25,7.64,8,0,0,34.5,0.413,-16,Stage 1
9097,term,South,debt_consolidation,2022-10-28,662,648,8227.13,6032.63,,14.12,12,1,0,26.5,,-14,Stage 2
9098,term,West,home_improvement,2024-01-29,806,803,16716.73,11358.58,,7.68,5,0,0,11.3,,-3,Stage 1
9099,revolving,West,personal,2024-06-15,686,679,8897.63,7268.37,19309.14,7.98,8,0,0,6.7,0.376,-7,Stage 1
9100,term,East,home_improvement,2024-02-05,707,688,8970.81,6667.1,,9.66,2,0,0,11.0,,-19,Stage 1
9101,term,West,personal,2023-05-08,664,644,6222.94,2985.76,,3.0,11,0,0,20.1,,-20,Stage 1
9102,revolving,West,home_improvement,2024-10-19,651,639,21222.43,20270.9,46846.28,6.67,13,0,1,2.5,0.433,-12,Stage 1
9103,term,North,personal,2022-10-04,601,572,48521.76,32280.66,,3.63,28,0,0,27.3,,-29,Stage 1
9104,revolving,South,home_improvement,2023-03-22,745,753,11367.54,5590.99,9548.38,7.35,2,0,0,21.7,0.586,8,Stage 1
9105,term,North,auto,2023-12-03,726,710,28223.69,19198.27,,14.72,5,0,0,13.2,,-16,Stage 1
9106,term,North,debt_consolidation,2022-07-29,661,654,32435.63,6261.07,,3.0,6,1,0,29.6,,-7,Stage 2
9107,term,East,auto,2024-01-02,625,590,5615.68,4533.41,,4.0,25,0,0,12.2,,-35,Stage 2
9108,revolving,West,debt_consolidation,2023-10-16,690,672,10220.88,6243.29,13199.93,13.06,3,0,0,14.8,0.473,-18,Stage 1
9109,term,South,debt_consolidation,2024-08-20,650,639,36665.5,32368.89,,8.52,13,1,1,4.5,,-11,Stage 2
9110,revolving,South,personal,2023-10-26,666,667,9649.29,7903.09,21155.07,10.32,9,0,0,14.4,0.374,1,Stage 1
9111,revolving,South,auto,2023-03-14,604,584,2798.13,1949.98,3734.74,9.29,35,1,0,22.0,0.522,-20,Stage 2
9112,term,West,debt_consolidation,2024-10-04,693,688,31260.12,29885.09,,9.38,6,1,0,3.0,,-5,Stage 2
9113,term,South,home_improvement,2022-02-04,694,686,18481.08,5365.08,,7.97,7,0,0,35.4,,-8,Stage 1
9114,term,South,personal,2022-08-18,745,737,9633.5,5916.1,,3.0,2,0,0,28.9,,-8,Stage 1
9115,term,West,personal,2024-12-27,670,630,5314.4,5238.98,,8.94,8,0,0,0.2,,-40,Stage 2
9116,term,East,home_improvement,2024-02-05,659,633,62962.48,52979.14,,12.29,17,0,0,11.0,,-26,Stage 1
9117,term,South,home_improvement,2021-04-27,586,553,6625.62,2748.25,,12.01,43,0,0,44.8,,-33,Stage 2
9118,revolving,West,debt_consolidation,2022-01-18,746,730,10831.08,6428.12,13757.18,10.74,0,0,0,36.0,0.467,-16,Stage 1
9119,revolving,North,home_improvement,2023-05-09,733,710,19484.63,13657.07,34564.15,8.69,1,0,0,20.1,0.395,-23,Stage 1
9120,revolving,West,personal,2021-03-23,681,683,4323.1,771.27,1922.29,9.45,6,0,0,46.0,0.401,2,Stage 1
9121,revolving,North,home_improvement,2023-04-12,600,568,25467.41,13327.18,30658.14,11.57,31,0,0,21.0,0.435,-32,Stage 2
9122,term,West,auto,2023-05-23,607,569,33781.74,26338.68,,4.42,37,0,0,19.6,,-38,Stage 2
9123,term,South,personal,2022-10-15,647,657,9315.62,5506.81,,14.41,16,0,1,27.0,,10,Stage 1
9124,revolving,East,home_improvement,2023-01-04,737,740,17870.13,10130.31,18100.0,12.02,0,0,0,24.3,0.56,3,Stage 1
9125,term,East,personal,2024-12-04,697,675,22036.32,21646.45,,14.55,5,0,0,0.9,,-22,Stage 1
9126,revolving,South,debt_consolidation,2021-03-11,590,555,10320.32,1032.03,2095.26,9.94,42,0,1,46.4,0.493,-35,Stage 2
9127,term,North,auto,2022-01-22,704,679,8635.93,4734.79,,7.43,2,0,0,35.8,,-25,Stage 1
9128,term,West,debt_consolidation,2022-06-08,629,593,16856.44,10181.64,,10.39,33,0,0,31.3,,-36,Stage 2
9129,revolving,South,auto,2021-10-24,648,621,6930.31,3696.72,9138.48,11.27,17,0,1,38.8,0.405,-27,Stage 1
9130,revolving,West,home_improvement,2022-09-09,738,736,4548.22,2153.44,4114.47,14.78,3,1,0,28.2,0.523,-2,Stage 2
9131,term,South,personal,2022-12-20,725,730,4244.27,3136.52,,8.12,2,0,0,24.8,,5,Stage 1
9132,revolving,South,home_improvement,2023-12-25,745,751,14205.94,12276.15,36195.19,7.76,1,0,0,12.4,0.339,6,Stage 1
9133,term,West,debt_consolidation,2021-06-27,678,675,10581.69,1058.17,,12.18,12,0,1,42.8,,-3,Stage 1
9134,term,East,personal,2023-10-29,732,723,22407.68,17198.21,,8.3,3,0,0,14.3,,-9,Stage 1
9135,revolving,East,home_improvement,2024-03-28,644,630,22825.0,18348.26,29836.64,7.2,15,0,0,9.3,0.615,-14,Stage 1
9136,term,North,home_improvement,2021-01-11,664,651,33007.0,14014.01,,7.39,8,0,0,48.4,,-13,Stage 1
9137,term,West,personal,2023-02-24,660,643,17914.34,10237.42,,3.0,10,0,0,22.6,,-17,Stage 1
9138,term,North,personal,2022-02-15,681,678,8875.13,2995.08,,6.87,7,1,0,35.0,,-3,Stage 2
9139,term,South,debt_consolidation,2023-06-11,602,584,10225.91,5277.0,,10.27,35,0,0,19.0,,-18,Stage 2
9140,term,North,auto,2022-08-30,666,651,5905.05,1276.62,,8.98,16,0,1,28.5,,-15,Stage 1
9141,term,South,auto,2021-06-04,767,756,18809.32,4852.68,,10.41,2,0,0,43.6,,-11,Stage 1
9142,term,West,personal,2024-05-14,614,603,9617.39,8670.4,,12.98,23,0,1,7.7,,-11,Stage 1
9143,revolving,West,auto,2024-02-13,600,562,30725.75,25871.2,60370.45,16.16,36,1,0,10.8,0.429,-38,Stage 2
9144,term,West,debt_consolidation,2024-11-03,605,566,20498.88,19793.58,,8.18,29,0,0,2.0,,-39,Stage 2
9145,revolving,West,auto,2022-08-22,839,823,8222.49,5220.93,14276.77,5.59,12,0,0,28.8,0.366,-16,Stage 1
9146,term,North,personal,2023-04-04,707,695,7801.03,5673.67,,7.68,1,0,0,21.3,,-12,Stage 1
9147,term,South,debt_consolidation,2021-12-16,663,650,60061.17,31937.47,,11.32,13,0,1,37.1,,-13,Stage 1
9148,term,East,personal,2024-01-27,684,657,9675.4,8147.31,,16.4,13,0,0,11.3,,-27,Stage 1
9149,term,West,debt_consolidation,2023-08-01,693,680,3977.36,2867.23,,9.48,6,0,0,17.3,,-13,Stage 1
9150,term,West,debt_consolidation,2021-01-19,641,632,3423.24,342.32,,10.44,11,1,0,48.1,,-9,Stage 2
9151,term,South,personal,2021-11-09,648,635,7253.38,1844.64,,8.31,10,0,0,38.3,,-13,Stage 1
9152,term,East,home_improvement,2023-07-16,670,648,9511.41,5913.84,,9.46,13,0,0,17.8,,-22,Stage 1
9153,term,West,personal,2022-06-12,636,623,9258.9,3223.88,,12.73,15,1,0,31.1,,-13,Stage 2
9154,term,East,debt_consolidation,2022-07-11,656,648,5540.81,635.89,,11.42,14,0,0,30.2,,-8,Stage 1
9155,term,West,personal,2022-03-21,701,700,26730.57,8149.61,,8.83,4,0,0,33.9,,-1,Stage 1
9156,term,North,personal,2021-08-19,620,604,26187.52,2935.68,,9.76,21,0,0,41.0,,-16,Stage 1
9157,revolving,North,debt_consolidation,2022-09-17,836,827,5836.67,1710.32,4137.97,7.9,22,0,0,27.9,0.413,-9,Stage 1
9158,term,East,auto,2023-10-08,725,732,4676.17,3070.48,,12.57,3,1,0,15.0,,7,Stage 2
9159,term,South,debt_consolidation,2023-06-08,603,580,18372.84,14048.39,,14.57,28,0,0,19.1,,-23,Stage 1
9160,term,South,personal,2021-12-25,531,492,43302.01,25142.12,,6.39,67,0,0,36.8,,-39,Stage 2
9161,revolving,North,debt_consolidation,2024-11-07,638,627,5408.08,5298.22,13444.94,6.63,11,0,0,1.8,0.394,-11,Stage 1
9162,term,South,debt_consolidation,2021-02-13,721,709,26629.61,4775.35,,7.92,5,0,0,47.3,,-12,Stage 1
9163,revolving,South,auto,2024-10-20,709,670,17290.07,16668.87,34540.66,11.57,5,0,0,2.4,0.483,-39,Stage 2
9164,term,South,home_improvement,2023-05-27,673,668,21111.62,9898.71,,7.72,13,0,0,19.5,,-5,Stage 1
9165,revolving,East,personal,2024-02-09,643,618,11532.08,8028.4,18547.72,11.82,20,1,0,10.9,0.433,-25,Stage 2
9166,revolving,East,personal,2021-08-11,625,601,4690.07,1024.64,2850.57,4.29,27,0,0,41.3,0.359,-24,Stage 1
9167,revolving,South,auto,2024-11-10,655,637,12556.06,12114.48,20603.0,8.78,15,0,0,1.7,0.588,-18,Stage 1
9168,term,North,debt_consolidation,2023-06-21,619,593,17443.05,12945.27,,9.4,14,0,1,18.7,,-26,Stage 1
9169,term,South,home_improvement,2024-07-12,656,640,11897.97,11109.84,,6.2,16,0,0,5.8,,-16,Stage 1
9170,term,West,personal,2021-09-28,759,763,29960.76,11708.72,,8.58,0,0,0,39.7,,4,Stage 1
9171,term,North,home_improvement,2021-07-31,633,617,15962.85,5989.5,,12.33,17,0,0,41.7,,-16,Stage 1
9172,revolving,East,home_improvement,2024-08-30,716,696,14141.44,12873.7,36879.0,8.58,3,0,0,4.1,0.349,-20,Stage 1
9173,term,West,debt_consolidation,2024-11-11,725,703,22269.37,21655.26,,10.25,2,0,0,1.7,,-22,Stage 1
9174,term,South,debt_consolidation,2021-09-04,615,588,9499.53,4473.08,,13.26,29,0,1,40.5,,-27,Stage 1
9175,term,South,debt_consolidation,2023-08-06,629,599,15421.97,7886.66,,6.27,25,0,0,17.1,,-30,Stage 2
9176,term,North,personal,2023-04-01,744,730,21457.64,16406.48,,9.78,0,0,0,21.4,,-14,Stage 1
9177,term,North,home_improvement,2024-10-05,624,593,15706.12,14646.06,,3.0,24,0,0,2.9,,-31,Stage 2
9178,revolving,South,home_improvement,2021-03-13,676,674,1000.0,232.84,657.82,4.83,9,0,1,46.3,0.354,-2,Stage 1
9179,term,South,personal,2024-08-12,802,809,16653.38,14827.46,,11.24,7,0,0,4.7,,7,Stage 1
9180,term,North,auto,2024-05-21,738,728,25609.16,21966.08,,7.4,0,1,0,7.5,,-10,Stage 2
9181,term,West,debt_consolidation,2021-10-22,685,672,29468.24,2946.82,,9.87,11,0,1,38.9,,-13,Stage 1
9182,term,East,personal,2021-06-20,730,726,7367.86,3120.23,,4.47,1,0,0,43.0,,-4,Stage 1
9183,term,North,debt_consolidation,2021-09-03,676,654,14083.66,6588.59,,3.0,9,0,0,40.5,,-22,Stage 1
9184,term,West,home_improvement,2024-03-10,741,735,20718.25,17467.58,,6.89,0,0,0,9.9,,-6,Stage 1
9185,revolving,South,personal,2022-09-09,557,503,16640.44,9693.6,27090.95,7.27,71,0,0,28.2,0.358,-54,Stage 2
9186,revolving,East,auto,2021-08-28,671,655,13450.81,1345.08,3875.74,7.94,11,0,0,40.7,0.347,-16,Stage 1
9187,revolving,West,debt_consolidation,2021-11-07,554,529,23697.15,5328.34,14589.79,13.4,51,0,0,38.4,0.365,-25,Stage 2
9188,term,East,home_improvement,2024-12-10,689,681,11997.17,11770.93,,3.0,6,1,0,0.7,,-8,Stage 2
9189,revolving,East,home_improvement,2022-02-02,665,649,10631.32,3716.08,7637.33,6.81,15,0,0,35.5,0.487,-16,Stage 1
9190,revolving,East,auto,2023-07-12,761,744,4382.63,2669.51,6265.08,7.9,1,0,0,18.0,0.426,-17,Stage 1
9191,revolving,West,auto,2023-03-03,722,716,9547.7,3179.73,5096.86,8.57,1,0,0,22.3,0.624,-6,Stage 1
9192,term,West,debt_consolidation,2021-01-22,648,639,5636.83,563.68,,11.98,14,0,0,48.0,,-9,Stage 1
9193,revolving,South,home_improvement,2024-01-07,655,646,3669.37,2498.2,5539.12,8.82,11,0,0,12.0,0.451,-9,Stage 1
9194,revolving,East,auto,2023-03-24,702,690,5691.16,2918.7,8429.68,11.39,4,0,0,21.6,0.346,-12,Stage 1
9195,revolving,North,personal,2023-06-23,645,628,8055.32,4081.64,10450.48,12.56,15,0,0,18.6,0.391,-17,Stage 1
9196,term,North,auto,2023-04-12,678,660,8573.51,4846.84,,4.83,9,0,0,21.0,,-18,Stage 1
9197,revolving,North,personal,2024-10-08,759,761,12282.08,11870.85,21035.11,12.38,1,0,0,2.8,0.564,2,Stage 1
9198,revolving,West,home_improvement,2024-10-26,630,604,21404.08,20529.86,60304.83,8.41,16,0,0,2.2,0.34,-26,Stage 1
9199,term,South,debt_consolidation,2023-11-11,653,629,20013.56,11898.64,,9.14,17,0,0,13.9,,-24,Stage 1
9200,term,West,home_improvement,2022-05-22,661,643,1712.69,322.63,,9.44,17,0,0,31.8,,-18,Stage 1
9201,revolving,East,home_improvement,2021-06-09,850,850,8641.28,864.13,1559.59,10.25,17,0,0,43.4,0.554,0,Stage 1
9202,term,North,home_improvement,2023-01-14,716,691,25958.95,17771.81,,4.57,4,0,0,23.9,,-25,Stage 1
9203,term,West,home_improvement,2024-10-16,747,740,10179.43,9874.11,,4.31,0,1,0,2.6,,-7,Stage 2
9204,term,North,debt_consolidation,2023-03-24,726,705,17912.26,11973.62,,7.47,2,0,0,21.6,,-21,Stage 1
9205,revolving,West,auto,2024-08-13,730,721,10757.68,9504.09,16505.95,10.82,0,0,0,4.7,0.576,-9,Stage 1
9206,term,North,debt_consolidation,2024-10-07,708,721,12318.64,11502.33,,12.85,6,0,0,2.9,,13,Stage 1
9207,term,East,debt_consolidation,2021-06-29,701,696,12998.3,6718.25,,6.96,5,0,0,42.7,,-5,Stage 1
9208,term,North,debt_consolidation,2024-11-19,592,555,1000.0,983.86,,11.57,33,0,1,1.4,,-37,Stage 2
9209,revolving,East,debt_consolidation,2021-08-01,701,690,10367.41,3423.35,8053.02,8.36,2,0,0,41.6,0.425,-11,Stage 1
9210,term,East,auto,2022-06-14,673,663,6883.13,688.31,,9.99,8,0,0,31.1,,-10,Stage 1
9211,revolving,West,home_improvement,2024-11-19,712,689,2459.3,2413.58,5884.6,7.2,2,0,0,1.4,0.41,-23,Stage 1
9212,revolving,West,auto,2021-01-27,675,663,12124.09,1542.0,3526.05,9.41,15,0,1,47.8,0.437,-12,Stage 1
9213,term,West,auto,2023-07-28,725,716,8879.81,5389.55,,6.23,2,0,0,17.4,,-9,Stage 1
9214,term,East,home_improvement,2023-05-20,736,728,7102.31,4080.81,,9.28,0,0,0,19.7,,-8,Stage 1
9215,term,South,auto,2022-03-14,505,460,12326.63,5039.6,,11.6,91,0,1,34.1,,-45,Stage 3
9216,term,South,debt_consolidation,2021-10-12,653,634,6697.69,2960.95,,7.79,16,0,0,39.2,,-19,Stage 1
9217,term,East,debt_consolidation,2022-10-23,568,551,2875.26,678.03,,9.75,53,0,0,26.7,,-17,Stage 2
9218,revolving,East,home_improvement,2022-10-11,694,677,12865.07,9080.88,27087.2,10.11,6,0,0,27.1,0.335,-17,Stage 1
9219,revolving,West,home_improvement,2021-07-08,661,653,21061.51,10065.97,29891.84,12.33,21,0,0,42.4,0.337,-8,Stage 1
9220,term,West,home_improvement,2024-05-07,761,757,3125.07,2822.54,,3.4,1,1,0,8.0,,-4,Stage 2
9221,term,West,debt_consolidation,2024-01-31,692,681,4325.47,3380.26,,11.11,5,0,0,11.2,,-11,Stage 1
9222,term,South,home_improvement,2022-04-24,650,645,4472.15,970.94,,5.74,16,1,0,32.8,,-5,Stage 2
9223,term,South,auto,2022-08-26,736,728,4530.88,1970.05,,5.46,1,0,0,28.6,,-8,Stage 1
9224,term,East,auto,2023-10-12,660,643,18823.24,12218.86,,7.06,13,0,0,14.9,,-17,Stage 1
9225,revolving,South,personal,2024-06-01,650,638,10862.26,8797.6,13283.07,6.19,8,0,0,7.1,0.662,-12,Stage 1
9226,revolving,West,personal,2022-06-01,703,682,21957.14,14617.7,26649.25,9.61,3,0,0,31.5,0.549,-21,Stage 1
9227,term,West,home_improvement,2023-07-05,776,784,30537.94,14424.15,,6.1,2,0,0,18.2,,8,Stage 1
9228,revolving,West,personal,2021-08-18,731,720,12601.36,1260.14,2140.28,10.73,0,0,0,41.1,0.589,-11,Stage 1
9229,term,West,debt_consolidation,2023-05-19,714,700,27872.94,20218.8,,3.0,4,0,0,19.8,,-14,Stage 1
9230,revolving,West,debt_consolidation,2024-02-12,845,839,7746.32,5918.76,17654.89,12.19,24,0,0,10.8,0.335,-6,Stage 1
9231,term,North,auto,2024-04-22,636,605,2771.03,2310.96,,4.34,16,0,0,8.5,,-31,Stage 2
9232,term,East,auto,2023-01-29,634,617,1188.42,722.57,,10.22,24,1,0,23.4,,-17,Stage 2
9233,revolving,East,personal,2021-02-03,688,685,45147.72,4514.77,12425.63,6.59,5,0,0,47.6,0.363,-3,Stage 1
9234,term,South,personal,2021-10-23,770,759,9365.11,1028.22,,7.73,4,0,0,38.9,,-11,Stage 1
9235,revolving,West,debt_consolidation,2022-03-29,623,606,6462.26,2393.46,4692.12,6.37,26,0,0,33.6,0.51,-17,Stage 1
9236,term,North,auto,2024-11-30,785,782,7133.93,6939.65,,3.0,2,0,0,1.1,,-3,Stage 1
9237,term,West,personal,2024-02-25,593,553,20642.81,16715.86,,7.61,47,0,0,10.4,,-40,Stage 2
9238,term,West,debt_consolidation,2021-05-22,672,652,4121.86,412.19,,5.33,14,0,0,44.0,,-20,Stage 1
9239,term,South,auto,2022-10-10,690,683,11384.33,4625.66,,4.72,6,0,0,27.1,,-7,Stage 1
9240,term,North,debt_consolidation,2021-05-08,627,595,9917.67,4633.11,,7.73,25,0,1,44.5,,-32,Stage 2
9241,term,North,debt_consolidation,2023-04-15,642,609,17829.07,9788.09,,8.16,11,0,0,20.9,,-33,Stage 2
9242,term,East,auto,2023-07-14,727,712,18007.13,10541.55,,9.25,1,0,0,17.9,,-15,Stage 1
9243,term,West,debt_consolidation,2022-12-31,766,756,9891.32,6734.56,,10.48,0,0,0,24.4,,-10,Stage 1
9244,revolving,North,personal,2024-10-05,553,539,32746.53,30350.52,51063.51,5.38,60,0,1,2.9,0.594,-14,Stage 2
9245,term,East,debt_consolidation,2022-04-08,690,678,25038.56,5391.82,,4.83,8,0,0,33.3,,-12,Stage 1
9246,revolving,North,personal,2024-06-21,673,669,6733.74,6239.4,10512.73,11.27,13,0,0,6.5,0.594,-4,Stage 1
9247,term,West,home_improvement,2022-07-18,686,671,14520.28,6767.29,,8.03,5,0,0,29.9,,-15,Stage 1
9248,term,East,home_improvement,2024-04-24,660,645,18649.6,14117.38,,14.89,9,0,0,8.4,,-15,Stage 1
9249,term,North,home_improvement,2024-06-10,602,586,23743.98,21687.74,,3.0,38,0,0,6.8,,-16,Stage 2
9250,term,South,debt_consolidation,2022-05-29,772,756,3682.54,1354.38,,10.0,2,0,0,31.6,,-16,Stage 1
9251,term,North,home_improvement,2021-01-01,749,733,16576.25,1657.62,,6.56,1,0,0,48.7,,-16,Stage 1
9252,term,West,home_improvement,2024-06-16,673,663,6416.43,5900.72,,6.67,13,0,0,6.6,,-10,Stage 1
9253,term,South,debt_consolidation,2023-12-15,650,632,3277.14,2176.28,,7.36,19,0,0,12.8,,-18,Stage 1
9254,term,North,auto,2024-12-12,643,629,28048.18,27457.93,,13.02,21,0,1,0.7,,-14,Stage 1
9255,revolving,North,debt_consolidation,2021-12-04,524,480,21559.19,7210.63,17203.43,3.97,72,1,0,37.5,0.419,-44,Stage 2
9256,term,East,personal,2023-06-27,701,688,15324.87,11882.92,,3.93,5,0,0,18.5,,-13,Stage 1
9257,term,West,debt_consolidation,2023-03-29,726,731,24942.34,15121.84,,10.85,0,0,0,21.5,,5,Stage 1
9258,term,North,auto,2024-07-24,688,668,24121.05,21208.69,,14.11,4,0,0,5.4,,-20,Stage 1
9259,revolving,North,home_improvement,2023-10-31,674,667,12669.78,8141.15,20518.11,6.8,4,0,0,14.3,0.397,-7,Stage 1
9260,term,North,debt_consolidation,2024-09-26,688,678,12446.83,11667.17,,12.25,7,0,0,3.2,,-10,Stage 1
9261,term,West,home_improvement,2024-02-02,628,598,6809.1,5297.23,,11.62,26,0,0,11.1,,-30,Stage 2
9262,term,South,personal,2021-12-11,650,643,40338.93,4033.89,,9.84,16,1,0,37.2,,-7,Stage 2
9263,term,West,auto,2024-10-25,670,666,15022.48,14415.52,,9.55,6,1,0,2.3,,-4,Stage 2
9264,term,East,home_improvement,2023-09-04,721,698,16402.65,13165.54,,7.87,1,1,0,16.2,,-23,Stage 2
9265,revolving,East,home_improvement,2023-06-02,762,766,10779.36,5021.83,7673.65,11.72,4,0,0,19.3,0.654,4,Stage 1
9266,term,West,home_improvement,2021-07-17,666,645,8855.17,885.52,,10.99,9,0,0,42.1,,-21,Stage 1
9267,term,North,home_improvement,2023-11-04,617,592,15261.04,11440.75,,7.28,34,1,1,14.1,,-25,Stage 2
9268,term,North,debt_consolidation,2023-05-22,682,647,23266.84,9663.94,,4.24,6,0,0,19.7,,-35,Stage 2
9269,term,South,auto,2024-09-23,800,797,8797.2,8272.23,,6.65,4,0,0,3.3,,-3,Stage 1
9270,term,West,auto,2022-06-26,622,591,27362.99,6473.43,,5.81,27,0,1,30.7,,-31,Stage 2
9271,term,West,home_improvement,2022-04-02,733,724,1278.78,418.44,,8.83,1,0,0,33.5,,-9,Stage 1
9272,term,North,auto,2023-01-20,760,746,7164.69,2163.51,,10.44,1,0,0,23.7,,-14,Stage 1
9273,term,East,home_improvement,2024-12-30,658,631,13832.99,13439.76,,10.17,13,0,0,0.1,,-27,Stage 1
9274,term,East,personal,2022-01-01,637,607,4379.98,438.0,,10.38,21,0,0,36.5,,-30,Stage 2
9275,revolving,South,personal,2022-02-05,714,715,20366.31,2036.63,3458.99,9.58,2,0,0,35.4,0.589,1,Stage 1
9276,term,South,personal,2022-07-28,701,687,8777.99,5489.67,,8.93,6,0,0,29.6,,-14,Stage 1
9277,term,East,auto,2022-04-27,721,716,15207.92,2091.33,,8.81,1,0,0,32.7,,-5,Stage 1
9278,term,West,home_improvement,2021-04-20,804,809,15673.38,3914.96,,12.7,3,0,0,45.1,,5,Stage 1
9279,term,South,debt_consolidation,2023-10-16,690,669,12866.98,7945.42,,7.53,3,0,0,14.8,,-21,Stage 1
9280,term,North,debt_consolidation,2022-02-10,608,587,9059.3,905.93,,8.34,35,0,0,35.2,,-21,Stage 2
9281,term,West,personal,2021-11-05,683,669,5829.73,582.97,,3.0,13,0,0,38.4,,-14,Stage 1
9282,revolving,North,personal,2021-06-09,694,673,15190.98,3229.47,7362.21,7.37,4,0,0,43.4,0.439,-21,Stage 1
9283,revolving,South,auto,2023-04-24,756,750,12976.79,9785.38,29049.43,8.1,2,1,0,20.6,0.337,-6,Stage 2
9284,term,East,debt_consolidation,2021-02-24,668,669,6819.5,681.95,,12.59,3,0,0,46.9,,1,Stage 1
9285,revolving,South,auto,2023-01-31,655,624,4844.33,3060.03,6659.44,4.99,15,0,0,23.4,0.46,-31,Stage 2
9286,revolving,East,personal,2021-09-13,597,566,15292.99,6763.18,10233.83,8.62,30,1,0,40.2,0.661,-31,Stage 2
9287,term,West,home_improvement,2022-06-18,712,706,24265.87,16201.41,,8.56,6,0,0,30.9,,-6,Stage 1
9288,revolving,South,home_improvement,2022-02-26,850,843,20158.57,2015.86,5329.69,10.91,11,0,0,34.7,0.378,-7,Stage 1
9289,term,South,home_improvement,2023-08-04,666,646,23827.8,15990.68,,7.6,10,0,0,17.2,,-20,Stage 1
9290,term,South,personal,2023-08-20,707,706,9022.56,6021.7,,10.82,2,0,0,16.7,,-1,Stage 1
9291,term,West,auto,2023-03-24,647,623,39103.79,20753.48,,9.77,20,1,0,21.6,,-24,Stage 2
9292,term,North,home_improvement,2023-06-06,603,588,17836.54,9603.88,,6.72,37,0,0,19.2,,-15,Stage 2
9293,term,North,debt_consolidation,2021-09-21,706,685,52455.63,11923.35,,5.67,3,0,0,39.9,,-21,Stage 1
9294,term,East,debt_consolidation,2023-01-18,681,680,2511.39,910.45,,15.27,8,0,0,23.8,,-1,Stage 1
9295,revolving,South,personal,2023-04-13,536,524,24246.85,12285.15,21522.54,7.38,82,0,1,21.0,0.571,-12,Stage 2
9296,revolving,North,debt_consolidation,2021-08-21,776,756,16460.82,1646.08,3176.36,3.92,3,0,0,41.0,0.518,-20,Stage 1
9297,revolving,West,debt_consolidation,2022-11-11,704,707,22476.86,14369.86,25747.53,7.63,6,0,0,26.1,0.558,3,Stage 1
9298,revolving,South,personal,2021-08-21,684,668,5714.59,571.46,1491.63,6.99,7,0,0,41.0,0.383,-16,Stage 1
9299,revolving,East,auto,2023-12-05,654,632,8816.67,5744.7,12221.55,5.5,9,0,0,13.1,0.47,-22,Stage 1
9300,term,North,home_improvement,2022-07-12,704,682,16352.76,3934.04,,8.88,6,0,0,30.1,,-22,Stage 1
9301,term,West,personal,2023-07-02,707,685,15115.31,12083.82,,9.56,2,0,0,18.3,,-22,Stage 1
9302,term,West,debt_consolidation,2022-11-12,704,700,7011.59,2047.07,,3.0,2,0,0,26.0,,-4,Stage 1
9303,revolving,East,home_improvement,2024-12-30,744,733,66892.01,65655.92,160516.31,9.38,0,0,0,0.1,0.409,-11,Stage 1
9304,term,North,home_improvement,2021-12-01,757,733,5216.52,521.65,,11.2,3,0,0,37.6,,-24,Stage 1
9305,revolving,South,home_improvement,2022-02-08,800,810,12440.53,6583.52,15221.57,6.1,5,0,0,35.3,0.433,10,Stage 1
9306,term,West,personal,2024-04-02,629,609,9236.2,8254.11,,4.98,20,0,0,9.1,,-20,Stage 1
9307,term,East,home_improvement,2021-09-13,645,620,17854.84,7892.72,,5.9,19,0,0,40.2,,-25,Stage 1
9308,revolving,West,auto,2023-12-26,701,700,18876.36,16450.52,41841.25,7.44,3,0,0,12.4,0.393,-1,Stage 1
9309,term,West,debt_consolidation,2023-10-17,633,618,16291.92,10881.07,,8.81,12,0,0,14.7,,-15,Stage 1
9310,term,North,personal,2023-07-30,642,627,16612.96,13482.35,,5.5,15,0,0,17.4,,-15,Stage 1
9311,term,North,personal,2023-02-11,708,678,29126.82,10787.56,,7.66,4,1,0,23.0,,-30,Stage 2
9312,term,South,home_improvement,2023-08-04,734,728,17149.08,10494.37,,8.25,1,0,0,17.2,,-6,Stage 1
9313,revolving,West,debt_consolidation,2024-01-17,756,758,25174.89,21589.34,64705.2,9.33,1,0,0,11.7,0.334,2,Stage 1
9314,term,East,home_improvement,2024-06-17,668,645,20279.13,18725.25,,4.5,13,0,0,6.6,,-23,Stage 1
9315,term,West,home_improvement,2021-11-07,707,690,8852.43,3454.59,,6.45,3,0,0,38.4,,-17,Stage 1
9316,term,East,personal,2022-11-13,694,660,30569.14,17478.2,,6.64,2,0,0,26.0,,-34,Stage 2
9317,revolving,West,auto,2024-07-05,681,645,31093.75,28715.31,68682.28,13.53,5,0,0,6.0,0.418,-36,Stage 2
9318,term,East,debt_consolidation,2024-12-28,631,618,26037.67,25688.4,,11.88,30,0,0,0.1,,-13,Stage 2
9319,term,West,debt_consolidation,2021-05-09,623,597,16917.91,1691.79,,8.48,30,0,0,44.4,,-26,Stage 2
9320,revolving,West,debt_consolidation,2023-02-20,720,702,3845.97,2127.68,3802.19,4.18,3,0,0,22.7,0.56,-18,Stage 1
9321,term,South,debt_consolidation,2021-11-22,630,603,54093.61,9566.26,,11.29,24,0,0,37.9,,-27,Stage 1
9322,revolving,North,auto,2023-03-01,573,554,27574.94,12506.62,34098.22,12.19,49,0,1,22.4,0.367,-19,Stage 2
9323,term,North,personal,2021-01-17,678,680,25234.25,2523.42,,8.42,12,0,0,48.2,,2,Stage 1
9324,term,East,auto,2022-11-30,767,772,5891.87,3694.29,,7.2,1,0,0,25.4,,5,Stage 1
9325,term,West,home_improvement,2023-10-06,512,474,14018.43,8681.1,,6.55,89,0,0,15.1,,-38,Stage 2
9326,revolving,West,personal,2021-12-08,662,662,24213.55,13374.66,37683.67,10.7,10,0,0,37.3,0.355,0,Stage 1
9327,revolving,North,auto,2023-09-30,720,702,7367.61,6118.94,11827.63,10.52,1,0,0,15.3,0.517,-18,Stage 1
9328,term,East,debt_consolidation,2023-04-18,570,528,7178.6,4166.77,,5.45,61,0,0,20.8,,-42,Stage 2
9329,term,South,debt_consolidation,2022-09-20,667,658,11616.02,3706.9,,6.1,14,0,0,27.8,,-9,Stage 1
9330,revolving,South,personal,2023-02-10,611,595,9206.32,2990.77,5500.47,5.45,18,0,0,23.0,0.544,-16,Stage 1
9331,term,South,auto,2023-05-28,619,599,8667.5,5542.34,,13.95,24,0,1,19.5,,-20,Stage 1
9332,revolving,West,personal,2024-06-26,655,640,5994.7,5302.57,11744.27,9.45,11,0,0,6.3,0.452,-15,Stage 1
9333,term,East,debt_consolidation,2022-12-11,612,576,17146.98,7696.99,,11.94,31,0,0,25.1,,-36,Stage 2
9334,revolving,North,auto,2023-04-29,607,583,5145.21,2126.96,3417.52,8.99,31,0,0,20.4,0.622,-24,Stage 2
9335,term,West,debt_consolidation,2023-01-09,676,647,12137.74,5198.64,,9.83,9,0,0,24.1,,-29,Stage 1
9336,term,West,personal,2021-06-26,813,818,5128.8,512.88,,7.71,9,0,0,42.8,,5,Stage 1
9337,term,South,personal,2023-08-04,725,729,44564.77,28950.16,,12.98,3,0,0,17.2,,4,Stage 1
9338,revolving,East,personal,2021-12-23,740,737,1309.03,168.92,295.08,9.55,2,0,0,36.8,0.572,-3,Stage 1
9339,term,East,personal,2022-05-10,727,711,39002.26,23431.64,,8.42,2,0,0,32.2,,-16,Stage 1
9340,term,South,personal,2021-02-04,638,618,8642.37,864.24,,3.04,15,0,0,47.6,,-20,Stage 1
9341,term,South,home_improvement,2024-12-01,698,683,2506.7,2435.56,,10.18,5,0,0,1.0,,-15,Stage 1
9342,term,South,personal,2023-03-29,745,735,6804.9,4868.41,,10.15,3,0,0,21.5,,-10,Stage 1
9343,revolving,West,personal,2021-01-10,729,717,12186.62,1218.66,2292.28,12.41,0,0,0,48.4,0.532,-12,Stage 1
9344,revolving,West,debt_consolidation,2023-09-13,691,666,19632.77,10772.69,26837.31,7.69,5,0,0,15.9,0.401,-25,Stage 1
9345,term,West,personal,2022-06-15,711,703,2851.51,342.08,,6.47,3,0,0,31.0,,-8,Stage 1
9346,revolving,North,auto,2021-04-05,827,830,24316.86,2431.69,4768.62,14.09,9,0,0,45.6,0.51,3,Stage 1
9347,revolving,North,personal,2022-07-30,730,734,14024.58,8418.98,23027.34,4.43,1,0,0,29.5,0.366,4,Stage 1
9348,revolving,East,home_improvement,2022-03-26,661,648,30550.57,3055.06,5180.41,6.22,13,0,0,33.7,0.59,-13,Stage 1
9349,term,South,personal,2024-05-28,675,676,6953.81,5735.7,,13.28,13,0,0,7.3,,1,Stage 1
9350,revolving,South,debt_consolidation,2023-10-15,616,607,18033.11,10031.0,18535.36,11.53,29,0,0,14.8,0.541,-9,Stage 1
9351,term,West,auto,2021-04-06,820,810,13468.58,1346.86,,7.92,5,0,0,45.5,,-10,Stage 1
9352,term,North,auto,2023-05-15,776,768,9078.4,4831.86,,8.03,4,0,0,19.9,,-8,Stage 1
9353,revolving,South,personal,2024-11-05,684,657,7793.67,7375.67,18968.53,8.22,10,0,0,1.9,0.389,-27,Stage 1
9354,term,East,personal,2022-10-31,810,803,25482.41,15157.77,,11.32,6,0,0,26.4,,-7,Stage 1
9355,term,South,personal,2021-07-26,717,700,13266.57,1326.66,,11.37,3,0,0,41.8,,-17,Stage 1
9356,revolving,West,personal,2023-04-30,654,653,18383.5,10691.31,29561.97,10.63,13,0,0,20.4,0.362,-1,Stage 1
9357,revolving,West,debt_consolidation,2021-09-03,734,742,7592.52,759.25,1489.78,11.15,2,0,0,40.5,0.51,8,Stage 1
9358,term,North,debt_consolidation,2023-06-03,703,694,24917.02,11483.26,,10.54,5,0,0,19.3,,-9,Stage 1
9359,revolving,East,auto,2021-03-24,730,717,9801.55,980.15,1732.45,3.0,2,0,0,46.0,0.566,-13,Stage 1
9360,term,East,personal,2021-11-13,597,555,6220.76,1218.91,,9.97,44,0,0,38.2,,-42,Stage 2
9361,term,South,debt_consolidation,2022-10-07,631,603,12616.58,8951.86,,7.85,16,1,1,27.2,,-28,Stage 2
9362,revolving,East,debt_consolidation,2024-02-03,769,766,14483.19,11166.66,22997.79,15.42,0,0,0,11.1,0.486,-3,Stage 1
9363,term,South,auto,2022-01-05,781,771,9297.51,4640.28,,4.55,4,0,0,36.4,,-10,Stage 1
9364,term,South,auto,2023-01-19,764,771,15147.74,5294.1,,5.31,0,0,0,23.8,,7,Stage 1
9365,term,North,home_improvement,2022-09-22,813,834,7872.03,2863.65,,9.32,5,0,0,27.7,,21,Stage 1
9366,term,East,debt_consolidation,2021-06-29,714,696,11480.55,4153.11,,5.34,4,0,0,42.7,,-18,Stage 1
9367,term,West,auto,2022-08-25,710,698,5403.61,2633.54,,16.6,1,0,0,28.7,,-12,Stage 1
9368,revolving,South,debt_consolidation,2022-08-23,625,599,4928.85,2604.49,7653.18,10.66,24,0,0,28.7,0.34,-26,Stage 1
9369,revolving,South,debt_consolidation,2024-01-12,645,622,8663.43,5744.57,12763.36,7.23,15,0,0,11.8,0.45,-23,Stage 1
9370,term,South,personal,2023-04-21,560,521,1004.92,405.53,,10.16,44,0,0,20.7,,-39,Stage 2
9371,revolving,East,personal,2021-12-14,660,636,7370.91,737.09,1660.39,9.66,12,0,0,37.1,0.444,-24,Stage 1
9372,term,East,personal,2024-07-19,556,512,4125.81,3745.82,,7.05,57,0,0,5.5,,-44,Stage 2
9373,term,East,personal,2021-11-27,744,743,24931.79,2493.18,,5.14,0,0,0,37.7,,-1,Stage 1
9374,revolving,South,debt_consolidation,2022-09-02,703,697,3312.59,1268.24,2934.09,5.62,5,0,0,28.4,0.432,-6,Stage 1
9375,term,West,home_improvement,2023-01-14,558,540,6424.17,3907.23,,7.66,60,1,0,23.9,,-18,Stage 2
9376,term,West,home_improvement,2022-07-23,668,639,5049.7,752.55,,11.95,11,0,0,29.8,,-29,Stage 1
9377,term,East,home_improvement,2022-01-24,798,785,22500.79,7192.47,,10.84,4,0,0,35.8,,-13,Stage 1
9378,term,West,debt_consolidation,2023-08-29,672,641,1606.63,1211.58,,15.57,9,0,0,16.4,,-31,Stage 2
9379,revolving,South,home_improvement,2023-01-17,620,587,24700.3,16167.35,43751.25,6.44,24,0,0,23.8,0.37,-33,Stage 2
9380,term,East,debt_consolidation,2021-05-17,572,558,46172.44,4617.24,,5.4,64,0,1,44.2,,-14,Stage 2
9381,term,East,auto,2024-10-16,574,535,24499.87,23054.0,,8.51,48,0,0,2.6,,-39,Stage 2
9382,term,South,home_improvement,2021-10-09,712,703,16926.36,1692.64,,10.29,2,0,0,39.3,,-9,Stage 1
9383,term,East,debt_consolidation,2024-05-10,653,651,7482.8,6759.37,,10.37,6,0,0,7.9,,-2,Stage 1
9384,term,South,auto,2023-10-16,658,643,16495.06,13136.31,,10.08,11,0,0,14.8,,-15,Stage 1
9385,term,East,personal,2023-01-14,654,632,4095.86,2689.66,,9.62,9,0,0,23.9,,-22,Stage 1
9386,revolving,West,auto,2022-06-15,671,629,10201.9,4575.55,12874.8,7.36,9,0,0,31.0,0.355,-42,Stage 2
9387,revolving,East,auto,2021-01-16,606,579,16207.25,1620.72,3421.87,7.75,29,0,0,48.2,0.474,-27,Stage 1
9388,term,East,home_improvement,2023-10-02,698,690,13129.68,9289.68,,13.72,8,0,0,15.2,,-8,Stage 1
9389,term,East,personal,2022-07-22,594,566,9705.67,1486.71,,5.42,45,0,0,29.8,,-28,Stage 2
9390,term,North,personal,2024-02-12,634,611,4450.71,3315.22,,9.73,29,1,0,10.8,,-23,Stage 2
9391,revolving,West,home_improvement,2023-12-28,740,721,5297.12,3594.18,8243.93,12.48,0,0,0,12.3,0.436,-19,Stage 1
9392,revolving,South,auto,2021-01-30,702,709,20253.6,2025.36,3756.39,5.95,4,0,0,47.7,0.539,7,Stage 1
9393,term,North,debt_consolidation,2022-10-26,721,708,2303.67,1055.29,,5.94,5,0,0,26.6,,-13,Stage 1
9394,revolving,West,home_improvement,2023-09-26,809,819,9166.14,5996.26,17079.66,9.86,10,0,0,15.4,0.351,10,Stage 1
9395,term,East,auto,2023-05-25,676,660,7138.22,4855.52,,10.29,10,0,0,19.6,,-16,Stage 1
9396,term,East,debt_consolidation,2021-01-22,681,662,12111.84,1211.18,,8.05,3,0,0,48.0,,-19,Stage 1
9397,term,South,home_improvement,2024-12-25,664,644,16864.49,16473.75,,10.35,10,0,0,0.2,,-20,Stage 1
9398,term,South,home_improvement,2023-11-20,653,646,4409.0,3170.8,,4.06,21,0,0,13.6,,-7,Stage 1
9399,term,West,personal,2023-08-14,619,590,9564.9,7178.83,,7.08,31,0,0,16.9,,-29,Stage 2
9400,term,West,personal,2022-10-22,685,675,14276.62,3727.48,,12.48,6,0,0,26.7,,-10,Stage 1
9401,term,South,personal,2024-12-04,701,692,11471.26,11292.85,,3.46,4,0,0,0.9,,-9,Stage 1
9402,term,West,debt_consolidation,2023-12-09,704,684,21293.08,15775.65,,15.16,1,0,0,13.0,,-20,Stage 1
9403,term,South,home_improvement,2021-11-21,683,659,25816.79,2581.68,,8.6,8,0,0,37.9,,-24,Stage 1
9404,term,East,personal,2024-08-14,735,732,4872.37,4563.26,,13.82,1,0,0,4.7,,-3,Stage 1
9405,term,South,personal,2021-06-30,681,684,8943.5,894.35,,12.49,7,0,0,42.7,,3,Stage 1
9406,term,North,home_improvement,2021-05-02,655,623,12339.38,5537.64,,9.68,19,0,1,44.7,,-32,Stage 2
9407,term,South,debt_consolidation,2021-05-04,624,596,16774.21,1677.42,,9.79,26,0,0,44.6,,-28,Stage 1
9408,term,South,personal,2021-09-23,587,560,6220.06,622.01,,14.68,40,0,0,39.9,,-27,Stage 2
9409,term,North,auto,2021-01-28,767,765,36998.41,3699.84,,5.8,2,0,0,47.8,,-2,Stage 1
9410,term,North,debt_consolidation,2024-07-06,638,616,5904.58,5491.61,,8.67,17,0,0,6.0,,-22,Stage 1
9411,term,North,personal,2021-03-18,624,626,21326.39,10323.46,,7.22,33,0,1,46.2,,2,Stage 2
9412,term,North,auto,2022-03-08,654,633,12967.54,1923.39,,6.5,14,1,0,34.3,,-21,Stage 2
9413,revolving,South,personal,2023-05-29,663,631,20556.15,11033.37,19949.21,12.45,10,1,0,19.4,0.553,-32,Stage 2
9414,term,West,debt_consolidation,2023-06-13,778,791,10068.74,4480.58,,10.17,2,0,0,18.9,,13,Stage 1
9415,term,North,home_improvement,2023-11-25,660,631,26522.07,16899.82,,10.07,12,0,0,13.4,,-29,Stage 1
9416,term,East,home_improvement,2022-03-12,838,843,16284.21,9907.58,,10.08,13,0,0,34.2,,5,Stage 1
9417,term,South,debt_consolidation,2024-02-12,683,661,5226.17,4231.12,,11.34,7,0,0,10.8,,-22,Stage 1
9418,term,West,personal,2023-12-22,803,797,18905.37,13672.22,,8.43,7,0,0,12.5,,-6,Stage 1
9419,term,East,debt_consolidation,2021-02-21,733,712,11848.1,5116.63,,12.24,0,0,0,47.0,,-21,Stage 1
9420,term,South,auto,2021-04-26,701,696,1883.71,634.74,,8.72,6,0,0,44.9,,-5,Stage 1
9421,revolving,South,personal,2021-02-16,774,781,15261.87,5992.73,12684.48,9.01,1,0,0,47.2,0.472,7,Stage 1
9422,term,East,debt_consolidation,2022-03-14,747,746,15795.68,3907.32,,7.86,0,0,0,34.1,,-1,Stage 1
9423,term,North,home_improvement,2024-12-06,718,723,8882.35,8667.71,,8.49,0,0,0,0.9,,5,Stage 1
9424,term,North,debt_consolidation,2021-04-11,819,815,13621.62,5184.88,,9.9,11,0,0,45.4,,-4,Stage 1
9425,revolving,East,personal,2024-07-26,650,628,7793.85,6670.4,14634.6,8.86,10,0,0,5.3,0.456,-22,Stage 1
9426,revolving,West,debt_consolidation,2021-04-17,620,590,10622.71,3059.66,6628.58,6.53,22,0,1,45.2,0.462,-30,Stage 2
9427,term,North,home_improvement,2023-09-10,639,623,11376.37,6421.11,,8.3,19,1,0,16.0,,-16,Stage 2
9428,revolving,South,auto,2023-11-25,785,786,9639.42,6636.75,12127.55,8.0,5,0,0,13.4,0.547,1,Stage 1
9429,term,South,debt_consolidation,2023-09-28,767,748,12058.13,7630.51,,8.48,3,0,0,15.4,,-19,Stage 1
9430,revolving,West,debt_consolidation,2021-12-25,648,642,6720.56,2479.61,3805.93,3.33,17,0,0,36.8,0.652,-6,Stage 1
9431,revolving,South,auto,2023-06-06,538,495,16618.44,7947.38,18644.12,11.15,61,0,0,19.2,0.426,-43,Stage 2
9432,term,North,debt_consolidation,2023-03-11,667,635,5703.34,2869.76,,8.44,12,0,0,22.1,,-32,Stage 2
9433,revolving,West,home_improvement,2023-10-23,619,583,3900.04,2802.33,4590.69,9.95,31,0,0,14.5,0.61,-36,Stage 2
9434,term,North,auto,2024-07-19,650,643,1681.74,1552.43,,10.48,20,0,0,5.5,,-7,Stage 1
9435,term,West,home_improvement,2024-03-13,616,609,11176.32,9942.95,,5.67,28,0,1,9.8,,-7,Stage 1
9436,term,East,home_improvement,2022-03-11,583,553,15663.9,1566.39,,10.8,42,0,0,34.2,,-30,Stage 2
9437,revolving,South,home_improvement,2022-08-27,792,800,8450.84,1344.05,3497.55,5.8,3,0,0,28.6,0.384,8,Stage 1
9438,term,West,personal,2022-07-20,638,608,20122.57,7549.48,,9.92,22,1,0,29.9,,-30,Stage 2
9439,term,East,auto,2023-07-05,764,766,33537.83,22349.87,,3.51,2,0,0,18.2,,2,Stage 1
9440,revolving,North,personal,2021-08-16,666,653,14370.85,1437.08,2767.28,3.0,15,0,0,41.1,0.519,-13,Stage 1
9441,term,East,personal,2022-06-29,612,575,5956.93,2653.02,,11.67,25,0,0,30.6,,-37,Stage 2
9442,term,North,debt_consolidation,2024-05-22,710,699,7960.73,6850.42,,10.51,3,0,0,7.5,,-11,Stage 1
9443,term,West,auto,2022-10-10,656,638,44237.04,10715.03,,8.32,16,0,0,27.1,,-18,Stage 1
9444,term,West,debt_consolidation,2021-09-05,667,642,17685.07,5886.22,,8.73,15,0,1,40.5,,-25,Stage 1
9445,term,South,personal,2024-12-02,688,682,4927.63,4852.45,,4.05,2,0,0,1.0,,-6,Stage 1
9446,term,South,debt_consolidation,2023-12-13,631,598,4718.48,2970.54,,8.73,34,1,0,12.8,,-33,Stage 2
9447,revolving,West,home_improvement,2021-11-10,582,562,11065.59,6129.15,12373.19,9.09,46,0,1,38.3,0.495,-20,Stage 2
9448,revolving,North,personal,2024-10-29,676,678,3480.8,3387.73,6491.49,7.47,6,0,0,2.1,0.522,2,Stage 1
9449,term,North,home_improvement,2021-02-06,737,735,3575.66,357.57,,8.27,1,0,0,47.5,,-2,Stage 1
9450,term,West,auto,2022-12-25,625,611,18014.13,4982.86,,5.82,28,0,1,24.6,,-14,Stage 1
9451,term,North,debt_consolidation,2023-09-07,689,684,5902.54,3232.82,,4.32,7,0,0,16.1,,-5,Stage 1
9452,term,West,personal,2021-03-25,770,776,11225.85,1122.58,,9.28,0,0,0,45.9,,6,Stage 1
9453,term,South,auto,2023-06-19,674,655,3853.03,2152.12,,5.03,8,0,0,18.7,,-19,Stage 1
9454,term,North,home_improvement,2024-01-23,685,675,16665.98,12573.74,,10.13,10,0,0,11.5,,-10,Stage 1
9455,revolving,South,debt_consolidation,2024-12-09,683,673,29574.8,28933.52,77912.68,9.78,4,0,1,0.8,0.371,-10,Stage 1
9456,term,East,debt_consolidation,2024-09-27,639,604,16356.81,15184.65,,11.85,21,0,0,3.2,,-35,Stage 2
9457,term,South,personal,2022-12-20,620,592,3305.67,2140.76,,9.73,23,0,0,24.8,,-28,Stage 1
9458,revolving,East,debt_consolidation,2022-07-04,620,589,30380.2,20722.13,32882.06,17.83,19,0,0,30.4,0.63,-31,Stage 2
9459,term,South,debt_consolidation,2024-12-15,702,685,5844.04,5757.28,,7.8,2,0,0,0.6,,-17,Stage 1
9460,term,South,home_improvement,2024-10-03,725,727,25883.77,23864.17,,9.87,3,0,0,3.0,,2,Stage 1
9461,term,North,home_improvement,2022-12-16,728,715,10423.32,7652.87,,6.85,2,0,0,24.9,,-13,Stage 1
9462,term,South,home_improvement,2022-08-10,657,634,16889.46,4434.02,,11.82,16,0,0,29.2,,-23,Stage 1
9463,revolving,West,auto,2024-02-26,745,739,12558.59,9789.04,15886.31,9.19,1,0,0,10.3,0.616,-6,Stage 1
9464,term,North,auto,2021-06-01,698,683,4493.14,449.31,,3.43,1,0,0,43.7,,-15,Stage 1
9465,revolving,North,debt_consolidation,2023-11-28,684,661,17661.28,14668.81,24064.77,6.23,6,0,0,13.3,0.61,-23,Stage 1
9466,revolving,North,auto,2024-12-21,479,439,22350.24,21870.28,52157.38,8.22,112,1,1,0.4,0.419,-40,Stage 3
9467,revolving,South,personal,2024-02-03,630,608,23771.0,20830.18,38579.88,4.93,22,0,0,11.1,0.54,-22,Stage 1
9468,revolving,North,home_improvement,2021-06-14,588,554,8458.06,845.81,1321.48,10.32,48,0,0,43.2,0.64,-34,Stage 2
9469,term,East,auto,2023-07-27,717,709,12893.02,7147.08,,4.45,3,0,0,17.5,,-8,Stage 1
9470,term,East,debt_consolidation,2021-07-31,685,667,12152.22,1215.22,,8.06,10,0,0,41.7,,-18,Stage 1
9471,term,South,home_improvement,2022-06-10,615,600,2305.35,1551.22,,7.78,27,0,1,31.2,,-15,Stage 1
9472,term,North,auto,2023-01-12,698,667,4033.99,2765.6,,11.69,5,0,0,24.0,,-31,Stage 2
9473,revolving,West,home_improvement,2021-05-12,594,562,14501.86,5376.72,15154.74,8.01,34,0,0,44.3,0.355,-32,Stage 2
9474,term,West,auto,2024-03-21,617,595,9808.29,7915.95,,11.21,33,0,0,9.5,,-22,Stage 2
9475,revolving,East,debt_consolidation,2021-04-06,637,613,12226.9,1222.69,3205.77,9.9,25,0,0,45.5,0.381,-24,Stage 1
9476,revolving,South,auto,2023-10-10,712,687,17355.72,13860.89,27968.95,5.23,4,0,0,15.0,0.496,-25,Stage 1
9477,revolving,South,auto,2022-06-06,763,779,7153.27,2613.59,5358.69,15.3,1,0,0,31.3,0.488,16,Stage 1
9478,revolving,South,auto,2022-01-09,644,625,16458.42,1645.84,4783.26,11.92,21,0,0,36.3,0.344,-19,Stage 1
9479,term,South,home_improvement,2023-11-06,759,742,24289.97,18320.45,,5.81,1,0,0,14.1,,-17,Stage 1
9480,term,South,auto,2022-08-31,682,675,19426.59,8839.52,,5.49,8,0,0,28.5,,-7,Stage 1
9481,term,North,auto,2021-01-18,694,677,11856.74,1185.67,,12.32,4,0,0,48.1,,-17,Stage 1
9482,term,North,auto,2024-12-03,676,671,3560.16,3475.37,,11.37,6,0,0,1.0,,-5,Stage 1
9483,term,North,home_improvement,2023-10-28,668,648,17605.22,13432.74,,10.7,9,0,0,14.4,,-20,Stage 1
9484,revolving,West,debt_consolidation,2024-06-22,706,703,29554.38,26015.59,47119.22,5.78,1,0,0,6.4,0.552,-3,Stage 1
9485,revolving,North,debt_consolidation,2023-09-05,724,715,9296.24,5554.0,14158.1,6.84,3,0,0,16.1,0.392,-9,Stage 1
9486,term,South,debt_consolidation,2023-05-29,626,604,16538.57,10609.73,,12.6,24,0,0,19.4,,-22,Stage 1
9487,term,South,auto,2022-08-17,668,645,33929.32,11075.82,,10.45,10,0,0,28.9,,-23,Stage 1
9488,term,West,home_improvement,2022-10-05,780,774,10070.77,5809.02,,6.47,1,0,0,27.3,,-6,Stage 1
9489,term,West,debt_consolidation,2021-05-09,690,680,6275.9,627.59,,12.87,7,0,0,44.4,,-10,Stage 1
9490,term,East,debt_consolidation,2023-03-12,697,682,15579.47,6631.45,,14.69,6,0,0,22.0,,-15,Stage 1
9491,term,West,debt_consolidation,2022-03-31,750,735,17193.99,1719.4,,7.27,0,0,0,33.6,,-15,Stage 1
9492,term,East,personal,2023-05-26,649,622,12892.64,9751.45,,6.69,12,0,0,19.5,,-27,Stage 1
9493,term,North,home_improvement,2022-07-25,677,667,16975.95,6674.02,,13.21,7,0,0,29.7,,-10,Stage 1
9494,term,South,personal,2024-01-01,729,728,10473.34,8949.39,,13.63,0,0,0,12.2,,-1,Stage 1
9495,term,East,auto,2023-10-11,754,759,19448.33,16397.18,,13.56,3,0,0,14.9,,5,Stage 1
9496,term,East,debt_consolidation,2024-03-29,538,501,5959.68,4471.05,,9.93,74,0,0,9.3,,-37,Stage 2
9497,term,East,auto,2024-01-16,635,632,10479.04,8563.23,,7.23,18,1,0,11.7,,-3,Stage 2
9498,term,West,home_improvement,2022-02-05,620,607,8315.78,1522.69,,11.49,28,0,0,35.4,,-13,Stage 1
9499,revolving,West,auto,2022-04-07,672,656,9683.19,2347.4,6287.9,7.78,14,0,1,33.3,0.373,-16,Stage 1
9500,term,West,auto,2021-03-30,624,602,14987.92,1498.79,,7.6,30,0,0,45.8,,-22,Stage 2
9501,term,East,debt_consolidation,2023-04-03,719,716,8714.58,5249.75,,9.31,3,0,0,21.3,,-3,Stage 1
9502,revolving,North,home_improvement,2021-01-06,690,669,7964.91,796.49,1303.51,8.85,10,0,0,48.5,0.611,-21,Stage 1
9503,term,South,auto,2023-08-03,733,711,36185.26,25087.6,,7.26,3,0,0,17.2,,-22,Stage 1
9504,revolving,West,personal,2021-03-25,737,731,41741.65,4174.16,10388.71,5.59,2,1,0,45.9,0.402,-6,Stage 2
9505,term,North,debt_consolidation,2024-06-27,720,712,23303.41,18939.89,,8.18,1,0,0,6.3,,-8,Stage 1
9506,term,West,personal,2024-12-10,659,633,25441.32,25168.85,,6.9,14,0,0,0.7,,-26,Stage 1
9507,term,West,debt_consolidation,2024-01-01,686,665,11731.9,8919.51,,4.73,7,0,0,12.2,,-21,Stage 1
9508,term,East,auto,2022-09-13,652,643,21559.44,12842.16,,9.34,13,0,1,28.0,,-9,Stage 1
9509,term,East,debt_consolidation,2024-02-10,598,573,34280.35,26959.72,,9.42,38,0,0,10.9,,-25,Stage 2
9510,term,West,auto,2021-06-21,737,714,13089.07,1308.91,,11.08,1,0,0,43.0,,-23,Stage 1
9511,term,South,personal,2022-11-30,674,633,12344.06,8970.97,,9.31,9,0,0,25.4,,-41,Stage 2
9512,term,West,auto,2021-09-30,589,540,6170.19,617.02,,8.69,32,0,0,39.6,,-49,Stage 2
9513,term,South,debt_consolidation,2022-06-14,712,717,1000.0,594.45,,11.05,2,0,0,31.1,,5,Stage 1
9514,term,North,debt_consolidation,2021-11-15,666,643,17201.12,4526.47,,9.32,12,0,0,38.1,,-23,Stage 1
9515,term,West,debt_consolidation,2024-01-11,556,522,22323.04,17139.52,,9.73,42,0,0,11.9,,-34,Stage 2
9516,term,South,personal,2024-01-04,597,595,14602.62,10953.99,,10.53,40,0,0,12.1,,-2,Stage 2
9517,term,North,home_improvement,2022-03-05,637,607,12524.34,7851.96,,7.17,9,0,0,34.4,,-30,Stage 2
9518,revolving,North,personal,2023-04-27,692,688,2443.11,1526.4,4382.37,11.76,5,0,0,20.5,0.348,-4,Stage 1
9519,term,East,auto,2024-10-01,727,716,5236.96,5027.16,,8.98,2,0,0,3.1,,-11,Stage 1
9520,term,North,auto,2021-09-06,725,725,24539.57,8234.52,,8.55,0,0,0,40.4,,0,Stage 1
9521,term,East,personal,2022-01-22,716,711,26279.1,15523.9,,11.72,1,0,0,35.8,,-5,Stage 1
9522,term,North,personal,2021-12-29,677,642,1308.64,342.51,,7.44,16,0,0,36.6,,-35,Stage 2
9523,revolving,North,auto,2024-08-12,783,773,41846.19,38144.22,91505.09,7.68,1,0,0,4.7,0.417,-10,Stage 1
9524,term,South,auto,2021-03-09,721,702,5670.82,567.08,,10.36,4,0,0,46.5,,-19,Stage 1
9525,term,South,auto,2022-03-14,693,682,21737.92,5605.9,,9.54,4,0,0,34.1,,-11,Stage 1
9526,term,East,home_improvement,2023-10-13,713,696,7418.73,5985.12,,18.87,3,0,0,14.9,,-17,Stage 1
9527,revolving,West,home_improvement,2024-03-02,656,641,4312.68,2998.56,7495.03,12.01,13,0,0,10.2,0.4,-15,Stage 1
9528,term,South,personal,2024-08-11,676,666,13026.44,11419.71,,3.0,12,0,0,4.8,,-10,Stage 1
9529,revolving,North,personal,2021-10-23,555,541,3094.67,1006.22,2093.43,9.84,65,0,0,38.9,0.481,-14,Stage 2
9530,revolving,East,home_improvement,2022-10-09,656,643,2701.83,919.85,2309.73,3.47,12,0,0,27.2,0.398,-13,Stage 1
9531,term,East,debt_consolidation,2021-02-02,785,783,6018.4,1057.54,,7.76,3,0,0,47.6,,-2,Stage 1
9532,revolving,East,home_improvement,2024-10-29,688,676,9114.59,8558.63,13377.02,9.53,7,0,0,2.1,0.64,-12,Stage 1
9533,term,North,personal,2021-02-01,686,655,4458.45,445.84,,7.62,4,0,0,47.7,,-31,Stage 2
9534,revolving,South,home_improvement,2022-07-09,739,727,5926.93,592.69,1634.1,3.0,1,0,0,30.2,0.363,-12,Stage 1
9535,term,West,debt_consolidation,2021-11-01,701,679,7249.56,3062.12,,9.18,6,0,0,38.6,,-22,Stage 1
9536,term,East,personal,2023-03-04,632,622,20976.7,15081.21,,7.31,16,0,0,22.3,,-10,Stage 1
9537,term,North,auto,2024-02-06,681,674,12317.53,10188.22,,10.93,8,0,0,11.0,,-7,Stage 1
9538,revolving,South,personal,2021-04-06,611,569,6032.24,1904.72,5687.72,3.31,30,0,1,45.5,0.335,-42,Stage 2
9539,term,South,home_improvement,2023-12-26,691,684,11137.91,8395.91,,6.82,4,0,0,12.4,,-7,Stage 1
9540,term,West,home_improvement,2022-06-05,629,616,7264.3,4818.93,,11.44,31,0,0,31.4,,-13,Stage 2
9541,term,East,debt_consolidation,2021-08-18,735,720,7153.26,1051.02,,3.0,3,0,0,41.1,,-15,Stage 1
9542,term,North,home_improvement,2023-01-03,649,638,8174.16,5604.54,,10.43,14,0,0,24.3,,-11,Stage 1
9543,term,South,debt_consolidation,2021-12-24,630,610,36495.15,17686.97,,6.66,17,1,1,36.8,,-20,Stage 2
9544,term,North,personal,2022-02-06,673,644,4453.8,2774.02,,8.3,12,0,0,35.3,,-29,Stage 1
9545,term,South,home_improvement,2023-03-01,701,675,15890.26,7146.17,,5.57,4,0,0,22.4,,-26,Stage 1
9546,term,East,personal,2021-04-09,607,608,10330.79,4359.89,,8.06,33,1,1,45.4,,1,Stage 2
9547,term,East,auto,2021-09-28,648,627,18680.63,2549.43,,5.86,13,0,0,39.7,,-21,Stage 1
9548,term,West,auto,2021-12-28,686,676,14469.85,1446.98,,5.32,9,0,0,36.7,,-10,Stage 1
9549,term,South,debt_consolidation,2024-04-02,760,741,13512.32,11581.71,,11.43,2,0,0,9.1,,-19,Stage 1
9550,revolving,North,home_improvement,2022-06-12,528,510,15368.32,10173.92,20707.17,8.6,67,0,0,31.1,0.491,-18,Stage 2
9551,term,South,personal,2024-04-07,716,714,10469.51,8639.93,,9.72,2,0,0,9.0,,-2,Stage 1
9552,revolving,North,personal,2023-11-11,656,640,22128.93,16658.45,49517.2,9.2,12,0,0,13.9,0.336,-16,Stage 1
9553,revolving,West,home_improvement,2022-06-24,650,648,6632.6,2712.47,4980.18,12.86,17,0,0,30.7,0.545,-2,Stage 1
9554,term,South,personal,2022-08-18,639,604,11858.75,8122.17,,10.15,15,0,0,28.9,,-35,Stage 2
9555,term,East,home_improvement,2023-04-13,658,633,20100.95,12738.66,,10.55,10,0,0,21.0,,-25,Stage 1
9556,revolving,North,home_improvement,2022-02-01,717,707,18698.04,11330.94,23532.32,11.16,2,0,0,35.5,0.482,-10,Stage 1
9557,term,East,auto,2023-11-26,647,622,33950.89,20997.96,,6.42,9,0,0,13.4,,-25,Stage 1
9558,term,West,home_improvement,2022-05-10,779,785,22482.85,8180.8,,14.33,1,1,0,32.2,,6,Stage 2
9559,term,West,personal,2021-11-10,717,712,17252.05,1725.2,,5.0,3,0,0,38.3,,-5,Stage 1
9560,term,North,home_improvement,2022-05-05,691,690,19935.92,12035.29,,9.88,15,0,0,32.4,,-1,Stage 1
9561,revolving,South,auto,2024-07-23,670,656,2013.97,1824.63,4847.45,9.86,7,0,0,5.4,0.376,-14,Stage 1
9562,term,East,auto,2021-08-21,751,736,23603.8,4767.42,,16.13,2,0,0,41.0,,-15,Stage 1
9563,term,East,debt_consolidation,2024-12-30,760,753,23178.94,22488.23,,10.2,1,0,0,0.1,,-7,Stage 1
9564,term,North,personal,2023-10-27,610,592,28384.18,23237.47,,6.69,31,0,0,14.4,,-18,Stage 2
9565,term,North,home_improvement,2022-10-26,637,613,2758.24,940.38,,7.1,15,0,0,26.6,,-24,Stage 1
9566,term,North,personal,2021-09-01,718,709,15840.86,1584.09,,7.66,3,0,0,40.6,,-9,Stage 1
9567,term,West,personal,2021-08-29,736,724,11820.39,1916.68,,9.33,0,0,0,40.7,,-12,Stage 1
9568,revolving,West,home_improvement,2022-07-12,661,649,9885.58,1282.06,3704.19,9.56,19,0,0,30.1,0.346,-12,Stage 1
9569,term,East,auto,2024-07-20,635,619,9938.34,9137.57,,10.2,19,0,0,5.5,,-16,Stage 1
9570,revolving,South,personal,2021-03-16,684,694,11851.4,3218.11,5206.61,9.08,2,0,0,46.2,0.618,10,Stage 1
9571,term,North,debt_consolidation,2021-10-10,768,749,17604.67,10153.42,,10.59,2,0,0,39.3,,-19,Stage 1
9572,term,West,personal,2021-03-28,682,671,9351.79,935.18,,5.57,8,0,0,45.8,,-11,Stage 1
9573,term,South,auto,2023-05-31,604,600,10561.34,6171.99,,4.18,33,0,1,19.4,,-4,Stage 2
9574,term,North,debt_consolidation,2023-07-19,686,684,37776.62,22304.03,,12.31,7,0,0,17.7,,-2,Stage 1
9575,term,South,debt_consolidation,2024-03-18,726,736,6953.32,5110.79,,4.23,0,0,0,9.6,,10,Stage 1
9576,term,North,debt_consolidation,2024-03-19,673,647,3680.4,2918.04,,8.74,9,0,0,9.6,,-26,Stage 1
9577,revolving,South,debt_consolidation,2021-06-09,755,751,2237.35,936.58,2357.62,6.56,3,0,0,43.4,0.397,-4,Stage 1
9578,revolving,East,home_improvement,2022-03-22,731,709,18846.52,12086.07,26769.9,14.29,0,0,0,33.9,0.451,-22,Stage 1
9579,term,North,home_improvement,2021-03-23,676,652,6303.43,3068.83,,14.66,12,0,0,46.0,,-24,Stage 1
9580,term,North,home_improvement,2023-10-28,682,681,6728.48,4547.31,,9.04,10,0,0,14.4,,-1,Stage 1
9581,term,East,debt_consolidation,2021-07-01,569,528,41642.05,4164.2,,8.07,42,0,1,42.7,,-41,Stage 2
9582,term,North,auto,2023-05-20,752,744,18717.02,12811.92,,8.24,0,0,0,19.7,,-8,Stage 1
9583,term,North,personal,2023-08-24,660,633,19320.38,11139.63,,9.58,10,1,1,16.5,,-27,Stage 2
9584,term,West,debt_consolidation,2022-04-23,656,641,11527.95,5265.45,,11.57,18,0,0,32.8,,-15,Stage 1
9585,revolving,East,auto,2021-07-02,647,613,13341.5,1334.15,2261.15,19.1,16,0,0,42.6,0.59,-34,Stage 2
9586,revolving,West,personal,2024-08-30,707,696,8020.27,7087.39,20214.16,5.82,2,0,0,4.1,0.351,-11,Stage 1
9587,term,East,debt_consolidation,2021-06-23,612,597,15069.98,6063.55,,9.73,36,1,0,42.9,,-15,Stage 2
9588,term,South,personal,2021-01-14,620,594,11104.21,1110.42,,8.54,17,0,0,48.3,,-26,Stage 1
9589,term,East,home_improvement,2024-08-16,676,674,21098.8,20110.64,,7.44,8,1,0,4.6,,-2,Stage 2
9590,revolving,East,home_improvement,2021-03-14,642,627,47763.43,4776.34,12549.54,7.7,18,0,0,46.3,0.381,-15,Stage 1
9591,term,West,home_improvement,2022-05-29,700,684,26205.81,13789.76,,8.67,9,0,0,31.6,,-16,Stage 1
9592,term,North,auto,2022-08-25,644,617,8455.95,5989.39,,9.59,23,0,0,28.7,,-27,Stage 1
9593,revolving,East,home_improvement,2021-12-09,775,783,38213.0,23624.56,46706.12,10.13,0,0,0,37.3,0.506,8,Stage 1
9594,term,North,auto,2024-11-20,721,708,9572.71,9318.17,,10.5,1,1,0,1.4,,-13,Stage 2
9595,term,East,home_improvement,2021-11-29,720,709,2739.43,1479.93,,4.79,2,0,0,37.6,,-11,Stage 1
9596,term,West,home_improvement,2021-12-21,643,644,14007.77,3655.23,,6.98,16,0,0,36.9,,1,Stage 1
9597,term,East,home_improvement,2023-04-27,824,839,9421.13,4345.1,,10.63,12,0,0,20.5,,15,Stage 1
9598,term,South,auto,2021-06-12,653,627,3423.36,342.34,,13.32,25,0,0,43.3,,-26,Stage 1
9599,term,East,personal,2021-04-26,637,617,14874.81,1487.48,,10.43,26,0,0,44.9,,-20,Stage 1
9600,term,East,auto,2024-11-27,722,723,9131.62,8912.64,,8.1,1,0,0,1.2,,1,Stage 1
9601,term,North,debt_consolidation,2024-01-08,691,671,49932.99,36087.53,,10.42,10,0,0,12.0,,-20,Stage 1
9602,revolving,North,debt_consolidation,2023-10-29,630,623,8370.85,5677.65,14229.5,9.77,27,1,0,14.3,0.399,-7,Stage 2
9603,term,South,auto,2023-11-13,811,818,12121.51,9876.36,,5.86,3,0,0,13.8,,7,Stage 1
9604,term,East,auto,2023-03-02,738,754,22767.72,13665.66,,8.47,1,0,0,22.4,,16,Stage 1
9605,term,North,personal,2022-06-27,680,662,5780.47,1547.48,,9.52,5,0,0,30.6,,-18,Stage 1
9606,revolving,East,auto,2022-02-18,824,834,29762.48,4746.87,9723.31,11.16,9,0,0,34.9,0.488,10,Stage 1
9607,revolving,West,home_improvement,2022-11-13,728,712,25521.01,16263.52,39473.44,13.27,2,0,0,26.0,0.412,-16,Stage 1
9608,term,West,personal,2022-10-04,679,663,20246.92,8507.75,,14.37,8,0,1,27.3,,-16,Stage 1
9609,term,South,auto,2024-12-03,816,813,13391.78,13232.51,,3.99,7,0,0,1.0,,-3,Stage 1
9610,revolving,West,auto,2022-10-31,719,720,11571.65,3873.29,11545.6,8.43,1,0,0,26.4,0.335,1,Stage 1
9611,term,North,debt_consolidation,2021-01-22,716,690,25516.88,2551.69,,13.49,4,0,0,48.0,,-26,Stage 1
9612,term,North,personal,2024-11-27,656,610,43364.5,42078.71,,11.32,17,0,0,1.2,,-46,Stage 2
9613,revolving,South,debt_consolidation,2023-08-27,682,670,5090.65,4043.73,8314.93,11.47,5,1,0,16.4,0.486,-12,Stage 2
9614,term,East,auto,2024-03-26,655,638,11275.47,9550.09,,6.81,13,1,0,9.4,,-17,Stage 2
9615,revolving,North,personal,2021-11-26,766,755,25029.38,9680.23,19816.13,6.93,0,0,0,37.7,0.489,-11,Stage 1
9616,revolving,West,home_improvement,2023-11-12,583,556,17391.98,14168.02,22605.07,10.98,43,0,0,13.9,0.627,-27,Stage 2
9617,term,North,auto,2024-07-11,761,737,12189.62,11424.09,,7.56,0,0,0,5.8,,-24,Stage 1
9618,revolving,South,auto,2024-08-19,627,621,8558.14,7647.36,14496.99,5.59,33,0,0,4.5,0.528,-6,Stage 2
9619,revolving,West,debt_consolidation,2023-06-21,676,653,9084.84,5372.83,11965.53,9.31,10,0,0,18.7,0.449,-23,Stage 1
9620,term,West,home_improvement,2022-12-25,662,655,13946.84,7876.19,,8.42,12,0,0,24.6,,-7,Stage 1
9621,term,West,auto,2024-04-02,648,617,43335.3,36504.84,,11.61,13,0,1,9.1,,-31,Stage 2
9622,term,South,debt_consolidation,2024-03-05,721,698,6861.03,5763.06,,10.23,2,0,0,10.1,,-23,Stage 1
9623,term,South,debt_consolidation,2021-09-09,679,655,7817.43,3939.49,,14.8,10,0,0,40.3,,-24,Stage 1
9624,revolving,East,auto,2021-07-24,639,619,10428.38,3426.81,10240.76,6.03,16,0,0,41.9,0.335,-20,Stage 1
9625,term,East,personal,2024-08-18,689,684,37321.58,33685.1,,9.13,7,0,0,4.5,,-5,Stage 1
9626,term,East,auto,2024-06-19,638,633,7092.71,6613.85,,10.7,15,0,0,6.5,,-5,Stage 1
9627,term,South,home_improvement,2023-04-12,647,639,42656.55,30934.79,,10.58,15,0,0,21.0,,-8,Stage 1
9628,revolving,West,auto,2023-03-02,590,549,19794.41,11228.89,23077.51,9.77,38,0,0,22.4,0.487,-41,Stage 2
9629,term,West,personal,2023-12-21,652,631,5728.91,4732.98,,3.77,13,0,0,12.6,,-21,Stage 1
9630,term,North,debt_consolidation,2022-04-10,709,693,13104.19,7157.25,,3.11,1,0,0,33.2,,-16,Stage 1
9631,term,East,home_improvement,2024-08-18,682,667,5344.82,4932.37,,5.78,17,0,0,4.5,,-15,Stage 1
9632,term,West,home_improvement,2022-01-29,788,791,30230.12,11386.58,,10.49,4,0,0,35.6,,3,Stage 1
9633,term,West,home_improvement,2023-10-18,836,834,5201.62,4047.29,,3.3,10,0,0,14.7,,-2,Stage 1
9634,term,West,home_improvement,2022-10-22,652,653,6079.59,4022.67,,10.98,11,0,1,26.7,,1,Stage 1
9635,term,West,personal,2023-07-01,630,604,23646.88,14803.22,,8.09,24,0,0,18.3,,-26,Stage 1
9636,term,South,personal,2024-07-06,747,749,13541.56,11818.65,,7.99,2,0,0,6.0,,2,Stage 1
9637,revolving,East,personal,2022-06-14,700,673,13205.77,6325.73,16560.36,14.83,3,0,0,31.1,0.382,-27,Stage 1
9638,term,West,personal,2024-04-25,748,762,7517.49,5800.45,,14.36,1,0,0,8.4,,14,Stage 1
9639,term,West,debt_consolidation,2024-05-20,703,698,11575.09,9208.67,,6.98,5,0,0,7.5,,-5,Stage 1
9640,term,West,auto,2023-11-25,668,649,53854.74,32469.35,,11.32,10,1,0,13.4,,-19,Stage 2
9641,term,West,personal,2024-03-16,668,655,16960.61,13559.66,,9.11,8,0,0,9.7,,-13,Stage 1
9642,term,North,auto,2024-07-29,705,698,4848.2,4259.54,,11.57,3,0,0,5.2,,-7,Stage 1
9643,term,West,home_improvement,2024-06-26,667,652,34313.58,27926.99,,7.83,13,0,0,6.3,,-15,Stage 1
9644,term,West,debt_consolidation,2021-02-26,753,745,8991.72,899.17,,5.0,0,0,0,46.8,,-8,Stage 1
9645,term,West,debt_consolidation,2024-08-21,601,563,36791.82,32581.29,,8.87,36,0,0,4.4,,-38,Stage 2
9646,term,North,auto,2022-06-06,752,763,14656.83,2302.72,,11.43,1,0,0,31.3,,11,Stage 1
9647,revolving,South,auto,2021-12-27,567,539,7481.42,1365.3,2882.26,8.59,48,0,0,36.7,0.474,-28,Stage 2
9648,term,North,auto,2024-06-14,688,667,9659.11,7869.17,,11.48,7,0,0,6.7,,-21,Stage 1
9649,term,West,debt_consolidation,2021-08-22,660,640,17775.36,1777.54,,12.82,13,0,0,40.9,,-20,Stage 1
9650,term,South,personal,2021-08-11,589,574,7355.65,735.56,,12.54,48,0,1,41.3,,-15,Stage 2
9651,term,West,debt_consolidation,2021-11-23,556,537,19234.19,6902.64,,10.41,51,0,0,37.8,,-19,Stage 2
9652,term,South,personal,2024-01-27,614,588,41633.14,32238.87,,5.04,25,1,0,11.3,,-26,Stage 2
9653,term,West,home_improvement,2024-06-03,682,662,15639.98,14527.55,,3.08,8,0,0,7.1,,-20,Stage 1
9654,term,West,personal,2023-04-16,643,618,14827.08,5741.1,,10.77,24,0,0,20.9,,-25,Stage 1
9655,term,South,auto,2022-05-04,617,604,16534.47,7606.97,,11.34,23,0,0,32.4,,-13,Stage 1
9656,term,South,personal,2022-04-23,761,770,20198.49,6645.87,,9.03,4,0,0,32.8,,9,Stage 1
9657,revolving,West,personal,2023-09-12,606,579,10151.97,5838.43,8890.63,9.79,36,0,0,15.9,0.657,-27,Stage 2
9658,term,North,debt_consolidation,2024-09-19,720,717,7860.66,7494.88,,8.72,2,0,0,3.5,,-3,Stage 1
9659,term,North,auto,2023-03-03,626,601,18461.82,6871.78,,9.21,18,0,0,22.3,,-25,Stage 1
9660,revolving,North,home_improvement,2022-05-27,612,574,15910.86,9162.83,25152.9,10.14,27,0,0,31.7,0.364,-38,Stage 2
9661,term,North,personal,2023-10-10,643,629,2788.87,2279.53,,11.71,12,0,1,15.0,,-14,Stage 1
9662,term,South,home_improvement,2022-01-17,717,705,30650.35,3890.11,,9.34,4,0,1,36.0,,-12,Stage 1
9663,term,South,auto,2024-12-17,597,570,17902.92,17579.47,,9.05,24,0,1,0.5,,-27,Stage 1
9664,term,North,personal,2024-10-03,697,692,8430.33,7996.31,,8.57,1,0,0,3.0,,-5,Stage 1
9665,term,East,debt_consolidation,2024-03-22,622,586,3629.68,2972.26,,9.69,15,1,0,9.5,,-36,Stage 2
9666,revolving,East,home_improvement,2022-03-28,633,591,16000.18,6021.46,11819.07,3.0,20,0,0,33.7,0.509,-42,Stage 2
9667,term,East,debt_consolidation,2024-08-06,704,696,42355.41,39988.31,,11.74,2,0,0,4.9,,-8,Stage 1
9668,term,West,home_improvement,2024-02-17,810,829,11914.13,10544.11,,8.43,2,0,0,10.6,,19,Stage 1
9669,revolving,North,auto,2021-08-02,625,612,9506.54,2245.53,5723.11,6.65,25,0,1,41.6,0.392,-13,Stage 1
9670,revolving,West,personal,2022-07-19,723,706,2495.42,1609.84,3422.27,13.13,2,1,0,29.9,0.47,-17,Stage 2
9671,term,South,home_improvement,2023-01-02,661,646,18608.4,11977.35,,8.18,16,0,0,24.3,,-15,Stage 1
9672,term,South,debt_consolidation,2022-03-15,651,637,10124.09,1012.41,,5.86,15,0,0,34.1,,-14,Stage 1
9673,term,East,home_improvement,2023-01-25,744,743,8583.91,5513.68,,11.23,2,0,0,23.6,,-1,Stage 1
9674,term,East,home_improvement,2022-09-21,629,601,7800.34,1639.08,,7.57,21,1,0,27.8,,-28,Stage 2
9675,term,South,home_improvement,2023-06-22,610,580,11779.91,7646.16,,7.87,28,0,0,18.6,,-30,Stage 2
9676,term,East,home_improvement,2023-12-02,707,673,19268.87,13749.72,,11.57,3,0,0,13.2,,-34,Stage 2
9677,revolving,East,home_improvement,2022-01-30,775,775,12975.05,6267.94,12563.55,11.95,2,0,0,35.6,0.499,0,Stage 1
9678,term,South,home_improvement,2021-09-04,724,723,8741.21,5067.31,,4.96,2,0,0,40.5,,-1,Stage 1
9679,term,West,debt_consolidation,2023-06-24,595,579,29832.57,19329.21,,8.76,24,0,0,18.6,,-16,Stage 1
9680,term,East,home_improvement,2024-08-07,643,612,18209.73,16185.59,,4.65,20,0,0,4.9,,-31,Stage 2
9681,term,West,home_improvement,2021-09-05,738,730,10218.29,4487.82,,7.71,0,0,0,40.5,,-8,Stage 1
9682,term,East,home_improvement,2022-08-22,774,771,7180.09,1326.49,,6.63,2,0,0,28.8,,-3,Stage 1
9683,term,North,personal,2023-05-15,693,671,6450.64,4683.29,,12.16,3,0,0,19.9,,-22,Stage 1
9684,revolving,West,auto,2021-03-25,645,636,2955.7,295.57,810.54,5.72,20,0,0,45.9,0.365,-9,Stage 1
9685,term,West,auto,2023-02-12,778,776,14315.45,7208.81,,10.63,1,1,0,23.0,,-2,Stage 2
9686,term,East,auto,2024-05-29,675,654,21930.16,20157.35,,8.11,13,0,0,7.2,,-21,Stage 1
9687,term,West,debt_consolidation,2021-02-20,643,635,2793.54,286.71,,4.21,18,0,0,47.0,,-8,Stage 1
9688,term,North,debt_consolidation,2022-07-04,633,618,24246.93,14922.28,,6.53,24,1,1,30.4,,-15,Stage 2
9689,term,South,debt_consolidation,2023-02-10,608,577,22867.47,13841.78,,5.11,37,0,0,23.0,,-31,Stage 2
9690,revolving,North,home_improvement,2023-09-08,850,840,63692.93,42993.07,65887.46,6.54,18,0,0,16.0,0.653,-10,Stage 1
9691,revolving,South,auto,2024-04-25,765,754,7876.35,6766.58,14995.03,5.97,2,0,0,8.4,0.451,-11,Stage 1
9692,term,North,home_improvement,2024-05-31,640,621,1005.57,896.29,,8.01,22,1,1,7.2,,-19,Stage 2
9693,term,North,personal,2022-04-10,783,777,15103.78,5545.66,,11.88,2,0,0,33.2,,-6,Stage 1
9694,revolving,West,auto,2022-02-23,711,688,7211.15,1611.46,4530.97,6.45,8,0,0,34.8,0.356,-23,Stage 1
9695,term,North,personal,2021-03-28,708,694,20320.65,2032.06,,5.6,5,0,0,45.8,,-14,Stage 1
9696,term,East,personal,2021-09-16,636,598,12928.18,1755.48,,7.19,29,0,0,40.1,,-38,Stage 2
9697,term,East,home_improvement,2024-04-19,649,636,33302.5,29014.77,,8.09,21,0,0,8.6,,-13,Stage 1
9698,revolving,East,auto,2021-11-07,677,683,8038.18,803.82,1518.3,6.66,12,0,0,38.4,0.529,6,Stage 1
9699,term,East,personal,2021-06-22,562,537,4526.45,1893.55,,5.12,60,1,1,43.0,,-25,Stage 2
9700,revolving,West,auto,2024-09-07,650,644,29164.52,27469.27,55934.21,11.26,12,1,0,3.9,0.491,-6,Stage 2
9701,revolving,East,personal,2024-09-25,680,659,40135.99,38539.72,85705.24,10.73,7,0,0,3.3,0.45,-21,Stage 1
9702,term,North,personal,2024-06-22,758,750,2064.1,1768.03,,8.7,1,0,0,6.4,,-8,Stage 1
9703,revolving,East,home_improvement,2023-07-29,643,611,46846.04,36214.49,83341.34,13.53,20,0,0,17.4,0.435,-32,Stage 2
9704,revolving,West,auto,2022-05-20,728,725,12831.55,7806.91,12020.32,16.42,3,0,0,31.9,0.649,-3,Stage 1
9705,term,South,home_improvement,2021-11-25,556,535,22396.54,2239.65,,12.98,45,0,0,37.8,,-21,Stage 2
9706,term,North,home_improvement,2021-07-15,750,738,29829.11,2982.91,,3.0,1,0,0,42.2,,-12,Stage 1
9707,term,North,home_improvement,2021-03-03,625,605,6875.0,687.5,,9.94,21,1,0,46.7,,-20,Stage 2
9708,term,West,home_improvement,2023-11-15,687,658,24387.94,17232.44,,6.65,15,0,0,13.8,,-29,Stage 1
9709,term,South,home_improvement,2022-07-16,704,691,16211.27,8845.31,,7.93,10,0,0,30.0,,-13,Stage 1
9710,term,East,personal,2024-11-02,692,670,18354.31,17446.55,,4.19,8,0,0,2.0,,-22,Stage 1
9711,term,South,auto,2023-06-16,673,658,11079.67,7009.51,,9.79,15,0,1,18.8,,-15,Stage 1
9712,revolving,North,auto,2024-08-11,605,586,18859.66,17101.14,38918.05,14.19,38,0,1,4.8,0.439,-19,Stage 2
9713,term,North,home_improvement,2023-12-12,626,594,16380.06,13459.55,,8.8,25,0,0,12.9,,-32,Stage 2
9714,term,North,auto,2023-04-24,739,718,11657.12,5643.79,,12.05,1,0,0,20.6,,-21,Stage 1
9715,term,South,personal,2021-02-09,644,623,13914.06,1391.41,,10.03,21,0,0,47.4,,-21,Stage 1
9716,term,East,home_improvement,2022-12-29,673,657,24325.02,13413.58,,11.29,8,0,0,24.5,,-16,Stage 1
9717,term,North,debt_consolidation,2022-04-02,590,562,7345.35,3856.32,,3.0,29,1,0,33.5,,-28,Stage 2
9718,term,West,debt_consolidation,2023-05-28,731,710,14241.34,10694.28,,10.29,0,0,0,19.5,,-21,Stage 1
9719,term,East,personal,2023-02-27,600,562,16838.82,12117.92,,11.55,28,0,0,22.5,,-38,Stage 2
9720,revolving,North,personal,2021-01-02,734,729,8541.9,1659.65,3484.85,14.11,3,0,0,48.7,0.476,-5,Stage 1
9721,revolving,East,debt_consolidation,2024-02-04,616,574,22030.13,15728.99,31501.82,4.68,30,0,0,11.1,0.499,-42,Stage 2
9722,term,West,home_improvement,2021-08-04,740,721,12507.36,1250.74,,13.92,1,0,0,41.5,,-19,Stage 1
9723,revolving,South,personal,2023-02-16,680,682,6280.9,2547.22,6232.8,8.01,9,1,0,22.8,0.409,2,Stage 2
9724,revolving,North,debt_consolidation,2022-11-10,646,621,11416.32,6176.21,9851.49,9.57,18,0,0,26.1,0.627,-25,Stage 1
9725,term,West,home_improvement,2022-02-18,776,759,14459.53,2996.62,,11.83,6,0,0,34.9,,-17,Stage 1
9726,revolving,North,personal,2021-07-29,675,646,7647.85,3589.61,9173.27,11.78,12,0,0,41.7,0.391,-29,Stage 1
9727,revolving,North,auto,2023-12-18,658,652,17510.92,11938.94,26692.68,3.83,9,0,0,12.7,0.447,-6,Stage 1
9728,term,South,auto,2021-02-12,734,719,4160.19,416.02,,9.35,1,0,0,47.3,,-15,Stage 1
9729,term,South,auto,2021-05-18,591,562,25174.36,3708.22,,5.82,40,0,0,44.1,,-29,Stage 2
9730,term,East,home_improvement,2022-09-30,528,488,2913.16,903.89,,9.16,69,0,0,27.5,,-40,Stage 2
9731,term,West,personal,2022-04-14,749,728,15230.63,3053.94,,7.18,2,0,0,33.1,,-21,Stage 1
9732,revolving,West,debt_consolidation,2022-12-27,629,592,11939.49,3740.85,8439.67,4.02,16,0,0,24.5,0.443,-37,Stage 2
9733,term,South,personal,2024-11-13,731,727,4529.19,4382.22,,5.96,0,0,0,1.6,,-4,Stage 1
9734,revolving,North,auto,2024-05-06,682,655,5197.89,4105.38,9789.93,10.68,7,0,0,8.0,0.419,-27,Stage 1
9735,revolving,East,auto,2021-07-21,610,608,10458.43,1045.84,1751.06,10.04,35,0,0,42.0,0.597,-2,Stage 2
9736,term,South,home_improvement,2021-07-11,716,691,26288.81,2628.88,,5.7,2,0,0,42.3,,-25,Stage 1
9737,term,East,debt_consolidation,2021-04-17,655,625,18677.42,7752.26,,7.28,18,1,0,45.2,,-30,Stage 2
9738,term,East,home_improvement,2021-11-23,615,596,17471.68,6367.18,,9.74,30,1,0,37.8,,-19,Stage 2
9739,term,West,debt_consolidation,2023-01-20,616,594,30848.45,20189.44,,9.87,23,1,0,23.7,,-22,Stage 2
9740,term,East,personal,2022-10-06,576,560,14430.7,9554.93,,11.03,34,0,0,27.3,,-16,Stage 2
9741,term,West,home_improvement,2021-12-23,704,697,26491.67,6601.32,,9.69,8,0,0,36.8,,-7,Stage 1
9742,term,North,home_improvement,2022-08-18,623,612,14416.07,9009.62,,10.77,33,0,0,28.9,,-11,Stage 2
9743,revolving,North,home_improvement,2022-05-16,677,678,13110.14,7172.46,14002.66,8.8,7,0,0,32.0,0.512,1,Stage 1
9744,term,South,auto,2024-07-31,669,650,37403.99,33637.77,,10.5,14,0,0,5.1,,-19,Stage 1
9745,term,North,auto,2022-04-13,623,581,29721.26,8547.68,,13.81,32,0,0,33.1,,-42,Stage 2
9746,term,West,debt_consolidation,2022-05-23,588,575,18689.89,9785.69,,13.72,41,0,0,31.8,,-13,Stage 2
9747,revolving,East,personal,2021-04-16,832,847,10362.98,4447.17,9387.03,9.11,10,0,0,45.2,0.474,15,Stage 1
9748,term,East,home_improvement,2024-08-10,677,667,8750.76,7691.91,,5.49,12,0,0,4.8,,-10,Stage 1
9749,term,North,auto,2023-12-26,789,803,27362.82,18983.15,,13.03,4,0,0,12.4,,14,Stage 1
9750,revolving,West,home_improvement,2021-07-14,749,743,22352.34,8420.9,22076.21,3.0,0,0,0,42.2,0.381,-6,Stage 1
9751,term,East,debt_consolidation,2024-04-26,660,637,2821.97,2243.36,,10.56,19,0,0,8.3,,-23,Stage 1
9752,term,North,debt_consolidation,2021-02-16,690,687,21898.36,6951.64,,10.46,6,0,0,47.2,,-3,Stage 1
9753,term,West,personal,2024-10-17,689,678,27356.67,25796.27,,9.14,6,0,0,2.5,,-11,Stage 1
9754,revolving,West,debt_consolidation,2023-10-06,790,788,11732.26,7473.39,20871.85,10.19,5,0,0,15.1,0.358,-2,Stage 1
9755,term,East,home_improvement,2022-06-21,729,736,5994.02,2865.32,,5.04,1,0,0,30.8,,7,Stage 1
9756,term,South,personal,2023-04-27,631,623,22622.86,15525.74,,5.85,19,0,0,20.5,,-8,Stage 1
9757,term,South,personal,2022-12-10,701,683,7556.97,3442.12,,5.16,7,0,0,25.1,,-18,Stage 1
9758,revolving,West,auto,2024-06-23,728,705,2473.23,2302.99,5723.46,5.53,1,0,0,6.4,0.402,-23,Stage 1
9759,term,West,home_improvement,2023-03-19,609,575,14527.48,5157.84,,6.89,33,0,0,21.8,,-34,Stage 2
9760,term,North,debt_consolidation,2022-09-04,709,692,22768.81,15610.06,,8.47,3,0,0,28.3,,-17,Stage 1
9761,revolving,West,auto,2024-04-16,760,751,4828.54,3631.85,10502.72,11.99,1,0,0,8.7,0.346,-9,Stage 1
9762,term,North,home_improvement,2021-04-25,628,609,9027.4,902.74,,14.87,26,0,0,44.9,,-19,Stage 1
9763,revolving,North,home_improvement,2022-11-11,636,646,10981.37,7412.74,12881.22,6.52,21,0,0,26.1,0.575,10,Stage 1
9764,revolving,North,personal,2022-09-23,749,753,15093.75,6235.9,10309.88,8.77,0,0,0,27.7,0.605,4,Stage 1
9765,revolving,West,personal,2024-04-03,658,652,1374.92,1077.39,2758.81,9.3,10,0,0,9.1,0.391,-6,Stage 1
9766,term,West,home_improvement,2021-08-07,621,598,53436.96,5343.7,,6.33,24,0,0,41.4,,-23,Stage 1
9767,term,North,auto,2021-07-16,732,726,11903.61,6404.03,,7.61,0,0,0,42.2,,-6,Stage 1
9768,revolving,East,personal,2022-02-05,714,709,41207.72,15976.24,31587.71,14.08,3,0,0,35.4,0.506,-5,Stage 1
9769,revolving,West,personal,2023-01-19,685,683,10452.51,6885.33,13199.21,12.59,8,0,0,23.8,0.522,-2,Stage 1
9770,term,South,home_improvement,2022-11-12,747,751,13972.97,3881.42,,12.96,2,0,0,26.0,,4,Stage 1
9771,revolving,East,home_improvement,2021-03-17,751,753,6563.01,656.3,1046.61,10.66,0,0,0,46.2,0.627,2,Stage 1
9772,term,South,personal,2024-12-20,675,653,6750.21,6595.41,,11.54,9,0,0,0.4,,-22,Stage 1
9773,term,West,auto,2021-10-14,798,782,10083.08,1205.72,,10.09,5,0,0,39.2,,-16,Stage 1
9774,term,East,personal,2024-08-15,775,785,22433.78,20454.43,,13.8,3,0,0,4.6,,10,Stage 1
9775,revolving,West,home_improvement,2023-05-11,560,536,13733.32,9836.6,19432.12,3.0,53,1,1,20.0,0.506,-24,Stage 2
9776,term,West,personal,2023-01-12,618,589,19261.36,12776.88,,5.72,24,0,0,24.0,,-29,Stage 1
9777,term,East,home_improvement,2021-10-21,544,533,14789.15,4103.95,,4.56,68,0,1,38.9,,-11,Stage 2
9778,revolving,West,personal,2023-03-20,660,634,12840.85,9246.06,21202.46,6.95,6,0,0,21.8,0.436,-26,Stage 1
9779,term,East,home_improvement,2023-06-05,607,582,17580.9,11669.47,,9.16,35,0,0,19.2,,-25,Stage 2
9780,term,West,home_improvement,2022-02-18,631,607,9151.22,1558.41,,8.57,23,0,0,34.9,,-24,Stage 1
9781,term,North,auto,2022-03-07,745,732,12194.08,1219.41,,6.44,1,0,0,34.4,,-13,Stage 1
9782,term,South,home_improvement,2024-06-07,574,540,5740.88,4902.14,,9.51,45,0,0,6.9,,-34,Stage 2
9783,term,North,personal,2024-01-25,687,667,14992.74,11443.04,,10.04,7,1,0,11.4,,-20,Stage 2
9784,revolving,West,home_improvement,2021-06-20,687,666,9122.0,3682.98,7360.5,10.59,5,0,0,43.0,0.5,-21,Stage 1
9785,term,West,debt_consolidation,2024-09-02,675,665,6284.0,5620.46,,11.29,10,0,0,4.0,,-10,Stage 1
9786,revolving,West,personal,2022-06-28,687,682,5798.04,1942.55,3804.98,7.13,6,0,0,30.6,0.511,-5,Stage 1
9787,term,North,auto,2024-11-12,546,507,32795.8,31203.51,,12.0,62,0,0,1.7,,-39,Stage 2
9788,term,West,personal,2023-09-16,631,605,6995.92,4461.54,,8.78,23,0,0,15.8,,-26,Stage 1
9789,term,East,auto,2021-03-13,772,773,20868.25,2086.82,,11.26,1,0,0,46.3,,1,Stage 1
9790,term,South,debt_consolidation,2023-10-20,608,586,17306.03,13299.53,,7.11,21,0,0,14.6,,-22,Stage 1
9791,term,West,auto,2022-06-16,779,779,13723.22,4321.1,,14.15,4,0,0,31.0,,0,Stage 1
9792,term,West,home_improvement,2021-08-27,595,571,22561.14,2256.11,,10.51,42,0,0,40.8,,-24,Stage 2
9793,term,South,debt_consolidation,2022-12-12,588,567,20031.19,12104.31,,9.34,42,0,0,25.0,,-21,Stage 2
9794,term,South,debt_consolidation,2022-07-31,622,610,20238.55,13560.1,,5.36,22,0,0,29.5,,-12,Stage 1
9795,term,South,auto,2024-01-18,747,736,34247.18,24800.05,,12.26,2,0,0,11.6,,-11,Stage 1
9796,term,North,personal,2022-12-14,647,631,41555.12,20812.8,,5.75,15,0,0,25.0,,-16,Stage 1
9797,revolving,North,auto,2022-10-04,700,683,17072.53,8763.93,17817.92,15.65,6,0,0,27.3,0.492,-17,Stage 1
9798,term,West,auto,2024-03-23,684,650,9430.52,7256.32,,11.2,9,0,0,9.5,,-34,Stage 2
9799,term,South,debt_consolidation,2022-08-13,676,652,14528.01,4086.27,,5.09,4,0,0,29.1,,-24,Stage 1
9800,revolving,West,home_improvement,2021-07-09,756,769,5465.13,1645.81,2690.83,9.64,0,0,0,42.4,0.612,13,Stage 1
9801,revolving,West,personal,2023-03-23,726,728,36001.53,27296.09,75581.61,14.9,1,0,0,21.7,0.361,2,Stage 1
9802,term,West,auto,2024-12-09,611,567,13590.88,13398.93,,8.96,34,0,0,0.8,,-44,Stage 2
9803,term,North,home_improvement,2024-03-23,663,639,60171.54,43968.13,,7.93,15,0,1,9.5,,-24,Stage 1
9804,term,South,home_improvement,2023-10-12,784,781,9332.54,7124.01,,9.93,3,0,0,14.9,,-3,Stage 1
9805,term,West,personal,2022-09-17,699,687,4255.95,2708.55,,6.74,6,0,0,27.9,,-12,Stage 1
9806,revolving,North,home_improvement,2024-09-24,589,556,27615.6,25113.13,58417.69,13.0,45,0,1,3.3,0.43,-33,Stage 2
9807,revolving,East,auto,2022-09-21,593,574,24579.33,17227.16,28179.41,6.43,38,0,0,27.8,0.611,-19,Stage 2
9808,term,East,debt_consolidation,2023-06-08,733,740,22039.21,11030.03,,10.3,3,0,0,19.1,,7,Stage 1
9809,revolving,West,home_improvement,2023-11-25,722,724,6810.88,4478.57,11061.7,12.75,3,0,0,13.4,0.405,2,Stage 1
9810,term,West,debt_consolidation,2023-02-23,624,596,9783.55,5068.26,,9.17,19,0,0,22.6,,-28,Stage 1
9811,term,South,personal,2022-11-02,724,701,11405.68,4571.02,,12.87,1,0,0,26.4,,-23,Stage 1
9812,revolving,South,personal,2022-12-23,775,779,11929.48,8014.76,14732.59,8.43,2,0,0,24.7,0.544,4,Stage 1
9813,term,West,home_improvement,2022-06-10,767,749,10441.27,3492.02,,5.62,1,0,0,31.2,,-18,Stage 1
9814,revolving,North,debt_consolidation,2022-06-21,776,781,12741.4,4546.05,12093.08,11.23,3,0,0,30.8,0.376,5,Stage 1
9815,revolving,West,auto,2023-04-27,713,717,6105.68,4406.7,11504.81,10.01,2,1,0,20.5,0.383,4,Stage 2
9816,term,South,debt_consolidation,2024-05-26,669,658,26067.88,21319.83,,6.12,10,0,0,7.3,,-11,Stage 1
9817,term,South,home_improvement,2024-07-01,655,626,20506.38,19156.78,,8.74,8,0,0,6.1,,-29,Stage 1
9818,term,North,debt_consolidation,2023-09-23,678,653,23588.14,17321.74,,6.08,11,0,0,15.5,,-25,Stage 1
9819,term,West,debt_consolidation,2024-05-11,627,606,15971.7,13092.29,,8.98,32,0,0,7.8,,-21,Stage 2
9820,term,South,personal,2024-01-30,658,658,26691.34,18895.31,,15.85,24,0,0,11.2,,0,Stage 1
9821,term,West,home_improvement,2024-10-16,756,753,2356.86,2227.72,,11.88,0,0,0,2.6,,-3,Stage 1
9822,revolving,South,debt_consolidation,2023-07-03,583,544,3726.58,1793.61,4653.09,10.88,31,0,0,18.3,0.385,-39,Stage 2
9823,term,East,home_improvement,2021-06-27,587,559,16918.36,4357.85,,9.51,35,0,0,42.8,,-28,Stage 2
9824,term,East,auto,2021-10-03,729,742,15297.43,1529.74,,12.15,2,0,0,39.5,,13,Stage 1
9825,term,East,home_improvement,2021-11-08,658,625,8061.02,3546.2,,9.23,10,0,0,38.3,,-33,Stage 2
9826,revolving,South,auto,2024-12-04,564,547,22028.07,21596.05,34261.7,3.62,46,0,0,0.9,0.63,-17,Stage 2
9827,term,North,home_improvement,2023-03-02,676,657,6942.93,2540.44,,4.98,9,1,0,22.4,,-19,Stage 2
9828,term,East,home_improvement,2024-08-04,667,655,14613.24,13078.98,,7.35,12,0,0,5.0,,-12,Stage 1
9829,revolving,South,debt_consolidation,2024-11-25,654,645,28349.13,27551.62,74498.46,7.74,17,0,0,1.2,0.37,-9,Stage 1
9830,term,West,debt_consolidation,2024-05-25,721,704,10117.2,8001.19,,9.08,1,0,0,7.4,,-17,Stage 1
9831,term,East,auto,2022-11-29,600,586,5729.99,1517.21,,12.56,32,1,0,25.5,,-14,Stage 2
9832,revolving,North,auto,2021-01-27,680,670,46678.23,14429.32,42033.49,10.17,10,0,0,47.8,0.343,-10,Stage 1
9833,term,North,personal,2023-07-02,667,664,19440.2,10245.42,,9.53,16,0,0,18.3,,-3,Stage 1
9834,revolving,North,debt_consolidation,2022-02-26,682,671,19949.22,1994.92,5529.12,5.69,8,0,0,34.7,0.361,-11,Stage 1
9835,term,West,auto,2023-11-04,576,566,20666.81,17523.7,,8.54,47,0,0,14.1,,-10,Stage 2
9836,term,West,debt_consolidation,2022-05-16,648,612,6285.03,2249.29,,7.14,12,0,0,32.0,,-36,Stage 2
9837,revolving,North,home_improvement,2023-06-27,681,673,21400.46,10786.42,19357.19,5.93,8,0,0,18.5,0.557,-8,Stage 1
9838,term,North,personal,2021-11-21,712,704,16689.69,5057.17,,3.0,6,0,0,37.9,,-8,Stage 1
9839,revolving,North,debt_consolidation,2024-09-09,790,779,37906.81,35056.45,83119.5,5.45,2,1,0,3.8,0.422,-11,Stage 2
9840,revolving,West,debt_consolidation,2021-10-12,728,733,18594.79,1859.48,3509.11,14.23,0,0,0,39.2,0.53,5,Stage 1
9841,revolving,West,debt_consolidation,2024-01-18,707,685,7970.84,5775.52,16583.19,12.5,1,0,0,11.6,0.348,-22,Stage 1
9842,revolving,South,debt_consolidation,2023-12-05,756,758,12816.83,9057.88,21152.16,6.44,0,0,0,13.1,0.428,2,Stage 1
9843,term,East,auto,2022-05-13,661,640,1303.42,232.07,,7.55,15,0,0,32.1,,-21,Stage 1
9844,revolving,West,auto,2023-07-01,773,793,4424.33,2327.26,4606.5,16.54,3,0,0,18.3,0.505,20,Stage 1
9845,term,North,personal,2021-05-25,747,747,13124.27,1312.43,,16.14,0,0,0,43.9,,0,Stage 1
9846,term,East,home_improvement,2023-08-06,653,641,10502.35,7849.26,,9.65,23,0,0,17.1,,-12,Stage 1
9847,revolving,West,home_improvement,2021-03-23,795,812,32206.75,17255.96,34942.55,11.24,5,0,0,46.0,0.494,17,Stage 1
9848,term,East,personal,2023-09-07,706,695,47045.23,31048.02,,9.9,4,0,1,16.1,,-11,Stage 1
9849,term,South,home_improvement,2024-04-05,811,819,12763.65,11506.21,,8.06,8,0,0,9.0,,8,Stage 1
9850,term,West,auto,2024-02-03,698,673,13276.89,11798.35,,9.83,1,0,0,11.1,,-25,Stage 1
9851,term,North,debt_consolidation,2022-05-03,646,627,18167.56,1816.76,,10.89,21,0,0,32.5,,-19,Stage 1
9852,revolving,North,home_improvement,2024-08-26,633,613,31343.51,28453.31,53269.02,12.16,24,0,0,4.3,0.534,-20,Stage 1
9853,term,South,debt_consolidation,2021-03-23,658,621,4800.03,480.0,,9.99,18,0,0,46.0,,-37,Stage 2
9854,term,South,debt_consolidation,2021-04-04,645,630,10323.29,1032.33,,9.94,15,0,0,45.6,,-15,Stage 1
9855,revolving,South,auto,2024-09-06,756,765,6786.99,6304.99,11727.93,5.21,1,0,0,3.9,0.538,9,Stage 1
9856,term,South,debt_consolidation,2021-12-09,678,672,5245.55,524.55,,6.52,8,0,0,37.3,,-6,Stage 1
9857,term,South,home_improvement,2023-03-08,583,568,2972.05,1357.22,,3.57,44,0,1,22.2,,-15,Stage 2
9858,term,West,auto,2021-12-27,692,686,10921.84,4373.06,,10.42,5,0,0,36.7,,-6,Stage 1
9859,term,West,personal,2023-12-26,687,674,62764.28,53670.27,,7.29,5,0,0,12.4,,-13,Stage 1
9860,term,East,auto,2022-09-16,651,614,1403.37,514.43,,8.4,16,0,0,27.9,,-37,Stage 2
9861,revolving,South,home_improvement,2023-05-18,696,675,11294.56,4677.98,8240.31,9.26,10,0,0,19.8,0.568,-21,Stage 1
9862,term,North,auto,2022-03-05,677,663,41021.78,11238.96,,9.9,5,0,0,34.4,,-14,Stage 1
9863,revolving,North,home_improvement,2024-11-25,718,703,5552.63,5353.36,8103.27,3.29,3,0,0,1.2,0.661,-15,Stage 1
9864,revolving,South,home_improvement,2021-06-20,714,695,7603.79,3812.85,8633.15,10.16,4,0,0,43.0,0.442,-19,Stage 1
9865,term,South,auto,2022-08-01,701,716,15605.51,2407.68,,7.82,8,0,0,29.5,,15,Stage 1
9866,term,South,home_improvement,2021-03-09,602,591,9503.71,950.37,,11.64,34,0,0,46.5,,-11,Stage 2
9867,term,South,personal,2023-11-24,807,831,5854.17,4442.35,,8.04,4,0,0,13.5,,24,Stage 1
9868,term,South,home_improvement,2021-01-01,586,553,55666.77,23151.81,,7.17,39,0,0,48.7,,-33,Stage 2
9869,revolving,North,personal,2021-05-31,672,655,26367.59,2636.76,5257.54,12.42,17,0,0,43.7,0.502,-17,Stage 1
9870,term,East,personal,2023-06-21,614,586,9023.6,4382.67,,6.11,40,0,1,18.7,,-28,Stage 2
9871,term,South,home_improvement,2021-09-15,703,672,13859.24,1385.92,,7.46,4,0,0,40.1,,-31,Stage 2
9872,term,South,debt_consolidation,2023-01-20,688,679,6864.15,4309.36,,6.22,6,1,0,23.7,,-9,Stage 2
9873,term,South,personal,2022-09-20,669,648,38213.63,20915.99,,7.6,13,0,0,27.8,,-21,Stage 1
9874,term,West,personal,2023-03-06,771,763,2666.31,1483.47,,14.05,2,0,0,22.2,,-8,Stage 1
9875,term,North,auto,2021-01-19,746,732,19244.8,1924.48,,5.37,2,0,0,48.1,,-14,Stage 1
9876,term,North,personal,2021-02-04,660,642,60730.22,6073.02,,8.24,18,0,0,47.6,,-18,Stage 1
9877,term,East,personal,2022-01-06,728,727,10044.38,4846.46,,11.36,1,0,0,36.4,,-1,Stage 1
9878,term,West,personal,2022-05-06,773,761,24929.6,16393.51,,8.33,1,0,0,32.4,,-12,Stage 1
9879,revolving,West,personal,2023-03-28,746,737,5500.81,2133.23,3311.03,10.17,2,0,0,21.5,0.644,-9,Stage 1
9880,term,West,debt_consolidation,2024-06-18,671,652,24676.93,20640.64,,7.4,9,0,1,6.6,,-19,Stage 1
9881,term,East,personal,2021-01-07,584,555,18030.66,7211.9,,8.68,47,0,0,48.5,,-29,Stage 2
9882,term,East,home_improvement,2022-07-03,699,678,15795.37,5059.08,,8.23,7,0,1,30.4,,-21,Stage 1
9883,term,East,debt_consolidation,2022-01-06,720,716,11429.56,5683.87,,8.44,3,0,0,36.4,,-4,Stage 1
9884,revolving,West,personal,2023-01-27,633,612,8833.39,6590.32,16476.99,12.52,28,0,0,23.5,0.4,-21,Stage 1
9885,term,North,home_improvement,2024-06-27,681,664,6006.33,5500.85,,7.18,6,0,0,6.3,,-17,Stage 1
9886,term,West,home_improvement,2024-02-13,675,664,34198.15,25183.29,,9.93,9,0,0,10.8,,-11,Stage 1
9887,revolving,East,debt_consolidation,2024-09-22,763,758,9708.88,9059.48,17692.81,11.88,0,0,0,3.4,0.512,-5,Stage 1
9888,revolving,West,debt_consolidation,2022-07-28,791,783,18584.3,9885.18,28861.18,10.66,3,1,0,29.6,0.343,-8,Stage 2
9889,term,South,home_improvement,2022-11-12,750,747,15720.79,5503.66,,8.19,1,0,0,26.0,,-3,Stage 1
9890,term,West,debt_consolidation,2024-03-11,674,660,23930.97,19320.85,,13.05,5,0,0,9.9,,-14,Stage 1
9891,revolving,West,debt_consolidation,2021-03-29,748,723,34903.16,7289.16,13106.78,9.48,1,0,0,45.8,0.556,-25,Stage 1
9892,term,North,auto,2022-04-08,718,718,8626.43,5309.18,,11.61,3,0,0,33.3,,0,Stage 1
9893,revolving,North,debt_consolidation,2023-12-08,675,647,33937.53,28482.16,45444.03,7.42,10,0,1,13.0,0.627,-28,Stage 1
9894,revolving,North,auto,2022-04-26,805,807,14476.39,7181.06,19203.5,10.76,8,0,0,32.7,0.374,2,Stage 1
9895,revolving,South,debt_consolidation,2023-04-03,635,610,6827.76,4586.48,8320.35,11.02,17,0,1,21.3,0.551,-25,Stage 1
9896,term,North,debt_consolidation,2022-06-08,716,708,16565.72,9195.22,,6.7,4,1,0,31.3,,-8,Stage 2
9897,revolving,South,home_improvement,2021-07-30,730,717,8620.24,4291.69,6592.78,13.07,1,0,0,41.7,0.651,-13,Stage 1
9898,term,East,auto,2021-09-01,662,648,12260.92,1226.09,,12.39,13,0,0,40.6,,-14,Stage 1
9899,revolving,North,debt_consolidation,2021-08-27,713,716,16669.1,3198.42,5695.59,7.38,2,0,0,40.8,0.562,3,Stage 1
9900,term,West,personal,2024-05-05,736,724,15118.35,12361.54,,4.76,1,0,0,8.0,,-12,Stage 1
9901,term,West,debt_consolidation,2023-02-08,694,677,13624.82,7490.78,,8.47,7,0,0,23.1,,-17,Stage 1
9902,term,South,home_improvement,2021-08-23,708,690,27069.54,2706.95,,8.7,4,0,0,40.9,,-18,Stage 1
9903,term,North,home_improvement,2021-07-06,686,675,21553.49,2155.35,,7.19,5,0,0,42.5,,-11,Stage 1
9904,term,West,home_improvement,2022-12-14,727,716,27934.83,20232.95,,7.59,0,0,0,25.0,,-11,Stage 1
9905,revolving,East,auto,2024-08-06,666,650,8579.17,7682.78,17878.96,11.49,9,0,0,4.9,0.43,-16,Stage 1
9906,term,North,auto,2024-05-29,661,632,8578.09,7592.07,,13.8,12,0,1,7.2,,-29,Stage 1
9907,revolving,East,auto,2022-05-12,681,667,29757.94,16441.52,35116.84,11.35,7,0,0,32.2,0.468,-14,Stage 1
9908,term,West,personal,2024-08-18,751,728,12759.73,11860.94,,12.76,1,0,0,4.5,,-23,Stage 1
9909,term,North,auto,2021-07-06,575,551,18917.84,1891.78,,9.02,32,0,0,42.5,,-24,Stage 2
9910,term,South,home_improvement,2024-12-06,625,596,8577.62,8344.22,,4.39,34,0,0,0.9,,-29,Stage 2
9911,term,West,auto,2023-07-25,816,815,12604.95,9873.38,,7.35,6,0,0,17.5,,-1,Stage 1
9912,revolving,East,auto,2024-06-22,696,685,30498.56,25032.55,49481.36,6.83,7,0,0,6.4,0.506,-11,Stage 1
9913,term,North,debt_consolidation,2021-11-09,655,626,4747.54,474.75,,11.95,19,0,1,38.3,,-29,Stage 1
9914,term,East,auto,2023-03-30,727,708,13959.58,10771.59,,3.0,1,0,0,21.4,,-19,Stage 1
9915,term,East,debt_consolidation,2021-01-22,632,635,36841.88,3684.19,,9.46,21,0,0,48.0,,3,Stage 1
9916,revolving,South,auto,2021-03-09,553,521,9323.01,4860.79,10978.41,8.54,65,0,0,46.5,0.443,-32,Stage 2
9917,term,South,debt_consolidation,2022-01-27,701,698,7613.55,2427.12,,10.08,2,0,0,35.7,,-3,Stage 1
9918,term,West,home_improvement,2024-09-01,636,609,6993.59,6560.96,,6.14,22,0,0,4.1,,-27,Stage 1
9919,term,South,auto,2023-12-25,686,670,22480.55,16646.27,,12.5,13,0,0,12.4,,-16,Stage 1
9920,term,South,home_improvement,2022-12-30,699,679,19160.61,6778.22,,9.53,9,1,0,24.4,,-20,Stage 2
9921,term,West,auto,2022-06-25,688,688,19628.87,13023.3,,5.62,10,1,1,30.7,,0,Stage 2
9922,revolving,West,personal,2022-07-22,577,551,32889.27,16874.47,38091.96,6.06,48,1,0,29.8,0.443,-26,Stage 2
9923,term,West,personal,2023-06-19,681,663,9761.72,6258.02,,7.71,13,0,0,18.7,,-18,Stage 1
9924,term,West,home_improvement,2021-07-31,706,700,19521.02,1952.1,,10.6,3,0,0,41.7,,-6,Stage 1
9925,term,East,home_improvement,2021-07-19,595,562,20482.13,4970.29,,6.72,32,0,0,42.1,,-33,Stage 2
9926,term,East,personal,2023-09-14,588,548,16089.83,12948.72,,10.82,42,0,0,15.8,,-40,Stage 2
9927,term,West,personal,2021-06-27,615,603,15100.79,8012.26,,8.87,37,0,0,42.8,,-12,Stage 2
9928,revolving,West,debt_consolidation,2024-12-17,724,713,15521.01,15175.54,44802.91,13.46,1,0,0,0.5,0.339,-11,Stage 1
9929,revolving,North,auto,2023-07-20,560,533,17269.96,13850.58,35546.62,7.24,50,0,0,17.7,0.39,-27,Stage 2
9930,revolving,North,personal,2021-02-13,729,718,16631.44,1663.14,4957.36,8.83,3,0,0,47.3,0.335,-11,Stage 1
9931,revolving,North,home_improvement,2024-12-25,703,695,22813.67,22213.76,66317.57,11.63,6,1,0,0.2,0.335,-8,Stage 2
9932,term,South,home_improvement,2021-06-17,664,628,19117.01,1911.7,,6.47,14,0,0,43.1,,-36,Stage 2
9933,term,East,personal,2021-10-14,591,556,7849.05,1820.66,,6.23,36,0,0,39.2,,-35,Stage 2
9934,term,East,home_improvement,2022-12-10,632,593,29068.71,16564.05,,5.52,18,0,0,25.1,,-39,Stage 2
9935,term,North,auto,2021-12-03,726,734,7938.72,793.87,,10.76,3,0,0,37.5,,8,Stage 1
9936,term,North,debt_consolidation,2022-08-09,755,752,22731.04,5449.87,,4.66,2,0,0,29.2,,-3,Stage 1
9937,term,East,auto,2024-04-09,618,592,17345.32,15071.23,,9.86,29,0,0,8.9,,-26,Stage 1
9938,term,South,debt_consolidation,2021-07-02,748,734,17986.77,1798.68,,6.91,0,0,0,42.6,,-14,Stage 1
9939,revolving,North,debt_consolidation,2021-01-16,721,723,30524.65,3052.46,5510.49,6.92,3,0,1,48.2,0.554,2,Stage 1
9940,revolving,West,personal,2023-06-06,679,682,19930.45,9531.04,22726.67,3.33,9,1,0,19.2,0.419,3,Stage 2
9941,revolving,North,home_improvement,2023-04-17,635,617,12482.59,5554.87,11764.48,8.69,22,0,0,20.8,0.472,-18,Stage 1
9942,term,East,debt_consolidation,2021-04-20,645,628,18295.86,5091.7,,6.76,8,0,0,45.1,,-17,Stage 1
9943,term,East,personal,2021-11-02,789,791,8833.61,3162.22,,8.35,3,0,0,38.5,,2,Stage 1
9944,term,North,home_improvement,2023-09-07,690,671,6941.23,3844.01,,8.39,11,0,0,16.1,,-19,Stage 1
9945,term,North,home_improvement,2021-01-06,759,753,8063.62,2203.91,,14.19,0,0,0,48.5,,-6,Stage 1
9946,term,West,debt_consolidation,2023-04-23,694,663,20546.75,12727.3,,6.25,6,0,0,20.6,,-31,Stage 2
9947,term,West,home_improvement,2024-07-20,652,623,5160.31,4829.74,,10.51,13,1,0,5.5,,-29,Stage 2
9948,term,South,auto,2021-12-27,715,709,5610.44,561.04,,7.97,3,0,0,36.7,,-6,Stage 1
9949,term,South,home_improvement,2024-04-23,809,809,13236.59,10860.3,,10.75,3,0,0,8.4,,0,Stage 1
9950,term,West,auto,2022-10-18,641,633,28849.78,10475.23,,8.45,18,0,1,26.9,,-8,Stage 1
9951,term,South,home_improvement,2024-01-29,734,714,15411.96,12575.11,,14.33,3,0,0,11.3,,-20,Stage 1
9952,term,South,debt_consolidation,2024-01-19,691,688,12498.83,8948.38,,8.82,7,0,0,11.6,,-3,Stage 1
9953,term,North,debt_consolidation,2023-09-11,593,561,8305.95,5506.5,,9.3,31,0,0,15.9,,-32,Stage 2
9954,term,West,personal,2024-06-23,591,558,3044.98,2468.88,,12.57,46,1,1,6.4,,-33,Stage 2
9955,term,North,auto,2024-06-16,652,627,41999.54,39189.68,,7.92,18,0,0,6.6,,-25,Stage 1
9956,term,North,auto,2022-12-25,700,680,8555.09,3691.61,,12.1,3,0,0,24.6,,-20,Stage 1
9957,revolving,South,debt_consolidation,2024-01-10,732,730,17635.12,14558.68,26717.56,12.58,0,0,0,11.9,0.545,-2,Stage 1
9958,revolving,North,debt_consolidation,2021-04-25,585,552,12590.05,5358.9,8941.31,7.34,36,0,0,44.9,0.599,-33,Stage 2
9959,term,East,debt_consolidation,2021-10-03,719,691,37591.42,5935.44,,11.42,3,0,0,39.5,,-28,Stage 1
9960,term,South,auto,2021-03-21,672,659,6424.06,1147.28,,6.12,10,0,1,46.1,,-13,Stage 1
9961,term,East,personal,2021-06-28,680,669,12086.67,1603.76,,9.63,8,0,0,42.8,,-11,Stage 1
9962,term,South,auto,2024-08-25,715,704,15882.85,14849.84,,7.03,3,0,0,4.3,,-11,Stage 1
9963,term,North,debt_consolidation,2022-07-15,784,784,3547.73,836.88,,8.8,3,0,0,30.0,,0,Stage 1
9964,term,South,personal,2022-05-24,698,685,23506.54,6500.23,,11.06,8,0,0,31.8,,-13,Stage 1
9965,term,East,home_improvement,2021-09-17,598,579,12379.31,1636.0,,12.38,27,0,1,40.1,,-19,Stage 1
9966,term,South,home_improvement,2021-10-19,668,666,23911.47,2391.15,,3.0,8,0,0,39.0,,-2,Stage 1
9967,revolving,East,debt_consolidation,2023-06-04,731,711,13211.42,6815.16,11563.57,6.38,0,0,0,19.2,0.589,-20,Stage 1
9968,term,West,personal,2021-10-18,733,744,6696.62,1174.51,,13.07,1,0,0,39.0,,11,Stage 1
9969,revolving,North,debt_consolidation,2022-06-26,719,723,23036.01,14052.1,29874.27,9.0,3,0,0,30.7,0.47,4,Stage 1
9970,term,East,auto,2023-02-03,649,627,8355.16,5391.53,,8.9,13,0,1,23.3,,-22,Stage 1
9971,term,West,auto,2023-12-23,597,574,24325.72,20657.91,,11.98,31,1,0,12.5,,-23,Stage 2
9972,revolving,North,personal,2022-08-17,715,718,16020.38,9869.99,25235.21,3.0,2,0,0,28.9,0.391,3,Stage 1
9973,revolving,West,debt_consolidation,2024-11-29,607,589,17294.57,17074.6,37215.91,6.01,25,0,0,1.1,0.459,-18,Stage 1
9974,term,East,debt_consolidation,2023-08-06,721,717,21671.04,14031.47,,11.97,3,0,0,17.1,,-4,Stage 1
9975,term,North,home_improvement,2022-04-25,721,723,11438.62,2390.42,,3.96,2,0,0,32.7,,2,Stage 1
9976,term,West,personal,2024-09-10,651,617,25455.92,24217.25,,9.11,13,0,1,3.8,,-34,Stage 2
9977,term,East,debt_consolidation,2022-01-16,673,648,17140.12,10394.25,,3.0,14,0,1,36.0,,-25,Stage 1
9978,revolving,West,auto,2021-11-06,691,676,22685.39,6041.73,11322.35,7.38,9,0,0,38.4,0.534,-15,Stage 1
9979,revolving,North,debt_consolidation,2024-09-28,643,634,24220.53,21965.34,33516.67,12.38,19,1,0,3.2,0.655,-9,Stage 2
9980,term,North,debt_consolidation,2023-12-16,597,589,38521.28,27723.76,,3.42,34,0,0,12.7,,-8,Stage 2
9981,term,North,auto,2023-04-27,677,669,3465.65,1601.41,,8.04,7,0,0,20.5,,-8,Stage 1
9982,term,East,auto,2022-03-01,683,663,10761.67,5538.88,,11.66,4,1,0,34.6,,-20,Stage 2
9983,term,West,debt_consolidation,2024-03-11,761,756,19979.96,14353.36,,6.41,0,0,0,9.9,,-5,Stage 1
9984,revolving,West,auto,2022-10-23,633,605,4225.3,2115.54,4753.74,9.98,25,0,0,26.7,0.445,-28,Stage 1
9985,revolving,East,home_improvement,2024-10-31,744,732,10648.23,10296.57,15534.72,14.45,0,0,0,2.1,0.663,-12,Stage 1
9986,term,North,home_improvement,2021-08-14,611,580,14015.91,2197.67,,11.18,19,0,0,41.2,,-31,Stage 2
9987,term,South,home_improvement,2021-01-25,599,579,5014.99,501.5,,9.63,35,0,1,47.9,,-20,Stage 2
9988,term,North,auto,2024-10-20,661,648,25666.85,24058.14,,13.81,7,0,0,2.4,,-13,Stage 1
9989,term,South,auto,2021-04-05,623,611,25788.5,5034.37,,9.44,22,1,0,45.6,,-12,Stage 2
9990,revolving,North,auto,2022-05-23,598,575,2459.59,1402.34,4087.29,8.6,44,0,0,31.8,0.343,-23,Stage 2
9991,term,East,personal,2022-07-19,796,793,15111.55,9261.21,,5.83,2,0,0,29.9,,-3,Stage 1
9992,term,South,auto,2024-04-14,652,638,8369.07,7242.74,,11.55,18,0,0,8.7,,-14,Stage 1
9993,term,East,home_improvement,2022-10-06,818,834,20978.14,4632.2,,15.13,6,0,0,27.3,,16,Stage 1
9994,revolving,South,home_improvement,2024-12-02,620,603,19343.62,19067.75,36614.93,3.0,40,0,0,1.0,0.521,-17,Stage 2
9995,term,West,home_improvement,2022-05-05,577,562,10523.14,2844.38,,6.48,49,0,0,32.4,,-15,Stage 2
9996,revolving,South,personal,2022-04-04,757,755,65571.71,32250.57,51856.36,8.75,1,0,0,33.4,0.622,-2,Stage 1
9997,revolving,South,debt_consolidation,2024-12-07,636,601,26801.62,26086.67,68714.77,6.38,21,0,0,0.8,0.38,-35,Stage 2
9998,revolving,South,home_improvement,2023-06-20,688,683,4630.82,2566.43,4970.6,11.4,5,0,0,18.7,0.516,-5,Stage 1
9999,term,West,personal,2021-12-04,598,580,10797.07,1079.71,,10.85,38,0,0,37.5,,-18,Stage 2
10000,term,East,debt_consolidation,2023-08-21,677,679,47775.31,32573.22,,10.21,11,0,0,16.6,,2,Stage 1
